"Authors","Author full names","Author(s) ID","Title","Year","Source title","Volume","Issue","Art. No.","Page start","Page end","Cited by","DOI","Link","Abstract","Author Keywords","Index Keywords","Document Type","Publication Stage","Open Access","Source","EID"
"Celebi K.; Hönig M.","Celebi, Kaan (57205403495); Hönig, Michaela (57209368591)","57205403495; 57209368591","The impact of macroeconomic factors on the german stock market: Evidence for the crisis, pre-and post-crisis periods","2019","International Journal of Financial Studies","7","2","18","","","38","10.3390/ijfs7020018","https://www.scopus.com/pages/publications/85067582188?origin=resultslist","Today we live in a post-truth and highly digitalized era characterized by a flow of (mis-) information around the world. Identifying the impact of this information on stock markets and forecasting stock returns and volatilities has become a much more difficult task, perhaps almost impossible. This paper investigates the impact of macroeconomic factors, German government bond yields, sentiment and other leading indicators on the main German stock index, namely the DAX30, for the time period from 1991 to 2018. Using a dataset on 24 factors and over a timeframe of about 27 years, we found evidence that across most subsamples, the Composite Leading Indicator (OECD), the Institute for Economic Research (ifo) Export Expectations index, the ifo Export Climate index, exports, the Consumer Price Index CPI, as well as 3 y German government bonds yields show delayed impacts on stock returns. We further found that the delayed impact of the constituents of the monetary aggregate M2 on stock returns changed direction between the crisis and post-crisis periods. Overall, the results illustrate that in the crisis period a larger number of factors and economic indicators had significant impacts on the stock returns compared to the pre-and post-crisis periods. This implies that in the post-crisis period a macro-driven market prevails. © 2019 by the authors. Licensee MDPI, Basel, Switzerland.","Financial crises; Financial econometrics; Financial markets & the macroeconomy; Information and market efficiency; Monetary aggregates","","Article","Final","All Open Access; Gold Open Access; Green Open Access","Scopus","2-s2.0-85067582188"
"Singh C.; Ambedkar G.R.","Singh, Chaman (49864625400); Ambedkar, Gurudatt Rao (58065527900)","49864625400; 58065527900","Optimizing EOQ model for expiring items with stock, selling cost and lifetime dependent demand under inflation","2023","OPSEARCH","60","1","","174","187","27","10.1007/s12597-022-00616-x","https://www.scopus.com/pages/publications/85146268228?origin=resultslist","Now-a-days, ventures are confronting numerous difficulties to meet the objectives of sustainable development. The Client’s choices are changing at a quicker speed in view of new advances and the quickly changing general climate. It is seen that demand of the items is straightforwardly associated with the stock level however keeping a colossal stock reason for increment in holding cost and crumbling effect. It is a major test to sell the whole lot before its lapse with the goal that its impact on climate can be diminished. Deterioration and inflation have a significant effect on any model, thus cannot be ignored. This model consolidates the expiry date and weakening effect of green things and gives an ideal yield to acquire the most extreme benefit under inflationary conditions. The model is tackled mathematically to get the ideal cycle, which would expand the all-out benefit. The model illustrates around 2% increase in selling price, 13% increase in the total profit from 20% higher expiry time of the product and 4% increase in total profit from 20% less deterioration rate of the product. Sensitivity analysis strengthens the applicability of the model. © 2023, The Author(s), under exclusive licence to Operational Research Society of India.","Expiring items; Inflation; Optimization; Stock selling cost and lifetime dependent demand","","Article","Final","All Open Access; Bronze Open Access; Green Open Access","Scopus","2-s2.0-85146268228"
"Frempong J.A.","Frempong, Josephine Ama (59316075600)","59316075600","Mapping the transmission of global risk to African food markets","2026","International Economics","185","","100680","","","2","10.1016/j.inteco.2026.100680","https://www.scopus.com/pages/publications/105028954335?origin=resultslist","This paper investigates how global uncertainties — economic, climate, oil market, and geopolitical — transmit into African food markets. Using monthly domestic maize prices from seven African countries as a proxy for domestic food prices and global uncertainty indices from 2006–2023, we apply a TVP-VAR extended joint connectedness model to capture time-varying spillovers. The results show a moderate Total Connectedness Index (TCI) of 11%–17%, with domestic food prices acting mainly as net receivers, reflecting strong external vulnerability. Climate policy uncertainty and geopolitical risk consistently dominate as shock transmitters, while other uncertainties influence domestic food prices indirectly through spillover interactions. Connectedness increases sharply during global crises, particularly the 2007–2008 food and financial crisis and the post-2020 volatility period. The results underscore the need for African countries to integrate global risk tracking into food security planning and develop resilience strategies that mitigate exposure to external uncertainty shocks. © 2026 CEPII (Centre d'Etudes Prospectives et d'Informations Internationales), a center for research and expertise on the world economy","Africa; Food price; Geopolitical risk; Policy uncertainty","","Article","Final","","Scopus","2-s2.0-105028954335"
"Mokoele M.N.; Mulongo Y.","Mokoele, Ms Noko (57209247156); Mulongo, Yves (57201360671)","57209247156; 57201360671","Analyzing Issues affecting food security in South African rural areas: Case study of Limpopo province","2017","Proceedings of the International Conference on Industrial Engineering and Operations Management","2017","JUL","","794","794","0","","https://www.scopus.com/pages/publications/85067048753?origin=resultslist","During the last decade, South Africa has been dealing with a serious food crisis. The reason of this food crisis has been largely attributed to the effect of climate changes, land availability and high food prices, which in return have caused an important damage to the lifestyle of many households, especially those living in rural area. In response to this backdrop, the South African governments decided to develop new strategies in order to create a future environment where households are not dealing with issues relating to food insecurity. One of the strategy put in place has been on empowering small farmers by giving them the necessary resources. Because, they believed that small farmers would contribute in reducing food crisis by increasing food throughput, as it this later is viewed as a serious challenge for many countries all over the world. However, this approach has not yet meet the expected result due to the fact that the trend of food crisis still growing at regional and national level. Therefore, the present research article aims at developing a model that can help to enhance food security in South Africa. The model focus on four keys such as food availability, poverty per district, intra-household food distribution, Land availability. Limpopo province was used as case study. The result show that the mitigation of food insecurity can increase employment and empower those who live in townships. © 2017 IEEE.","Agriculture; Climate changes; Economic impact; Food security; Land availability; Poverty; Small-scale-farmers","","Conference paper","Final","","Scopus","2-s2.0-85067048753"
"Nayak P.; Jena P.K.","Nayak, Priyanka (58790692200); Jena, Pratap Kumar (60331269600)","58790692200; 60331269600","The Interplay of Climate, Subsidies and Monetary Factors in Shaping India’s Food Price Inflation","2026","Indian Economic Journal","","","","","","0","10.1177/00194662261425167","https://www.scopus.com/pages/publications/105031420323?origin=resultslist","India has experienced persistent food price inflation over the past three decades, posing significant challenges for policymakers and consumers alike. This study examines the influence of key determinants, including temperature, rainfall, food subsidies, crude oil prices, the global food price index and money supply, on food price inflation in India. Using monthly data from December 1991 to December 2021, the analysis employs the autoregressive distributed lag (ARDL) co-integration framework and dynamic ARDL simulation technique to assess both short-run and long-run effects. The results reveal that crude oil prices, temperature, rainfall and money supply exert a significant positive influence on food price inflation in the long run, while food subsidies are weakly associated with a reduction in inflation. In the short run, only crude oil prices and rainfall show a significant impact. These findings highlight the complex drivers of food inflation in India and suggest that targeted interventions, such as curbing oil dependency, promoting climate-resilient agriculture and refining food subsidy mechanisms can help stabilise domestic food prices. © 2026 Indian Economic Association","Food price inflation; money supply; rainfall; subsidy; temperature","","Article","Article in press","","Scopus","2-s2.0-105031420323"
"Whiting S.; Green B.","Whiting, Sam (57055256600); Green, Ben (57188760478)","57055256600; 57188760478","CRISIS OR TRANSITION: Understanding the wave of Australian music festival cancellations","2025","Events and Economic Development: Bridging Theory and Practice","","","","128","135","0","10.4324/9781003490326-19","https://www.scopus.com/pages/publications/105005923793?origin=resultslist","The Australian music festival market faces significant post-COVID challenges, with major events like Groovin’ the Moo and Splendour in the Grass cancelled due to rising costs, climate disruptions, slower ticket sales, and evolving youth interests. Compounded by inflation and shifting audience demographics, these issues threaten the sustainability of the sector. To stabilize and adapt, the industry may need new approaches such as government-backed insurance, climate resilience measures, and fiscal reforms. A federal inquiry into live music will provide critical recommendations for the future. © 2025 selection and editorial matter, Mike Duignan; individual chapters, the contributors.","","Major events; New approaches","Book chapter","Final","All Open Access; Green Open Access","Scopus","2-s2.0-105005923793"
"Lundberg C.; Abman R.","Lundberg, Clark (57192926072); Abman, Ryan (57196727128)","57192926072; 57196727128","Maize price volatility and deforestation","2022","American Journal of Agricultural Economics","104","2","","693","716","22","10.1111/ajae.12246","https://www.scopus.com/pages/publications/85112285157?origin=resultslist","We develop a model of deforestation using a real option on agricultural land conversion and establish an important link between agricultural commodity price volatility and forest loss. Higher price volatility of staple commodities increases incentives to delay land conversion and is associated with lower levels of deforestation. Using satellite-derived estimates of local deforestation and high-frequency local maize prices across a panel of market catchments across 26 countries in sub-Saharan Africa, we find strong empirical evidence that maize price volatility is negatively associated with forest loss. Our findings are driven by catchments in biomes that are relatively well-suited to maize production. Instrumenting for changes in price levels and price volatility with spatially explicit temperature and rainfall anomalies yields results consistent with our main approach. The findings highlight important tensions between agricultural price stabilization policies, conservation efforts, and environmental externalities. © 2021 Agricultural and Applied Economics Association","agricultural expansion; commodity volatility; deforestation; land conversion; price stabilization; real option","Sub-Saharan Africa; biome; commodity price; crop yield; deforestation; land use change; maize; price dynamics","Article","Final","","Scopus","2-s2.0-85112285157"
"Bukhari S.D.; Zafar I.","Bukhari, Syed Danish (58966660700); Zafar, Irfan (60010794600)","58966660700; 60010794600","Supply chain disruptions and impact on global inflation","2025","Supply Chain Disruptions and Impact on Global Inflation","","","","1","325","0","10.4018/979-8-3373-1982-7","https://www.scopus.com/pages/publications/105011409404?origin=resultslist","Supply chain disruptions emerge as a significant driver of global inflation, particularly in the aftermath of pandemics, geopolitical tensions, and climate-related events. These disruptions, ranging from factory shutdowns and shipping delays to shortages of raw materials and labor, have strained the flow of goods and services across international markets. As supply disruptions limit the availability of products, costs rise throughout the production and distribution chains, fueling price increases for consumers and businesses. The resulting pressures challenge central banks, policymakers, and corporations, underscoring the interconnectedness of global trade and the vulnerabilities in complex supply networks. Supply Chain Disruptions and Impact on Global Inflation explores how supply chain disruptions, caused by pandemics, geopolitical conflicts, natural disasters, labor shortages, and technological failures, affect pricing mechanisms and contribute to inflationary pressures. It examines the interplay between supply chain fragility and macroeconomic stability. This book covers topics such as geopolitics, market volatility, and trade wars, and is a useful resource for policymakers, business owners, economists, academicians, researchers, and scientists. © 2025 by IGI Global Scientific Publishing. All rights reserved.","","Costs; Disasters; Inflation; International trade; Supply chains; Central bank; Distribution chains; Good and services; International markets; Policy makers; Price increase; Product cost; Production chain; Supply disruption; Supply-chain disruptions; Plant shutdowns","Book","Final","","Scopus","2-s2.0-105011409404"
"Khanna M.; Chen X.; Huang H.; Önal H.","Khanna, Madhu (7006441259); Chen, Xiaoguang (55100703900); Huang, Haixiao (55897108400); Önal, Hayri (6701483350)","7006441259; 55100703900; 55897108400; 6701483350","Supply of cellulosic biofuel feedstocks and regional production pattern","2011","American Journal of Agricultural Economics","93","2","","473","480","77","10.1093/ajae/aaq119","https://www.scopus.com/pages/publications/79960034810?origin=resultslist","Interest in cellulosic biofuels has grown due to recent concerns about the impact of expanding production of corn ethanol on food prices and the greater potential of cellulosic biofuels to mitigate climate change. The supply of various feedstocks and location of biomass production is determined simultaneously with the most profitable use of the land given the demands for food, feed, fuel, and livestock production at various biomass prices. BEPAM includes major row crops and livestock and considers biomass from two crop residues, corn stover and wheat straw, and two perennial grasses, switchgrass and miscanthus. Demand functions for domestic consumption and for exports and imports of tradable commodities are specified for individual commodities, including crop and livestock products. The simulation model incorporates data on costs of producing crop and livestock commodities for each of the 295 CRDs at 2007 prices for fifteen major row crops in the US, alfalfa, and two bioenergy crops, switchgrass and miscanthus.","","United States; Medicago sativa; Miscanthus; Panicum virgatum; Poaceae; Triticum aestivum; Zea mays; agricultural economics; biofuel; climate change; conference proceeding; crop production; crop residue; economic impact; ethanol; livestock farming","Conference paper","Final","","Scopus","2-s2.0-79960034810"
"Mohamed A.A.; Yusuf Ibey A.M.; Abdulle A.S.; Mohamud L.B.","Mohamed, Abdikadir Ahmed (59354626600); Yusuf Ibey, Abdi Majid (59543389400); Abdulle, Abdikani Salah (59781675000); Mohamud, Liban Bile (58292645900)","59354626600; 59543389400; 59781675000; 58292645900","Survival spending: How climate shocks and conflict shape household consumption in Somalia","2025","Cleaner and Responsible Consumption","19","","100351","","","1","10.1016/j.clrc.2025.100351","https://www.scopus.com/pages/publications/105021029989?origin=resultslist","Private consumption remains a central yet underexplored outcome in the intersection of climate change, conflict, and macroeconomic dynamics especially in contexts marked by persistent volatility. Somalia presents a compelling case, where prolonged exposure to climate shocks, economic instability, and political conflict deeply influence household behavior. This study investigates the effect of temperature, drought (captured via the Standardized Precipitation Index), CO2 emissions, inflation, conflict, and GDP per capita on private consumption in Somalia over 1970–2023. Using the Autoregressive Distributed Lag (ARDL) model and Granger causality analysis, the research uncovers nuanced dynamics between explanatory variables and consumption. Cointegration is confirmed (bounds F = 4.81), with a stable adjustment back to equilibrium (ECM = −0.066), implying ∼6.6 % correction per year. Results show that temperature and CO2 emissions are positively associated with consumption in the long run (≈+7.41 and + 1.81, respectively), while inflation erodes it (≈−0.75). Drought exerts a short-run negative effect (≈−0.06) but turns positive over time (≈+1.12), reflecting forced adjustments such as asset sales, displacement, and aid dependency. Conflict, too, exhibits a counterintuitive long-run positive association (≈+1.34), driven not by welfare gains but by shifts in spending patterns, remittance inflows, and humanitarian support. By integrating climatic, socio-political, and economic variables in a long-horizon empirical framework, this study provides novel insights into the complex and often paradoxical ways stressors shape household-level consumption. The findings inform targeted policies that reflect local realities while supporting economic resilience in highly exposed contexts like Somalia. © 2025 The Authors","Climate change; Conflict; Household consumption; Somalia; SPI","","Article","Final","All Open Access; Gold Open Access; Green Open Access","Scopus","2-s2.0-105021029989"
"Palaios P.; Sarker P.K.; Leventis F.","Palaios, Panagiotis (57202868957); Sarker, Provash Kumer (57406426800); Leventis, Flora (58482337900)","57202868957; 57406426800; 58482337900","Inflation in Tourism Sector: New Evidence From Climate and Geopolitical Spillover Effects","2025","International Journal of Tourism Research","27","5","e70116","","","2","10.1002/jtr.70116","https://www.scopus.com/pages/publications/105016818165?origin=resultslist","Tourism is a critical sector that significantly contributes to the global economy, yet it is highly susceptible to external shocks. This paper examines the impact of geopolitical and climate shocks on tourism inflation across major European tourism destinations (1997M1–2023M12). To the best of our knowledge, no previous studies have systematically addressed how the climate and geopolitical spillover effects asymmetrically influence the transmission dynamics of tourism inflation. We perform Quantile Connectedness, TVP-VAR extended joint connectedness, and nonparametric locally polynomial quantile regression methodologies that allow us to explain heterogeneous inflation dynamics, offering valuable insights for policymakers and stakeholders. Our results show that the information transmission of both geopolitical and climate shocks is asymmetric, but the geopolitical risk is more pronounced. Our findings have substantial policy implications, exposing the chaotic influence of the multipolar international system and climate change, thus dismantling the notion that inflation is purely an economic phenomenon. © 2025 John Wiley & Sons Ltd.","climate policy uncertainty; geopolitical risk; tourism inflation; TVP-VAR","climate effect; environmental policy; geopolitics; inflation; regression analysis; spillover effect; tourism","Article","Final","","Scopus","2-s2.0-105016818165"
"Aurélien A.B.H.","Aurélien, Ateba Boyomo Henri (59228918500)","59228918500","Do Climate Change and Food Price Volatility Influence Political Instability? Evidence from African Countries","2026","Journal of the Knowledge Economy","17","2","","5273","5311","1","10.1007/s13132-025-02813-7","https://www.scopus.com/pages/publications/105011183721?origin=resultslist","In a setting marked by an increase in extreme climate shocks, food price volatility and political instability in African countries, this article aims to analyse the impact of climate change and food price volatility on political instability in 36 African countries over the period 2000–2021. To achieve this objective, we estimate a dynamic panel data model using the system-generalised method of moments (S-GMM), which controls for possible endogeneity problems. The results suggest that climate change increases political instability in Africa. Specifically, we find that rising temperatures and decreasing rainfall exacerbate pre-existing instability. We also find that while food price volatility increases political instability, it is also a mechanism through which climate change can accelerate this instability. Robustness analysis using two-way fixed effects (TWFE) confirms our previous findings. As recommendations, we propose the development of effective approaches to adapt or mitigate the effects of climate change, through the preservation of the environment and the production and consumption of green energy. Moreover, we propose the stabilisation of food prices by increasing the stocks of foodstuffs held by farming populations. © The Author(s), under exclusive licence to Springer Science+Business Media, LLC, part of Springer Nature 2025.","Africa; Climate change; Food price volatility; Political instability","","Article","Final","","Scopus","2-s2.0-105011183721"
"Eissa M.A.; Al Refai H.; Chortareas G.","Eissa, Mohamed Abdelaziz (36679899100); Al Refai, Hisham (55172493900); Chortareas, Georgios (6602898856)","36679899100; 55172493900; 6602898856","Climate policy uncertainty, geopolitical risk, oil volatility, and global food price volatility: A time-varying analysis","2025","Economic Modelling","152","","107272","","","9","10.1016/j.econmod.2025.107272","https://www.scopus.com/pages/publications/105013760826?origin=resultslist","This study investigates the impact of climate policy uncertainty (CPU), geopolitical risk (GPR), economic policy uncertainty (EPU), and oil volatility (OVX) on global food price volatility (VFPI), addressing gaps in the literature on dynamic and multi-source uncertainty effects. Prior research has explored individual determinants of food price fluctuations, but few studies integrate multiple uncertainty indices in a time-varying framework. Using monthly data from June 2007 to August 2023, we apply a Time-Varying Coefficient Vector Autoregression (TVC-VAR) and Markov Switching VAR (MS-VAR) model to assess how these shocks propagate over time. Our results show that CPU has become an increasingly influential driver of food price volatility, especially post-2015, while GPR and OVX exert strong short-run effects. EPU displays a stabilizing influence, particularly during crises. These findings reveal evolving transmission mechanisms of uncertainty into food markets and highlight the need for adaptive, coordinated policy frameworks to safeguard global food security in an era of rising climate and geopolitical risks. © 2025 Elsevier B.V.","Climate policy uncertainty (CPU); Economic policy uncertainty (EPU); Geopolitical risk index (GPR); Global food market dynamics; Oil volatility index (OVX); Time-varying coefficient vector autoregression (TVC-VAR); Volatility of food prices index (VFPI)","","Article","Final","","Scopus","2-s2.0-105013760826"
"Bettarelli L.; Furceri D.; Pisano L.; Pizzuto P.","Bettarelli, Luca (57193858099); Furceri, Davide (11739408600); Pisano, Loredana (59559131100); Pizzuto, Pietro (57208582920)","57193858099; 11739408600; 59559131100; 57208582920","Greenflation: Empirical evidence using macro, regional and sectoral data","2025","European Economic Review","174","","104983","","","15","10.1016/j.euroecorev.2025.104983","https://www.scopus.com/pages/publications/85217898902?origin=resultslist","This paper investigates the impact of climate change policies on inflation, for a large sample of 177 developed and developing economies, 78 subnational territorial areas and 17 sectors, over the period 1989–2022. We show that carbon taxes lead to inflationary pressures. The effect is not negligible: a one standard deviation carbon tax shock—corresponding to a 5$/tCO2 increase in emissions-weighted carbon taxes—leads to an increase of the price level of about 0.7 percent one year after the implementation of the policy, and between 1.6 and 4 percent in the medium term. These results hold at the national, sub-national and sectoral level. The effect is larger when inflation is initially high, and in regions (sectors) characterized by high emissions and low innovation capacity. In contrast, we find that emissions trading systems as well as non-market-based climate change policies (such as R&D subsidies) do not have statistically significant effects on prices. © 2025 The Author(s)","Carbon tax; Climate change policy; Greenflation; Inflation; Local projections","carbon emission; climate change; climate effect; developing world; emissions trading; empirical analysis; environmental policy; inflation; policy implementation; pollution tax","Article","Final","All Open Access; Hybrid Gold Open Access","Scopus","2-s2.0-85217898902"
"Lagoarde-Ségot T.","Lagoarde-Ségot, Thomas (17434515800)","17434515800","Interest Rates and Monetary Policy","2025","Ecological Economics and Finance: An Introduction to Sustainable Monetary and Financial Systems","","","","41","51","0","10.1007/978-3-031-71249-4_5","https://www.scopus.com/pages/publications/105025080930?origin=resultslist","Since the 17th century, the British economy has been through a number of upheavals: industrial revolutions, wars, financial crises, recessions, inflation, climate change… Does the evolution of the Bank Rate reflect changes in economic conditions, or is it rather the opposite? How is this interest rate transmitted to the financial markets and the economy? © 2025 The Editor(s) (if applicable) and The Author(s), under exclusive license to Springer Nature Switzerland AG.","","Industrial economics; Inflation; Economic condition; Financial crisis; Industrial revolutions; Interest rates; Monetary policies; Public policy","Book chapter","Final","","Scopus","2-s2.0-105025080930"
"Gaga B.","Gaga, Belay (60557874500)","60557874500","Sustainable Development: Driving Green and Clean Tech Innovations","2024","Future of Business and Finance","Part F10745","","","107","124","1","10.1007/978-3-031-46189-7_7","https://www.scopus.com/pages/publications/105034788240?origin=resultslist","This study highlights the importance of sustainability, green tech, and clean tech to achieve the Sustainability Goals of the United Nations. Also, to realize the negative impacts of environmental factors, such as the COVID-19 pandemic, on the effort to eradicate poverty, enhance education, and conflicts in different parts of the world; climate-related impacts, such as global greenhouse gas emissions and economic inflation, are severe challenges on the road of achieving sustainable development and driving green tech and clean tech innovations. The chapter aims to show the progress on the selected key United Nations Sustainable Development Goals from 2015 until the end of 2022. © The Author(s), under exclusive license to Springer Nature Switzerland AG 2024.","Clean Tech; Green Tech; Innovation; Sustainability","","Book chapter","Final","","Scopus","2-s2.0-105034788240"
"Homer J.; Hirsch G.; Milstein B.","Homer, Jack (7005885358); Hirsch, Gary (12760573000); Milstein, Bobby (12760639700)","7005885358; 12760573000; 12760639700","Chronic illness in a complex health economy: The perils and promises of downstream and upstream reforms","2007","System Dynamics Review","23","2-3","","313","343","59","10.1002/sdr.379","https://www.scopus.com/pages/publications/36348985109?origin=resultslist","Chronic illness is the largest cause of death and source of health care costs in developed countries and a growing problem in developing countries. Here we build on past work in system dynamics and present a generic model of chronic illness, its treatment and prevention, applied to the U.S. population. The model explains the rising prevalence of illness and responses to it, including the treatment of complications and management activities designed to reduce complications. We show how progress in treatment and disease management has slowed since 1980 in the U.S., largely due to competition between health care payers and providers, resulting in price inflation and an unstable climate for health care investments. We demonstrate the impact of moving ""upstream"" by managing known risk factors to prevent illness onset, and moving even further upstream by addressing behaviors and living conditions linked to the initial development of these risk factors. Copyright © 2007 John Wiley & Sons, Ltd.","","North America; United States; disease prevalence; disease treatment; health care; risk factor","Article","Final","","Scopus","2-s2.0-36348985109"
"Lhomel E.","Lhomel, Edith (26537610100)","26537610100","Romania in the EU's doorway; [Roumanie 2005-2006. sur le seuil de TUrn'on européenne]","2006","Courrier des Pays de l'Est","1056","4","","250","267","2","","https://www.scopus.com/pages/publications/67649528141?origin=resultslist","Whatever Romania's UE Membership on January 1st, 2007 or 2008, the government of liberal Prime minister Calin Popescu-Tariceanu and the whole economy live, more than ever, at the time of European integration. The two tenors of the governmental coalition (Democratic Party and National Liberal Party) which mutual animosity became focused on the very stormy relations between the head of government and the head of State, Traian Basescu, had preferred to push back early legislative elections, after the final decision of the EU Commission expected for end of September 2006. Weakened by scandals and indictments of Anti-corruption Department with, as first victim, Adrian Nastase former Prime minister, the Social Democratic Party, main opposition formation, goes through a serious crisis whereas Romania Mare (PRM, Greater Romania) is supported by 15 % of voters in public-opinion polls. Especially hard for the rural environment, 2005 reported growth was satisfactory (5,5 %) with the manifestation of some slowdown but an inflation rate always stubborn. With devastating floods ones after the others and discovery of some bird flu occurrences have affected an already weak agriculture and agricultural production felt consequently (-13,9 %): fragmented structures and weakness of producer groups will be a serious brake for the application of the CAP legislation. Nominal appreciation of the leu against the euro and rising oil prices have aggravated worse the trading deficit: its extent worries more the IMF who disagrees with the lax fiscal policy of the Romanian authorities, than the foreign firms which have invested more than 5 billion dollars in 2005. With its EU adhesion, Romania was obliged to readjust its border relations with Moldova whereas its partnership with United States became stronger (keeping of Romanian troops in Irak, agreement for American military bases on the Romanian territory). © La Documentation française.","","","Article","Final","","Scopus","2-s2.0-67649528141"
"Brelik A.; Łącka I.","Brelik, Agnieszka (56455336100); Łącka, Irena (56893688900)","56455336100; 56893688900","DETERMINANTS OF TOURISM DEVELOPMENT IN THE ASPECT OF THE CHALLENGES OF THE 21ST CENTURY; [UWARUNKOWANIA ROZWOJU TURYSTYKI W ASPEKCIE WYZWAŃ XXI WIEKU]","2024","Annals of the Polish Association of Agricultural and Agribusiness Economists","26","2","","20","37","4","10.5604/01.3001.0054.5681","https://www.scopus.com/pages/publications/105000439921?origin=resultslist","The paper aims to present the determinants of tourism development in the context of the challenges of today’s economy, i.e. the impact of the coronavirus pandemic and the war in Ukraine, the need for the tourism sector to prepare for climate change and the digital transformation of the economy. The study is scoping. To achieve the research objective, a study of domestic and foreign literature, induction, deduction, generalisation and synthesis, and research results of other authors were used. The research used studies from UNWTO, World Travel & Tourism Council, Statista, Travel Trends 2023 (Simon-Kuchner), a European Commission report and other author’ research. The research showed that in the third decade of the 21st century, the tourism sector is affected by health (COVID-19 pandemic), military and geopolitical threats, inflation, climate change and digital technologies. These phenomena influence the behaviour and attitudes of tourists worldwide and shape the opportunities for developing the tourism sector in each country at the macro-, meso-and micro levels. The challenges identified have created, and some will continue to create, crisis risks in tourism. It calls for building a more robust, more sustainable and resilient tourism economy for the future. It will require appropriate economic, climate, and energy policies from governments in many countries. © 2024, Association of Agricultural and Agribusiness Economists. All rights reserved.","climate change; determinants; development; digitalisation; pandemic; tourism; war","","Article","Final","All Open Access; Gold Open Access; Green Open Access","Scopus","2-s2.0-105000439921"
"Zhang Z.","Zhang, Zhihao (58592234600)","58592234600","Are climate risks helpful for understanding inflation in BRICS countries?","2023","Finance Research Letters","58","","104441","","","17","10.1016/j.frl.2023.104441","https://www.scopus.com/pages/publications/85171478431?origin=resultslist","Scholars have studied the effect of climate risks on economies and finances, but they have yet to agree. We take the BRICS countries as an example to join this discussion and adopt a series of tests to detect the existence of this effect. We find that, on average, climate risk has an impact on inflation in China, India and Russia. The impact of climate risk on Russia has more structural breakpoints than that of other countries. Furthermore, climate risk appears to have a short-term impact on inflation in India and South Africa, implying that these two countries are more sensitive to climate change. © 2023","BRICS; Climate risks; Granger causality; Inflation; Rolling window","","Article","Final","","Scopus","2-s2.0-85171478431"
"Emediegwu L.E.","Emediegwu, Lotanna E. (57221399828)","57221399828","Assessing the Asymmetric Effect of Global Climate Anomalies on Food Prices: Evidence from Local Prices","2024","Environmental and Resource Economics","87","10","","2743","2772","8","10.1007/s10640-024-00901-x","https://www.scopus.com/pages/publications/85200397010?origin=resultslist","This paper uses time-varying smooth transition autoregressive model to investigate the asymmetric nature of El Niño Southern Oscillation (ENSO) —an exogenous climatic factor—with respect to the nonlinear dynamics of food prices in sub-Saharan Africa. Curating food price series from more than 1100 markets from 36 SSA countries, the study finds that ENSO (linearly or nonlinearly) affects roughly half of food prices considered, with most nonlinear models exhibiting strong asymmetric properties with shock-inflicted persistence. Moreover, in terms of the location of the burden of ENSO impact, I find a geographical and food product divide. Specifically, ENSO appears to be more efficacious on maize prices in Southern, Eastern, and some parts of Central Africa. Conversely, local rice, cassava, millet, and animal products are least affected. The policy implication of this dichotomy is that response to ENSO news should be subregion-specific rather than region-specific, depending on how the subregions absorb the shock. © The Author(s) 2024.","C51; E31; El Niño Southern Oscillation; Multivariate ENSO; Q54; Time-varying smooth transition autoregressive model","Sub-Saharan Africa; Climate models; Climatology; Costs; Public policy; C51; E31; El Nino southern oscillation; Food prices; Multivariate el nino southern oscillation; Q54; Smooth transition autoregressive models; Time varying; Time-varying smooth transition autoregressive model; climate effect; commodity price; El Nino-Southern Oscillation; food market; food product; food security; global climate; maize; Atmospheric pressure","Article","Final","All Open Access; Green Open Access; Hybrid Gold Open Access","Scopus","2-s2.0-85200397010"
"Meyghani S.; Khodaparast Mashhadi M.; Salehnia N.","Meyghani, Somayeh (57658654700); Khodaparast Mashhadi, Mahdi (57201325398); Salehnia, Narges (57216324768)","57658654700; 57201325398; 57216324768","Long-term effects of temperature and precipitation on economic growth of selected MENA region countries","2023","Environment, Development and Sustainability","25","7","","7325","7343","21","10.1007/s10668-022-02330-6","https://www.scopus.com/pages/publications/85129336865?origin=resultslist","Global climate change results from increasing national efforts of all countries to achieve higher economic growth. These efforts contribute to extravagant phenomena such as sea-level rise, global warming, and decreasing precipitation. The importance of climate change is measured by its impact on economic activities. Some regions, including the Middle East and Northern Africa (MENA), are exposed to more severe climate change. Therefore, the effects of climate change on the economic growth of the MENA region countries are investigated in this study. Thus temperature and precipitation data plus economic growth of 14 MENA countries during 2000–2016 were used here. The Pedroni, Kao, and Westerlund cointegration tests confirmed existence of a long-run equilibrium relationship. This study employed panel data cointegration fully modified ordinary least squares and dynamic ordinary least squares models. The results indicate existence of a cointegrated long-term relationship between climate change and economic growth. The economic growth elasticity to climate change, gross fixed capital formation, population growth, and inflation are consistent with theoretical and empirical research types. Moreover, comparing the elasticity in both applied approaches shows that climate change variables have significant negative effects with the same results for both models. It implies that over the long term one percent increase in temperature and precipitation is associated with a 0.25 and 0.024 percentage decrease in economic growth (under the FMOLS model), respectively. Moreover, a one percent increase in temperature and precipitation over the long term is associated with a 0.28 and 0.005 percent decrease in economic growth (under the DOLS model), respectively. © 2022, The Author(s), under exclusive licence to Springer Nature B.V.","Climate change; GDP growth; Panel cointegration","Africa; Middle East; climate change; economic growth; global warming; Gross Domestic Product; panel data; precipitation (climatology); sea level change; temperature effect","Article","Final","","Scopus","2-s2.0-85129336865"
"Yalçınkaya Ö.; Emeç A.S.; Kaplan F.; Yurttançıkmaz Z.Ç.","Yalçınkaya, Ömer (57201419991); Emeç, Abdulkadir Sezai (59412175700); Kaplan, Fatih (56596282600); Yurttançıkmaz, Ziya Çağlar (60230716600)","57201419991; 59412175700; 56596282600; 60230716600","The monetary implications of climate risks in the US: Temperature shocks and price stability","2026","International Review of Economics and Finance","105","","104819","","","1","10.1016/j.iref.2025.104819","https://www.scopus.com/pages/publications/105024314939?origin=resultslist","This study aims to examine the effects of climate risks on price stability in the US, which has a global impact on the economic consequences of climate change. To do this, the effects of temperature shocks derived from historical temperature anomalies on realized and expected inflation at different maturities are analyzed using monthly data from January 1980 to December 2024, employing the Bayesian Local Projections (B(LP)) method. The study's findings indicate that temperature shocks cause delayed but significant and persistent inflationary effects on both realized and expected short- and medium-term inflation. Notably, while inflation expectations up to a 5-year term are affected by temperature shocks, no statistically significant effects are observed in longer-term expectations. These findings suggest that temperature shocks weaken the Fed's ability to stabilize short-to medium-term inflation expectations, highlighting the need to consider their structural effects on price stability. It is recommended that the FED develop proactive policies that address climate risks, support green financial product markets, and implement regulations to reduce price volatility in sectors that are relatively sensitive to climate change, in coordination with fiscal policy. Additionally, it is expected that the FED will lead the way in implementing more resilient policies among central banks worldwide by clearly and transparently communicating to the public that climate risks are on its policy agenda. © 2025 The Authors.","B(LP); Climate change; Inflation realizations and expectations; Temperature shocks","","Article","Final","All Open Access; Gold Open Access; Green Open Access","Scopus","2-s2.0-105024314939"
"Toumache R.; Rouaski K.","Toumache, Rachid (57189036302); Rouaski, Khaled (57189040768)","57189036302; 57189040768","Prospective analysis of the Algerian economic growth by 2025: Structural analysis","2016","Journal of Applied Business Research","32","3","","791","804","5","10.19030/jabr.v32i3.9657","https://www.scopus.com/pages/publications/84964836772?origin=resultslist","The aim of this study is to assess the economic growth in Algeria and to determine the set of variable impacting it on different periods. It relies on structural analysis approach based on an investigation method using the software MICMAC (matrix of cross-influence, applied multiplication to a ranking) which was developed by the Institute of Computing Innovation 3IE following the request of Investigation Laboratory on Prospective, Strategy and Organization LIPSOR. The structural analysis can define the key variables of the system (VCS) to catch the most influential variables on economic growth during three time intervals: the near past (direct impact), the actual period (indirect influence) and the long run (potential indirect impact) bearing in mind that the horizon of our study is 2025. The results show the most influential variables ranked during each period as follows: The near past (the direct influence): the economic system, public spending, the regulation, foreign reserves and price of oil barrel, unemployment, inflation and SMEs. The actual period (the indirect influence): the economic system, business climate, FDI, the price of the oil barrel, active population, occupied population, external debt. In addition to other variables having a less influence: unemployment, SMEs, inflation and foreign trade. The long run (potential indirect influence) by 2025: The economic system, public spending, the regulation, foreign reserves, unemployment, FDI, inflation, business climate, currency, occupied population, the price of the oil barrel, saving. Other variables have a moderate influence: national security, capital, exchange rate, financial system, active population, IT, informal sector, SMEs, external trade, external debt, demographic growth and the interest rate. © 2016, CIBER Institute. All rights reserved.","Algerian economic horizon of 2025; Direct and indirect potential influence; Economic growth; Growth process; MICMAC; Prospective; VCS","","Article","Final","All Open Access; Bronze Open Access","Scopus","2-s2.0-84964836772"
"Mohamed A.A.; Abdikarim A.M.; Mohamed J.A.","Mohamed, Abdikadir Ahmed (59354626600); Abdikarim, Abdifatah Mohamed (59703527700); Mohamed, Jamal Abdulkadir (59703720100)","59354626600; 59703527700; 59703720100","Foreign direct investment: an empirical investigation of economic and climate variables in Somalia","2025","Cogent Economics and Finance","13","1","2476099","","","7","10.1080/23322039.2025.2476099","https://www.scopus.com/pages/publications/105000753040?origin=resultslist","Foreign Direct Investment (FDI) plays a crucial role in economic growth, particularly in fragile states like Somalia. Despite its strategic location and resource potential, Somalia faces challenges such as political instability, weak infrastructure, and climate vulnerabilities that deter investors. This study explores the economic and environmental determinants of FDI in Somalia, focusing on GDP growth, inflation, population growth, urbanization, rainfall, and temperature. Using time-series data and the ARDL model, it examines both the direct effects of these variables and the moderating role of GDP growth. Findings confirm a long-term relationship where GDP and population growth enhance FDI, while inflation and rising temperatures hinder investment. Rainfall positively influences FDI, reflecting its importance in Somalia's agriculture-dependent economy. Urbanization remains insignificant in the long run due to unplanned growth. In the short term, population growth, urbanization, and temperature significantly affect FDI, while GDP, inflation, and rainfall show weaker immediate effects. The moderation analysis suggests that GDP growth mitigates climate-related investment risks. This study underscores the need for economic stability, infrastructure development, and climate adaptation strategies to attract sustainable FDI and promote long-term growth in Somalia. © 2025 The Author(s). Published by Informa UK Limited, trading as Taylor & Francis Group.","ARDL; climate change; Economics; Environment & Economics; Environmental Economics; FDI; Finance; GDP; inflation; population growth; Somalia; urbanization","","Article","Final","All Open Access; Gold Open Access; Green Open Access","Scopus","2-s2.0-105000753040"
"Meinerding C.; Poinelli A.; Schüler Y.","Meinerding, Christoph (26642530100); Poinelli, Andrea (57659557300); Schüler, Yves (55352581600)","26642530100; 57659557300; 55352581600","Households’ inflation expectations and concern about climate change","2023","European Journal of Political Economy","80","","102451","","","5","10.1016/j.ejpoleco.2023.102451","https://www.scopus.com/pages/publications/85172383719?origin=resultslist","Using survey data from German households, we find that individuals with higher concern about the consequences of climate change have lower inflation expectations up to five years ahead. We show that the link between climate concern and inflation expectations goes above and beyond individuals’ perception of their personal exposures to climate-related risks, their distrust in the central bank, and a broad range of socio-demographic and socio-economic control variables. © 2023 Elsevier B.V.","Central bank distrust; Climate change; Household surveys; Inflation expectations; Physical risk; Transition risk","","Article","Final","","Scopus","2-s2.0-85172383719"
"Bâra A.; Oprea S.-V.; Georgescu I.A.","Bâra, Adela (36774820600); Oprea, Simona-Vasilica (30067888400); Georgescu, Irina Alexandra (8899544900)","36774820600; 30067888400; 8899544900","UNDERSTANDING ELECTRICITY PRICE EVOLUTION – DAY-AHEAD MARKET COMPETITIVENESS IN ROMANIA","2023","Journal of Business Economics and Management","24","2","","221","244","25","10.3846/jbem.2023.19050","https://www.scopus.com/pages/publications/85160075544?origin=resultslist","The unexpected pandemic eruption in March 2020, the European efforts to diminish the gas house emissions, prolonged drought, higher inflation and the war in Ukraine clearly have had a strong impact on the electricity price. In this paper, we analyze the electricity prices on the Romanian Day-Ahead Market (DAM) along with other variables (inflation, consumption and traded volume of gas on DAM) over the last three and a half years in an attempt to understand its evolution and future trend in the economic and geopolitical context. Autoregressive Distributed Lag models are proposed to analyze the causality among variables on short-and long-term perspective, whereas Quantile Regression (QR) is proposed to enhance the results of the Ordinary Least Squares (OLS) regression. Furthermore, using market concentration metrics – Herfindahl-Hirschman Index (HHI), C1 and C3 ratio, we analyze the competitiveness on the Romanian DAM and correlate it with the electricity price evolution. The concentration indicators on this market reflect the degree of competition manifested between sellers and buyers respectively, their dynamics being able to influ-ence the price level. The higher concentration on the sellers’ side (HHI = 1500) indicates a potential speculative behavior on this market that led to higher prices on DAM. © 2023 The Author(s).","autore-gressive distributed lag; causality; day-ahead market; electricity price; market concentration metrics; quantile regression","","Article","Final","All Open Access; Gold Open Access; Green Open Access","Scopus","2-s2.0-85160075544"
"Sumberg J.","Sumberg, James (6701487425)","6701487425","Agronomy for development: The politics of knowledge in agricultural research","2017","Agronomy for Development: The Politics of Knowledge in Agricultural Research","","","","1","202","24","10.4324/9781315284057","https://www.scopus.com/pages/publications/85031850488?origin=resultslist","Over the last decade there has been renewed interest in food security and the state of the global food system. Population growth, climate change and food price spikes have combined to focus new attention on the technologies and institutions that underpin the production and consumption of food that is varied, nutritious and safe. Knowledge politics within development-oriented agronomy set the stage for some models of agricultural development to be favoured over others, with very real implications for the food security and wellbeing of many millions of people. Agronomy for Development demonstrates how the analysis of knowledge politics can shed valuable new light on current debates about agricultural development and food security. Using bio-physical and social sciences perspectives to address the political economy of the production and use of knowledge in development, this edited collection reflects on the changing politics of knowledge within the field of agronomy and the ways in which these politics feed and reflect the interests of a broad set of actors. This book is aimed at professionals working in agricultural research as well as students and practitioners of agricultural, rural and international development. © 2017 selection and editorial matter, James Sumberg; individual chapters, the contributors. All rights reserved.","","","Book","Final","All Open Access; Green Open Access","Scopus","2-s2.0-85031850488"
"Nanayakkara M.; Colombage S.","Nanayakkara, Madurika (57292986400); Colombage, Sisira (11240091800)","57292986400; 11240091800","Do investors in Green Bond market pay a premium? Global evidence","2019","Applied Economics","51","40","","4425","4437","196","10.1080/00036846.2019.1591611","https://www.scopus.com/pages/publications/85062976887?origin=resultslist","We examine the pricing difference of Green Bonds (GB) and conventional bonds (CBs) in capital markets worldwide. Credit spread is used to observe whether investors would like to pay a premium for GBs over CBs. This study uses panel data regression with hybrid model to analyse daily observations over the period 2016 to 2017. We employ Option-Adjusted spread (OAS) to measure the credit spreads of bonds while controlling for bond specific, macroeconomic and global factors that influence the spread. With the hybrid model used in the panel data analysis, we were able to capture the fixed-effects of variables in a random effect model. We find that GBs are traded at a premium of 63 basis points (BPS), compared with a comparable corporate bond issue. We find that the green label provides issuers an incentive to raise funds through issuing GBs while providing investors an opportunity to diversify their investments returns. Our findings provide several implications to the major stakeholders driving the GB market to scale up the market to finance the required level of global green investment needs. We stress an urgent need to support the growth of the GB market to achieve sustainable development through mitigating climate change challenges. Abbreviation GB: Green Bond; CB: Conventional Bond; YS: Yield Spread; BPS: Basis Points; OAS: Option-Adjusted Spread; PCSE: Panels Corrected Standard Errors; CPI: Consumer Price Index; GBPs: Green Bond Principles; CBS: Climate Bond Standard. © 2019, © 2019 Informa UK Limited, trading as Taylor & Francis Group.","Capital markets; Conventional bonds; Green Bonds; hybrid method in panel data regression; option-adjusted spread; sustainable development","capital market; investment; model; panel data; regression analysis; sustainable development","Article","Final","","Scopus","2-s2.0-85062976887"
"Geyser M.; Pretorius A.","Geyser, Mariëtte (6602470193); Pretorius, Anmar (22981105000)","6602470193; 22981105000","Climate’s Currency: How ENSO Events Shape Maize Pricing Structures Between the United States and South Africa","2025","Journal of Risk and Financial Management","18","4","181","","","1","10.3390/jrfm18040181","https://www.scopus.com/pages/publications/105003688154?origin=resultslist","Climate change manifests itself in rising temperatures across the continent and affects the El Niño–Southern Oscillation (ENSO) by changing sea surface temperatures and atmospheric circulation. This affects precipitation and temperature patterns, with South Africa normally experiencing drier conditions during El Niño events. These weather anomalies influence crop yields and food prices. Spatial price transmission indicates the extent to which prices of agricultural goods are linked across different geographical areas and how quickly price signals from one area are passed on to another. Although numerous studies explore spatial price transmission between various countries, there is a gap in the literature on price transmission between the US and South African maize markets during ENSO events. Therefore, we investigate how ENSO-related events impacted maize price transmission between the Chicago Mercantile Exchange and the Johannesburg Stock Exchange from 1997 to 2024. The empirical analysis starts with a correlation analysis, followed by tests for cointegration and error correction models. The results confirm the dominating impact of US maize prices on South African prices, but also how this relationship changes based on the nature of the ENSO event. There is some indication of lower levels of integration and higher levels of price diversion during El Niño periods. © 2025 by the authors.","agricultural commodity markets; Chicago mercantile exchange (CME); climate change; ENSO (El Niño–southern oscillation); Johannesburg stock exchange (JSE); maize price transmission","","Article","Final","All Open Access; Hybrid Gold Open Access","Scopus","2-s2.0-105003688154"
"Bejarano J.; Rodríguez D.","Bejarano, Jesús (57191163682); Rodríguez, Daniela (59237088600)","57191163682; 59237088600","The effects of climate change on a small and open economy: Economic and monetary perspectives","2025","Latin American Journal of Central Banking","6","3","100144","","","3","10.1016/j.latcb.2024.100144","https://www.scopus.com/pages/publications/85199771830?origin=resultslist","This policy note analyses the impacts of climate change on a small and open economy, emphasizing its effect on monetary policy. We use a New-Keynesian model to evaluate short- and long-term effects of transition climate change shocks – a permanent and anticipated shock to total factor productivity and an increase in carbon taxes – on main macroeconomic variables, such as potential output, natural interest rate, inflation, and real exchange rate. The results suggest a gradual decline in potential output attributable to climate change, leading to increased production costs. Regarding the short term, the natural interest rate and inflation decrease. The timing of climate change effects on productivity will dictate the extent of their impacts and the response required from monetary policy. In a small and open economy such as Colombia, carbon taxes have a quantitatively low impact on macroeconomic variables in both the short and long run. © 2024 The Author(s)","Carbon tax; Climate change; Monetary policy; Natural interest rate; Permanent shocks; Potential Output; Small and open economy; Total factor productivity","","Article","Final","All Open Access; Gold Open Access; Green Open Access","Scopus","2-s2.0-85199771830"
"Labonte M.","Labonte, Marc (55996557100)","55996557100","Economics of federal reserve independence","2012","Central Banking: Economic Considerations and Policy Goals","","","","71","91","0","","https://www.scopus.com/pages/publications/84896425578?origin=resultslist","The Federal Reserve System (Fed) is charged with responsibility for making U.S. monetary policy. Quasi-public in structure, overseen by a Board of Governors whose members are appointed to serve long terms, and reliant on its own source of funding, the Fed possesses a degree of independence that some argue is inimical to the spirit of democracy. Although this argument (and refutations of it) may be political or constitutional in nature, it is also rooted in certain notions about macroeconomic policy. The power that the Fed wields is substantial. Along with fiscal policy, monetary policy is one of two kinds of policy that can be employed to influence aggregate demand. In the short run, both monetary and fiscal policy have the power to raise or lower employment. But they have opposite short-run effects on interest rates (expansionary monetary policy lowers interest rates and expansionary fiscal policy raises them), so that in concert they can achieve results that neither can in isolation. The long-run effects of the two policies are quite different from their short-run effects. Fiscal policy helps determine interest rates in the long run, but not the rate of inflation. Monetary policy largely determines the inflation rate, but cannot be used to fix interest rates in the long run. Policies based on the assumption that monetary policy can fix interest rates ultimately generate accelerating inflation or deflation. Monetary policy affects inflation only after it affects employment. A policy structure that responds quickly to the immediate concerns of the public is thus more likely to generate inflation than one that allows policymakers to more easily weather bad times. A very responsive policy structure not only increases the likelihood of high inflation. It also tends to produce more business cycles if policy directed at reducing inflation is aborted before it is complete, only to be reintroduced again later when the renewed expansion makes inflation worse. On-again, off-again policies erode the credibility of the monetary authorities and make anti-inflation policy all the more costly and lengthy when it is undertaken in earnest. Reducing the independence of the Fed either means reducing the ability to engage in discretionary policy or shifting economic power to the executive branch. This is an important consideration given the difficulty in calibrating policy. Because the legislative branch is not in a position to exercise day-to-day control of monetary policy, if it wishes to reduce the Fed's discretionary powers, it must choose between establishing policy rules to which the Fed must adhere or allowing the executive to administer policy. Economists who oppose rules fear that they would be too rigid to deliver economic stability in a highly complex economy. Better coordination of monetary and fiscal policy is a double-edged sword. If ""good"" policy is pursued, it will be all that much better if simultaneously pursued with both tools. But if ""bad"" policy is pursued, using both tools to pursue it will make the result that much worse. Thus, the choice boils down to whether the policy structure should be one that maximizes the benefits that come from policy when it is well chosen or minimizing the costs that occur when policy is ill-advised. © 2012 by Nova Science Publishers, Inc. All rights reserved.","","","Book chapter","Final","","Scopus","2-s2.0-84896425578"
"Salman A.K.; Shukur G.; von Bergmann-Winberg M.-L.","Salman, A. Khalik (8554404700); Shukur, Ghazi (55930354000); von Bergmann-Winberg, Marie-Louise (20436890800)","8554404700; 55930354000; 20436890800","Comparison of econometric modelling of demand for domestic and international tourism: Swedish data","2007","Current Issues in Tourism","10","4","","323","342","14","10.2167/cit257.0","https://www.scopus.com/pages/publications/34548314352?origin=resultslist","The purpose of this paper is to identify functions for the domestic and international demand for tourism in the objective 6 region in Sweden (SW:6), in order to understand how tourism demand relates to the key macroeconomic variables and other variables such as real income, nominal and real exchange rate, price level and the Chernobyl nuclear disaster. An econometrics model is used to estimate the domestic tourism demand in SW:6. Monthly data for the period 1980-1998 are used. The results do not indicate any statistically significant effect of income, exchange rate or the Chernobyl nuclear disaster on the domestic tourism demand. Meanwhile, the consumer price index (CPI) and weather condition variables are found to have a rather significant effect on the domestic tourism demand. In this paper we also use a cointegration analysis to estimate the long-term relationship between monthly flows to SW:6 from the USA, the UK, Germany, Finland, Norway and Denmark, and factors such as income, CPI and exchange rate that influence arrivals. Monthly time series data for the period 1980-1998 are also used for this purpose. The estimated model does not indicate any statistically significant effect of the Chernobyl nuclear accident and the Gulf war on international tourism demand; on the other hand, significant effects of income, exchange rate and CPI on international tourism demand are found. The estimation and diagnostic testing strategy supports the specification of both models. When comparing these two parts of the study, regarding the domestic demand for tourism, we found the CPI, lags of the dependent variable and several of the monthly dummy variables that stand for the seasonal effects, to have significant effects on the number of visitors. On the other hand, we find income, exchange and CPI have a great influence on international tourism demand. © 2007 A. Khalik Salman et al.","Cointegration analysis; Diagnostic tests; Domestic and international tourism demand; Significant factors","cointegration analysis; econometrics; estimation method; macroeconomics; tourism economics","Article","Final","","Scopus","2-s2.0-34548314352"
"Algieri B.; Kornher L.; von Braun J.","Algieri, Bernardina (12797500200); Kornher, Lukas (55990756200); von Braun, Joachim (6701709544)","12797500200; 55990756200; 6701709544","The changing drivers of inflation – the case of food: Macroeconomics, speculation, climate change and war","2025","Structural Change and Economic Dynamics","75","","","782","800","10","10.1016/j.strueco.2025.10.006","https://www.scopus.com/pages/publications/105020079124?origin=resultslist","The inflation surge in recent years has produced profound social, economic, and political consequences. Food price changes, being part of inflation, affect low-income segments particularly strongly. This is important to consider because macro-economic and central banks’ attention is mainly on core inflation, which excludes food. What makes this period so unusual is the breadth of price pressures that involve both developing and rich countries, meaning that inflation has been getting more synchronized across borders. This study examines the driving factors behind global food price hikes and their rates of change. Our analysis reveals that a complex mix of causes has led to the soaring food prices in 2021–2022. The spread of COVID-19 produced disruptions in the world's supply chains, pushing the cost of producing and transporting food upward. The increase in fertilizer and energy prices has further exacerbated production costs for agricultural products. Adverse climatic phenomena (La Niña), generating droughts in parts of Africa, Asia, and the Americas, caused damage to harvests and fueled inflation. The war in Ukraine and the trade blockade of grain exports made things worse. Additional culprits were speculative activities in financial markets that were already underway before the Russia-Ukraine war. Soaring inflation increases inequality and makes vulnerable countries hungrier and poorer. At the same time, since global factors contribute to food price movements, implying that a crucial component of price inflation is exogenous to individual countries, the effectiveness of national monetary and fiscal policies could be limited. Instead, enhanced cooperation among nations with coordinated policy responses could be important to avoid the exacerbation of prices. © 2025 The Author(s)","Climate change; Exchange rate fluctuations; Financial speculation; Global food inflation; Supply and demand shocks","central bank; climate change; exchange rate; financial system; inflation; macroeconomics","Article","Final","All Open Access; Hybrid Gold Open Access","Scopus","2-s2.0-105020079124"
"Fujimoto T.; Suzuki A.","Fujimoto, Takefumi (58507125300); Suzuki, Aya (55805315500)","58507125300; 55805315500","Different strategies of crop diversification between poor and non-poor farmers: Concepts and evidence from Tanzania","2025","Ecological Economics","227","","108369","","","14","10.1016/j.ecolecon.2024.108369","https://www.scopus.com/pages/publications/85203631798?origin=resultslist","Crop diversification, or growing multiple crops in farmland, has received attention as a risk-reducing strategy for smallholders. This study attempts to show that poor and non-poor farmers adopt different strategies of crop diversification. We first conceptualize farmers’ heterogeneous motivations for crop diversification by introducing a subsistence constraint into a utility maximization problem under uncertainty. Using the Tanzanian National Panel Survey, we then examine whether past experiences of shocks affect the adoption of crop diversification differently between poor and non-poor farmers. We rely on a threshold model to estimate heterogeneous impacts between poor and non-poor farmers. We find that poor farmers adopt crop diversification for robust food securities in response to drought/flood and large increases in food prices for purchase. In contrast, non-poor farmers adopt crop diversification to stabilize market income in response to large increases in input prices and large declines in crop prices for sale. © 2024 The Author(s)","Crop diversification; Risk-reducing strategy; Shock; Sub-Saharan Africa; Subsistence constraint","Tanzania; agricultural diversification; conceptual framework; food security; household income; smallholder; strategic approach; subsistence agriculture","Article","Final","All Open Access; Hybrid Gold Open Access","Scopus","2-s2.0-85203631798"
"Timmer C.P.","Timmer, C. Peter (7005938302)","7005938302","Causes of high food prices","2008","ADB Economics Working Paper Series","128","","","1","56","26","","https://www.scopus.com/pages/publications/73649116784?origin=resultslist","Since mid-2007 basic food prices have rocketed with disastrous consequences for poor consumers. The spike in international market prices through the first half of 2008 has now subsided. Still prices of rice, wheat, corn (maize), and edible oils remain well above the levels of just a year ago and are likely to remain elevated and volatile for years to come. Two separate dynamics need to be understood in order for countries to make necessary adjustments. A gradual rise in food prices has been under way since at least 2004 with three general and fundamental factors at work: rapid economic growth in the People's Republic of China and India especially put upward pressure on prices as demand simply outpaced supply; a sustained decline in the United States dollar since mid-decade added to the pressures on dollar-denominated international market prices; and a combination of high and rising fuel prices coupled with legislative mandates to increase production of biofuels has established a firm link between petroleum prices and food prices. The causes of price spikes are crop-specific. Drought and disease in 2007 caused wheat prices to jump, and supplies of edible oil were reduced as farmers in the United States shifted acreage out of soybeans into corn for nonfood uses (ethanol). Rice is the clearest example of crop-specific causes-the price spike was driven by export bans that were aimed at helping contain domestic food price inflation in exporting countries, but had the unintended effect of setting off panic as supplies to the already thin world rice market were sharply reduced. Asia will need several years of good rice harvests in order to stabilize the situation and reduce the exposure of the poor to another shock in food prices. This will not be easy to achieve as input costs are driven higher by high energy prices. Thus, it seems unlikely that world food prices will return to the declining trend seen between the mid-1970s and the first few years of this century. © 2008 by Asian Development Bank.","","China; India; Glycine max; Triticum aestivum; Zea mays; commodity market; consumption behavior; demand elasticity; economic growth; food market; inflation; maize; price dynamics; rice","Article","Final","","Scopus","2-s2.0-73649116784"
"Arango-Serna M.D.; Zapata-Cortes J.A.; Valencia-Granda C.M.","Arango-Serna, Martín Dario (57194220401); Zapata-Cortes, Julian Andres (55258445000); Valencia-Granda, Carlos Mauricio (58025069700)","57194220401; 55258445000; 58025069700","Technological innovation in the planning of civil constructions using a 4D-PS tool","2022","International Journal of Technoentrepreneurship","4","3","","151","166","2","10.1504/ijte.2022.127138","https://www.scopus.com/pages/publications/85144383718?origin=resultslist","This paper presents an innovative method for planning construction projects that face great challenges to meet the budget and the scheduled dates, due to the direct incidence of uncontrollable external factors such as weather, dollar volatility and inflation. The innovation lies in the application of a methodology based on the 4D-PS model to a real construction project in the city of Medellín (Colombia), with the aim of obtaining a better estimation of the costs and time required for the project. Due to these results, this methodology can be applied and commercialised to other companies, becoming it a technological entrepreneurship from the organisation. Copyright © 2022 Inderscience Enterprises Ltd.","4D-PS; civil constructions; construction planning; methodology; project management; technological entrepreneurship; uncertainty management","","Article","Final","","Scopus","2-s2.0-85144383718"
"Semenova A.","Semenova, Alla (37089669000)","37089669000","Climate-Change-Driven Inflation, Modern Money Theory, and Degrowth","2025","Journal of Economic Issues","59","4","","1240","1277","2","10.1080/00213624.2025.2575138","https://www.scopus.com/pages/publications/105024132593?origin=resultslist","Despite its growing price impacts, climate change has been a relatively overlooked contributor to recent inflationary trends. While global inflationary pressures have been easing since 2023, the global economy remains increasingly more vulnerable to climate-change-driven inflation. This concern has been recently voiced by the European Central Bank, the Bank of England, the Central Bank of Ireland, and the Bank of Canada, among others. Given the supply-side nature of climate-change-driven inflation, the traditional tools of monetary policy, such as higher interest rates, will prove ineffective at controlling it. Fiscal policy measures, such as public-sector-driven productive capacity expansion, as proposed in the Modern Money Theory (MMT) literature, may prove unfeasible from an ecological economics perspective. In the age of rapidly accelerating climate change, a transition to a global degrowth-based economic system may prove the only viable approach to mitigating climate change and the risks of climate-change-driven inflation. While MMT has been commonly associated with growth-oriented public policies and public sector-supported productive capacity expansion, MMT could be effectively utilized as a policy toolkit for a degrowth transition instead, as has been suggested in the degrowth literature. © 2025, Journal of Economic Issues/Association for Evolutionary Economics.","climate change; degrowth; fiscal policy; inflation; Modern Money Theory; monetary policy","","Article","Final","All Open Access; Bronze Open Access","Scopus","2-s2.0-105024132593"
"Heinlein R.; Krolzig H.-M.","Heinlein, Reinhold (55317074500); Krolzig, Hans-Martin (6602365872)","55317074500; 6602365872","Puzzling Global Stochastic Trends in Growth, Interest and Inflation and the Volcker Disinflation","2018","Manchester School","86","2","","178","194","0","10.1111/manc.12175","https://www.scopus.com/pages/publications/84996552048?origin=resultslist","This paper aims to identify the stable long-run relationships as well as unstable driving forces of the world economy using a small aggregated cointegrated VAR model encompassing quarterly US, UK, Japanese and Euro Area data for the post-Bretton-Woods era. Three stable long-run relationships are found: output growth, the term spread and the inflation climate. The common stochastic trend of the global macro economy is dominated by the cumulated real short-term interest rate shocks, reflecting the strong increase of global real rates during the Volcker disinflation period, one of the dominating events of the last 40 years of macro history. © 2016 The University of Manchester and John Wiley & Sons Ltd","","","Article","Final","All Open Access; Green Open Access","Scopus","2-s2.0-84996552048"
"Kumar S.","Kumar, Sanjiv (57709843800)","57709843800","Impact of climate change on inflation and output in an emerging economy: Empirical evidence from India","2025","Journal of Asian Economics","101","","102080","","","2","10.1016/j.asieco.2025.102080","https://www.scopus.com/pages/publications/105022777692?origin=resultslist","This study examines the impact of climate change on inflation and output growth (OG) in India. It uses data from April 1991 to December 2022 and employs the Granger causality test, structural vector autoregressive (SVAR), and time-varying vector autoregressive (TV-VAR) techniques. The Granger causality results show that rising temperatures Granger-cause inflation, while their effect on OG is not significant. The SVAR results reveal that temperature shocks exert upward pressure on inflation, and the TV-VAR estimates further reinforce that the effects of temperature are inflationary and vary over time. Subsector analysis further suggests that increases in temperature tend to raise food, housing, and energy prices. From a policy perspective, as higher temperatures exert upward pressure on inflation, the central bank needs to integrate climate risk into inflation targeting and broader macroeconomic policy frameworks, while promoting sustainable financial instruments such as green bonds to mitigate the adverse effects of climate risk. © 2025 Elsevier Inc.","Climate change; Inflation; Output growth; TV-VAR","","Article","Final","","Scopus","2-s2.0-105022777692"
"Stein K.; Greenslade W.; Day E.","Stein, Kate (60594108200); Greenslade, Wallis (60593961300); Day, Ed (60593658700)","60594108200; 60593961300; 60593658700","To Insure or Not to Insure, That Is the Question: Why Property Insurance Matters for Urban Climate Resilience, and Why Some Urban Areas Are Becoming “Uninsurable” Just When We Need Insurance Protection Most","2025","Journal of City Climate Policy and Economy","4","1","","186","201","1","10.3138/jccpe-2024-0050","https://www.scopus.com/pages/publications/105036535669?origin=resultslist","Property insurance is increasingly recognized as an enabler of not only post-disaster recovery, but also affordable housing, financial resilience, and the wider climate adaptation agenda for individuals and communities. In many cities and communities, however, climate change and other factors such as inflation and overdevelopment are increasing the risk of loss and damage from extreme weather hazards. In response, insurers are raising the premiums they charge for property insurance, or in some cases, withdrawing from vulnerable geographies completely—just at a time when insurance is becoming more important to cities as a tool in their climate adaptation toolkits. Through a conversation among three insurance experts from academia and industry, this article unpacks drivers of uninsurability and explores potential shifts in how responsibility for property risk is shared across an “ecosystem” of public institutions and private sector companies. It offers a practitioner’s look at the role of property insurance in urban climate adaptation and insight into how property insurance may evolve in an uncertain climate future. © University of Toronto Press, 2025.","climate change; physical risk; property insurance; protection gap; resilience; responsibility; risk-based pricing; uncertainty; uninsurable risk","","Review","Final","All Open Access; Bronze Open Access","Scopus","2-s2.0-105036535669"
"Hou X.","Hou, Xiaohui (16836632100)","16836632100","Can drought increase total calorie availability? The impact of drought on food consumption and the mitigating effects of a conditional cash transfer program","2010","Economic Development and Cultural Change","58","4","","713","737","23","10.1086/652477","https://www.scopus.com/pages/publications/77952903871?origin=resultslist","Xiaohui Hou focuses on the impact of drought on food consumption and the mitigating effects of a conditional cash transfer program. An increase in total calorie intake is one of the biggest contributors to health problems such as obesity and associated noncommunicable chronic diseases such as hypertension and diabetes. Examining the impact of drought on food consumption can help inform policy makers about how poor households cope with drought and address health and food security issues more effectively. Finally, discriminant analysis was applied separately for each geographic region to identify the variables that discriminate best between poor and non-poor households and to compute a discriminant score as an index. The finding that drought decreases total expenditures implies that drought affects income and thereby food consumption. It would also be useful to examine the impact of drought on food prices to better understand the pathways to the effects.","","commodity price; diabetes; discriminant analysis; drought; expenditure; food consumption; food security; health care; hypertension; obesity; policy making","Article","Final","All Open Access; Green Open Access","Scopus","2-s2.0-77952903871"
"Akram R.; Jabeen T.; Bukari M.A.; Wajid S.A.; Mubeen M.; Rasul F.; Hussain S.; Aurangzaib M.; Bukhari M.A.; Hammad H.M.; Zamin M.; ur Rahman M.H.; Iqbal J.; Rehmani M.I.A.; Tariq M.; Abbas G.; Mirza N.; Mubarak H.; Mahmood F.; Sajjad M.; Ali S.; Nasim W.","Akram, Rida (57208578465); Jabeen, Tasmiya (57769146500); Bukari, Maham Asif (58171071200); Wajid, Syed Aftab (35591046400); Mubeen, Muhammad (57217622325); Rasul, Fahd (54781680700); Hussain, Sajjad (58279421900); Aurangzaib, Muhammad (57151235600); Bukhari, Muhammad Adnan (57191972431); Hammad, Hafiz Mohkum (36991934200); Zamin, Muhammad (59906384500); ur Rahman, Muhammad Habib (55949097000); Iqbal, Javaid (35475640600); Rehmani, Muhammad Ishaq Asif (41862277800); Tariq, Muhammad (59192876800); Abbas, Ghulam (57221840919); Mirza, Nosheen (7007186360); Mubarak, Hussani (56919538200); Mahmood, Faisal (55878109300); Sajjad, Muhammad (57203044287); Ali, Shaukat (55293383500); Nasim, Wajid (34877419300)","57208578465; 57769146500; 58171071200; 35591046400; 57217622325; 54781680700; 58279421900; 57151235600; 57191972431; 36991934200; 59906384500; 55949097000; 35475640600; 41862277800; 59192876800; 57221840919; 7007186360; 56919538200; 55878109300; 57203044287; 55293383500; 34877419300","Research on climate change issues","2021","Building Climate Resilience in Agriculture: Theory, Practice and Future Perspective","","","","255","268","23","10.1007/978-3-030-79408-8_17","https://www.scopus.com/pages/publications/85151701644?origin=resultslist","Agriculture plays important role in human welfare. An extensive research has been carried out on agriculture and changes in climate over the past decades. Variation in climate is anticipated to influence livestock and crop production, hydrologic balances, input supplies, and other constituents of agricultural systems. It is likely to have significant effect on food security in the upcoming decades, by decreasing food production and enhancing food prices. Food may become more exclusive as climate variation mitigation struggles increase energy prices. Water essential for food production may become rarer due to enhanced crop water use and dry period. Struggle for land may enhance as definite regions become climatically unsuitable for production. Though stable increases in carbon dioxide and temperature may outcome in more satisfactory conditions that could enhance the production of some crops, but in some areas, these latent production increases are likely to be limited by severe events, particularly extreme drought and heat, during flowering phase. Crop production is probably to reduce in many regions during the twenty first century due to climatic variations. © The Author(s), under exclusive license to Springer Nature Switzerland AG 2022.","CO<sub>2</sub>; Drought; Food security; Major crops; Temperature","","Book chapter","Final","","Scopus","2-s2.0-85151701644"
"Ndhlovu E.; Dube K.","Ndhlovu, Emmanuel (57360642000); Dube, Kaitano (57200754175)","57360642000; 57200754175","Restaurants Industry Recovery Challenges from COVID-19 Amidst the Russo-Ukrainian War","2023","COVID-19, Tourist Destinations and Prospects for Recovery: Volume One: A Global Perspective","1","","","337","356","10","10.1007/978-3-031-22257-3_18","https://www.scopus.com/pages/publications/85169357238?origin=resultslist","There was an anticipation that the advent of the COVID-19 vaccine would trigger a massive recovery in the tourism and hospitality sector. However, the post-COVID-19 vaccine discovery has been marred with several other global challenges ranging from extreme weather events to massive inflation and political crisis in Europe, which could scuttle the recovery process. Drawing from secondary and archival data sources and abstraction, this chapter explores the state of global restaurant industry recovery since February 2022 and identifies the challenges to the industry’s prospects for recovery. The study found that while there are some individual restaurants that have registered some growth, possibly owing to their resilience and their capacity to tap from technological innovations, overall, the restaurant industry has had some challenges due to the Russo-Ukrainian war. The war has resulted in the plunging of restaurant stocks again; thus, only a few sampled companies are showing resilience to the shock imposed by the war. The study notes that in as much as the sector is resilient from the pandemic, a robust recovery strategy pathway, which can transcend both the pandemic and the Russo-Ukrainian war, is needed. © The Editor(s) (if applicable) and The Author(s), under exclusive license to Springer Nature Switzerland AG 2023.","COVID-19; Global challenges; Hospitality industry; Restaurant; Tourism recovery; War","","Book chapter","Final","","Scopus","2-s2.0-85169357238"
"Ogunjobi D.; Shibl R.; Saremi S.","Ogunjobi, Damilare (60883684000); Shibl, Rania (25626475800); Saremi, Shahrzad (60075114800)","60883684000; 25626475800; 60075114800","Temporal feature engineering for agricultural commodity price forecasting in Nigeria: evaluating machine learning, deep learning and time-series approaches","2026","Journal of Agribusiness in Developing and Emerging Economies","","","","1","28","0","10.1108/JADEE-05-2026-0385","https://www.scopus.com/pages/publications/105050469968?origin=resultslist","Purpose – This study investigates the effectiveness of machine learning, deep learning and traditional time-series approaches for predicting agricultural commodity prices in Nigeria, focussing on improving forecasting reliability through temporal feature engineering and time-aware evaluation using the WFP Nigeria dataset. Design/methodology/approach – The study uses 60, 566 observations across Nigerian commodity markets (2002–2025). Linear Regression, Random Forest, ARIMA, and LSTM models were evaluated using lag and rolling-average temporal features, with walk-forward validation preserving temporal integrity for realistic assessment. Findings – Machine learning models outperformed traditional statistical approaches. Random Forest (R2 = 0.497) exceeded Linear Regression (R2 = 0.465), while ARIMA yielded a negative R2 (−0.259). LSTM achieved its strongest performance for maize (R2 = 0.640) and sorghum (R2 = 0.468), while several highly volatile commodities produced negative R2 values despite extended training and Early Stopping. These results highlight the role of commodity-specific characteristics in price forecasting, with walk-forward validation revealing considerable temporal performance variation. Research limitations/implications – The study relies primarily on historical price data and does not incorporate exogenous variables such as weather, inflation, transportation costs or policy interventions. Originality/value – This study contributes to the agricultural forecasting literature by integrating temporal feature engineering, chronological validation, walk-forward evaluation, and comparative modelling within a unified framework using a Nigerian commodity price dataset, providing commodity-level evidence on the varying effectiveness of machine learning, deep learning and traditional statistical approaches under realistic forecasting conditions. © Damilare Ogunjobi, Rania Shibl and Shahrzad Saremi","Agricultural price prediction; LSTM; Machine learning; Nigeria; Random forest; Temporal feature engineering; Time-series forecasting","","Article","Article in press","","Scopus","2-s2.0-105050469968"
"Jonsson M.; Kamanzi C.; Kwizera P.; Niyonsenga J.","Jonsson, Magnus (7102418226); Kamanzi, Callixte (60129736500); Kwizera, Placide Aime (59379235800); Niyonsenga, Jean Claude (57215655404)","7102418226; 60129736500; 59379235800; 57215655404","Adverse Weather Shocks and Monetary Policy in Rwanda","2025","South African Journal of Economics","93","4","","387","404","0","10.1111/saje.70003","https://www.scopus.com/pages/publications/105017975921?origin=resultslist","This paper examines whether a central bank should stabilize CPI or core inflation (CPI excluding agriculture prices) following an adverse weather shock. We analyse this question in a two-sector small open economy calibrated to reflect key characteristics of the Rwandan economy. We first empirically demonstrate that an adverse weather shock in Rwanda leads to higher agriculture prices and reduced agriculture output, consistent with the mechanisms embedded in the macroeconomic model. We then show that a central bank can minimize its losses—measured by a loss function based on CPI inflation—by stabilizing core inflation rather than headline CPI inflation in response to an adverse weather shock. Additionally, we show that CPI inflation is relatively insensitive to changes in labour mobility between the agriculture and nonagriculture sectors, changes in the elasticity of substitution between agriculture and nonagriculture goods, and changes in land maintenance costs. © 2025 Economic Society of South Africa.","inflation; monetary policy; price indices; relative prices; weather shocks","Rwanda; agricultural market; agricultural production; calibration; capital flow; central bank; climate effect; economic impact; inflation; labor mobility; macroeconomics; monetary policy; price determination; price dynamics","Article","Final","","Scopus","2-s2.0-105017975921"
"Açci Y.; Uçar E.; Uçar M.; Açci R.C.","Açci, Yunus (59391083100); Uçar, Emine (57219782288); Uçar, Murat (35410935800); Açci, Reyhan Cafri (57608111700)","59391083100; 57219782288; 35410935800; 57608111700","Evaluating the relationship between climate change, food prices, and poverty: empirical evidence from underdeveloped countries","2025","Environment, Development and Sustainability","27","11","","28061","28085","8","10.1007/s10668-024-05611-4","https://www.scopus.com/pages/publications/85207898042?origin=resultslist","Climate change is a critical global issue with wide-ranging impacts, particularly on agriculture. This study examines how climate change influences food prices and poverty in underdeveloped countries. Rising temperatures and extreme weather events are diminishing agricultural productivity, leading to increased food prices and worsening poverty. The research involved developing a climate change index using an autoencoder model, which can learn the important features of data and translate it into a lower-dimensional representation. This index was based on variables such as carbon emission rates, annual average rainfall, forest cover, fossil fuel consumption, renewable energy use, and temperature changes. The relationship between this climate change index and food prices and poverty was analyzed using panel causality methods. Additionally, food prices from 2020 to 2030 were projected using various time series forecasting techniques to determine the most accurate predictive model. The findings indicate that while climate change does not significantly affect poverty when considering all countries as a panel, it does have a notable impact on food prices. This underscores the need for effective policy measures to address the effects of climate change on food costs. To mitigate these impacts, it is essential for policymakers to enhance agricultural resilience through sustainable practices and targeted interventions. Future research should expand the dataset and include a broader range of countries to gain a more comprehensive understanding of how climate change affects food prices and poverty. © The Author(s), under exclusive licence to Springer Nature B.V. 2024.","Autoencoder; Climate index; Food price prediction; Panel data analysis; Time series forecasting","agricultural production; alternative energy; climate change; consumption behavior; developing world; ecosystem resilience; poverty; price dynamics; time series analysis","Article","Final","","Scopus","2-s2.0-85207898042"
"Şahin L.","Şahin, Levent (57215937671)","57215937671","Food trade dependency index for EU28 countries in the context of food security; [Wskaźnik zależności od zagranicy w handlu żywnością dla krajów UE28 w kontekście bezpieczeństwa żywnościowego]","2019","Ekonomista","2019-January","6","","760","768","2","","https://www.scopus.com/pages/publications/85082431196?origin=resultslist","Food security is one of the most important issues in the contemporary world because nutrition is one of the basic needs of people. The changing climate and rising food prices affect negatively food security of the countries. The aim of this article was to determine the degree of food security in terms of food trade dependence for EU28 countries in the period 1999-2017. The method chosen was to calculate Food Trade Dependency Index (TDI) based on the Johnston's formula (1992). According to the research results, only Belgium, Bulgaria, Denmark, France, Hungary, Ireland, Lithuania, Netherlands, Poland and Spain have food security in the EU28 in the sense that their import dependence in food products is lower than export dependence. © 2019 Polish Economic Society. All rights reserved.","EU; Export; Food security; Import; Trade dependency index","","Review","Final","","Scopus","2-s2.0-85082431196"
"El Ghalfiki J.; Benali M.; Elhissoufi M.","El Ghalfiki, Jawad (57226366753); Benali, Mimoun (57226347662); Elhissoufi, Mustapha (59269747400)","57226366753; 57226347662; 59269747400","Macroeconomic Conditions and Private Equity in Morocco: A Bounds-Testing Cointegration Approach","2024","Paper Asia","40","6","","99","110","0","10.59953/paperasia.v40i6b.283","https://www.scopus.com/pages/publications/85214376863?origin=resultslist","Private equity plays a pivotal role in fostering entrepreneurship, innovation, and job creation across many economies. In Morocco, the private equity sector is in its developmental stage and faces significant macroeconomic challenges that hinder its growth. This study seeks to address the gap in the literature by examining how key macroeconomic factors—including GDP growth, exchange rates, government spending, inflation, gross domestic savings, interest rates, and industrial production—affect private equity fundraising in Morocco between 1990 and 2019. Employing the autoregressive distributed lag (ARDL) model, we investigate both short-and long-term relationships between these macroeconomic variables and private equity fundraising. The results reveal that GDP growth and interest rates significantly influence private equity fundraising in both the short and long run, while inflation and government spending have a more pronounced long-term effect. These findings highlight the need for policies focused on stabilizing macroeconomic conditions to attract private equity investments. Policymakers should prioritize fostering a stable economic environment characterized by sustainable growth, low inflation, and moderate interest rates to create a favorable investment climate. © 2024, SHPMedia Sdn Bhd. All rights reserved.","ARDL framework; Macroeconomic conditions; Morocco; Private equity","","Article","Final","All Open Access; Gold Open Access","Scopus","2-s2.0-85214376863"
"Ezekwube C.R.; Oladipo S.O.; Ideh T.O.","Ezekwube, Chijioke Richie (60577816000); Oladipo, Samuel Omoniyi (60235594400); Ideh, Timothy Ogbemudiare (60577440300)","60577816000; 60235594400; 60577440300","Dynamic relationships between exchange rate volatility, inflation, and foreign direct investment in Nigeria","2026","SN Business and Economics","6","5","134","","","0","10.1007/s43546-026-01147-z","https://www.scopus.com/pages/publications/105036819475?origin=resultslist","This study examines the dynamic relationship between exchange rate volatility, inflation rate, and foreign direct investment (FDI) in Nigeria from 1986 to 2023. The period captures the post-Structural Adjustment Programme era and subsequent macroeconomic reforms. Annual time series data were obtained from the Central Bank of Nigeria and World Bank. Exchange rate volatility was measured using a five-year rolling standard deviation of the naira–dollar exchange rate. The Vector Error Correction Model (VECM) was employed after establishing cointegration among the variables using the Johansen procedure. To allow for residual diagnostics, the short-run equations of the VECM were re-estimated using Ordinary Least Squares (OLS). The results reveal the existence of a significant long-run relationship among exchange rate volatility, inflation, and FDI in Nigeria. Exchange rate volatility was found to exert a positive impact on FDI inflows in the long run, while inflation exerted a positive and significant effect in both the short and long run. Although short-run responses to volatility were weak, the persistent positive association suggests that investor decisions in Nigeria are shaped more by sector-specific profit opportunities than by conventional macroeconomic risk. The study underscores the need for credible macroeconomic management, particularly transparent exchange rate policies and predictable inflation control, to sustain investor confidence and enhance Nigeria’s investment climate. © The Author(s), under exclusive licence to Springer Nature Switzerland AG 2026.","Exchange rate volatility; Foreign direct investment; Inflation; Nigeria; VECM","","Article","Final","","Scopus","2-s2.0-105036819475"
"Abeysekara W.C.S.M.; Siriwardana M.; Meng S.","Abeysekara, Walimuni Chamindri Sewanka Mendis (57782055600); Siriwardana, Mahinda (35729118300); Meng, Samuel (57199091679)","57782055600; 35729118300; 57199091679","Economic consequences of climate change impacts on the agricultural sector of South Asia: A case study of Sri Lanka","2023","Economic Analysis and Policy","77","","","435","450","55","10.1016/j.eap.2022.12.003","https://www.scopus.com/pages/publications/85144473665?origin=resultslist","Scientific evidence suggests that agriculture will be adversely affected by climate change globally in the near future, with the countries and small islands of South Asia projected to be amongst the most vulnerable. This study uses the ORANI-G-SL, a single-country, static computable general equilibrium model to investigate the economic impacts of climate change-induced agricultural productivity changes on Sri Lanka, as a South Asian case study. In comparison with a baseline scenario, the results show reductions in the output of most agricultural crops will cause increased consumer prices for these agricultural commodities, with a consequential decline in overall household consumption within next few decades. The projected decline in crop production and increases in food prices will enhance the potential for food insecurity. Thus, climate change will negatively impact the overall GDP and most of the macro and microeconomic variables of the Sri Lankan economy. These results highlight the need for future scientific research on climate change adaptation strategies and the importance of developing policy responses to counter adverse effects on agriculture and food security. © 2022 Economic Society of Australia, Queensland","Agriculture; Climate change; Computable General Equilibrium; Food security","","Article","Final","","Scopus","2-s2.0-85144473665"
"Glocker C.; Url T.","Glocker, Christian (55998349800); Url, Thomas (14523712600)","55998349800; 14523712600","Climate Change and Economic Dynamics: Temperature-Dependent Shock Propagation","2026","International Economic Review","","","","","","0","10.1111/iere.70097","https://www.scopus.com/pages/publications/105046737014?origin=resultslist","The gradual rise in temperatures motivates conceptualizing climate change as a phenomenon shaping the propagation of macroeconomic shocks, rather than as an independent shock. We formalize this in a theoretical model, showing that climate change induces a structural shift by steepening the aggregate supply curve, exacerbating the price effects of demand shocks while dampening the output response. Our empirical evidence is consistent with this prediction: higher temperatures raise the share of inflation variation attributable to demand shocks by up to 10 percentage points, underscoring the role of climate change in intensifying stagflationary dynamics rather than independently driving business cycles. © 2026 The Economics Department of the University of Pennsylvania and the University of Osaka Institute of Social and Economic Research Association.","business cycles; climate change; inflation; interacted panel VAR","","Article","Article in press","","Scopus","2-s2.0-105046737014"
"Vogel D.","Vogel, David (7103336051)","7103336051","Business and federal climate change policies in the United States","2026","Elgar Encyclopedia of Business and Government","","","","17","22","0","10.4337/9781035307784.00009","https://www.scopus.com/pages/publications/105033580209?origin=resultslist","Both the successes and failures of American climate change policy are importantly linked to the political power and policy preferences of business, specifically the 79 percent of the American economy that is dependent on fossil fuels. Consequently, policies that require comprehensive reductions in greenhouse gas emissions have not been adopted, while more narrowly based sectoral regulations have succeeded. Thus, the United States has ratified neither the Kyoto Protocol nor the Paris Climate Agreement. None of the legislative proposals establishing a cap-and trade emissions reduction system have passed. However, the federal government has enacted appliance energy efficiency and vehicle fuel economy standards and has phased out hydrofluorocarbons, a potent greenhouse gas. The Inflation Reduction Act, the Biden administration signature climate change legislative accomplishment, does not regulate GHG emissions but rather sought to reduce them through tax and spending incentives. © The Editors and Contributors Severally 2026.","Business; Climate change; Federal; Greenhouse gases; Legislation; Public policy; Regulation","Climate change; Economics; Emission control; Fuel economy; Gas emissions; Greenhouse gas emissions; Inflation; Kyoto Protocol; Public policy; Taxation; % reductions; Climate agreement; Climate change policies; Federal; Greenhouse gas emissions; Greenhouses gas; KYOTO protocol; Kyoto-protocol; Power; Regulation; Greenhouse gases","Book chapter","Final","","Scopus","2-s2.0-105033580209"
"Aguila N.; Wullweber J.","Aguila, Nicolás (57216204980); Wullweber, Joscha (56215539700)","57216204980; 56215539700","Greener and cheaper: green monetary policy in the era of inflation and high interest rates","2024","Eurasian Economic Review","14","1","","39","60","39","10.1007/s40822-024-00266-y","https://www.scopus.com/pages/publications/85188135656?origin=resultslist","In recent years central bankers have devoted increased attention to the question of whether and how to intervene to address the growing environmental and climate crisis. The climate intervention debate gained momentum during a period of low inflation and loose monetary policy in core economies – a time characterised by near zero interest rates and large asset purchase programmes. Since 2021, however, the macroeconomic context has changed. Against this background, the paper analyses the contradictory and problematic nature of the direction monetary policy has taken in reaction to higher inflation. It argues that higher interest rates delay the green transformation by raising the cost of sustainable investments, and that the resulting delay also hampers prospects for achieving price stability. The paper concludes that the present macroeconomic environment demands a ‘greener and cheaper’ monetary policy approach designed to address the environmental and climate crisis and also to simultaneously fight inflation. © The Author(s) 2024.","Central banking; Environmental and climate risks; Green monetary policy; Inflation; Interest rates; Price stability","","Article","Final","All Open Access; Green Open Access; Hybrid Gold Open Access","Scopus","2-s2.0-85188135656"
"Katircioglu S.; Katircioglu S.","Katircioglu, Setareh (57194210654); Katircioglu, Salih (9277229000)","57194210654; 9277229000","The effects of business and finance conditions on the tourism stock markets: An empirical investigation from Turkey","2023","International Journal of Finance and Economics","28","4","","4500","4511","3","10.1002/ijfe.2661","https://www.scopus.com/pages/publications/85134047868?origin=resultslist","This study investigates interactions between the stock performance of tourism firms and business and finance conditions in a vast tourist destination country, Turkey. Results of the study confirm the long-term significant effects of the business and finance environment on the stock performance of Turkish tourism firms using a stock valuation model. Furthermore, the study shows that the tourism stock markets are highly sensitive to aggregate macroeconomic and industrial activity, financial markets, tourism climate, exchange rate markets and country's inflation levels since these aggregates exert highly elastic effects on the tourism stock prices. © 2022 John Wiley & Sons Ltd.","bounds tests; business and finance conditions; stock performance; tourism stock markets; Turkey","Turkey; business development; empirical analysis; financial services; macroeconomics; stock market; tourism market; tourist destination","Article","Final","All Open Access; Green Open Access","Scopus","2-s2.0-85134047868"
"Twomey B.","Twomey, Brian (55903353900)","55903353900","Inside the Currency Market: Mechanics, Valuation and Strategies","2012","Inside the Currency Market: Mechanics, Valuation and Strategies","","","","","","1","10.1002/9781118531570","https://www.scopus.com/pages/publications/84891585352?origin=resultslist","Currency movements are impacted by a variety of factors, including interest rates, trade balances, inflation levels, monetary and fiscal policies, and the political climate. Traders use both fundamental data and a variety of technical tools to trade within this market. Inside the Currency Market describes both the underlying dynamics that drive this market and the strategies that can help you capture consistent profits in it. Page by page, this reliable guide skillfully discusses the structure of the market, its roles in the global economy, the forces that drive currency values, trading strategies, and tactics. It also offers a detailed understanding of how global financial flows, derivatives, and other markets such as oil and gold impact currencies. Along the way, author and professor Brian Twomey provides information on gathering and analyzing global financial data so that traders can gain a ""big-picture"" perspective when attempting to identify trades. Explains virtually every element of the market and can function as a desk reference that puts everyday events into context for traders. Fundamentally driven trades based on interest rate differentials and trade imbalances are discussed, as well as technical trades involving chart patterns, trends, and trading ranges. Each chapter contains questions and answers to help readers master the material. The currency market continues to generate interest and attract new retail traders due to the many opportunities available within it. This book will show you how to successfully operate within this arena by making the most informed trading decisions possible. © 2012 Brian Twomey. All rights reserved.","","","Book","Final","","Scopus","2-s2.0-84891585352"
"Talukder M.B.; Kumar S.; Kabir F.","Talukder, Mohammad Badruddoza (59656635000); Kumar, Sanjeev (57226008733); Kabir, Firoj (58761289500)","59656635000; 57226008733; 58761289500","Enhancing Food Security in South Asia: Policy Approaches and Challenges for Bangladesh","2025","Advancing Global Food Security With Agriculture 4.0 and 5.0","","","","99","117","1","10.4018/979-8-3693-9964-4.ch005","https://www.scopus.com/pages/publications/105005131399?origin=resultslist","South Asia, home to over one-third of the World’s undernourished population, faces challenges in meeting the Sustainable Development Goals of reducing hunger. This food insecurity is highly susceptible to rising food prices, climate change, and armed conflicts. The determinants of food rate inflation in South Asia examine climate change traits in impact on food production and food safety, effect of battle on food protection, and correlates of weight loss program variety on the household, district, and nation degree for rural farm and non-farm sectors in Bangladesh. To deal with food insecurity, strengthening protection nets, adopting measures that decorate agricultural manufacturing, diversification, and productivity, improving physical infrastructure, emphasizing climate trade adaptation and mitigation rules, and addressing the fundamental causes of armed conflicts are crucial. Increased nearby cooperation among South Asian economies Bangladesh wishes to undertake a new policy for destiny sustainability and may want to assist in addressing food insecurity worries within the area. © 2025 by IGI Global Scientific Publishing.","","Armed conflict; Bangladesh; Food insecurity; Food prices; Food production; Food security; Food-safety; Policy approach; Production safety; South Asia; Global warming","Book chapter","Final","","Scopus","2-s2.0-105005131399"
"Menezes A.; Lawless H.","Menezes, Antonia (57218671978); Lawless, Harry (58159624800)","57218671978; 58159624800","A Cross-Country Policy-Maker Perspective on Corporate Restructuring Laws Under Stress","2023","European Business Organization Law Review","24","2","","373","386","0","10.1007/s40804-023-00277-3","https://www.scopus.com/pages/publications/85150973845?origin=resultslist","The onset of the COVID-19 pandemic saw a period of rapid experimentation with insolvency law settings, designed to prevent a wave of insolvencies. Although governments acted quickly to keep debtors out of insolvency processes, they did not alter high levels of underlying indebtedness. In this worsening economic climate characterized by low growth, high inflation, fiscal tightening and high indebtedness, it appears, in certain countries, that these measures may have deferred, rather than prevented, high insolvency levels. A key economic legacy of the COVID-19 pandemic is the extensive fiscal stimulus and the resulting budgetary constraints this has placed on governments. In this context, there is increasing evidence of the importance of frameworks for out-of-court debt workouts as a complement to formal corporate restructuring frameworks. © 2023, The Author(s).","Business restructuring; Corporate vulnerabilities; COVID-era reforms; Insolvency law; Out-of-court workouts","","Article","Final","All Open Access; Green Open Access; Hybrid Gold Open Access","Scopus","2-s2.0-85150973845"
"El-Nasser Y.A.; Ibrahim E.A.","El-Nasser, Yasmine Abd (59472979800); Ibrahim, Ehab Abdelaziz (58582246500)","59472979800; 58582246500","The impacts of climate change on agriculture sector-Case study: Mediterranean countries","2024","New Medit","2024","4","","31","44","1","10.30682/nm2404c","https://www.scopus.com/pages/publications/85212149882?origin=resultslist","Climate change is a complex phenomenon, and the agricultural sector is the most vulnerable to its effects since it affects negatively the food security dimensions, which are directly associated with agriculture. Climate change influences food production and inflation; the impacts have been examined in twelve Mediterranean countries. The paper was equipped with simple and advanced statistics and econometric instruments like descriptive statistics, unit root tests, ARDL (2002-2022), and forecasting models. The results show that climate change has a negative impact on the agriculture sector for many Mediterranean countries in both the current situation and future scenarios. Both temperature and CO2 emissions have a significant negative effect on food production and inflation in the selected countries. Moreover, combining climate change with a rapid increase in population growth rate will put more pressure on the agriculture sector, resulting in an increase in the percentage of POU among the people of those countries. The findings confirm the interlinkage between the sustainable development goals in SDG 3 and SDG 13. © 2024, Bononia University Press. All rights reserved.","Agricultural sector; ARDL model; Climate change; Food security; Sustainable development goals","","Article","Final","All Open Access; Gold Open Access","Scopus","2-s2.0-85212149882"
"Lund M.G.","Lund, Mette Grangaard (58566595900)","58566595900","Why climate change can determine your future job and what to do about it","2023","The Employee and the Post-Pandemic Workplace: Towards a New, Enlightened Working Environment","","","","19","24","0","10.4324/9781003388685-5","https://www.scopus.com/pages/publications/85170172260?origin=resultslist","Today, most people around the world can feel how climate change impacts their daily lives with spikes in food prices, homes becoming prone to natural disasters and more expensive to insure, the pollution of air, water, and food, or supply chains getting disrupted. In fact, global warming may be the biggest health threat facing humanity, according to the World Health Organization. Meanwhile, climate and environmental change are becoming increasingly important to businesses and the private sector. As sustainability concepts made their inroads into academia and businesses, they were eventually linked to the concepts of the triple bottom line or the three P’s of people, planet, and profit, the UN Sustainable Development Goals and Environmental, Social, Governance standards, frameworks, and rankings. Despite environmental and climate progress in some areas, the social deficit in businesses continues to make headlines worldwide, ranging from modern-day slavery; to people losing their livelihoods to floods or drought. © 2024 selection and editorial matter, Adrián Zicari and Tom Gamble; individual chapters, the contributors.","","","Book chapter","Final","","Scopus","2-s2.0-85170172260"
"Kumar A.; Sarkar R.","Kumar, Ankit (60223764500); Sarkar, Runa (57212689583)","60223764500; 57212689583","Green Quantitative Easing: What the Lender of the Last Resort Can Do for Saving the Planet","2025","Financing Climate Action: India in a Global Context","","","","368","386","0","10.4324/9781003589709-29","https://www.scopus.com/pages/publications/105023785510?origin=resultslist","One of the key elements in combating climate change is large private or public capital expenditure in green technologies. However, governments are constrained in financing such large expenditures whether through raising taxes or by borrowing. In such cases, independent central banks, may be more suitable to address this urgent issue. Some studies have discussed green quantitative easing (QE) as a strategy available to central banks to address climate change. Alternative perspectives have also argued that this may conflict with market neutrality and could lead to the emergence of financial bubbles. Emerging economies, characterised by pronounced financial frictions, are likely to face a more intricate manifestation of this issue. Employing a dynamic stochastic general equilibrium (DSGE) framework incorporating financial friction and a dual-sector production setup (comprising green and dirty sectors), the objective of this chapter is to model and evaluate the effects of green QE in an emerging economy. The model is characterised by a substantial proportion of Non-Ricardian economic agents and a higher degree of asset market segmentation. The aim of this chapter is to provide a theoretical framework that enables central banks in emerging economies to contribute to climate change mitigation while keeping in mind unique trade-offs between potential climate-related losses, inflation volatility, and financial stability. © 2026 selection and editorial matter, Mritiunjoy Mohanty and Runa Sarkar; individual chapters, the contributors.","","Climate change; Commerce; Economic and social effects; Finance; Friction; Green economy; Inflation; Capital expenditures; Central bank; Economic agents; Emerging economies; Financial bubble; General equilibrium; Government IS; Green technology; Key elements; Stochastics; Stochastic systems","Book chapter","Final","","Scopus","2-s2.0-105023785510"
"Gupta R.","Gupta, Rashi (57694870100)","57694870100","The Role of the Food Industry in Financial Development: Focusing on the Current Scenario","2026","Exploring Food at the Crossroads of Health and Business","","","","335","351","0","10.4018/979-8-3373-4047-0.ch012","https://www.scopus.com/pages/publications/105048464411?origin=resultslist","The relevance of the food industry in terms of fostering financial development cannot be overstated, particularly not in the current context of dynamic global challenges and changing consumer preferences. As the largest occupation in the world, it not only contributes to the GDP and trade balance, but also serves as an important means of rural income. Food exports also enhance the economies of countries through earning foreign currency and strengthening trade. Government initiatives and private public partnerships have improved the financial contributions of the sector to the economy in terms of food security and entrepreneurship. Even with the rising inflation and disruptiions in climate, the food service industry is steady and resourceful. It is therefore a key driver for financially sustainable growth that is capable of successfully marrying innovation, consumer preferences in health, and commercial imperatives. Copyright © 2026, IGI Global Scientific Publishing. Copying or distributing in print or electronic forms without written permission of IGI Global Scientific Publishing is prohibited. Use of this chapter to train generative artificial intelligence (AI) technologies is expressly prohibited. The publisher reserves all rights to license its use for generative AI training and machine learning model development.","","Finance; Food industry; Food security; Food supply; Inflation; Learning systems; Machine learning; Service industry; 'current; Consumers' preferences; Financial contributions; Financial development; Food industries; Foreign currency; Global challenges; Government initiatives; Private public partnerships; Trade balance; Commerce","Book chapter","Final","","Scopus","2-s2.0-105048464411"
"Kleimann D.; Poitiers N.; Sapir A.; Tagliapietra S.; Véron N.; Veugelers R.; Zettelmeyer J.","Kleimann, David (56179684700); Poitiers, Niclas (57216852255); Sapir, André (7003874103); Tagliapietra, Simone (57189259682); Véron, Nicolas (23571138300); Veugelers, Reinhilde (55892927800); Zettelmeyer, Jeromin (6505980452)","56179684700; 57216852255; 7003874103; 57189259682; 23571138300; 55892927800; 6505980452","Green tech race? The US Inflation Reduction Act and the EU Net Zero Industry Act","2023","World Economy","46","12","","3420","3434","53","10.1111/twec.13469","https://www.scopus.com/pages/publications/85167364470?origin=resultslist","The 2022 United States Inflation Reduction Act (IRA) is a significant and welcome climate law. It also includes trade-distortive subsidies, including local-content requirements prohibited under World Trade Organisation rules – the first time the US has done this and a blow to the international trading system that could trigger protectionism in other countries. The expected IRA green subsidies are of similar size to those available in the European Union, except in renewable energy production, where EU subsidies remain larger. However, there are important qualitative differences. In this article, we conduct a quantitative and qualitative comparison of the IRA with its preexisting European counterparts. We identify three main differences: European subsidies are less discriminatory, more focused on innovation rather than deployment and more fragmented than the IRA. Some IRA subsidies discriminate against foreign producers while EU subsidies do not. IRA clean-tech subsidies are simpler, longer-term and less fragmented, and they focus mainly on mass deployment of green technologies rather than innovation. We then examine the proposed EU reaction to IRA, the Net Zero Industry Act and discuss how it should be improved by the EU co-legislators (the European Parliament and the EU Council) so as to become a useful building block towards a more comprehensive EU green industrial policy. © 2023 John Wiley & Sons Ltd.","clean technology; green subsidies; industrial policy; Inflation Reduction Act; Net Zero Industry Act; trade policy","Europe; United States; European Union; industrial policy; inflation; quantitative analysis; subsidy system; trade policy","Article","Final","All Open Access; Green Open Access","Scopus","2-s2.0-85167364470"
"Yağci M.","Yağci, Mustafa (57197793434)","57197793434","Introduction","2023","Central Banking in a Post-Pandemic World: Challenges, Opportunities, and Dilemmas","","","","1","2","0","10.4324/9781003323280-1","https://www.scopus.com/pages/publications/85168901270?origin=resultslist","Starting with the Covid-19 pandemic, the world economy is influenced by various factors such as geopolitical conflicts, rivalry between the United States and China, reshaping of global production networks, climate change, digitalization, cryptocurrencies, rising inequalities, and inflation. These dynamics are transforming the global and domestic political economy conditions within which central banks are operating. With an interdisciplinary orientation, we aim to examine the challenges, opportunities, and dilemmas central banks are facing around the world. We hope that with both empirical and normative orientation, our book will enrich the debates on central banking and will open new horizons to explore for the future. © 2024 selection and editorial matter, Mustafa Yagci; individual chapters, the contributors.","","","Editorial","Final","","Scopus","2-s2.0-85168901270"
"Mawejje J.; Odhiambo N.M.","Mawejje, Joseph (56154684700); Odhiambo, Nicholas M. (13607855500)","56154684700; 13607855500","The determinants of fiscal deficits: a survey of literature","2020","International Review of Economics","67","3","","403","417","33","10.1007/s12232-020-00348-8","https://www.scopus.com/pages/publications/85083843425?origin=resultslist","This paper surveys the existing literature, both theoretical and empirical, on the determinants of fiscal deficits. The theoretical literature highlights the role of the Ricardian equivalence theory, the Keynesian theory, the neoclassical theory, and political budget cycle hypothesis in shaping the current discourse on budget deficits and their effects on other variables. A review of the empirical studies reveals that: economic growth, debt, unemployment rates, trade openness, level of development (GDP per capita), level of urbanization, extreme weather events, current account balances, inflation, aid, military spending, as well as political factors, and quality of budgetary institutions are important determinants of budget deficits. While research on the linkage between the structure of the economy and persistence of the budget deficit is limited, evidence shows that tax base variability is associated with procyclical fiscal policy. Beyond these findings, the determinants of fiscal deficits are country-specific. Implications for future research are discussed. © 2020, Springer-Verlag GmbH Germany, part of Springer Nature.","Budget institutions; Expenditure efficiency; Fiscal policy; Macroeconomic policy; Revenue management","","Article","Final","","Scopus","2-s2.0-85083843425"
"Núñez V. J.M.; Corchado J.M.; Giraldo D.M.; Rodríguez-González S.; De la Prieta F.","Núñez V., Juan M. (57219031101); Corchado, Juan M. (7006360842); Giraldo, Diana M. (59775909800); Rodríguez-González, Sara (57904342700); De la Prieta, Fernando (36170379700)","57219031101; 7006360842; 59775909800; 57904342700; 36170379700","Recommendation system using bio-inspired algorithms for urban orchards","2024","Internet of Things (Netherlands)","26","","101173","","","12","10.1016/j.iot.2024.101173","https://www.scopus.com/pages/publications/85189535590?origin=resultslist","According to the Food and Agriculture Organization of the United Nations (FAO), climate change is exponentially affecting agricultural production worldwide, with food prices expected to increase by up to 90 percent by 2030 and hunger and malnutrition rates to rise by 2050. This paper presents the development of a platform based on the Internet of Things (IoT) for monitoring urban gardens as a strategy to mitigate hunger, promote food sovereignty and circular economy in areas of food shortage. To this end, an Internet of Things (IoT) architecture is proposed and implemented that involves a social design layer that allows an effective transfer of knowledge to communities and a recommendation system based on evolutionary computation to optimize and maximize the productivity of urban orchards, and thus contribute to the 2030 agenda of the Sustainable Development Goals (SDGs). Finally, three experiments in urban gardens are shown to validate evolutionary computation and artificial intelligence models, such as multiple linear regression, genetic algorithms, ant colony algorithms and spatial estimation and inference algorithms such as the Kriging algorithm. The productivity of urban lettuce orchards is increased between 25 and 45%. © 2024 The Author(s)","Bio-inspired algorithms; Internet of Things; Lettuce crops; Social design; Urban orchards","","Article","Final","All Open Access; Hybrid Gold Open Access","Scopus","2-s2.0-85189535590"
"Salisu A.A.; Ogbonna A.E.; Gupta R.; Zhang Y.","Salisu, Afees A. (55392158900); Ogbonna, Ahamuefula E. (57207693430); Gupta, Rangan (18037301200); Zhang, Yunhan (57214693462)","55392158900; 57207693430; 18037301200; 57214693462","Climate policy uncertainty and the forecastability of inflation","2026","Journal of Climate Finance","14","","100080","","","1","10.1016/j.jclimf.2025.100080","https://www.scopus.com/pages/publications/105029245515?origin=resultslist","We investigate the predictive content of climate policy uncertainty (CPU) for forecasting the inflation rate of the United States (US) over the monthly period of 1987:05–2024:11. We evaluate the performance of our proposed CPU-based predictive model, estimated via the Feasible Quasi Generalized Least Squares (FQGLS) approach, against a historical average benchmark model, with the FQGLS technique adopted to account for heteroscedasticity and autocorrelation in the data. We find statistical evidence in favour of a CPU-based model relative to the benchmark, as well as in the case of an extended model involving physical risks of climate change and financial and macroeconomic factors, extracted from a large data set, when CPU is included. The predictive superiority of climate policy-related uncertainties relative to the historical mean remains robust across alternative local and global CPU metrics, as well as in a mixed-frequency setup, given the availability of high-frequency (weekly) CPU data. Moreover, the importance of local- and global-CPUs is also found to hold for forecasting the inflation rates of 11 other advanced and emerging countries, in a statistically significant manner relative to the historical average model. Across all 12 economies, own- and global-CPUs perform equally well in forecasting the respective inflation rates. The general importance of uncertainties surrounding policy decisions to tackle climate change in shaping the future path of inflation, understandably, carries implications for the monetary authority. © 2026 Elsevier B.V.","Climate Policy Uncertainty; Forecasting; Inflation","","Article","Final","","Scopus","2-s2.0-105029245515"
"Imandojemu K.; Osabohien R.; Iwayemi A.; Oyedele O.; Al-Faryan M.A.S.","Imandojemu, Kingsley (57932335700); Osabohien, Romanus (57201922189); Iwayemi, Akin (24551008700); Oyedele, Ovikuomagbe (57423112100); Al-Faryan, Mamdouh Abdulaziz Saleh (57219595796)","57932335700; 57201922189; 24551008700; 57423112100; 57219595796","Climate change and agricultural commodity prices: a dynamic computable general equilibrium modeling","2025","Journal of Agribusiness in Developing and Emerging Economies","","","","1","36","2","10.1108/JADEE-07-2024-0214","https://www.scopus.com/pages/publications/105025409287?origin=resultslist","Purpose – The main objective of the paper is to examine the effect of climate change on Nigeria's agricultural commodity prices from 2023 to 2032. Design/methodology/approach – The dynamic computable general equilibrium (DCGE) model is employed to investigate the variables of interest. Findings – The study finds that climate change exerts a positive influence on agricultural commodity prices in Nigeria. This suggests that climate change, which is anticipated to result from the untamed drive towards economic expansion would have positive agricultural commodity price effect in Nigeria. Premised on these findings, we recommended that the government should expand adaptation and resilience initiatives to mitigate the adverse effects of climate change on farmers, fisherfolk and other agricultural commodity producers and consumers. Additionally, transitioning from practices that emit higher levels of greenhouse gases to more sustainable methods of production and consumption is crucial. Research limitations/implications – Climatic drivers were limited to precipitation and temperature and thus environmental issues (e.g. heatwaves, storms, sea level, harmattan wind extremes and flooding) were not revealed in the study. Originality/value – The key contribution is utilizing a recursive DCGE model to scrutinize the seeming climate-economy nexus in Nigeria. The previous research on the variable of interest utilized conventional econometric techniques. However, these econometric techniques are not suitable for long-term analyses of the economic impact of climate change, as they fail to account for growth effects, accumulation effects, or the transition path of the economy, where short-term and medium-term impacts may diverge significantly (Adenikinju and Chitiga, 2009). Furthermore, the utilization of a recursive DCGE model explicitly integrates climate change into Nigeria's Social Accounting Matrix, resulting in a more precise representation of the relation between climate change and food prices. © 2025 Emerald Publishing Limited","Agricultural commodity prices; Agriculture; C68; Climate change; G28; Q01; Q11; Q54; Rainfall; Temperature","","Article","Article in press","","Scopus","2-s2.0-105025409287"
"Rabhi A.; Qanas J.","Rabhi, Ayoub (59135737800); Qanas, Jalal (57219288884)","59135737800; 57219288884","Morocco’s monetary policy during the pandemic-era inflation: between labor market fragility and financial sector gains","2026","Journal of Post Keynesian Economics","","","","","","0","10.1080/01603477.2026.2668434","https://www.scopus.com/pages/publications/105039684196?origin=resultslist","This paper examines Morocco’s monetary policy response to the 2022–2023 inflation surge and its asymmetric effects on the labor market and financial sector. Although inflation was largely driven by external supply shocks, global commodity prices, drought-related disruptions, and supply-chain bottlenecks, Bank Al-Maghrib raised its policy rate from 1.5 to 3%. The tightening occurred in a context where the Phillips Curve has significantly flattened, both globally and in Morocco, rendering inflation increasingly unresponsive to unemployment or domestic cyclical conditions. Analysis shows a nearly flat relationship between inflation and unemployment, with inflation driven mainly by persistence rather than domestic demand. This disconnect validates the Post-Keynesian view that in modern industrial economies, prices are administered via markup pricing strategies based on cost structures, rather than determined by market-clearing demand forces. Consequently, inflation becomes a result of conflicting claims on income rather than excess liquidity. As a result, higher interest rates proved poorly suited to the underlying sources of inflation, while exacerbating labor-market fragility, contributing to rising unemployment, and weakening job creation. Conversely, Morocco’s banking sector registered record profits, supported by wider net interest margins and higher sovereign yields. Since domestic financial institutions hold most Treasury securities, rate hikes effectively transferred income from the public budget to private financial actors. The findings underscore the limits of monetary tightening in a small economy facing supply-driven inflation and highlight the need for employment-sensitive monetary policy alternatives. © 2026 The Author(s). Published with license by Taylor & Francis Group, LLC.","and the Moroccan context; inflation dynamics; labor market effects; Monetary policy; Post-Keynesian theory","","Article","Article in press","All Open Access; Hybrid Gold Open Access","Scopus","2-s2.0-105039684196"
"Shi S.; Zhai J.","Shi, Shimeng (57199154970); Zhai, Jia (56392452000)","57199154970; 56392452000","California carbon allowance futures","2024","Finance Research Letters","70","","106265","","","1","10.1016/j.frl.2024.106265","https://www.scopus.com/pages/publications/85206829764?origin=resultslist","Carbon pricing is an important tool to address climate challenge, while limited attention has been given to the U.S. carbon derivatives market, i.e., California carbon allowance (CCA) futures market. To deal with various data frequencies, we use a mixed frequency vector autoregressive model. We find that changes in trading positions of hedgers and speculators can affect the CCA futures returns. Like other commodity futures markets, commercials act as contrarians, while non-commercials behave like momentum traders. We find some evidence of a feedback relationship between the CCA futures market and California's economic condition. The interaction between the energy sector and the carbon futures market is evident. The CCA futures market is more sensitive to climate policy risk than abnormal temperature. Other ETSs’ carbon futures prices and inflation expectation could affect the CCA futures returns on some trading days. © 2024 Elsevier Inc.","California carbon allowance futures; CFTC's trading position; Climate change; Energy sector; Real economy","","Article","Final","","Scopus","2-s2.0-85206829764"
"Chowdhury E.K.; Chowdhury T.U.","Chowdhury, Emon Kalyan (57221671510); Chowdhury, Tasnim Uddin (60057966400)","57221671510; 60057966400","Weather as a Critical Component in Investment Strategies: Insights for Stakeholders","2025","International Series in Operations Research and Management Science","368","","","311","332","0","10.1007/978-3-031-95099-5_14","https://www.scopus.com/pages/publications/105013864463?origin=resultslist","This study aims to assess the influence of weather conditions on investment choices, particularly in regions susceptible to natural disasters. A comprehensive investigation is conducted using various statistical models such as autoregressive conditional heteroskedasticity, vector error correction, Granger causality, and multivariate regression. Yearly data spanning from 1995 to 2022 are analyzed, taking into account factors such as stock performance, weather patterns, lending options, economic growth, inflation rates, and interest rates. The findings of the analysis reveal significant results, emphasizing the positive and noteworthy role of weather in shaping investment decisions. By integrating weather patterns into their decision-making processes, investors can skillfully mitigate risk and enhance their return on investment. This research provides invaluable insights for stakeholders, including investors, financial institutions, and policymakers, underscoring the essentiality of considering weather as a critical component in ensuring secure, stable, and profitable investments. © The Author(s), under exclusive license to Springer Nature Switzerland AG 2025.","GARCH; Investment decision; Stock markets, investor behavior; Weather","","Book chapter","Final","","Scopus","2-s2.0-105013864463"
"Dewenter R.; Linder M.; Thomas T.","Dewenter, Ralf (35422025000); Linder, Melissa (57201336855); Thomas, Tobias (56132427400)","35422025000; 57201336855; 56132427400","Can media drive the electorate? The impact of media coverage on voting intentions","2019","European Journal of Political Economy","58","","","245","261","34","10.1016/j.ejpoleco.2018.12.003","https://www.scopus.com/pages/publications/85059871726?origin=resultslist","A growing literature uses media data to explain perception and behaviour in the economic and political context. In this paper, we investigate how media coverage affects political preferences, namely voting intention. For our empirical analysis, we merge 14 years of human-coded data obtained from leading media in Germany with results of the comprehensive German Politbarometer survey from February 1998 through December 2012. In contrast to the existing literature, we do not utilize access to certain media outlets, but use the tonality of articles and newscasts on political parties and politicians based on human coded media data. To account for endogeneity, we employ instrumental variable probit estimations. In addition, we control for a multitude of (internal)personal characteristics, such as age, and gender, as well as for (external)macroeconomic variables, such as business climate, unemployment, and inflation. The results show that media coverage of a political party has a positive and significant effect on the voting intention for this party. When media outlets cover a political party more positively, the electorate has a greater tendency to vote for it. Hence, we conclude that the electoral success or failure of political parties is at least partially caused by the media coverage on them. This hints on the special responsibility of media in democracies. © 2019 Elsevier B.V.","Media impact; Political preferences; Voting intention","","Article","Final","","Scopus","2-s2.0-85059871726"
"Narayan S.; Kumar Narayan P.; Prasad R.","Narayan, Seema (8597894200); Kumar Narayan, Paresh (60696193400); Prasad, Rahul (60695840400)","8597894200; 60696193400; 60695840400","How is climate change influencing prices and output?","2026","Economic Analysis and Policy","92","","","545","555","1","10.1016/j.eap.2026.05.023","https://www.scopus.com/pages/publications/105042124300?origin=resultslist","This paper hypothesizes that climate change shapes Fiji's prices and output. Using a macro-model with monthly data (2002–2022), we find strong evidence that rainfall, droughts, and cyclones raise inflation, while output remains insensitive. The economic magnitudes are large: a one-standard-deviation increase in log rainfall contributes 0.20 percentage points (pp) (or 83% of the mean) to monthly inflation. Event months are more damaging to inflation: cyclones +0.595 pp (or 245% of the mean); total disasters +0.485 pp (or 200% of mean); and droughts +0.432 pp (or 178%). Remittances, despite been a fiscally important part of Fiji's economy, provide no cushion to inflationary pressures. We conclude that climate change operates chiefly as a supply-side inflationary shock, suggesting the need to integrate climate risks into Fiji's fiscal and monetary policy frameworks. © 2026 The Authors","Climate; Fiji; Inflation; Macroeconomic aggregates; Output; Rainfall; Temperature","","Article","Final","All Open Access; Hybrid Gold Open Access","Scopus","2-s2.0-105042124300"
"Suwandaru A.; Sudiyono W.; Shawdari A.; Fristin Y.","Suwandaru, Agung (57218374373); Sudiyono, Widhiyo (59303594700); Shawdari, Ahmed (59303956100); Fristin, Yuntawati (57200524795)","57218374373; 59303594700; 59303956100; 57200524795","Understanding the Economic Drivers of Climate Change in Southeast Asia: An Econometric Analysis","2024","Economies","12","8","200","","","4","10.3390/economies12080200","https://www.scopus.com/pages/publications/85202469907?origin=resultslist","This study analyses macroeconomic trends in Southeast Asian countries and their implications for climate change, focusing on urbanisation, GDP per capita, energy intensity, FDI, inflation, and trade. Using panel data from 1970 to 2020, we investigate climate change drivers across Indonesia, Malaysia, the Philippines, Singapore, and Thailand through panel ARDL with PMG and MG analyses, along with Hausman tests. Our results highlight the need for tailored urbanisation policies for sustainability, as the consistent positive correlation between GDPs per capita and emissions, underscores the challenge of decoupling economic growth from emissions. Urbanisation’s varying impact calls for proactive planning, and mixed FDI results suggest nuanced investment approaches aligned with sustainability. Inflation’s negative impact hints at environmental benefits during price increases, necessitating integrated economic and climate policies. The positive relationship between trade openness and emissions emphasises the need for eco-conscious trade agreements to mitigate emissions from industrial activity. Our study stresses the importance of considering macroeconomic heterogeneity in crafting climate policies. Policymakers must adopt multifaceted approaches that prioritise sustainability across economic growth, energy efficiency, technology adoption, and trade to balance development with environmental preservation. This approach enables Southeast Asian countries to contribute effectively to global climate change mitigation. © 2024 by the authors.","ASEAN; climate change; macroeconomic factors; panel ARDL","","Article","Final","All Open Access; Gold Open Access; Green Open Access","Scopus","2-s2.0-85202469907"
"Chowdhury E.K.","Chowdhury, Emon Kalyan (57221671510)","57221671510","Do weather patterns effect investment decisions in the stock market? A South Asian perspective","2024","Journal of Asset Management","25","2","","162","171","9","10.1057/s41260-023-00334-z","https://www.scopus.com/pages/publications/85173059161?origin=resultslist","Do weather patterns in South Asia have an impact on investment decisions? This question is particularly relevant given the region’s vulnerability to natural disasters such as floods, cyclones, and droughts. To explore this issue, we apply regression and generalized method of moments using yearly data of weather, stock indices, borrowing opportunity, economic growth, interest, and inflation rates from 1995 to 2021. Based on data availability, this study has taken Bangladesh, India, Pakistan, and Sri Lanka as sample countries. The research results indicate that weather significantly influences investment decisions and that consideration of weather factors can mitigate risk and enhance investment return. © The Author(s), under exclusive licence to Springer Nature Limited 2023.","D25; E22; F21; G11; GMM; Investment decision; Investor behavior; O16; R53; Stock markets; Weather","","Article","Final","","Scopus","2-s2.0-85173059161"
"Khurshid N.; Abid E.","Khurshid, Nabila (55873824000); Abid, Emaan (58987338100)","55873824000; 58987338100","Unraveling the complexity! Exploring asymmetries in climate change, political globalization, and food security in the case of Pakistan","2024","Research in Globalization","8","","100220","","","10","10.1016/j.resglo.2024.100220","https://www.scopus.com/pages/publications/85190470956?origin=resultslist","Climate change and global politics pose potential threats to food security by impacting crop productivity and food availability. Short-term variability resulting from climate change and global politics may disrupt the stability of entire food systems. The regional implications of these factors remain uncertain, prompting this study to investigate the relationship between climate change, global politics, global inflation, and food security. Using time series data spanning from 1981 to 2021, the Non-linear Auto Regressive Distributive Lag (NARDL) approach was used to examine the asymmetric effects of political globalization (proxied by political globalization) and environmental change (proxied by CO2 and Mean Temperature) on food security. Our findings indicate that mean temperature (MT), CO2 emissions, and political globalization (POLG) had an asymmetrical effect on food security as CO2_POS, CO2_NEG, and MT_POS, MT_NEG had a positive relationship with food security while POLG_POS, POLG_NEG had a negative relationship with food security. The current research proposes that Pakistan needs a holistic approach to address climate and food security, including sustainable farming, water management, climate-resilient infrastructure, social safety nets, and local food production. Government subsidies and incentives can encourage heat-tolerant crop cultivation, while international collaboration and alliances are needed to strengthen domestic agriculture, invest in research, implement social safety nets, and manage exchange rate fluctuations. © 2024","Asymmetrical impact; Carbon dioxide emissions; Food Security; Mean temperature; Political globalization","","Article","Final","All Open Access; Gold Open Access; Green Open Access","Scopus","2-s2.0-85190470956"
"Rush J.; Hanson D.; Cousin M.","Rush, Jamie (60137859200); Hanson, Dan (60137733500); Cousin, Maeva (60137212200)","60137859200; 60137733500; 60137212200","Monetary Policy in an Age of Scarcity","2025","The Price of Money: A Guide to the Past, Present, and Future of the Natural Rate of Interest","","","","174","182","0","10.1093/9780197800942.003.0014","https://www.scopus.com/pages/publications/105018446461?origin=resultslist","From the Volcker shock in the early 1980s to the Covid shock of the early 2020s, the United States and Europe enjoyed a period of low and stable inflation. In the years ahead, fracturing global ties and rising global temperatures may create supply shocks that add an upward impulse to annual inflation in the United States of around 0.5 ppt. Persistently elevated price pressure could force the Federal Reserve to set policy rates as much as 0.75 - 1.25 ppt higher. ""Monetary Policy in an Age of Scarcity"" explores how risks from deglobalization and global heating threaten to shift inflation dynamics and push the natural rate of interest higher. © Oxford University Press 2025. All rights reserved.","Central banks; Climate change; Globalization; Inflation; Interest rate; Monetary policy; Neutral rate; R*; Taylor rule","Economics; Inflation; Public policy; Central bank; Federal Reserve; Global temperatures; Globalisation; Interest rates; Monetary policies; Neutral rate; Price pressure; R*; Taylor rules; Climate change","Book chapter","Final","","Scopus","2-s2.0-105018446461"
"Jora O.-D.; Pană M.-C.; Iacob M.; Apăvăloaei M.-A.; Iatan P.-R.; Jebeli-Bakht-Ara H.","Jora, Octavian-Dragomir (55659298000); Pană, Marius-Cristian (57210173385); Iacob, Mihaela (55658992500); Apăvăloaei, Matei-Alexandru (56499382400); Iatan, Petru-Răsvan (59517895100); Jebeli-Bakht-Ara, Hesam (59517504400)","55659298000; 57210173385; 55658992500; 56499382400; 59517895100; 59517504400","WHY “ALL FOR ONE” MIGHT NOT LAST “ONCE AND FOR ALL”? THE (UN)DISSIMULATED GEOPOLITICAL AND INSTITUTIONAL COMPETITION IN A TECHNOLOGY-TENSED EUROPEAN UNION","2025","Amfiteatru Economic","27","68","","12","34","2","10.24818/EA/2025/68/12","https://www.scopus.com/pages/publications/85215294797?origin=resultslist","The European Union is portrayed as a realm of international cooperation and coordination, of convergence and cohesion (via freedoms of movement and common policies), retaining ingrained traits such as member states’ geopolitical competition (with national interests on collision courses, narratives contested, and rivalries in standby, still short of warfare). Known by the buzzword “polycrisis”, the tangled turbulence – made of (post-)pandemic sequels, supply-chain fractures, inflation surges, energy uncertainties, migration pressures, security threats, climate changes, technological disruptions etc. – heavily adds to this stress. Next to official calls for unity in the conclave, powered by new “deals” and more “funds”, divergent national behaviours emerge as scarcities remain asymmetrical and asynchronous. For instance, the “4.0” industries, allegedly part of the solution, become part of the problem since, for instance, the EU member states are unevenly endowed with strategic resource reserves and are unequally enabled in terms of relations with extra-EU critical suppliers. This article investigates the propensity for geopolitical and institutional competition in an EU claiming a monolithic view/voice globally as against rival US, rebel China or rogue Russia, all this in many regards, including the preparation for technological transformations. Firstly, an original Institutional Economics analysis is applied to the rationales for intra-EU inter-states competition, acknowledging the realities of the worldwide scarcity and spread of a series of technologically-critical resources, which become geopolitically frustrating. Secondly, a line of inquiry will be devoted to de- homogenizing the economic and political types of competition, emphasizing, for the latter, the soft power tools usable by various EU member states, including the appeal to “strategic trade”, acknowledging its limitations too. Thirdly, the national competitive impulses are scrutinized in a pair of breviloquent case studies: that of ex-colonial powers, activating their residual ties with former dominions, and that of ex-communist countries, resorting to regional formats to gain substance collectively. © (2025), (Bucharest University of Economic Studies Publishing House). All rights reserved.","critical resources; European integration; geopolitical competition; industry 4.0; institutional competition; international rivalry; technological revolutions","","Article","Final","All Open Access; Gold Open Access; Green Open Access","Scopus","2-s2.0-85215294797"
"Peña-Lévano L.M.; Taheripour F.; Tyner W.E.","Peña-Lévano, Luis Moisés (57207909870); Taheripour, Farzad (24385808500); Tyner, Wallace E. (35241386400)","57207909870; 24385808500; 35241386400","Climate Change Interactions with Agriculture, Forestry Sequestration, and Food Security","2019","Environmental and Resource Economics","74","2","","653","675","47","10.1007/s10640-019-00339-6","https://www.scopus.com/pages/publications/85063187821?origin=resultslist","Climate change can negatively affect crop productivity decreasing food production in many regions across the world. Literature suggests forest carbon sequestration (FCS) is a good alternative to mitigate climate change due to its ability to sequester carbon at low cost. Nevertheless, FCS subsidies have not been addressed together with impacts on food security and climate change reduced crop yields. In our multidisciplinary work, we collected the crop yield shocks from global circulation—crop modeling. We also developed a new version of a computable general equilibrium model for the economic analysis. Thus, we evaluate the global economic impacts of using carbon taxes and FCS to achieve 50% emission reductions. We find that implementing an aggressive FCS incentive can cause substantial increases in food prices because of land competition between forest and crop production. Without climate induced yield reductions, FCS is attractive, but not with the yield reductions. With the climate induced yield shocks, food price increases are huge—so large that it is clear this approach could not be adopted in the real world. The results cry out for investment in agricultural research on climate adaptation. Our findings suggest economic well-being falls more without mitigation than with 50% emission reductions. © 2019, The Author(s).","Carbon sequestration; Climate change; Crop yield; Food security; Forestry; General equilibrium; Mitigation methods","Carbon; Costs; Crops; Cultivation; Economic analysis; Emission control; Food supply; Forestry; Timber; Carbon sequestration; Crop yield; Food security; General equilibrium; Mitigation methods; Climate change","Article","Final","All Open Access; Hybrid Gold Open Access","Scopus","2-s2.0-85063187821"
"Shaukat G.; Jokhiyo F.; Shaikh S.","Shaukat, Ghazala (57969313200); Jokhiyo, Farhat (59958174100); Shaikh, Saima (59957730000)","57969313200; 59958174100; 59957730000","The interplay of climate change and inflation in Sindh","2025","Crowdfunding and Alternative Financing Models for Women Entrepreneurs","","","","205","218","0","10.4018/979-8-3693-9193-8.ch007","https://www.scopus.com/pages/publications/105008748223?origin=resultslist","Sindh, located in southeastern Pakistan, faces significant socio-economic challenges that have been exacerbated by climate change and rising inflation. The 2022 floods, the most devastating in Pakistan's recent history, exposed the province's vulnerability to climate-induced disasters and deepened existing economic and social inequalities. This chapter examines how climate change, particularly floods, has contributed to inflationary pressures in Sindh and analyzes how inflation has, in turn, worsened the province's ability to respond to natural disasters. By focusing on the floods of 2022, we explore the direct and indirect impacts on various sectors, such as health, education, employment, food security, and infrastructure. © 2025, IGI Global Scientific Publishing. All rights reserved.","","Climate change; Disasters; Inflation; Direct and indirect impacts; Economic challenges; Economic inequality; Food security; Health education; Inflationary pressures; Natural disasters; Pakistan; Social inequalities; Socio-economics; Floods","Book chapter","Final","","Scopus","2-s2.0-105008748223"
"Adefarati T.; Obikoya G.D.; Sharma G.; Onaolapo A.K.; Akindeji K.T.","Adefarati, T. (57190305953); Obikoya, G.D. (57210927055); Sharma, G. (57216326306); Onaolapo, A.K. (57208799458); Akindeji, K.T. (57197729788)","57190305953; 57210927055; 57216326306; 57208799458; 57197729788","Design and feasibility analysis of grid-connected hybrid renewable energy system: perspective of commercial buildings","2024","Energy Systems","15","1","","403","462","21","10.1007/s12667-023-00578-z","https://www.scopus.com/pages/publications/85153500721?origin=resultslist","Green energy technologies have been widely acknowledged as a supplement to conventional power sources due to the finite nature of fossil fuels, ever-increasing load demand and GHG emissions. This paper proposes a HRES that encompasses photovoltaic, electric vehicle, battery system and grid. The viability analysis of the HRES is implemented in this paper by using the load profile of Tucson Mall, U.S. and the meteorological data from the NASA. This study seeks to create a framework for sustainable energy that enhances the performance of the conventional power system by reducing the NPC, payback period, GHG emissions, COE and energy obtained from the grid by using HOMER application. The NPC, COE, payback period and return on investment for the best configuration of the proposed HRES are $1,600,623.00, $0.0420, 4.10 years and 19.0%. The outcomes of the study demonstrate that the most feasible configuration achieved 60.38% of COE and 39.48% of NPC better than case study 1. The optimal HRES has been subjected to a sensitivity analysis to establish the influence of several parameters such as interest rate, load demand, capital cost, inflation rate, solar radiation and temperature on the COE and NPC. The findings of the study demonstrate that the PV system plays an important role in decreasing GHG emissions, NPC and COE as well as achieving the optimal operation of the HRES. The incorporation of green energy technologies into the utility grid can sustainably address the global energy crisis and improve access to electricity. The government agencies can use the findings of this study as a crucial step in increasing the proportion of green energy technology in the global’s energy mix. © The Author(s), under exclusive licence to Springer-Verlag GmbH Germany, part of Springer Nature 2023.","Battery system; Cost of energy; Green energy technologies; Greenhouse gas emission; Net energy purchased; Photovoltaic system","Cost benefit analysis; Electric loads; Energy policy; Greenhouse gases; Investments; Meteorology; NASA; Office buildings; Renewable energy resources; Secondary batteries; Sensitivity analysis; Battery systems; Conventional power; Cost of energies; GHG emission; GHGs emissions; Green energy technologies; Greenhouse gas emissions; Net energy; Net energy purchased; Photovoltaic systems; Fossil fuels","Article","Final","","Scopus","2-s2.0-85153500721"
"Jeworrek S.; Tonzer L.","Jeworrek, Sabrina (57190810665); Tonzer, Lena (56541673100)","57190810665; 56541673100","Inflation concerns and green product consumption: Evidence from a nationwide survey and a framed field experiment","2026","Journal of Economic Behavior and Organization","248","","107673","","","0","10.1016/j.jebo.2026.107673","https://www.scopus.com/pages/publications/105043430593?origin=resultslist","Promoting green (usually more costly) product consumption is one essential element in building a sustainable society. In times of high inflation, not only budget constraints but also the fear that prices will continue to rise might limit the effectiveness of exerted efforts to promote sustainable behaviors. To test this suggestion, we conducted a Germany-wide survey with almost 1200 respondents, followed by a framed field experiment to confirm causality. Our proxy for green consumption is organic food purchases. Survey respondents’ stated organic purchasing behavior is positively correlated with concerns about climate change but negatively correlated with concerns about inflation. The latter result is driven by individuals with a below-median environmental attitude. In the framed field experiment, we use the priming method to manipulate the saliency of inflation concerns. Whereas sizably relaxing the budget constraint has no impact on the share of organic products in participants’ baskets, the priming significantly decreases the share of organic products for individuals with below-median environmental attitude. Using the same inflation priming in a subsequent survey experiment with around 1800 respondents, we find that high inflationary environments affect both the perception of organic being luxury products and the social norm of buying organic. Both effects are more pronounced for individuals with below-median environmental attitude and, hence, they are the likely mechanisms driving the negative effects on organic product consumption. © 2026 The Author(s). Published by Elsevier B.V. This is an open access article under the CC BY license. http://creativecommons.org/licenses/by/4.0/","C93; Consumption behavior; D12; D84; D91; E31; Inflation concerns; Online shopping experiment; Organic food","","Article","Final","All Open Access; Hybrid Gold Open Access","Scopus","2-s2.0-105043430593"
"Heller P.; Schittekatte T.; Barrella R.; Mastropietro P.; Batlle C.","Heller, Peter (59361664900); Schittekatte, Tim (57201322847); Barrella, Roberto (57217029167); Mastropietro, Paolo (56001330200); Batlle, Carlos (6602977945)","59361664900; 57201322847; 57217029167; 56001330200; 6602977945","European and US approaches to energy poverty: Classifying and evaluating design strategies","2025","Utilities Policy","97","","102059","","","2","10.1016/j.jup.2025.102059","https://www.scopus.com/pages/publications/105016879005?origin=resultslist","As climate change accelerates and recent health, energy, and inflation crises exacerbate broader inequality trends, ensuring adequate and affordable access to energy services is becoming increasingly important. In this paper, we conduct an in-depth review of energy poverty policy and program design in Europe and the United States. We classify and evaluate different approaches according to four categories of policy choices: assistance, targeting, funding, and governance. We discuss the advantages and disadvantages of the approaches adopted in both contexts, extract key lessons, and provide recommendations to improve the effectiveness of energy assistance policies. The taxonomy presented here is not intended as a tool for evaluating program effectiveness. Instead, it is meant to help us understand how specific design decisions may impact program outcomes. © 2025 Elsevier Ltd","Affordability; Energy assistance programs; Energy insecurity; Energy poverty","Europe; United States; Affordability; Design strategies; Energy; Energy assistance program; Energy insecurity; Energy poverties; Energy services; Policy choices; Policy design; Program design; climate change; energy policy; energy resource; inflation; Energy policy","Article","Final","","Scopus","2-s2.0-105016879005"
"Jayasooriya S.P.","Jayasooriya, S.P. (57201675252)","57201675252","A Dynamic Equilibrium between Inflation and Minimum Wages in Sri Lanka","2009","Margin","3","2","","113","132","2","10.1177/097380100900300202","https://www.scopus.com/pages/publications/85020656858?origin=resultslist","This paper explores the dynamic equilibrium between minimum wages and inflation in Sri Lanka. From a theoretical perspective, while minimum wages tend to be sluggish in the economy, changes in price levels are compulsive. This empirical investigation which includes causality, co-integration and error correction models, reveals the existence of a long-term equilibrium relationship between minimum wages and inflation, and a one-way causality between the two variables. An interruption in equilibrium leads not only to a significant adjustment process but also to structural changes in long-run equilibrium. Finally, macroeconomic stability is established through the impulse response function in a situation, where shocks are applied to both minimum wages and inflation. The study recommends policy-making entities contemplate a minimum wage adjustment process in a climate of unstable inflation. ©.","Dynamic Equilibrium; Impulse Response; Inflation; Minimum Wage; Sri Lanka; Structural Change","","Article","Final","","Scopus","2-s2.0-85020656858"
"Li K.; Xiao Y.; Qi S.; Shi X.; Qin K.","Li, Kai (57199454119); Xiao, Yifang (60258465400); Qi, Shaozhou (56304640100); Shi, Xunpeng (53878592800); Qin, Kun (12240760100)","57199454119; 60258465400; 56304640100; 53878592800; 12240760100","“Climateflation” in China: Could Rising Temperatures Overheat the Economy?","2026","China and World Economy","34","1","","108","137","0","10.1111/cwe.70014","https://www.scopus.com/pages/publications/105027908028?origin=resultslist","This study examined the inflationary effects of rising temperatures by linking monthly climate variables with consumer price data for 30 large- and medium-sized Chinese cities from January 2004 to December 2019. Lagged one-period temperature had a significant positive effect on current-month price changes. The cumulative estimates indicated that each 1 °C increase during the sample period was associated with a 0.057 percent rise in prices, implying that temperature shocks contributed to consumer price inflation. Mechanism tests showed that higher temperatures reduced output growth and raised production costs, and that greater economic policy uncertainty amplified these effects. When different temperature bins were used as explanatory variables, prices increased linearly with temperatures up to 25–30 °C, then declined at higher temperatures. Temperature effects were stronger in poorer or cooler regions. The findings suggest the need to strengthen monetary policy responses, expand mitigation efforts, and develop climate-adaptive urban systems. © 2026 The Author(s) China & World Economy published by John Wiley & Sons Australia, Ltd on behalf of Institute of World Economics and Politics, Chinese Academy of Social Sciences.","climateflation; cumulative estimates; lagged effect; temperature shocks","","Article","Final","All Open Access; Hybrid Gold Open Access","Scopus","2-s2.0-105027908028"
"Blagrave P.","Blagrave, Patrick (57200792937)","57200792937","Inflation co-movement in emerging and developing Asia: the monsoon effect","2020","Applied Economics Letters","27","15","","1277","1283","7","10.1080/13504851.2019.1676869","https://www.scopus.com/pages/publications/85075599756?origin=resultslist","Co-movement (synchronicity) in food-inflation rates among emerging and developing countries in Asia is partly due to common rainfall shocks–a result which the paper terms the ‘monsoon effect’. Economies with higher trade integration and co-movement in nominal effective exchange rates also experience greater food-inflation co-movement. In the context of the growing literature on the globalization of inflation, these results suggest that common weather patterns are partly responsible for any role played by a so-called ‘global factor’ among inflation rates in emerging and developing economies, in Asia at least. © 2019 Informa UK Limited, trading as Taylor & Francis Group.","co-movement; Inflation; spillovers; weather","Asia; developing world; globalization; inflation; interest rate; monsoon; rainfall; trade flow; trade relations","Article","Final","","Scopus","2-s2.0-85075599756"
"Asada T.; Chen P.; Chiarella C.; Flaschel P.","Asada, Toichiro (7102070148); Chen, Pu (8713763700); Chiarella, Carl (7003949227); Flaschel, Peter (6602472033)","7102070148; 8713763700; 7003949227; 6602472033","Keynesian dynamics and the wage-price spiral: A baseline disequilibrium model","2006","Journal of Macroeconomics","28","1","","90","130","60","10.1016/j.jmacro.2005.10.007","https://www.scopus.com/pages/publications/32144453309?origin=resultslist","We reformulate the traditional AS-AD growth model of the Neoclassical synthesis, stage I, as a disequilibrium approach to aggregate supply analysis, with sticky wages, sticky prices, myopic perfect foresight on current inflation rates, and adaptively formed medium-run expectations concerning the investment and the inflation climate. Both LM curve and an interest rate policy rule are considered. The resulting nonlinear 5D model of labor and goods market disequilibrium avoids striking anomalies of the traditional Neoclassical synthesis AS-AD model. It exhibits instead Keynesian feedback dynamics proper with asymptotic stability for low adjustment speeds and with cyclical loss of stability when some adjustment speeds are sufficiently large. In such cases, downward money wage rigidities serve to make the overall dynamics bounded and thus viable. We thus obtain a baseline D(is equilibrium)AS-AD model with Keynesian feedback channels with a rich set of stability/instability features as sources of the business cycle. The outcomes of the model stand in stark contrast to those of the currently fashionable (closely related) model of the New Keynesian alternative. © 2005 Elsevier Inc. All rights reserved.","(In)stability; DAS-AD growth; Kinked Phillips curves; Persistent cycles; Real interest channels; Real wage channels; Wage and price Phillips curves","","Article","Final","","Scopus","2-s2.0-32144453309"
"Kadria M.; Guirat Y.","Kadria, Mohamed (56288536100); Guirat, Yosr (57377840800)","56288536100; 57377840800","Extreme weather events and inflation in emerging economies","2026","Applied Economics Letters","","","","","","0","10.1080/13504851.2026.2682527","https://www.scopus.com/pages/publications/105040942258?origin=resultslist","This paper examines the short-run inflationary consequences of extreme weather events (EWE) in 11 emerging economies over 1995–2024. Using a two-way fixed-effects panel approach, we find that linear specifications based on a continuous EWE index detect no statistically significant inflationary response. By contrast, a threshold-type nonlinear framework shows that exceptionally severe events, above the 95th percentile of country-specific distributions, are associated with a statistically significant short-run decline in inflation of approximately four percentage points. The effect is monotonic in severity and driven predominantly by flood events. We attribute this disinflationary pattern to demand-side contractions, emergency policy interventions, and precautionary saving that dominate immediate cost-push pressures. The results highlight the importance of incorporating nonlinear climate-inflation transmission channels into inflation risk assessments for emerging markets. © 2026 Informa UK Limited, trading as Taylor & Francis Group.","emerging economies; Extreme weather events; inflation; nonlinear effects; panel data","","Letter","Article in press","","Scopus","2-s2.0-105040942258"
"Chatman D.G.; Manville M.","Chatman, Daniel G. (10040921500); Manville, Michael (9844275900)","10040921500; 9844275900","Theory versus implementation in congestion-priced parking: An evaluation of SFpark, 2011-2012","2014","Research in Transportation Economics","44","1","","52","60","68","10.1016/j.retrec.2014.04.005","https://www.scopus.com/pages/publications/84901689240?origin=resultslist","Shortages of street parking can cause cruising, a major source of urban congestion. We used SFpark, a federally funded experiment in market-priced parking in San Francisco, to study how changes in meter prices influenced on-street parking availability. We supervised observations of more than 13,400 vehicles parked on a subset of dynamically priced and control blocks at three points in time during 2011 and 2012. Repeated-observation, change-on-change regressions show that when prices rose, the block-level occupancy of parking fell, suggesting that SFpark worked as intended. But blocks where prices rose showed no discernible improvement in parking availability-the share of time at least one space on a block face was vacant. Price increases also had no association with other factors we would expect to be influenced by price, including parking duration, vehicle turnover, and carpooling. These relationships were robust to controlling for the parking zone, the previous price level, nearby employment, and the weather. A price system designed to improve average occupancy may not improve parking availability, and thus may not reduce cruising. Cities trying to reduce cruising may need to adjust prices based on minimum vacancy, and price changes may need to be larger in many cases. © 2014 Elsevier Ltd.","Cruising; Parking; Pricing; SFpark","","Article","Final","","Scopus","2-s2.0-84901689240"
"Wahyu M.F.R.; Rijal S.S.; Susamto A.A.","Wahyu, Muhammad Fawdy Renardi (60614749500); Rijal, Seftiawan Samsu (57222902329); Susamto, Akhmad Akbar (57195902678)","60614749500; 57222902329; 57195902678","Does rainfall affect inflation? Evidence from Indonesia’s regional heterogeneity","2026","Journal of Applied Economics","29","1","2714629","","","0","10.1080/15140326.2026.2714629","https://www.scopus.com/pages/publications/105048181427?origin=resultslist","This study analyzes the impact of seasonal rainfall variations on inflation in Indonesia, using panel data from 82 cities between 2014 and 2019. While prior research links weather conditions, particularly rainfall, to inflation through effects on agricultural production, our findings challenge this view. Using fixed effects regression models, we observe a statistically significant negative relationship between rainfall and inflation at the district level; however, the effect sizes are economically negligible. When time fixed effects are added, capturing national-level factors like monetary policy and global conditions, rainfall’s impact becomes statistically insignificant. Robustness checks, including weighted two-way fixed effects models, placebo tests, and extending the observational period to 2023, confirm the consistency of these results. The findings suggest that national-level policies overshadow minor local effects of rainfall on inflation. Policymakers should prioritize macroeconomic strategies over local environmental factors when addressing inflation, highlighting the limited role of weather variability. © 2026 The Author(s). Published by Informa UK Limited, trading as Taylor & Francis Group.","Fixed effects regression; inflation dynamics; macroeconomic policy; rainfall variations","","Article","Final","All Open Access; Gold Open Access","Scopus","2-s2.0-105048181427"
"Mosikari T.J.","Mosikari, Teboho Jeremiah (56005101300)","56005101300","The impact of climate change on government spending in South Africa using dynamic ARDL and kernel-based regularized least squares","2026","Cogent Economics and Finance","14","1","2656058","","","0","10.1080/23322039.2026.2656058","https://www.scopus.com/pages/publications/105036733235?origin=resultslist","Continuous rise of uncertainty of climate risk associated outcomes posed the threat to sustainable government budget. The purpose of this research is to investigate the impact of climate change, expressed by carbon emissions, on government spending in South Africa from 1960 to 2023. To achieve meaningful results in the econometric procedure, the following control variables were considered: population growth, GDP growth, and inflation. To scrutinize the association amongst climate change and government spending, the paper adopted methods such as dynamic ARDL and Kernel-based regularized least squares (KRLS), and frequency causality analysis. The results show that in the long run, there is cointegration between climate change and government expenditure. These findings indicate that climate change has a positive impact on government spending. A 1% increase in climate change leads to a 0.123% increase in government expenditure. Additionally, frequency domain causality shows unidirectional causality running from climate change to government expenditure at all frequencies, such as short, medium, and long term. The outcomes of this paper suggest that reinforcing government expenditure management and adjusting the efficiency of climate-related investments is crucial to ensure fiscal sustainability in the context of limited budgetary space and rising public debt. © 2026 The Author(s). Published by Informa UK Limited, trading as Taylor & Francis Group.","carbon emissions; Climate change; environment; government expenditure; South Africa","","Article","Final","All Open Access; Gold Open Access; Green Open Access","Scopus","2-s2.0-105036733235"
"Xu Y.; Fan B.; Liu Z.; Zhao Y.; Peculea A.D.","Xu, Yingying (57189061158); Fan, Bolun (58277036300); Liu, Zhixin (56226593000); Zhao, Yueqiang (57198809335); Peculea, Adelina Dumitrescu (57195331840)","57189061158; 58277036300; 56226593000; 57198809335; 57195331840","The intertemporal substitution effect of energy consumption under climate policy changes","2023","Economic Research-Ekonomska Istrazivanja ","36","3","2164866","","","2","10.1080/1331677X.2023.2164866","https://www.scopus.com/pages/publications/85159815489?origin=resultslist","Based on the intertemporal substitution effect, the high inflation expectations can stimulate agents to consume now rather than in the future. However, under the background of global climate policy changes, how inflation expectations affect energy consumption? Using the bootstrap Granger full-sample causality test and sub-sample rolling window tests, this study examines the intertemporal substitution effect of energy consumption in the U.S. The results based on the full-sample data indicate no causality between inflation expectations and energy consumption, which suggests that the intertemporal substitution effect of energy consumption does not exist. Nevertheless, the rolling window method which estimates a time-varying causality identifies a short-lived positive effects of inflation expectations on energy consumption in a distinct sub-period before the global Paris agreement, but disappears since then. Therefore, the intertemporal substitution effect regarding energy consumption does not exist under the background of pressing carbon targets. The effects of energy consumption on inflation expectations can be positive or negative, which tells a cautionary tale about climate policies aiming at engineering lower carbon emissions. © 2023 The Author(s). Published by Informa UK Limited, trading as Taylor & Francis Group.","climate policy; energy consumption; inflation expectation; intertemporal substitution effect","United States; carbon emission; energy efficiency; energy market; energy use; environmental policy; inflation","Article","Final","All Open Access; Green Open Access; Hybrid Gold Open Access","Scopus","2-s2.0-85159815489"
"Luo Y.; Bazi S.; Ul-Durar S.; Sisto M.D.; Damij N.","Luo, Yumeng (60544079900); Bazi, Saleh (57210336175); Ul-Durar, Shajara (57225126549); Sisto, Marco De (60543292200); Damij, Nadja (15131200400)","60544079900; 57210336175; 57225126549; 60543292200; 15131200400","Can sustainable technology features of products stimulate market performance? The perspective of consumer engagement in climate change","2026","Journal of Business Research","208","","116079","","","1","10.1016/j.jbusres.2026.116079","https://www.scopus.com/pages/publications/105034339403?origin=resultslist","Climate change has accelerated the adoption of electric vehicles (EVs). However, it remains unclear how EVs shape consumers’ climate engagement and market performance. This study uses signaling theory to examine how driving range, a key sustainability signal, influences climate engagement under varying price levels and manufacturer types, and how this, in turn, affects market performance. Drawing on 67,757 EV model-year observations from the Chinese market (2018–2022), it combines emotional analysis of consumer reviews with hierarchical regression models. The findings show that driving range enhances climate engagement, especially for higher-price models and non-domestic manufacturers, which strengthens signal credibility. In turn, climate engagement boosts sales performance and partially mediates the range-sales relationship. Theoretically, the study extends signaling theory to sustainability and clarifies the boundary conditions of effective signals. Methodologically, it introduces a novel measure of climate engagement and practical insights for manufacturers to enhance consumer engagement and market performance in emerging markets. © 2026 The Author(s). Published by Elsevier Inc. This is an open access article under the CC BY license. http://creativecommons.org/licenses/by/4.0/","Climate change, market performance; Consumer engagement; Electric vehicles (EVs); Signaling theory, automobile features","","Article","Final","All Open Access; Green Open Access; Hybrid Gold Open Access","Scopus","2-s2.0-105034339403"
"Vivona R.; Lewis J.M.","Vivona, Roberto (57219801170); Lewis, Jenny M. (7406380096)","57219801170; 7406380096","The Entrepreneurial Public Servant: Unlocking Employee Potential Through Recognition and Inclusion","2025","Review of Public Personnel Administration","45","1","","56","76","11","10.1177/0734371X231201963","https://www.scopus.com/pages/publications/85173991019?origin=resultslist","Can public sector employees act as entrepreneurs and help solve some of the world’s most pressing problems? Amid crises such as COVID-19, rising inflation, and climate disasters, governments worldwide are facing credibility and legitimacy crises, and the need for innovation and entrepreneurship in the public sector has never been more critical. To understand how to make public servants more entrepreneurial, this study explores the relationship between human resource management (HRM) practices, person-environment fit theory, and attitudes toward public sector entrepreneurship. Based on data from the 2019 Australian Public Service census survey (n = 92,128), this study finds the practices of promoting employee recognition and inclusion exhibit the strongest effects on entrepreneurial attitudes of public servants, via person-job and person-organization fit respectively. However, practices such as performance appraisal and trainings show irrelevant effects. Overall, this article suggests that public managers should instill a culture of inclusion, innovation, and participation within their organizations to unleash the entrepreneurial public servant, while they need to rethink their performance appraisal systems to serve better the purpose of improving employees fit with their tasks. © The Author(s) 2023.","Australia; human resource management; person-job fit; person-organization fit; PLS-SEM; public sector entrepreneurship","","Article","Final","All Open Access; Green Open Access; Hybrid Gold Open Access","Scopus","2-s2.0-85173991019"
"Badran M.","Badran, Moustapha (58849714200)","58849714200","When systems strain: Climate uncertainty and the pass-through of global shocks","2026","International Review of Economics and Finance","109","","105488","","","0","10.1016/j.iref.2026.105488","https://www.scopus.com/pages/publications/105044362039?origin=resultslist","This study examines how global supply chain disruptions and climate policy uncertainty shape import price inflation in the United States, and how these forces interact during periods of heightened stress. Using monthly data from November 2002 to June 2025, the analysis shows that supply chain pressure steadily drives import prices upward. Climate policy uncertainty also increases costs, yet it reduces the immediate transmission of supply shocks. This moderating effect becomes stronger during major disruptions such as the Covid-19 pandemic and the Russia–Ukraine conflict, indicating that regulatory ambiguity reshapes pricing behavior when operational risks intensify. Robustness tests based on peak detection confirm the stability of this pattern. The results further suggest that this moderation operates through multiple channels, including inventory management, sourcing adjustments, and delayed investment, which help firms absorb shocks. In addition, sector-level analysis reveals heterogeneity in these dynamics, with energy and manufacturing imports responding differently to overlapping supply and policy pressures. The findings demonstrate that clear climate policy direction can ease inflationary pressure and highlight the need for resilient supply chain systems and credible regulatory planning. © 2026 The Author.","Climate policy uncertainty; Exchange-rate volatility; Import prices; Supply chains","","Article","Final","All Open Access; Gold Open Access","Scopus","2-s2.0-105044362039"
"Sheng X.; Gupta R.; Cepni O.","Sheng, Xin (57194850772); Gupta, Rangan (18037301200); Cepni, Oguzhan (57194427831)","57194850772; 18037301200; 57194427831","Time-Varying effects of extreme weather shocks on output growth of the United States","2024","Finance Research Letters","70","","106318","","","9","10.1016/j.frl.2024.106318","https://www.scopus.com/pages/publications/85202524794?origin=resultslist","This study investigates the impact of a structural shock to a metric of extreme weather, identified using sign restrictions, on output growth (and inflation) in the United States (US) from 1961 to 2022, using a new class of time-varying parameter vector autoregressive (endogenous TVP-VAR) model, whereby the identified structural innovation is allowed to influence the dynamics of the coefficients in the model unlike in traditional TVP-VARs. Our results provided evidence that severe weather shocks adversely affect output growth (and inflation) over the forecast horizon of one- to twelve-quarter-ahead. More importantly, we find that the effect of extreme weather on the US macroeconomic variables is indeed time-varying, with the impacts becoming smaller in recent times, possibly due to improved adaptation to climate change. © 2024","Endogenous TVP-VAR; Growth; Inflation; Severe weather","","Article","Final","All Open Access; Green Open Access","Scopus","2-s2.0-85202524794"
"","","","United States","2017","Economic Outlook","41","3","","32","33","0","10.1111/1468-0319.12293","https://www.scopus.com/pages/publications/85027394634?origin=resultslist","Real GDP growth slowed to an annualised rate of 1.4% in Q1 2017 from 2.1% in Q4 2016. Growth in Q1 was constrained by weak consumer spending and inventories, while residential and business investment rose strongly. But, we believe this lull will be short-lived and forecast a rebound in GDP growth to around 3.0% in Q2. The factors that constrained consumer spending, including higher inflation, unusually warm weather and slower tax refunds, were not repeated in Q2. © Oxford Economics 2017","","","Article","Final","","Scopus","2-s2.0-85027394634"
"Kaya N.; Ünal Uyar G.F.; Ersoy Bozcuk A.; Terzioğlu M.; Tutcu B.; Talaş H.","Kaya, Neylan (60200198400); Ünal Uyar, Güler Ferhan (58248599400); Ersoy Bozcuk, Aslıhan (60809777300); Terzioğlu, Mustafa (57963155600); Tutcu, Burçin (57967525800); Talaş, Hasan (57966836400)","60200198400; 58248599400; 60809777300; 57963155600; 57967525800; 57966836400","Evaluating Risk and Performance in Non-Life Insurance Markets: Evidence from EU and EEA Countries","2026","Risks","14","8","180","","","0","10.3390/risks14080180","https://www.scopus.com/pages/publications/105048594484?origin=resultslist","Non-life insurance markets face growing pressure from inflation, geopolitical uncertainty, and climate-related risks. These developments increase the need for comprehensive performance evaluation from a risk-based perspective. In this context, this study examines the risk-based performance of non-life insurance markets across European Union (EU) and European Economic Area (EEA) countries using an integrated multi-criteria decision-making (MCDM) framework. The analysis includes eight indicators related to profitability, liquidity, growth, capital adequacy, and risk. Criterion weights were calculated using the Modified Standard Deviation (MSD) and Modified Preference Selection Index (MPSI) methods. These weights were then combined to obtain a single objective weighting structure. Subsequently, country rankings were obtained through the Combined Compromise Solution (CoCoSo) method. The data were taken from the European Insurance and Occupational Pensions Authority (EIOPA) database. The findings show that ROE and ROA received the highest integrated objective weights and contributed most strongly to differentiating country performance within the analyzed dataset. Austria, Germany, and Cyprus ranked as the highest-performing countries. The sensitivity analysis under different λ values also shows that the ranking results are stable. The results suggest that non-life insurance performance should not be evaluated only through profitability. Solvency strength, liquidity capacity, and risk exposure should also be considered. The study provides an integrated framework for comparative country-level assessment of non-life insurance markets and offers useful insights for regulators and policymakers. © 2026 by the authors.","CoCoSo; MCDM; MPSI; MSD; non-life insurance; risk-based performance","","Article","Final","All Open Access; Gold Open Access","Scopus","2-s2.0-105048594484"
"Kousar S.; Ameer A.; Nasir A.; Afzal M.; Abbas S.","Kousar, Shazia (57202263843); Ameer, Amina (57224412164); Nasir, Adeel (55398249000); Afzal, Muhammad (57578448500); Abbas, Sohail (57200002068)","57202263843; 57224412164; 55398249000; 57578448500; 57200002068","Comparative analysis to assess food security in south asian nations: an application of multivariate GARCH model","2024","Environment, Development and Sustainability","","","e0185466","","","2","10.1007/s10668-024-05737-5","https://www.scopus.com/pages/publications/85213022036?origin=resultslist","In the era of climate change, global food security is expected to increase, which is becoming a challenge to ensuring sustainable development goal (SDG) 2 to zero hunger in 2030. However, a recent study recommends that climate variability, globalization, and food security are the main hurdles in developing countries in overcoming the issue of food insecurity. This study examined the impact of globalization and climate variability on food security across India, Pakistan, and Bangladesh during 2001–2023. The food security data was collected from the Food and Agriculture Organization (FAO), while globalization data was taken from KOF globalization. In addition, the data for climate variability, population density, foreign direct investment, economic growth, and inflation was assessed from the World Development Indicators. Two-layer principal component analysis (TLPCA) was used to develop the food security index. In contrast, multivariate Generalized Auto-Regressive Conditional Heteroscedasticity (GARCH 1, 1) was used to determine the impact of globalization and climate variability on food security. The study revealed that globalization and climate variability negatively affect food security in Pakistan and India. In addition, the study found that population density significantly mitigates the undesirable effects of globalization and climate variability on food security. This study helps policymakers to develop strategies related to globalization, climate variability, and population density to optimize food security. © The Author(s), under exclusive licence to Springer Nature B.V. 2024.","Agriculture growth; Climate variability; Food security; Globalization; Population density","","Article","Article in press","","Scopus","2-s2.0-85213022036"
"Yalçınkaya Ö.; Yurttançıkmaz Z.Ç.; Erkal G.","Yalçınkaya, Ömer (57201419991); Yurttançıkmaz, Ziya Çağlar (60230716600); Erkal, Gökhan (58023942000)","57201419991; 60230716600; 58023942000","Implications for Monetary Policy on the Effects of Climate Change on Inflation: Evidence from G-20 Countries","2026","Open Economies Review","","","","","","1","10.1007/s11079-026-09853-9","https://www.scopus.com/pages/publications/105029459326?origin=resultslist","This study examines the effects of climate change on inflation in G-20 countries, including central banks that play a leading role in shaping global monetary policies. The analysis is conducted not only for the G-20 as a whole but also for subgroups classified by development level (AE-9, DE-10) and monetary policy regime (IT-12, NIT-7), using the panel Local Projections Method (LPM) with quarterly data from January 1990 to March 2024. Symmetric and asymmetric temperature and precipitation shocks, measured through the Z-score method, are employed to capture the differentiated effects of climate variability. The results show that the impacts of climate shocks on inflation are heterogeneous and depend on development levels, monetary policy regimes, and the nature of shocks. Temperature shocks generate deflationary effects in advanced economies but inflationary effects in developing ones. In contrast, precipitation shocks are mostly insignificant in the short run yet exert deflationary effects in the medium and long run. In inflation-targeting countries, temperature shocks have inflationary effects and precipitation shocks have deflationary effects, whereas both shocks produce deflationary pressures in non-targeting countries. Asymmetric analyses further reveal that positive shocks have more substantial and more persistent impacts than negative ones, indicating the greater inflationary or deflationary risks of extreme climate events. Robustness checks confirm these findings across model specifications, sub-periods, and country samples. The results highlight that climate change constitutes a systematic and long-lasting threat to price stability, especially for developing economies, and complicates the conduct of monetary policy. Accordingly, the study underscores the need for central banks to integrate climate shocks into their policy frameworks, adopt flexible and forward-looking instruments, and enhance coordination with fiscal policies to strengthen macroeconomic resilience. © The Author(s) 2026.","Asymmetric climate shocks; Climate change; Environmental monetary policy; Inflation; Panel LPM","","Article","Article in press","All Open Access; Green Open Access; Hybrid Gold Open Access","Scopus","2-s2.0-105029459326"
"Osman R.; Abdel-Gadir S.","Osman, Rasha (59961305500); Abdel-Gadir, Sufian (57119996800)","59961305500; 57119996800","Assessing the Pandemic’s Impact: Ensuring Adequate Food Supply in the MENA Area","2024","Political Economy of the Middle East","2024","","","159","177","0","10.1007/978-981-97-2962-3_9","https://www.scopus.com/pages/publications/105009009398?origin=resultslist","The general transmission of COVID-19 has had basic social, economic, and political impacts all over the world. The pandemic disturbed worldwide exchange and supply anchors because of lockdowns, causing broad financial results. This paper analyzes the effects of the pandemic on food security in the MENA nations (2012–2022), utilizing information from global reports, the World Bank, and FAO. The review utilizes Johansen Cointegration tests to recognize long-haul connections among factors and Fully Modified Least Square (FMOLS) to quantify their size. The outcomes of the Johansen Cointegration tests expose a prolonged cointegrating connection between the variables and food security in MENA nations. Furthermore, FMOLS analysis underscores the negative impact of COVID-19 on food security in these nations. On the other hand, factors such as climate change (indicated by CO2 emissions), inflation rates, and agricultural land availability exhibit a detrimental effect on food security within the MENA region. Considering these discoveries, the review places a few strategy suggestions and proposals. It highlights the basic for MENA legislatures and policymakers to reconsider arrangements relating to food security, cultivating versatility to unanticipated emergencies and inventory network disturbances that might linger not too far off. © The Author(s), under exclusive license to Springer Nature Singapore Pte Ltd. 2024.","","","Book chapter","Final","","Scopus","2-s2.0-105009009398"
"Guo N.; Jia S.; Liu Y.","Guo, Nannan (58563006700); Jia, Shanghui (22985375500); Liu, Yingke (58487549600)","58563006700; 22985375500; 58487549600","Climate policy uncertainty and its impact on sovereign borrowing costs","2025","Environment, Development and Sustainability","","","101685","","","1","10.1007/s10668-025-06261-w","https://www.scopus.com/pages/publications/105004673069?origin=resultslist","Government actions based on widespread and rapid climate change expose the sovereign bond market to climate policy uncertainty. This paper explores the impact of climate policy uncertainty (CPU) on Sovereign Borrowing Costs (SBC), using the global CPU index and a high-dimensional fixed-effects model (HDFE). It employs various methodologies, including an autoregressive (AR) panel data model and Heckman’s two-step method, to solve potential endogeneity problems. The findings reveal that CPU exerts a significantly positive influence on SBC, with a more pronounced effect in economies with lower economic development, higher climate vulnerability, or lower climate resilience. Additionally, macroeconomic indicators—including inflation, GDP growth, and the domestic savings-to-GDP ratio—enhance the CPU–SBC linkage, while stock market volatility acts as a dampening factor. The study further shows that CPU affects SBC through channels such as political stability and international liquidity. These results highlight the importance of incorporating CPU into investment strategies, policymaking, and sustainable development frameworks. © The Author(s), under exclusive licence to Springer Nature B.V. 2025.","Climate policy uncertainty; Climate resilience; Climate vulnerability; Sovereign bond yield; Sovereign borrowing costs","","Article","Article in press","","Scopus","2-s2.0-105004673069"
"Bradbear C.; Friel S.","Bradbear, Catherine (55855397800); Friel, Sharon (23034656100)","55855397800; 23034656100","Integrating climate change, food prices and population health","2013","Food Policy","43","","","56","66","56","10.1016/j.foodpol.2013.08.007","https://www.scopus.com/pages/publications/84884152813?origin=resultslist","The inter-related nature of food, health and climate change requires a better understanding of the linkages and a greater alignment of policy across these issues to be able to adequately meet the pressing social and health challenges arising from climate change. Food price is one way through which climate change may affect health. The aim of this study of the global and Australian food systems is to provide a whole-of-system analysis of food price vulnerabilities, highlighting the key pressure points across the food system through which climate change could potentially have the greatest impact on consumer food prices and the implications for population health. We outline areas where there are particular vulnerabilities for food systems and food prices arising from climate change, particularly global commodity prices; agricultural productivity; short term supply shocks; and less direct factors such as input costs and government policies. We use Australia as a high-income country case study to consider these issues in more detail. The complex and dynamic nature of pricing mechanisms makes it difficult to predict precisely how prices will be impacted. Should prices rise disproportionately among healthy foodstuffs compared to less healthy foods there may be adverse health outcomes if less expensive and less healthy foods are substituted. Higher prices will also have equity implications with lower socio-economic groups most impacted given these households currently spend proportionately more of their weekly income on food. The ultimate objective of this research is to identify the pathways through the food system via which climate change may affect food prices and ultimately population health, thereby providing evidence for food policy which takes into account environmental and health considerations. © 2013 Elsevier Ltd.","Climate change; Food policy; Food prices; Food system; Health; Health inequalities","Australia; agricultural production; climate change; commodity price; food market; food policy; food production; health geography; integrated approach; price dynamics; public health","Article","Final","","Scopus","2-s2.0-84884152813"
"Cevik S.; Jalles J.","Cevik, Serhan (56085736700); Jalles, Joao (34869694600)","56085736700; 34869694600","Eye of the Storm: The Impact of Climate Shocks on Inflation and Growth","2024","Review of Economics","75","2","","109","138","17","10.1515/roe-2024-0005","https://www.scopus.com/pages/publications/85213414152?origin=resultslist","This paper examines the impact of climate-induced natural disasters on inflation and economic growth using a large panel of countries from 1970 to 2020. Employing the local projection method, we analyze how various disasters affect these economic indicators, acknowledging that climate shocks can simultaneously stimulate and suppress demand and supply, leading to complex outcomes. Our findings indicate significant yet varied responses in inflation and GDP growth across different types of disasters and regions. Notably, the economic impact differs starkly between advanced economies and developing countries, influenced by each group’s fiscal capacity and institutional strength to manage recovery. This contrast underscores the role of economic structure and fiscal health in shaping the resilience of nations to climate shocks, highlighting substantial disparities in the effects across income levels and economic conditions. © 2024 De Gruyter Oldenbourg. All rights reserved.","climate change; growth; inflation; local projections; natural disasters; panel data","","Article","Final","","Scopus","2-s2.0-85213414152"
"Bistline J.E.T.; Mehrotra N.R.; Wolfram C.","Bistline, John E. T. (35179135200); Mehrotra, Neil R. (56942296800); Wolfram, Catherine (6603635875)","35179135200; 56942296800; 6603635875","Economic Implications of the Climate Provisions of the Inflation Reduction Act","2023","Brookings Papers on Economic Activity","2023","","","77","182","67","10.1353/eca.2023.a919359","https://www.scopus.com/pages/publications/85185694942?origin=resultslist","The Inflation Reduction Act (IRA) represents the largest US federal response to climate change to date. We highlight the key climate provisions and assess the act’s potential economic impacts. Substantially higher investments in clean energy and electric vehicles imply that fiscal costs may be larger than projected. However, even at the high end, IRA provisions remain cost-effective. The IRA has large impacts on power sector investments and electricity prices, lowering retail electricity rates and resulting in negative prices in some wholesale markets. We find small quantitative macroeconomic effects, including a small decline in headline inflation, but macroeconomic conditions—particularly higher interest rates and materials costs—may have substantial negative effects on clean energy investment. We show that the subsidy approach in the IRA has expansionary supply-side effects relative to a carbon tax but, in a representative-agent dynamic model, is preferable to a carbon tax only in the presence of a strong learning-by-doing externality. We also discuss the economics of the industrial policy aspects of the act as well as the distributional impacts and the possible incidence of the different tax credits in the IRA. © 2024 The Brookings Institution.","","","Article","Final","","Scopus","2-s2.0-85185694942"
"Keffala M.R.; Mahjoub S.","Keffala, Mohamed Rochdi (55600102400); Mahjoub, Safoua (60170277200)","55600102400; 60170277200","Forecasting Spanish Olive Oil Prices Using Machine Learning: A Comprehensive Analysis of Contributing Factors and Model Performance","2025","Journal of Agricultural and Food Industrial Organization","23","2","","107","121","1","10.1515/jafio-2024-0067","https://www.scopus.com/pages/publications/105020927770?origin=resultslist","The main goal of this study was to create a strong predictive model for forecasting olive oil prices. To do this, we applied four machine learning models in Python: Random Forest, Gradient Boosting, Decision Tree, and Support Vector Regression, using 164 monthly price observations along with factors like temperature, precipitation, consumer price index, IBEX35 stock market prices, EUR/USD exchange rate, and import/export quantities. The results showed that Random Forest and Gradient Boosting models performed the best. The Spearman correlation analysis revealed that the exchange rate had a strong negative correlation with prices, while the consumer price index and import quantity had moderate positive correlations. Random Forest highlighted the consumer price index as the most important factor in predicting olive oil prices. This study fills a gap in existing research and provides practical insights for companies in the olive oil industry to better monitor and forecast prices, helping with profitability, risk management, stock optimization, and investment decisions. © 2025 Walter de Gruyter GmbH. All rights reserved.","machine learning models; price forecasting; Spanish olive oil","","Article","Final","","Scopus","2-s2.0-105020927770"
"Yeoman I.; John Lennon J.; Blake A.; Galt M.; Greenwood C.; McMahon-Beattie U.","Yeoman, Ian (10439767800); John Lennon, J. (15519090500); Blake, Adam (7201402238); Galt, Miriam (8689566200); Greenwood, Chris (16506938100); McMahon-Beattie, Una (8689566300)","10439767800; 15519090500; 7201402238; 8689566200; 16506938100; 8689566300","Oil depletion: What does this mean for Scottish tourism?","2007","Tourism Management","28","5","","1354","1365","83","10.1016/j.tourman.2006.09.014","https://www.scopus.com/pages/publications/34250368122?origin=resultslist","Over the next 10 years, Scottish tourism is expected to grow by 50%. One of the keys to that growth is transport which is a sector that is dependent upon oil. This paper considers oil and the global economy and its relationship to Scottish tourism. Consideration is given to the key variables such as oil forecasts, security of supply, cost of production, world demand, alternative forms of energy including renewables and nuclear power. The combination of these facts means that high oil prices are here to stay. Two scenarios are constructed called Energy Inflation and Paying for Climate Change. These were developed using a triangulation of methods including the use of systems thinking models to construct the scenarios to computable general equilibrium modelling to analyse the impact of oil and energy price rises on Scottish tourism. The Energy Inflation scenario presumes mass belief in the plenitude of available oil reserves and the failure to respond quickly enough to alter demand. This triggers a sudden and prolonged period of economic shocks, political instability and environmental disasters. The Paying for Climate Change scenario assumes rising energy prices, combined with conservation measures such as carbon taxes. Both scenarios raise a number of policy issues for the future including oil and fossil fuels being the main sources of energy as there is no real alternative. Renewables and nuclear power will continue to grow and countries will try to reduce further their reliance on oil. Rising oil prices are also noted as a positive feature, driving innovation and new technologies, which will become more economic as oil prices rise. For Scottish tourism, the impact of rising oil prices could mean a bumpy ride with carbon taxes, more wind farms and the possible end of the low cost carrier. © 2006.","Computable general equilibrium modelling; Energy; Oil; Scenario planning; Scotland; Tourism","Eurasia; Europe; Scotland; United Kingdom; Western Europe; demand analysis; general equilibrium analysis; global economy; inflation; oil supply; pollution tax; tourism development","Article","Final","","Scopus","2-s2.0-34250368122"
"Herman K.S.","Herman, Kyle S. (56125674600)","56125674600","Biden's climate agenda: The most ambitious ever, or overlooking key technological bottlenecks?","2024","Sustainable Futures","7","","100209","","","9","10.1016/j.sftr.2024.100209","https://www.scopus.com/pages/publications/85192304538?origin=resultslist","The White House claims that Biden's Climate Agenda is “the most ambitious ever.” While the Inflation Reduction Act (IRA) and the Infrastructure Jobs Act (IJA) indeed do earmark billions of dollars for clean energy technologies, they also direct substantial sums of public money to conventional energy and fossil fuels. In comparison, energy storage technologies and projects—which are critical to renewable energy technologies and electric vehicles—are set to receive a much smaller amount. This marks a potentially substantial bottleneck that could eventually derail the administration's climate ambitions. By triangulating three sources of data: policy documents and funding commitments, trends in emissions reductions, and innovation, this article finds that Biden's Climate Agenda might not be as ambitious as the White House claims. © 2024","Carbon capture; Energy storage; Inflation reduction act; Infrastructure jobs act","","Article","Final","All Open Access; Gold Open Access; Green Open Access","Scopus","2-s2.0-85192304538"
"Salazar C.; Acuña-Duarte A.; Gil J.M.","Salazar, César (35146690000); Acuña-Duarte, Andrés (57208338987); Gil, José Maria (14063394800)","35146690000; 57208338987; 14063394800","Drought shocks and price adjustments in local food markets in Chile: Do product quality and marketing channel matter?","2023","Agricultural Economics (United Kingdom)","54","3","","349","363","8","10.1111/agec.12760","https://www.scopus.com/pages/publications/85146317496?origin=resultslist","Lately, economies have been facing an increase in the frequency and magnitude of droughts, which come with potential consequences on food prices. This article aims to analyze how drought disturbances affect price differences in local food markets. Special attention is paid to differences in product quality and marketing channels. To study the mechanism behind price differences, our analysis is framed within the food market integration theory. Our methodology follows a dyadic regression approach, which allows us to exploit the panel data structure of our market price data. We use monthly Asterix potato and long shelf-life tomato market prices from traditional markets and supermarkets in Chile. To measure drought intensity, we use remote sensing data to construct a drought index. Results show that drought shocks reduce market price differentials around harvesting and commercialization periods, which is supported by the existence of market integration. We also find that prices of high-quality products, less perishable products, and those taken from traditional markets respond more intensively to droughts and take more time to be transmitted. A direct link between droughts and crop quality, as well as supermarkets’ larger capacity for buffer stock, may be behind these interpretations. Product differentiation and retail price rigidity arguments are also discussed. © 2023 International Association of Agricultural Economists.","climate shocks; climatological hazards; dyadic regression; food prices; Latin America","Chile; Latin America; climate effect; climatology; drought stress; food market; food quality; fruit; marketing; potato; price dynamics; remote sensing","Article","Final","All Open Access; Green Open Access; Hybrid Gold Open Access","Scopus","2-s2.0-85146317496"
"Yenibehit N.; Dzingirai C.; Chekenya N.S.","Yenibehit, Nanii (58638275500); Dzingirai, Canicio (57217736511); Chekenya, Nixon S. (57207916523)","58638275500; 57217736511; 57207916523","Risk factors in crop abandonment decisions: Evidence from Zambia","2024","African Journal of Agricultural and Resource Economics","19","2","","128","146","0","10.53936/afjare.2024.19(2).8","https://www.scopus.com/pages/publications/105024942058?origin=resultslist","The literature on what drives crop failure and crop abandonment is scant. This paper explores the interplay between risk factors and crop abandonment. We examine the role of risk sources and risk management strategies in crop abandonment by smallholder maize farmers in Zambia. Specifically, we seek to improve the understanding of risk factors in crop abandonment decisions at the subnational level using the Hellwig synthetic risk measure and tobit regression. Based on data for the years 2009 to 2015, we find variability in the Hellwig Risk Index indicating different levels of crop abandonment risk across provinces, with the Laupula, Southern and Western provinces remaining in the high-risk category (Class III) throughout the period. Maize yield, area planted, area harvested, consumer price index (CPI), maize price and climate were the main drivers of crop abandonment risks among farmers across the country. The government should implement targeted interventions and support programmes to address the specific needs of high-risk provinces such as Laupula, Southern and Western. There is also a need for the government to promote efficient land use and provide support for optimal planting and harvesting practices in order to reduce overextension and abandonment risks. © 2024 African Association of Agricultural Economists. All rights reserved.","crop abandonment; Hellwig synthetic risk measure; maize; tobit regression","","Article","Final","","Scopus","2-s2.0-105024942058"
"Chen C.; Pan D.; Huang Z.; Bleischwitz R.","Chen, Chuanqi (57226080181); Pan, Dongyang (55816984100); Huang, Zhigang (57206907415); Bleischwitz, Raimund (6603227818)","57226080181; 55816984100; 57206907415; 6603227818","Engaging central banks in climate change? The mix of monetary and climate policy","2021","Energy Economics","103","","105531","","","67","10.1016/j.eneco.2021.105531","https://www.scopus.com/pages/publications/85114403985?origin=resultslist","Given the recent debate on the role of central banks under climate change, this research theoretically investigates the mix of monetary and climate policy and provides insights for central banks who are considering their engagement in the climate change issue. The “climate-augmented” monetary policy is pioneeringly proposed and studied. We build an extended Environmental Dynamic Stochastic General Equilibrium (E-DSGE) model as the method. By this model, we find the following results. First, the making process of monetary policy should consider the existing climate policy since it is a factor that can influence price level and inflation. Second, the reaction coefficients in traditional monetary policy rule can be better set to enhance welfare when climate policy is given. This provides a way to optimise the policy mix. Third, if a typical-form climate target is augmented into the monetary policy rule, a dilemma could be created. This means that it has some risks for central banks to care for the climate proactively by using the narrow monetary policy (interest rate). © 2021 Elsevier B.V.","Central bank; Climate change; Climate policy; E-DSGE; Monetary policy","Stochastic models; Stochastic systems; Central bank; Climate policy; Environmental dynamic stochastic general equilibrium; Environmental dynamics; General equilibrium; General equilibrium models; Making process; Monetary policies; Policy rules; Stochastics; central bank; climate change; environmental policy; general equilibrium analysis; interest rate; monetary policy; stochasticity; welfare economics; Climate change","Article","Final","All Open Access; Green Open Access","Scopus","2-s2.0-85114403985"
"Suárez-Cuesta D.; Latorre M.C.; Yonezawa H.","Suárez-Cuesta, David (58527443800); Latorre, Maria C. (56410569000); Yonezawa, Hidemichi (56611536700)","58527443800; 56410569000; 56611536700","A policy and quantitative analysis of U.S. climate policy from a global perspective","2024","Global Policy","15","S7","","21","33","0","10.1111/1758-5899.13450","https://www.scopus.com/pages/publications/85205289857?origin=resultslist","We analyze a recent significant shift in United States (US) climate policy focusing on a landmark law: the Inflation Reduction Act (IRA). To put the IRA in context, we adopt a three-pronged approach. First, we describe the portfolio of economic policies available to address climate change, highlighting their advantages and disadvantages in an intuitive manner. Second, we reflect on US climate policies prior to the IRA and compare them to those of other major players, such as the European Union and China. Third, we offer a quantitative estimation of the IRA's impact on the US economy. We compare the IRA's green subsidies with the effects of a potential carbon pricing policy that achieves the same reduction in CO2 emissions. Our Computable General Equilibrium simulations account for various channels affecting the efficiency of climate policies, indicating that carbon pricing would be a more efficient approach. There are good reasons why both the EU and China and have opted for this mechanism. We highlight the challenges faced by the US and other countries, including those stemming from political feasibility, which hinder quicker advances in the green transition. © 2024 The Author(s). Global Policy published by Durham University and John Wiley & Sons Ltd.","","","Article","Final","All Open Access; Hybrid Gold Open Access","Scopus","2-s2.0-85205289857"
"Olakojo S.A.; Onanuga O.T.","Olakojo, Solomon Abayomi (56090464800); Onanuga, Olaronke Toyin (57211554834)","56090464800; 57211554834","Effects of Climate Change on the Long-run Crops’ Yields in Nigeria","2020","International Journal on Food System Dynamics","11","3","","270","296","4","10.18461/ijfsd.v11i3.54","https://www.scopus.com/pages/publications/85103115157?origin=resultslist","The study investigated the impact of climate change on yields of leading food crops in Nigeria and assessed the transmission channels of climate shocks to welfare. Long-run causality test, Markov-switching regression and Structural Vector Autoregressive (SVAR) model were used. Long-run causality between climate change and crop yields was not rejected. A rise in temperature by 1% reduces crop yields by -0.12% in the regime of high yield while 1% increase in rainfall increases yields by 0.21% and 0.26%, respectively in high and low yield period. Shocks to welfare is traceable to climate change via crop yields and food prices effect. © 2020. All Rights Reserved.","Climate change; Long-run crop yields; Nigeria; Rainfall; Short-run crop yields; Temperature","","Article","Final","All Open Access; Gold Open Access; Green Open Access","Scopus","2-s2.0-85103115157"
"Gioto V.; Wandiga S.; Oludhe C.","Gioto, Victoria (58337802900); Wandiga, Shem (7003959863); Oludhe, Christopher (7801368088)","58337802900; 7003959863; 7801368088","Determinants of Household Food Security Status and Challenges of Building Resilience to Climate Variability and Change Posed by Drought in Tharaka Nithi, Kenya","2019","Handbook of Climate Change Resilience, Volume 1-4","3","","","1757","1785","1","10.1007/978-3-319-93336-8_96","https://www.scopus.com/pages/publications/85162675326?origin=resultslist","Climate change and variability pose momentous severe threats to agricultural development and consequently to economic growth and increased poverty levels. In reference, this paper examines the determinants of household food security status and assesses the challenges of building resilience to climate variability and change posed by drought in Tharaka Nithi, Kenya. The study coverage is Tharaka North and Tharaka South sub-counties which are semiarid and cover an area of 1,569 square kilometers (km2) with a total population of 158,023 people; this is about 65% of Tharaka Nithi County (Kenya). The sub-counties have three main livelihood zones (LZs). These are marginal mixed farming at 52%, mixed farming at 38%, and rain-fed cropping at 10%. The area is exposed to climate change, aggravated by minimal adaptive capacity. Climate variability and climate change threaten food production leading to about 20–30% of the population being in poor and borderline food consumption score. The year 2017 describes one of the cyclical drought situations with low productivity and depleted range land conditions exposing approximately 30,000 persons in need of humanitarian assistance. This study reflects on challenges of building resilience to climate variability and change posed by drought using a transdisciplinary approach. The problems of the household food security status were poor rainfall performance, high temperatures, low livestock prices, high food prices, poor crop production, poor pasture and browse quality, and inadequate water for both domestic and livestock use. The solutions to the above-listed issues lie in the increased advocacy, rainwater harvesting structures, marketing linkages, timely early warning knowledge management, and eco-based farming practices. The study also found that there was a significant relationship between the household level of education, family size, household income, and household head age with food security. Findings of this study will form a platform for policy makers. © Springer Nature Switzerland AG 2020.","Climate change; Climate variability; Drought and resilience; Tharaka Nithi","","Book chapter","Final","","Scopus","2-s2.0-85162675326"
"Patnaik U.","Patnaik, Utsa (6603004523)","6603004523","Poverty trends in India 2004-05 to 2009-10 updating poverty estimates and comparing official figures","2013","Economic and Political Weekly","48","40","","43","58","27","","https://www.scopus.com/pages/publications/84885700172?origin=resultslist","A comparison of the consumption expenditure and associated nutritional intake data for 2009-10 with that of 2004-05 shows worsening poverty in terms of the percentage of people unable to reach the minimum required calories energy intake through their monthly spending on all goods and services. This result must be seen in the context of neo-liberal policy, the financial crisis and consequent global recession affecting export production, the rapid rise in food prices, declining employment growth, the drought of 2009-10, and in spite of a positive development like the National Rural Employment Guarantee Scheme. It is argued that the decline claimed in the official poverty ratios is spurious.","","","Article","Final","","Scopus","2-s2.0-84885700172"
"Sami J.; Makun K.","Sami, Janesh (55578133100); Makun, Keshmeer (57201434842)","55578133100; 57201434842","Food inflation and monetary policy in emerging economies","2024","Journal of Asian Economics","95","","101817","","","7","10.1016/j.asieco.2024.101817","https://www.scopus.com/pages/publications/85207258506?origin=resultslist","The rising inflationary pressure has been linked with supply-side disruptions and rising energy and food prices against the background of the COVID-19 pandemic and the Russia-Ukraine crisis. This paper investigates the role of monetary policy in stabilizing food inflation in emerging economies (India, China, Brazil, Russia, and South Africa). We also investigate the causal linkage between monetary policy and food inflation using frequency domain-based Granger causality and find strong feedback causal effects between food inflation and monetary policy changes. Our results are robust to different estimation methodologies, possible asymmetry, and alternative model specifications, which include climate change. While oil prices, world food prices, and exchange rates have heterogeneous effects on domestic food inflation, a contractionary monetary policy stance leads to a decline in domestic food inflation in all countries. Thus, we provide strong evidence that well-coordinated macroeconomic policies in emerging economies are essential for stabilizing food inflation. © 2024 Elsevier Inc.","Causality; Emerging Economies; Food Inflation; Monetary Policy; Price Stability","","Article","Final","","Scopus","2-s2.0-85207258506"
"Kurvits M.; Jarvis A.","Kurvits, Mare (60579034100); Jarvis, Angela (58650383800)","60579034100; 58650383800","Is Higher Level of Trust in Organizations Always Positively Correlated with Higher Economic Results? Evidence from Estonian Farms","2021","Eurasian Studies in Business and Economics","16","2","","153","164","0","10.1007/978-3-030-65085-8_10","https://www.scopus.com/pages/publications/85174275472?origin=resultslist","Social capital and economic performance, especially the connection between social capital and economic success, has been a challenging subject since the 1980s. The researchers mostly agree that a high level of social capital impacts the economy positively. According to the OECD study (OECD, 2015), it is suggested that an increase in social capital can be the driver of economic growth in Estonia. Trust is considered an essential factor of both social capital and organizational success. The objective of the study was to investigate the relationship of trust and organizational performance as well as the financial results of the organizations based on Estonian farms. A sample of 89 farms was studied. To investigate trust and organizational performance, the instrument with three parts, management trust (MT), organizational trust (OT), and organizational performance (OP), was used. The measures of MT, OT, and OP integrated a Likert-type scale. The data of annual reports were used as indicators of economic results. Both MT and OT positively contributed to organizational performance, but no positive correlation was found between trust indices and economic indicators. The additional study was carried out among the farmers of 32 companies to indicate the possible reasons for no correlation. The main causes pointed out were connected with external conditions like weather, political events (sanctions to Russia), and price level at the stock market. © The Author(s).","Economic results; Management; Organizational performance; Trust","","Conference paper","Final","","Scopus","2-s2.0-85174275472"
"Hill R.V.; Porter C.","Hill, Ruth Vargas (8712101700); Porter, Catherine (36175150500)","8712101700; 36175150500","Vulnerability to Drought and Food Price Shocks: Evidence from Ethiopia","2017","World Development","96","","","65","77","67","10.1016/j.worlddev.2017.02.025","https://www.scopus.com/pages/publications/85015726663?origin=resultslist","While the measurement and determinants of poverty have been widely studied, vulnerability, or the threat of future poverty, has been more difficult to investigate due to data paucity. We combine nationally representative household data with objective drought and price information to quantify and investigate causes of vulnerability to poverty in Ethiopia. Previous estimates have relied on self-reported shocks and variation in outcomes within a survey, which is inadequate for shocks such as weather and prices that vary more across time than space. We used historical distributions of climate and price shocks in each district to simulate the probable distribution of future consumption for individual households and use these quantify vulnerability to poverty. We find that many Ethiopians are unable to protect their consumption against lack of rainfall and sudden increases in food prices. A moderate drought causes a 9% reduction in consumption for many rural households and recent high inflation has caused a 14% reduction in the consumption of uneducated households in urban areas. We also find that the vulnerability of rural households is considerably higher than that of urban households, despite realized poverty rates being fairly similar. This reflects the fact that the household survey in 2011 was conducted during a year of good rainfall but rapid food price inflation. The results highlight the need for caution in using a snapshot of poverty to target programs, as underlying rates of vulnerability can be quite different from the poverty rate captured at one point in time. The results also suggest that significant welfare gains can be made from risk management in both rural and urban areas. © 2017 The World Bank","drought; Ethiopia; inflation; poverty; vulnerability","Ethiopia; drought; food consumption; household survey; inflation; poverty determinant; price determination; rural area; urban area; vulnerability","Article","Final","All Open Access; Green Open Access","Scopus","2-s2.0-85015726663"
"Esposito L.; Tedeschi M.","Esposito, Luca (58130726800); Tedeschi, Marco (57937247600)","58130726800; 57937247600","Does climate and economic uncertainties influence inflation? Evidence from a comparative study between US and Euro Area","2025","Eurasian Economic Review","","","","","","2","10.1007/s40822-025-00344-9","https://www.scopus.com/pages/publications/105020826668?origin=resultslist","This paper examines the impact of uncertainty on inflation components in the Euro area and the United States. Using a Structural Vector Autoregression (SVAR) model, the analysis focuses on the effects of climate risk and economic policy uncertainty on headline, core, food, and energy inflation. The results indicate significant but region-specific influences: in the United States, climate-related uncertainty has emerged as a key driver of price fluctuations, particularly in the post-COVID-19 period, while in the Euro area, economic policy uncertainty remains the predominant inflationary force. These findings highlight the importance of coordinated fiscal and monetary strategies when inflationary pressures stem from diverse sources of uncertainty. © The Author(s) 2025.","Climate risks; Economic policy uncertainty; Inflation components; Structural VAR","","Article","Article in press","All Open Access; Green Open Access; Hybrid Gold Open Access","Scopus","2-s2.0-105020826668"
"Virolainen S.","Virolainen, Savi (57219526763)","57219526763","Identification by non-Gaussianity in structural smooth transition vector autoregressive models","2026","Econometric Reviews","45","8","","1230","1248","0","10.1080/07474938.2026.2673986","https://www.scopus.com/pages/publications/105040773435?origin=resultslist","We show that structural smooth transition vector autoregressive models are statistically identified if, conditionally on past information, the shocks are mutually independent and at most one of them is Gaussian. This extends a known identification result for linear structural vector autoregressions to a nonlinear specification featuring a time-varying impact matrix. In particular, we provide explicit identification results for logistic, threshold, and nonrandom exogenous transition weights. We also propose an estimation method, show how a blended identification strategy can be adopted to address weak identification, and, in the special case of independent and identically distributed shocks, establish a sufficient condition for ergodic stationarity. The introduced methods are implemented in the accompanying R package sstvars. Our empirical application finds that a positive climate policy uncertainty shock reduces production and raises inflation under both low and high economic policy uncertainty, but its effects, particularly on inflation, are stronger during the latter. © 2026 The Author(s). Published with license by Taylor & Francis Group, LLC.","climate policy uncertainty; identification by non-Gaussianity; non-Gaussian SVAR; nonlinear SVAR; Smooth transition vector autoregression","","Article","Final","All Open Access; Green Open Access; Hybrid Gold Open Access","Scopus","2-s2.0-105040773435"
"Franc-Dąbrowska J.; Drejerskai N.","Franc-Dąbrowska, Justyna (57205888309); Drejerskai, Nina (57190788154)","57205888309; 57190788154","Resilience in the food sector – environmental, social and economic perspectives in crisis situations","2022","International Food and Agribusiness Management Review","25","5","","757","770","10","10.22434/IFAMR2022.0010","https://www.scopus.com/pages/publications/85145938060?origin=resultslist","Environmental, social and economic perspectives, derived from the sustainability approach and present within by the resilience concept, are integral parts of food systems. At the same time they are clearly articulated within the EU farm-to-fork (F2F) strategy referring to building up resilience to possible future crises as diseases and pandemics. The aim of this paper is to investigate resilience in the food sector referring to its selected environmental, social and economic dimensions, which in fact rely on each other and cannot be separated, simply because of the character of food system itself (work with living organisms, soil, within natural environment, etc. done by people for business purposes). The issue of resilience in the food sector must be considered multidimensionally. In this approach, the basic direction of activities should be the one focused on the resilience approach, both in environmental protection and society. For a harmonious combination of these activities, it is also necessary to look at economic perspective of food system and entire rural livelihoods (e.g. income and employment diversification). Considering the last shocks discussed (COVID-19, war in Ukraine, drought, embargo on grain exports from Russia, rising inflation), a difficult situation on the food market can be expected in the nearest future, which makes the concept of resilience in the food sector even more relevant than it has been so far. © 2022 Franc-Dąbrowska and Drejerska","Biodiversity; Finance; Food system; Inflation; Labor; Resilience","","Article","Final","All Open Access; Gold Open Access; Green Open Access","Scopus","2-s2.0-85145938060"
"Trentinaglia M.T.; Peri M.; Gobbi A.; Baldi L.","Trentinaglia, Maria Teresa (57201087990); Peri, Massimo (35088715000); Gobbi, Alessandro (56898673700); Baldi, Lucia (56235160400)","57201087990; 35088715000; 56898673700; 56235160400","Agricultural drought and food inflation: evidence on the role of monetary policy","2026","Agricultural and Food Economics","14","1","50","","","1","10.1186/s40100-026-00491-w","https://www.scopus.com/pages/publications/105040911078?origin=resultslist","While the impact of extreme weather events on food prices has been widely documented, much less is known about the effects of milder but more frequent weather disturbances—such as water shortages, or vegetation stress—that compromise agricultural production and can silently but persistently drive food inflation. Despite their cumulative relevance, there is still no comprehensive assessment of how such recurrent shocks and food price inflation interact with monetary policy, an essential instrument to preserve price stability. This study addresses this gap by examining how central banks respond to weather-induced food inflationary pressures, with a particular focus on low-income countries where food represents a large share of household expenditure. To this end, the interconnectedness between weather shocks, macroeconomic variables, and monetary policy is explored through a Panel Vector Autoregressive model estimated on quarterly data for 107 countries from 2000Q1 to 2019Q4, and separately for high- middle- and low-income economies. We introduce the Agricultural Stress Index, a satellite-based measure of agricultural land under water stress, as a novel proxy for less abrupt but more frequent weather disruptions. Results show that food prices are highly sensitive to such shocks, with stronger and more persistent effects in low-income countries. Moreover, central banks in these economies tend to lower policy rates, an expansionary response that may inadvertently amplify food inflationary pressures. These findings highlight the importance of prompt monetary policy responses to contrast the inflationary consequences of recurrent water stress. © The Author(s) 2026.","Agricultural drought; ASI; Food inflation; Monetary policy; Panel VAR","","Article","Final","All Open Access; Gold Open Access; Green Open Access","Scopus","2-s2.0-105040911078"
"Chileshe N.; Boadua A.; Yirenkyi-Fianko","Chileshe, Nicholas (12808688300); Boadua, Adwoa (55327349300); Yirenkyi-Fianko (55327042800)","12808688300; 55327349300; 55327042800","Perceptions of Threat Risk Frequency and Impact on Construction Projects in Ghana: Opinion survey findings","2011","Journal of Construction in Developing Countries","16","2","","115","149","18","","https://www.scopus.com/pages/publications/84864568925?origin=resultslist","Threat risks are experienced by all stakeholders in a construction project. Although the nature of these risks is understood, less is known about their likelihood of occurrence and potential impact. This study explored these elements of risk by using an opinion survey approach to collect data from 103 professionals (clients, consultants and contractors) in the Ghanaian construction industry. Significant differences were found between the perceptions of these sub-groups regarding the likelihood of occurrence of threat risks in five categories: construction method; price inflation; exceptional weather; ground conditions and site contamination; and poor communication among the project team. The contractors rated 'construction methods' higher than did the clients, and they also rated 'exceptional weather' higher than either the clients or the consultants. On the other hand, consultants rated 'price inflation' higher than the clients. Significant differences between the sub-groups were also found regarding the potential impact of the threat risk of price fluctuation. The consultants rated the 'price fluctuation' threat risk higher than either the contractors or the clients. These findings suggest that despite the existence of remedial strategies to protect some of the stakeholders from these risks, there is a fear of being blacklisted, thus compromising future opportunities (especially among contractors) should legal action be taken to redress the identified problems (such as such delayed payments). The following implications are drawn: One of the suggested recourses is the introduction of bespoke rather than standard contracts, as these might introduce contract flaws and contribute towards helping the project stakeholders monitor these potential risks and take appropriate action. © Penerbit Universiti Sains Malaysia, 2011.","Construction industry; Ghana; Opinion survey; Project risk factors","","Article","Final","","Scopus","2-s2.0-84864568925"
"Ateba Boyomo H.A.; Awah Manga L.A.; Atangana Ondoua H.","Ateba Boyomo, Henri Aurélien (58080444400); Awah Manga, Lucien Armel (57208551713); Atangana Ondoua, Henri (59711664400)","58080444400; 57208551713; 59711664400","Does climate change influence state fragility? Evidence for the countries of sub-Saharan Africa","2025","Environment and Development Economics","","","","","","8","10.1017/S1355770X25000087","https://www.scopus.com/pages/publications/105001195076?origin=resultslist","The aim of this paper is to analyse the role of climate change on state fragility in sub-Saharan Africa (SSA). To do this, we estimate a country-time fixed effects panel data model using the two-way fixed effects estimator over the period 1995 to 2020 for 45 SSA countries. Our results show that climate change increases fragility in SSA; specifically, rising temperatures and decreasing rainfall increase the social, economic, political and security fragility of SSA countries. The study also reveals that gross domestic product, population growth, migrant remittances, foreign direct investment, natural resources, inflation and agricultural price volatility are mechanisms through which climate change exacerbates state fragility. Based on these results, we recommend climate change adaptation measures such as increasing water storage to cope with periods of extreme drought, growing climate-smart crops, and the introduction of environmental public policies.  Copyright © The Author(s), 2025. Published by Cambridge University Press.","climate change; state fragility; sub-Saharan Africa","","Article","Article in press","All Open Access; Hybrid Gold Open Access","Scopus","2-s2.0-105001195076"
"Breisinger C.; Zhu T.; Al Riffai P.; Nelson G.; Robertson R.; Funes J.; Verner D.","Breisinger, Clemens (14826479400); Zhu, Tingju (8860028600); Al Riffai, Perrihan (55549063100); Nelson, Gerald (22035887200); Robertson, Richard (57381244000); Funes, Jose (59269846400); Verner, Dorte (6603950701)","14826479400; 8860028600; 55549063100; 22035887200; 57381244000; 59269846400; 6603950701","Economic impacts of climate change in Syria","2013","Climate Change Economics","4","1","1350002","","","7","10.1142/S2010007813500024","https://www.scopus.com/pages/publications/84897878868?origin=resultslist","There is broad consensus among scientists that climate change is altering weather patterns around the world. However, economists are only beginning to develop comprehensive tools that allow for the quantification of such weather changes on countries' economies and people. This paper presents a modeling suite that links the downscaling of global climate models, crop modeling, global economic modeling, and sub-national-level dynamic computable equilibrium modeling. Important to note is that this approach allows for decomposing the potential global and local economic effects on countries, including various economic sectors and different household groups. We apply this modeling suite to Syria, a relevant case study given the country's location in a region that is consistently projected to be among those hit hardest by climate change. We find that, despite a certain degree of endogenous adaptation, local impacts of climate change (through declining yields) are likely to affect Syria beyond the agricultural sector and farmers and also reduce economy-wide growth and incomes of urban households in the long term. The overall effects of global climate change (through higher food prices) are also negative, but some farmers may reap the benefit of higher prices. Combining local and global climate change scenarios shows welfare losses across all rural and urban household groups, whereas the poorest household groups are the hardest hit. © 2013 World Scientific Publishing Company.","Climate change; development; growth; Middle East and North Africa; modeling; Syria","","Article","Final","All Open Access; Green Open Access","Scopus","2-s2.0-84897878868"
"Mann R.F.; Roberts T.M.","Mann, Roberta F. (55808961100); Roberts, Tracey M. (55060105200)","55808961100; 55060105200","The Long and Winding Road: The Inflation Reduction Act’s Energy and Environmental Tax Credits","2025","National Tax Journal","78","1","","223","261","4","10.1086/733764","https://www.scopus.com/pages/publications/105012421527?origin=resultslist","The Inflation Reduction Act of 2022 (IRA) is regarded as the largest climate bill in US history. This article outlines the legislative and political history of the environmental and energy tax incentives in the IRA and examines the choice of these instruments in view of other potential government actions. The article concludes that, while other instruments may have been more effective in expediting the transition to a fossil-free future, congressional support for legacy energy interests continues to influence, and possibly overdetermine, US climate and tax policy today. © 2025 National Tax Association. All rights reserved.","energy policy; environmental policy; Inflation Reduction Act of 2022; legislative history; tax subsidies","","Article","Final","","Scopus","2-s2.0-105012421527"
"Bistline J.E.T.; Wolfram C.","Bistline, John E. T. (35179135200); Wolfram, Catherine (6603635875)","35179135200; 6603635875","Inflation Reduction Act: Origins, Policy Implications, and Research Gaps","2025","Review of Environmental Economics and Policy","19","2","","258","271","4","10.1086/736701","https://www.scopus.com/pages/publications/105011193066?origin=resultslist","The Inflation Reduction Act (IRA) is the largest federal climate legislation in the United States so far. The breadth and complexity of IRA’s energy and climate provisions raise new questions about its economic and environmental effects. This article summarizes IRA’s potential policy implications based on existing analysis and highlights research gaps. After providing an overview of the act and its political economy context, we summarize projected effects of IRA on emissions, energy system changes, and other economic outcomes. The article also discusses broader international responses and IRA’s interactions with alternate policy instruments. © 2025 Association of Environmental and Resource Economists. All rights reserved.","","United States; environmental policy; inflation; legislation; political economy","Article","Final","","Scopus","2-s2.0-105011193066"
"Li Y.; Wu J.","Li, Yaze (57872481900); Wu, Jingxian (7409254389)","57872481900; 7409254389","Optimum Integration of Solar Energy with Battery Energy Storage Systems","2022","IEEE Transactions on Engineering Management","69","3","","697","707","78","10.1109/TEM.2020.2971246","https://www.scopus.com/pages/publications/85081382120?origin=resultslist","This article discusses optimum designs of photovoltaic (PV) systems with battery energy storage system (BESS) by using real-world data. Specifically, we identify the optimum size of PV panels, the optimum capacity of BESS, and the optimum scheduling of BESS charging/discharging, such that the long-term overall cost, including both utility bills and the PV system, is minimized. The optimization is performed by considering a plethora of parameters, such as energy usage, energy cost, weather, geographic location, inflation, and the cost, efficiency, and aging effects of solar panels and BESS. To capture the impacts of long-term factors such as aging effects, inflation, and discounted economic returns, the problem is formulated as a mixed integer nonlinear programming (MINLP) problem over the time horizon covering the entire life cycles of solar panels and BESS of the order of ten years or longer, whereas almost all existing works on PV system designs consider much shorter time horizons of the order of days or weeks. The MINLP is transformed into mixed integer linear programming (MILP) and solved by branch-and-bound (B&B) algorithm. The complexity of MILP is high due to the long time horizon. A new low-complexity algorithm is then proposed by using dynamic programming, where it is shown that the MINLP problem can be transformed into one that satisfies Bellman's principal of optimality. Applying the newly developed algorithms on real-world data from a commercial user in San Francisco reveals that the system achieves the break-even point at the 66th month and achieves a 29.3% reduction in total system cost.  © 1988-2012 IEEE.","Battery energy storage system (BESS); demand charge; dynamic programming (DP); mixed integer nonlinear programming (MINLP); photovoltaic (PV); time of use (TOU)","Aging of materials; Computational complexity; Digital storage; Dynamic programming; Integer programming; Life cycle; Nonlinear programming; Optimization; Photovoltaic cells; Secondary batteries; Solar cell arrays; Solar cells; Solar energy; Solar power generation; Battery energy storage systems; Complexity theory; demand charge; Mixed-integer nonlinear programming; Photovoltaic; Solar panels; Time of use; Battery storage","Article","Final","","Scopus","2-s2.0-85081382120"
"Letta M.; Montalbano P.; Pierre G.","Letta, Marco (57202601403); Montalbano, Pierluigi (48661342000); Pierre, Guillaume (56684667300)","57202601403; 48661342000; 56684667300","Weather shocks, traders' expectations, and food prices","2022","American Journal of Agricultural Economics","104","3","","1100","1119","46","10.1111/ajae.12258","https://www.scopus.com/pages/publications/85113916532?origin=resultslist","The empirical literature on the impacts of weather shocks on agricultural prices typically explores post-harvest price dynamics rather than pre-harvest ones. Inspired by the intra-annual competitive storage theory, we empirically investigate the role of weather news in traders' anticipations on pre-harvest price fluctuations in India's local markets. Using a panel of district-level monthly wholesale food prices from 2004 to 2017, we leverage the time lag between a weather anomaly and the corresponding supply shock to isolate price reactions caused by changes in expectations. We find that drought conditions significantly increase food prices during the growing period, that is before any harvest failure has materialized. These results suggest that markets respond immediately to expected supply shortfalls by updating their beliefs and adapting accordingly and that the expectation channel accounts for a substantial share of supply-side food price shocks. A direct comparison with the effects of the same weather anomalies on the prices of the first harvest month reveals that expectations anticipate more than 80% of the total price impact. © 2021 The Authors. American Journal of Agricultural Economics published by Wiley Periodicals LLC on behalf of Agricultural & Applied Economics Association.","competitive storage model; expectations; food prices; India; traders; weather","India; agricultural trade; climate effect; competition (economics); competitiveness; food market; harvesting; price dynamics; trade performance","Article","Final","All Open Access; Hybrid Gold Open Access","Scopus","2-s2.0-85113916532"
"Xu Y.; Liu Z.; Ortiz J.","Xu, Yingying (57189061158); Liu, Zhixin (56226593000); Ortiz, Jaime (57195275294)","57189061158; 56226593000; 57195275294","The relationship between media bias and inflation expectations in P.R. China","2018","Research in International Business and Finance","45","","","402","412","6","10.1016/j.ribaf.2017.07.171","https://www.scopus.com/pages/publications/85026542416?origin=resultslist","The fact that predictions of inflation can create a self-fulfilling expectations trap creates a powerful incentive to balance output and inflation. Media reports, as a source of public information, contribute to formation of inflation expectations. We investigate how media coverage and possible media bias may affect inflation expectations using the sticky information paradigm and Bayesian learning theory. The findings suggest that the quantity of media reports may or may not affect inflation expectations, depending on media bias and the economic climate. However, media bias explicitly expands the deviation between expected and actual inflation, making media content more important to manage than volume of coverage for controlling inflation expectations. © 2017 Elsevier B.V.","Bayesian learning; Inflation expectation; Media bias; Sticky information","","Article","Final","","Scopus","2-s2.0-85026542416"
"Rosenberg A.B.; Pratt B.; Szmurlo D.","Rosenberg, Andrew B. (57216873334); Pratt, Bryan (57225938377); Szmurlo, Daniel (59452293900)","57216873334; 57225938377; 59452293900","Impacts of an increase in federal assistance for cover cropping: Evidence from the Environmental Quality Incentives Program","2025","American Journal of Agricultural Economics","107","3","","795","825","6","10.1111/ajae.12502","https://www.scopus.com/pages/publications/105002495319?origin=resultslist","Financial assistance for cover cropping through the U.S. Department of Agriculture's Environmental Quality Incentives Program (EQIP) has increased more than twentyfold in the past decade and a half. Available support for cover cropping increased further due to the Inflation Reduction Act, which provides significant funding for climate smart practices. In this study, we examine whether increases in available financial assistance lead to significant increases in producer participation in EQIP for cover cropping and whether these increases are additional on the landscape. We focus on the impacts of the National Water Quality Initiative (NWQI), which provides funding for cover crops and several other practices to producers in targeted watersheds on top of normal EQIP levels. We first estimate the impacts of NWQI on enrollment in EQIP using a watershed-level panel of acres enrolled in EQIP for cover crops. We find that NWQI more than triples EQIP cover crop acreage compared to similar control watersheds. Driving the increase in enrolled acreage is a small increase in the share of applications receiving a contract, as well as a significant increase in the total number of applications received. We then utilize field-level administrative data on cover cropping to estimate the impact of NWQI on cover crop adoption overall. We find evidence that the impacts of NWQI on cover cropping are largely additional. Published 2024. This article is a U.S. Government work and is in the public domain in the USA.","additionality; conservation policy; cover crops; financial assistance; practice adoption; voluntary incentives programs","United States; agri-environmental policy; cover crop; environmental quality; financial provision; incentive; inflation; policy implementation; water quality","Article","Final","","Scopus","2-s2.0-105002495319"
"Siirto O.; Nurmi T.","Siirto, Osmo (55370344100); Nurmi, Teemu (57207995588)","55370344100; 57207995588","Incentives in Electricity Network Regulation to Enable the Clean Energy Transition","2025","International Conference on the European Energy Market, EEM","","","","","","0","10.1109/EEM64765.2025.11050278","https://www.scopus.com/pages/publications/105011053524?origin=resultslist","Electricity networks have a crucial role in enabling the clean energy transition. The increase in renewable energy sources, like wind and solar power is vital in achieving the environmental targets and providing affordable and clean power for consumers. For DSOs, an additional capital is necessary to execute their significantly increased investments programs. In this paper, a review of regulatory incentives contributing to enable the clean energy transition is conducted. Since the funding of the increased investment needs is vital, we particularly focus on this study to the asset valuation and renumeration methods. From the review, the most promising incentives are taken into further evaluation. Case studies and cashflow calculations in a base case and in energy transition with different asset valuation approaches were developed and studied. Based on the outcomes, it is not completely equal weather to take account the inflation in the reasonable rate of return or in the regulatory asset base. Finally, we propose potential methods, like the increased WACC and the benefit-sharing, to promote the energy transition.  © 2025 IEEE.","Electricity distribution network; Energy transition; Incentives; Regulation; Regulatory Asset Base","Electric network parameters; Electric power distribution; Electric utilities; Energy policy; Investments; Sales; Solar energy; Asset valuation; Clean energy; Electricity distribution networks; Electricity networks; Energy transitions; Incentive; Network regulation; Regulation; Regulatory asset base; Renewable energy source; Energy transition","Conference paper","Final","","Scopus","2-s2.0-105011053524"
"Misztal P.","Misztal, Piotr (35240720300)","35240720300","Energy Price and Greenflation in the European Union. Facts and Challenges","2026","Scientific Annals of Economics and Business","73","1","","1","18","0","10.47743/saeb-2026-0007","https://www.scopus.com/pages/publications/105034028470?origin=resultslist","As the environmental and climate crises intensify, accelerating the green transition has become increasingly urgent. Only recently have scientists and economists begun to examine the relationship between green monetary policy and inflation. Therefore, it is important to investigate whether monetary policy can influence the green transition while supporting price stability. Although the concept of climatflation is gaining attention in empirical research, the effects of fossilflation and greenflation remain less understood and require further study. In particular, the sensitivity of green investments to changes in interest rates is a key issue that demands additional theoretical and empirical analysis. Systematic research in these areas is essential for shaping effective monetary policy and enabling policymakers and regulators to respond more efficiently to contemporary climate and environmental challenges. The aim of research on green monetary policy is to examine how central banks in the European Union (EU) can incorporate environmental sustainability, especially climate change into their decision-making frameworks. The research focuses on identifying how monetary policy instruments can be adjusted to support the transition to a low-carbon economy while preserving traditional objectives such as price stability and financial stability. A key objective is to better understand how climate-related risks affect inflation, financial stability, and economic growth, allowing central banks to adapt interest-rate policy to these emerging conditions. The study applied research methods based on literature analysis in banking and finance as well as econometric techniques, specifically the Vector Error Correction Model (VECM). Combining these approaches enabled a comprehensive analysis of green monetary policy and its potential impact on inflation and the development of a green economy. © This article is an open access article distributed under the terms and conditions of the Creative Commons Attribution-NonCommercial-NoDerivatives 4.0 International License. https://creativecommons.org/licenses/by-nc-nd/4.0/https://creativecommons.org/licenses/by-nc-nd/4.0/","green economy; inflation; interest rate; monetary policy","","Article","Final","All Open Access; Gold Open Access; Green Open Access","Scopus","2-s2.0-105034028470"
"Akshaya A.; Gopalakrishna B.V.","Akshaya, A. (59974326600); Gopalakrishna, B.V. (57193438956)","59974326600; 57193438956","Impact of climate and economic policy uncertainties on inflation in India: using the vector error correction model approach","2025","Asia-Pacific Journal of Regional Science","9","2","104581","585","604","4","10.1007/s41685-025-00381-x","https://www.scopus.com/pages/publications/105004581220?origin=resultslist","Economic policies are designed to address challenges in the economic environment and mitigate future associated risks and uncertainties. The present study addressed the impact of policy uncertainties such as climate policy uncertainty (CPU) and economic policy uncertainty (EPU) on price inflation in India. The data were sourced from the Reserve Bank of India and Policy Uncertainty databases from April 2004 to March 2024. Descriptive statistics and stationarity tests were conducted to analyze the characteristics of the variables. Johansen’s cointegration test assessed the long-term relationships among the regressors. The vector error correction model (VECM) and impulse response function (IRF) were used to evaluate long-run equilibrium dynamics and the responsiveness of inflation to policy uncertainties. The empirical outcomes specified a significant relationship between inflation and economic policy uncertainty, while climate policy uncertainty exhibited an insignificant positive effect on inflation. These findings suggest that policy uncertainties influence inflation and broader economic stability. The study emphasizes the importance of formulating coherent and stable economic policies to mitigate inflationary pressures and foster economic resilience. © The Japan Section of the Regional Science Association International 2025.","Climate change; India; Inflation; Policy uncertainty; VECM; WPI","","Article","Final","","Scopus","2-s2.0-105004581220"
"Rojasavachai R.; Rouxelin F.; Yang L.; Gao Y.","Rojasavachai, Ravipa (59781065000); Rouxelin, Florent (57202007669); Yang, Li (56192078900); Gao, Yumeng (58514562300)","59781065000; 57202007669; 56192078900; 58514562300","Weathering the Storm: Financial Shocks and Inflationary Pressures from Climate Extremes","2025","Land Economics","101","4","","521","549","3","10.3368/le.101.4.060723-0051R","https://www.scopus.com/pages/publications/105027261354?origin=resultslist","This article examines the financial consequences of extreme weather using data from the Australian Actuaries Climate Index (AACI), which tracks temperature, rainfall, drought, wind, and sea level. Employing both a simple average of AACI components and principal component analysis, we use a vector autoregression model to identify financial market disruptions, including inflationary pressures from food and energy prices, declines in interest rates, and rising unemployment. Energy consumption spikes highlight asset allocation challenges, while core Consumer Price Index experiences significant volatility. These findings emphasize the role of extreme weather shocks in shaping inflation dynamics and broader financial stability. © 2025 by the Board of Regents of the University of Wisconsin System.","","Australia; climate effect; consumption behavior; drought; energy use; extreme event; financial market; financial system; inflation; interest rate; price dynamics; principal component analysis; rainfall; sea level; temperature profile; unemployment; wind field","Article","Final","","Scopus","2-s2.0-105027261354"
"Bacchiocchi A.; Favaretto F.; Giombini G.; Tramontana F.","Bacchiocchi, Andrea (57321045400); Favaretto, Federico (57191588373); Giombini, Germana (16199523200); Tramontana, Fabio (26634484800)","57321045400; 57191588373; 16199523200; 26634484800","Greenflation, climateflation and monetary policy: the dynamics of sustainable transition","2025","Macroeconomic Dynamics","29","","e137","","","2","10.1017/S1365100525100448","https://www.scopus.com/pages/publications/105014957011?origin=resultslist","The green transition to reduce greenhouse gas emissions requires substantial investments in a narrow time window to avoid climate-related disruptions, adding two new dimensions for monetary policy and exacerbating the trade-offs that central banks face. First, climate-related physical disruptions lead to higher inflation (i.e., Climateflation). Second, the rush to green technology may result in inflation due to supply bottlenecks (i.e., Greenflation). As a consequence, central banks implement restrictive monetary policy that have a detrimental effect on the high up-front costs of renewable energy projects. This slows down the dynamics of green technologies adoption. We build a dynamic non-linear model to study these interactions under reasonable parameterizations. Both Climateflation and Greenflation are quantitatively significant, creating a dilemma for central banks between raising interest rates to counteract inflation and easing them to facilitate renewable investment. We further show that, under specific stochastic scenarios, the trade-off between inflation control and green transition can improve when structural costs for green technologies decrease or when supply-side constraints relax. © The Author(s), 2025. Published by Cambridge University Press.","climateflation; environmental economics; evolutionary dynamics; interacting agents; Monetary policy","","Article","Final","","Scopus","2-s2.0-105014957011"
"Ciccarelli M.; Kuik F.; Martínez Hernández C.","Ciccarelli, Matteo (6603940970); Kuik, Friderike (56922014600); Martínez Hernández, Catalina (58159365200)","6603940970; 56922014600; 58159365200","The asymmetric effects of temperature shocks on inflation in the largest euro area countries","2024","European Economic Review","168","","104805","","","16","10.1016/j.euroecorev.2024.104805","https://www.scopus.com/pages/publications/85199557967?origin=resultslist","This paper assesses the impact of temperature shocks on sectoral inflation in the four largest euro area economies. We combine high-frequency weather data with monthly data on consumer prices, industrial production, producer prices and farm gate prices within a set of Bayesian Vector Autoregressions which explicitly considers the seasonal dependence of the shock. Results suggest the presence of significant country asymmetries and seasonal responses of inflation to temperature shocks, mainly via food, energy and service prices. An increase in monthly mean temperatures has inflationary effects in summer – with a stronger response in warmer euro area countries – and reduces inflation on average in the other seasons. © 2024 Elsevier B.V.","Climate change; Inflation; Vector autoregression; Weather shocks","Europe; climate change; inflation; temperature effect; vector autoregression; weather","Article","Final","","Scopus","2-s2.0-85199557967"
"Ginn W.","Ginn, William (57202815176)","57202815176","Climate shocks and the wage and price Phillips curves: Panel evidence","2026","International Economics","188","","100742","","","0","10.1016/j.inteco.2026.100742","https://www.scopus.com/pages/publications/105050199434?origin=resultslist","This paper examines how climate-related temperature shocks affect wage and price dynamics through the lens of the Phillips curve. Using an unbalanced panel of 30 countries from 1990 to 2022, we estimate their effects on wage growth and inflation with local projections. Temperature shocks significantly reduce real wage growth, with effects concentrated in the first year after the shock. By contrast, price inflation responds only modestly and insignificantly, suggesting limited pass-through from climate-induced wage pressures to consumer prices. The results are robust to alternative slack measures, model specifications, and excluding the COVID-19 period. Overall, the paper identifies an underexplored channel through which climate change creates macroeconomic pressures by affecting wage adjustment and labor-market dynamics. A New Keynesian DSGE model augmented with climate shocks rationalizes the empirical impulse responses and shows that temperature disturbances operate through demand, cost-push, and wage-setting channels. © 2026 CEPII (Centre d'Etudes Prospectives et d'Informations Internationales), a center for research and expertise on the world economy","Climate shocks; Labor market; Local Projections; Output; Phillips curve","","Article","Final","","Scopus","2-s2.0-105050199434"
"Kruse E.; Schierke J.","Kruse, Eike (60781022400); Schierke, Janosch (60780962400)","60781022400; 60780962400","Education policy with a compound interest effect: great potential, limited institutional embedding; [Viel Potenzial, kaum Verankerung: Anspruch und Wirklichkeit von Wirtschaftsunterricht]","2026","Wirtschaftsdienst","106","7","","494","499","0","10.2478/wd-2026-0121","https://www.scopus.com/pages/publications/105046867397?origin=resultslist","Economic education conveys far more than just financial knowledge: it enables pupils to understand and make informed judgements about long-term societal challenges such as inflation, public debt, climate change and retirement provision. Through concepts such as compound interest, incentives and conflicting objectives, pupils learn to apply economic principles to individual and political decisions. Action-oriented approaches foster key skills for the future. Despite this potential, economic education is inconsistently integrated into the German education system and is often taught by teachers from other subject areas. Greater integration into the curriculum would therefore not only be a matter of education policy, but also a form of preventive social policy aimed at promoting equality of opportunity, economic literacy and social resilience.  © 2026 Eike Kruse et al., published by ZBW - Leibniz-Informationszentrum Wirtschaft.","","","Article","Final","All Open Access; Gold Open Access","Scopus","2-s2.0-105046867397"
"Chiarella C.; Hung H.; Flaschel P.","Chiarella, Carl (7003949227); Hung, Hing (36952680000); Flaschel, Peter (6602472033)","7003949227; 36952680000; 6602472033","Keynesian Macrodynamics: Convergence, roads to instability and the emergence of complex business fluctuations","2010","AUCO Czech Economic Review","4","3","","236","262","2","","https://www.scopus.com/pages/publications/79951720207?origin=resultslist","We reformulate the traditional AS-AD growth model, with a Taylor policy rule replacing the conventional LM-curve. The essential features of the model are gradually adjusting wages and prices, perfect foresight on current inflation rates and an adaptive revision of the inflationary climate in which the economy is operating. We compare this approach with the New Keynesian approach with staggered price and wage setting and find that whilst both approaches have common components, they have radically different dynamic implications due to the treatment of the forward-looking part of our wage-price spiral. We show that an estimated version of our model implies local asymptotic stability, due to stable interaction of goods market dynamics with the interest rate policy rule of the central bank, and due to a normal working of a real-wage feedback chain. These results are however endangered when there is a global floor to money wage inflation rates, leading in fact to economic breakdown. In this latter case, the return of some money wage flexibility in deep depressions is of help in restoring the viability of the model, thereby avoiding explosive dynamics and the collapse of the economy.","Complex dynamics; Keynesian dynamics; Persistent business cycles; Wage and price Phillips curves","","Article","Final","","Scopus","2-s2.0-79951720207"
"Tamilselvan B.; Vijay Karthigeyan K.T.","Tamilselvan, B. (60110781600); Vijay Karthigeyan, K.T. (57207908921)","60110781600; 57207908921","Impact of Macro Economic Variables on Stock Price Movements with Special Reference to BRIC Countries: An Empirical Review","2025","International Journal of Accounting and Economics Studies","12","SI-1","","350","355","0","10.14419/wwt24t89","https://www.scopus.com/pages/publications/105016818702?origin=resultslist","Market forces that have an impact on the economy are generally known as macroeconomic factors. Any number of external influences, some of which are natural and others of which are man-made, may alter the trajectory of an economy. Natural catastrophes such as earthquakes, famines, and droughts, as well as man-made events such as war, worldwide inflation, recession, and so on, are examples of such macroeconomic forces. The rate of increase of gross domestic product (GDP), stock market movements, important industries, and other fundamental economic indicators are all affected by these variables. As a result, knowing these elements and how they affect the economy overall is crucial. These macroeconomic variables influence stock markets by affecting corporate profitability, investor sentiment, and the overall economic outlook. Strong macroeconomic indicators can lead to a bullish market sentiment, while weak indicators can result in bearish sentiment. The relationship between stock prices and the global economy may not stay the same and can shift in line with various economic and market conditions. The present work is a descriptive review of the empirical evidences and presents the findings to establish the need for the research during post post-COVID-19 period. The reason behind, the post-pandemic period selection is the preferences, patterns, and practices of many corporates about investments have changed and thereby macroeconomic factor dynamics are also varied. In this parlance, the research can help to undergo a review of the situation and make policy changes to bring sustainability and growth into the mainstream of an economy. Hence, the paper's principal goal is to establish the need for research and identify the research gap in the area. The findings of the current paper reflects that the macroeconomic factors and stock price have a substantial correlation. movements with special reference to BRIC countries during the past decade and continue to be dynamic with corrections, suggest the role of regulatory and governments to be vigilant and dynamic in taking policy decisions from time to time based on the macroeconomic key variables, which can help to maintain the perpetual growth and sustainability of economies. © Authors.","Inflation; Market Structures; Market Trends; Regulation; Volatility","","Article","Final","All Open Access; Bronze Open Access; Green Open Access","Scopus","2-s2.0-105016818702"
"Levasseur S.","Levasseur, Sandrine (26656796800)","26656796800","A two-year assessment of the IRA's subsidies to the electric vehicles in the US: Uptake and assembly plants for batteries and EVs","2025","Asia and the Global Economy","5","1","100102","","","1","10.1016/j.aglobe.2024.100102","https://www.scopus.com/pages/publications/85212315487?origin=resultslist","In this paper, we assess electric vehicle (EV) tax credits in the US Inflation Reduction Act (IRA), the largest significant action in favour of climate change in US history. We find that the provisions of the IRA have so far done little to increase the uptake of EVs by US households, accounting at best for 10 % of monthly new light vehicle sales since the IRA was passed. This is well below most ex-ante estimates of EV uptake under the legislation. In contrast, the IRA has triggered EV battery plant projects in the United States, reinforcing the move by automakers to secure their supply chain since the Covid crisis. In total, current and projected GWh capacity would allow 17.0 million EVs to be powered annually by 2030, compared to the 1.2 million EVs sold in 2023. Thus, to date, the IRA has created a potentially huge imbalance between supply and demand in the US EV market. We also document the strategies followed by automakers to capture EV market share in the United States, with a focus on whether they are incumbents or startups, and whether they are based in allied countries. © 2024 The Author(s)","Automotive industry; Electrical vehicles; Foreign entity of concern; Inflation reduction act; Tax credit","","Article","Final","All Open Access; Gold Open Access; Green Open Access","Scopus","2-s2.0-85212315487"
"Franke R.","Franke, Reiner (55115130400)","55115130400","Microfounded animal spirits in the new macroeconomic consensus","2012","Studies in Nonlinear Dynamics and Econometrics","16","4","1898","","","31","10.1515/1558-3708.1898","https://www.scopus.com/pages/publications/84878040626?origin=resultslist","The paper considers the formation of an average opinion index in a microfounded framework where firms switch between optimism and pessimism with certain transition probabilities. Here, the index represents a general business sentiment or the famous animal spirits, which feedback on themselves but are also influenced by the real interest rate. This concept is combined with three other components: the sentiment determines aggregate investment and thus finally the output gap in the economy; the variations of a so-called inflation climate are introduced into an ordinary Phillips curve; the interest rate is given by a Taylor rule. In this way, an alternative model of the new macroeconomic consensus is obtained, which is then reduced to two differential equations. The nonlinearities inherent in the sentiment adjustments can give rise to persistent endogenous cycles as well as multiple equilibria that may be locally stable or unstable. It is also demonstrated how the dynamics are affected by variations of a shift parameter that is interpreted as financial distress. Copyright © 2012 De Gruyter.","","","Article","Final","","Scopus","2-s2.0-84878040626"
"Yue S.; Wu H.","Yue, Sun (60809850800); Wu, He (57222479769)","60809850800; 57222479769","The effects of climate transition risk on inflation persistence and vulnerability: Evidence from Chinese provincial panel data","2026","Journal of Asian Economics","105","","102245","","","0","10.1016/j.asieco.2026.102245","https://www.scopus.com/pages/publications/105048520246?origin=resultslist","Using Chinese provincial panel data, this paper examines how climate transition risk (CTR) shapes the inflation term structure and inflation vulnerability. The results indicate three main findings. First, CTR has clear phase-dependent effects: it pushes inflation up in the short term but significantly dampens inflation over the medium to long term. Second, quantile estimates show strong asymmetry. CTR increases inflation in the lower quantiles while reducing inflation in the upper quantiles, suggesting that CTR may raise near-term inflation pressure but lowers the probability of extreme inflation outcomes and, in turn, supports macroeconomic stability. Third, CTR significantly affects both downside and upside inflation vulnerabilities. It also interacts with economic shocks, and these interactions jointly amplify inflation vulnerability. © 2026 Elsevier Inc.","Climate transition risk; Inflation; Inflation vulnerability; Quantile regression","","Article","Final","","Scopus","2-s2.0-105048520246"
"Abbasi S.; Fattahi P.","Abbasi, Sina (57945790100); Fattahi, Parviz (16030362200)","57945790100; 16030362200","Green and cold-chain pharmaceutical supply chain planning under budget constraints and inflation effects in an international context","2026","Cleaner Logistics and Supply Chain","20","","100355","","","0","10.1016/j.clscn.2026.100355","https://www.scopus.com/pages/publications/105046549100?origin=resultslist","This study develops a bi-objective linear programming (BOLP) model for pharmaceutical supply chain (PSC) planning. The model integrates cold-chain temperature-control requirements, budget constraints, and inflation effects within a green supply chain (GSC) framework. The model simultaneously minimizes total operational costs and environmental impacts while ensuring the quality and safety of temperature-sensitive pharmaceutical products. The PSC is modeled as a three-echelon network comprising manufacturers and importers, distribution centers, and end-user points, such as healthcare facilities. The formulation captures key operational decisions related to production, importation, inventory management, transportation, and storage over a multi-period planning horizon. To reflect real-world economic conditions, operational cost parameters are adjusted over time using an inflation factor, as detailed in the model formulation. Environmental performance is evaluated based on carbon dioxide (CO₂) emissions from transportation activities and hydrofluorocarbon (HFC) emissions from refrigerated storage and transportation systems. The proposed BOLP model is implemented in Python and solved using IBM ILOG CPLEX to evaluate system performance under different operational conditions. The results show that production, importation, transportation, and inventory decisions significantly affect both economic and environmental objectives. In addition, there exists a clear trade-off between minimizing total cost and reducing environmental impacts. Overall, the proposed model provides a decision-support framework for improving the economic and environmental performance of green and cold-chain PSCs under inflationary conditions in an international context. Copyright © 2026. Published by Elsevier Ltd.","Bi-objective integer linear programming; Carbon emission reduction; Green cold-chain management; Operations research; Pharmaceutical logistics","","Article","Final","All Open Access; Gold Open Access","Scopus","2-s2.0-105046549100"
"Asencio R.R.; Asis E.R.; Cáceres J.M.; El-Zein S.A.","Asencio, Roger Rurush (60163055800); Asis, Edwin Ramirez (58914621200); Cáceres, Jorge Manrique (58972920900); El-Zein, Samer Ajour (57216673785)","60163055800; 58914621200; 58972920900; 57216673785","Relationship Between Macroeconomic Stability and Private Investment Flows: Evidence from An Emerging Country (Peru, 1991-2022)","2025","International Journal of Accounting and Economics Studies","12","6","","364","372","1","10.14419/vky3p104","https://www.scopus.com/pages/publications/105020314311?origin=resultslist","This study investigates the relationship between macroeconomic stability and private investment flows in Peru between 1991 and 2022. The analysis addresses a key policy question for emerging economies: how fluctuations in growth, inflation, fiscal deficits, and exchange rates influence investor behavior and long-term capital formation. Using annual time-series data from the Central Reserve Bank of Peru, the study applies unit root tests, cointegration analysis, and error correction models (ECM) to examine both short-term adjustments and long-term equilibrium relationships. The methodological choice highlights the advantages of dynamic econometric techniques over correlational approaches used in prior studies. The findings indicate that GDP growth has a strong positive effect on private investment: a 4% rise in GDP is associated with a 6% increase in private investment. Exchange rate stability also matters, with private investment rising 0.57% for every 1% increase in the exchange rate. In contrast, inflation and large fiscal deficits exert a dampening effect on investment. These results align with Tobin’s Q theory of investment, neoclassical perspectives on capital accumulation, and Keynesian arguments about uncertainty. The results underscore those stable macroeconomic conditions, particularly fiscal discipline and controlled inflation, create a favorable climate for entrepreneurs, lenders, and foreign investors. Beyond economics, these findings have implications for accounting and financial reporting, as fiscal credibility and deficit management influence corporate disclosures, investor risk assessments, and capital allocation decisions. Peru’s experience demonstrates how macroeconomic stability fosters sustained private investment, with lessons applicable to other emerging economies in Latin America and beyond. © Roger Rurush Asencio et al.","Developing; Economic Stability; Macroeconomic; Political; Private Investment","","Article","Final","All Open Access; Bronze Open Access","Scopus","2-s2.0-105020314311"
"Matthew O.A.; Kayode F.; Osabohien R.; Urhie E.; Fasina F.F.; Folarin E.M.; Edafe O.D.","Matthew, Oluwatoyin A. (36661185300); Kayode, Feyisayo (57336977700); Osabohien, Romanus (57201922189); Urhie, Ese (57203308935); Fasina, Fagbeminiyi F. (57336977800); Folarin, Esther M. (57212575583); Edafe, Oluwatosin D. (57211486499)","36661185300; 57336977700; 57201922189; 57203308935; 57336977800; 57212575583; 57211486499","Business climate, infrastructure and institutions in Nigeria: Implication for foreign direct investment","2021","African Journal of Business and Economic Research","2021","","","303","321","9","10.31920/1750-4562/2021/SIn1a14","https://www.scopus.com/pages/publications/85118992894?origin=resultslist","The business climate in any country is one of the many factors that play a major role in attracting foreign direct investment that brings about economic growth. A favourable business climate helps countries create opportunities for mobilising private and foreign investment for growth in the economy; it engenders sustainable development and alleviates poverty. Thus, this study examined how the business climate and institutions would positively impact foreign direct investment in Nigeria, which will indirectly help in improving the business climate and institution for greater economic growth. This will assist in the attainment of SDG 9 (maintaining industry, innovation and infrastructure) and SDG 16 (attaining peace, justice and strong institutions). The study used secondary and employed the Auto-regressive Distributed Lag (ARDL) bounds test. The study found out that business climate, government stability, inflation, law and order and socioeconomic condition significantly affect the inflow of foreign direct investment in Nigeria. Therefore, the study recommends that to enhance a favourable business climate that will attract foreign direct investment the Nigerian government should ensure that there is adequate security and provide infrastructural facilities to attract foreign investors. © 2021 Adonis and Abbey Publishers Ltd. All rights reserved.","Governance; Investment profile; Political environment stability","","Article","Final","","Scopus","2-s2.0-85118992894"
"Morão H.","Morão, Hugo (57214796688)","57214796688","From carbon policy to consumer prices: The economic impact of carbon caps in the Euro Area","2025","Energy Economics","143","","108175","","","11","10.1016/j.eneco.2024.108175","https://www.scopus.com/pages/publications/85215928410?origin=resultslist","This study quantifies the impact of European Union Emissions Trading System (EU ETS) on inflation and key macroeconomic variables in the Euro Area (EA). Using a structural vector autoregression (SVAR) model, the analysis reveals that stricter climate policies significantly affect industrial production, unemployment, and inflation in transportation, utilities, and food sectors. Furthermore, the post-2020 regulatory adjustments in emissions caps and allowances have contributed to recent consumer price increases, an effect amplified by the COVID-19 pandemic and geopolitical tensions. The findings suggest the European Commission underestimated the macroeconomic consequences of EU ETS Phase 4. This highlights the need for a more flexible climate policy approach that balances environmental goals with macroeconomic stability. © 2025 Elsevier B.V.","Cap and trade; Carbon credits; Climate policy; Emissions trading; Energy crisis; Euro Area; SVAR","Europe; Carbon sequestration; Low emission; Cap and trade; Carbon credits; Climate policy; Consumer prices; Emission trading systems; Emissions Trading; Energy crisis; Euro area; European union; Structural vector autoregression; consumption behavior; economic impact; emissions trading; environmental policy; European Union; inflation; macroeconomics; price dynamics; vector autoregression; Inflation","Article","Final","","Scopus","2-s2.0-85215928410"
"Moore W.; Stanford S.","Moore, Winston (18837353100); Stanford, Sunielle (36502784800)","18837353100; 36502784800","Why do some countries have a long-term dependence on food aid?","2010","Journal of Economic Studies","37","4","","438","454","4","10.1108/01443581011073426","https://www.scopus.com/pages/publications/77957054550?origin=resultslist","Purpose: The purpose of this paper is to investigate the main determinants of dependency on food aid programmes. Food aid may take the form of a loan, a sale below market price or a current transfer. Food aid programmes across the globe are generally designed to provide short-term assistance to countries. However, many countries have developed a dependence on food aid assistance. Design/methodology/approach: The paper estimates cross-sectional regressions using a database containing 116 developing countries over the period 1970-2003. Bayesian averaging of classical estimates is employed to identify the robust determinants of dependency. Findings: The study finds that the top two determinants of food aid dependence (both cereals and non-cereals) were food production and the frequency of droughts affecting the country. Food inflation, population density, crop yields, the amount of arable land per capita, the rule of law and the number of armed conflicts were also robustly related to aid dependence. Practical implications: These findings suggest that international donors should focus primarily on offsetting the substitution effect of aid on local production as well as implement systems to partially offset the negative effects of droughts, if they are to break the cycle of dependence on food aid. Originality/value: Previous studies have investigated the effects of a large number of other variables. The findings from these papers were somewhat conflicting due to differences in model specification. To identify the variables that have a robust relationship with food aid dependence, whatever the model specification, the Bayesian averaging of classical estimates approach proposed by Sala-i-Martin et al. is employed. © Emerald Group Publishing Limited.","International aid; International economics","","Article","Final","","Scopus","2-s2.0-77957054550"
"Anarfo E.B.; Mumuni Z.; Green C.J.","Anarfo, Ebenezer Bugri (56543690800); Mumuni, Zakari (57215840289); Green, Christopher J. (60818450500)","56543690800; 57215840289; 60818450500","Reforms of Domestic Financial Systems","2026","Development Economics and Finance in Africa: Households, Firms and Government","","","","213","232","0","10.4324/9781003587385-14","https://www.scopus.com/pages/publications/105048973467?origin=resultslist","This chapter provides a comprehensive analysis of reforms in Africa's domestic financial systems, emphasising the critical role of fiscal, monetary, and exchange rate policies in fostering economic stability, inclusive growth, and resilience. It highlights the historical underdevelopment, fragmentation, and limited inclusiveness of African financial systems, which have been exposed to recent global shocks, such as the COVID-19 pandemic, rising inflation, and climate-related disruptions. This chapter discusses recent policy initiatives aimed at deepening financial markets, broadening access, and strengthening fiscal and monetary frameworks amid fiscal constraints reflected mainly in low revenue bases. It also examines the challenges external shocks impose on public finances and the balance-of-payments. This analysis underscores the necessity of coordinated reforms to improve financial intermediation, manage external vulnerabilities, and promote sustainable development. Finally, it identifies research gaps and future directions to optimise policies for stabilising and enhancing Africa's financial sector amid the evolving global economic landscape. © 2027 selection and editorial matter, Joshua Yindenaba Abor, Oliver Morrissey and Abbi M. Kedir; individual chapters, the contributors.","","Economic analysis; Financial markets; Comprehensive analysis; Economic stability; Exchange rates; Exposed to; External shocks; Financial system; Fiscal constraints; Lower revenue; Policy initiatives; Public finance; Inflation","Book chapter","Final","","Scopus","2-s2.0-105048973467"
"Romero J.V.; Naranjo-Saldarriaga S.","Romero, José Vicente (55498267900); Naranjo-Saldarriaga, Sara (58645127600)","55498267900; 58645127600","Weather shocks and inflation expectations in semi-structural models","2024","Latin American Journal of Central Banking","5","2","100112","","","11","10.1016/j.latcb.2023.100112","https://www.scopus.com/pages/publications/85174010315?origin=resultslist","Colombia is particularly affected by the El Niño Southern Oscillation (ENSO) weather fluctuations. In this context, this study explores how adverse weather events linked to ENSO affect inflation expectations in Colombia and how to incorporate these second-round effects into a small open economy New Keynesian model. Using BVARx models, we find evidence that inflation expectations – obtained from surveys and break-even inflation measures – are influenced by weather-related supply shocks. Building on this stylized fact, we modify one of the core forecasting models of the Banco de la República to incorporate the mechanisms through which weather-related shocks could affect marginal costs and inflation expectations. We conclude that ENSO shocks play a significant role in influencing both inflation and the dynamics of inflation expectations, a fact that should be considered by policymakers. © 2023 The Author(s)","Inflation; Inflation expectations; Inflation expectations anchoring; Weather shocks","","Article","Final","All Open Access; Gold Open Access; Green Open Access","Scopus","2-s2.0-85174010315"
"Samka F.K.; Huang L.; Ren Y.","Samka, Fabrice Kehven (60682018500); Huang, Luchen (59043629000); Ren, Yanjun (8378579000)","60682018500; 59043629000; 8378579000","The impact of climate change on food security: evidence from Sub-Saharan Africa","2026","International Journal of Agricultural Sustainability","24","1","2680626","","","0","10.1080/14735903.2026.2680626","https://www.scopus.com/pages/publications/105041185896?origin=resultslist","The impact of climate change has gained extensive attention over the past few decades, while its impact on Sub-Saharan Africa (SSA), a region where agriculture is particularly vulnerable to climate variability, still requires more in-depth and focused research, including its effects on food security. Using panel data from 1980 to 2021, this study investigates the effects of climate change (temperature and rainfall) and ecological footprints on food security in SSA and its four sub-regions, including pathways through inflation and trade. Results show that increases in temperature and ecological footprints improve food security in SSA. Increased rainfall decreases food security in Western SSA but increases it in Middle and Southern SSA. Temperature improves food security in Eastern and Western SSA, while ecological footprints improve food security in Eastern, Western and Southern SSA. Increases in temperature and ecological footprint improve trade, while an increase in rainfall and temperature reduces inflation. However, increases in ecological footprint increases inflation. we recommend climate-resilient agriculture, strengthening climate information and early warning systems and expanding irrigation infrastructure. Region-specific strategies include the adoption of flood-tolerant crops in Western SSA, sustainable resource management in Southern SSA, and the scaling up of climate-smart agriculture in Eastern SSA. fiscal and monetary policies should be put in place to stabilize food prices. © 2026 The Author(s). Published by Informa UK Limited, trading as Taylor & Francis Group.","Climate change; ecological footprints; fixed and random effects model; food production index; Sub-Saharan Africa","Sub-Saharan Africa; agricultural management; agricultural trade; climate change; ecological footprint; food production; food security; inflation; information system; precision agriculture","Article","Final","All Open Access; Gold Open Access; Green Open Access","Scopus","2-s2.0-105041185896"
"Ali S.; Ghufran M.; Ashraf J.; Xiaobao P.; Zhiying L.","Ali, Sumran (57211690992); Ghufran, Muhammad (57211689564); Ashraf, Jawaria (57208621997); Xiaobao, Peng (54958253600); Zhiying, Liu (55633691200)","57211690992; 57211689564; 57208621997; 54958253600; 55633691200","The Role of Public and Private Interventions on the Evolution of Green Innovation in China","2024","IEEE Transactions on Engineering Management","71","","","6272","6290","20","10.1109/TEM.2023.3280574","https://www.scopus.com/pages/publications/85162677292?origin=resultslist","China's future economy is in jeopardy due to climate change, zero COVID policy, supply chain disruption, surging inflation, and the energy crisis due to Russia Ukraine war. Additionally, the government pledges to the Paris agreement and COP27: The UN Climate Change Conference to combat with climate change crisis through the reduction of carbon and greenhouse gases emission. In these uncertain conditions, climate pledges, and shifts to a greener economic system, it is essential to investigate the public and private interventions on the evolution of green innovation in China. Accordingly, we relied on public repositories, such as the World Bank, World Intellectual Property Organization, PatSnap, SIPR, China City Statistical Yearbook 2021, and the Peking University Digital Financial Inclusion Index of China from 2009 to 2021 in 280 Chinese cities, to investigate the role of public and private interventions in the growth of green innovation. Our findings indicate that one interquartile range increase in government intervention, imperative environment regulations, gross regional domestic product, investment in environmental pollution, actual foreign investment, market pull, and material increase the green innovation growth at the Chinese city level. At the same time, we did not find a significant relationship between energy and green innovation. Moreover, the study paves the path for policymakers to remodify and develop policies on the different authoritative levels, which can reshape the Chinese green economy in the long run.  © 1988-2012 IEEE.","Actual foreign investment; government intervention; green innovation (GI); imperative environment regulations; investment in environmental pollution","Carbon dioxide; Climate change; Energy policy; Environmental management; Environmental regulations; Greenhouse gases; Supply chains; Actual foreign investment; Environment regulations; Environmental pollutions; Foreign investment; Government intervention; Green innovation; Green innovations; Green products; Imperative environment regulation; Investment in environmental pollution; Urban areas; Investments","Article","Final","","Scopus","2-s2.0-85162677292"
"Lotze-Campen H.; von Lampe M.; Kyle P.; Fujimori S.; Havlik P.; van Meijl H.; Hasegawa T.; Popp A.; Schmitz C.; Tabeau A.; Valin H.; Willenbockel D.; Wise M.","Lotze-Campen, Hermann (14321817400); von Lampe, Martin (25923641300); Kyle, Page (35221968600); Fujimori, Shinichiro (36971176800); Havlik, Petr (35221567100); van Meijl, Hans (6602400103); Hasegawa, Tomoko (26655621500); Popp, Alexander (35732066600); Schmitz, Christoph (53064608200); Tabeau, Andrzej (12753130300); Valin, Hugo (35273829100); Willenbockel, Dirk (6508028383); Wise, Marshall (7202820832)","14321817400; 25923641300; 35221968600; 36971176800; 35221567100; 6602400103; 26655621500; 35732066600; 53064608200; 12753130300; 35273829100; 6508028383; 7202820832","Impacts of increased bioenergy demand on global food markets: An AgMIP economic model intercomparison","2014","Agricultural Economics (United Kingdom)","45","1","","103","116","97","10.1111/agec.12092","https://www.scopus.com/pages/publications/84892888931?origin=resultslist","Integrated Assessment studies have shown that meeting ambitious greenhouse gas mitigation targets will require substantial amounts of bioenergy as part of the future energy mix. In the course of the Agricultural Model Intercomparison and Improvement Project (AgMIP), five global agro-economic models were used to analyze a future scenario with global demand for ligno-cellulosic bioenergy rising to about 100 ExaJoule in 2050. From this exercise a tentative conclusion can be drawn that ambitious climate change mitigation need not drive up global food prices much, if the extra land required for bioenergy production is accessible or if the feedstock, for example, from forests, does not directly compete for agricultural land. Agricultural price effects across models by the year 2050 from high bioenergy demand in an ambitious mitigation scenario appear to be much smaller (+5% average across models) than from direct climate impacts on crop yields in a high-emission scenario (+25% average across models). However, potential future scarcities of water and nutrients, policy-induced restrictions on agricultural land expansion, as well as potential welfare losses have not been specifically looked at in this exercise. © 2013 International Association of Agricultural Economists.","Agricultural markets; Energy demand; General equilibrium modeling; Model comparison; Partial equilibrium modeling","bioenergy; climate effect; comparative study; crop yield; environmental policy; food market; general equilibrium analysis; greenhouse gas","Article","Final","All Open Access; Green Open Access","Scopus","2-s2.0-84892888931"
"Aizenman J.; Zheng H.","Aizenman, Joshua (7003665762); Zheng, Huanhuan (55477481400)","7003665762; 55477481400","Inflation Surge and Sovereign Borrowing: The Role of Policy Practices in Strengthening Sovereign Resilience","2024","IMF Economic Review","72","4","103766","1347","1385","0","10.1057/s41308-023-00228-5","https://www.scopus.com/pages/publications/85178289240?origin=resultslist","Sovereign borrowing during inflation surges is a litmus test of a government’s ability to withstand and navigate macroeconomic shocks. Based on transaction-level bond issuance data, we explore how sovereign financing strategies differ between surging and stable inflations and how policy practices affect their ability to weather inflation shocks. We find that governments lean more toward external borrowing in foreign currency during periods of high inflation, in part to reduce borrowing costs. This pattern is particularly prevalent in emerging markets (EMs), especially when the inflation surge is prolonged and severe. We further show that good practices of fiscal discipline and credibly pegged exchange rate regime alleviate external borrowing in foreign currency amid inflation surges. © International Monetary Fund 2023.","","","Article","Final","","Scopus","2-s2.0-85178289240"
"SenGupta S.; Atal A.","SenGupta, Swapnanil (57744752600); Atal, Aakansha (58632889900)","57744752600; 58632889900","Climate change and India’s inflation, fiscal space and growth","2026","International Review of Applied Economics","40","1","","107","137","8","10.1080/02692171.2024.2445844","https://www.scopus.com/pages/publications/85214646593?origin=resultslist","Given India is one of the most vulnerable countries to climate change, it is essential to study its macroeconomic aspects in light of the stark and tangible climate crisis. Employing monthly time-series data between 1993 and 2024, we estimate VAR models, followed by adopting a vector error correction model (VECM) to extensively capture the dynamic relationships between climate change and the macroeconomic space (inflation, fiscal health and growth) of India. We develop a novel climate change index based on sea level data, providing a more comprehensive measure of climate impacts. For inflation, the long-run relationship estimates indicate that a unit increase in our climate change indicator is associated with a significant 0.463% increase in inflation. In the context of fiscal performance, we find that climate change leads to a decrease in fiscal deficit in India. However, we find that per unit worsening climate change leads to a significant 0.005 trillion INR increase in fiscal deficit in the long run. Lastly, we find that climate change diminishes GDP in both the short and long run. Our findings are mostly robust to using the temperature variable as the standard climate change indicator. © 2025 The Author(s). Published by Informa UK Limited, trading as Taylor & Francis Group.","Climate change; fiscal deficit; growth; India; inflation; VAR; VECM","India; climate change; economic growth; error correction; inflation; macroeconomics; numerical model; time series analysis; vector autoregression","Article","Final","All Open Access; Green Open Access; Hybrid Gold Open Access","Scopus","2-s2.0-85214646593"
"Scharf H.; Sauerbrey O.; Möst D.","Scharf, Hendrik (57221314903); Sauerbrey, Ole (57951353600); Möst, Dominik (22938180200)","57221314903; 57951353600; 22938180200","What will be the hydrogen and power demands of the process industry in a climate-neutral Germany?","2024","Journal of Cleaner Production","466","","142354","","","8","10.1016/j.jclepro.2024.142354","https://www.scopus.com/pages/publications/85196002287?origin=resultslist","The defossilization of industry has far-reaching implications regarding the future demand for hydrogen and other forms of energy. This paper presents and applies a fundamental bottom-up model that relies on techno-economic data of industrial production processes. Its aim is to identify, across a range of scenarios, the most cost-effective low-carbon options considering a variety of production systems. Subsequently, it derives the hydrogen and electricity demand that would result from the implementation of these least-cost low-carbon options in process industries in Germany. Aligning with the German government's target year for achieving climate neutrality, this study's reference year is 2045. The primary contribution lies in analyzing which hydrogen-based and direct electrification solutions would be cost-effective for a range of energy price levels under climate-neutral industrial production and what the resulting hydrogen and electricity demand would be. To this end, the methodology of this paper comprises the following steps: selection of the relevant industries (I), definition of conventional reference production systems and their low-carbon options (II), investigation and processing of the techno-economic data of the standardized production systems (III), establishment of a scenario framework (IV), determination of the least-cost low-carbon solution of a conventional reference production system under the scenario assumptions made (V), and estimation of the resulting hydrogen and electricity demand (VI). According to the results, the expected industrial hydrogen consumption in 2045 ranges from 265 TWh for higher hydrogen prices in or above the range of onshore wind-based green hydrogen supply costs, to up to 473 TWh for very low hydrogen prices corresponding to typical blue hydrogen production costs. Meanwhile, the direct electricity consumption of the process industries in the results ranges from 147 TWh for these rather low hydrogen prices to 338 TWh for the higher hydrogen prices in the region of or above the hydrogen supply costs from the electrolysis of energy from an onshore wind farm. Most of the break-even hydrogen prices that are relevant to the choice of low-carbon options are in the range of the benchmark purchase costs for blue hydrogen and green hydrogen produced from offshore wind power, which span between €40 per MWh and €97 per MWh. © 2024 The Authors","Climate neutrality; Future energy demand; Industrial transition; Process-level analysis","Carbon; Electric power utilization; Hydrogen production; Offshore oil well production; Climate neutrality; Energy demands; Future energies; Future energy demand; Industrial transition; Low carbon; Process industries; Process levels; Process-level analyse; Production system; Cost effectiveness","Article","Final","All Open Access; Hybrid Gold Open Access","Scopus","2-s2.0-85196002287"
"Shahin W.; Djoundourian S.","Shahin, Wassim (15731886600); Djoundourian, Salpie (56636527700)","15731886600; 56636527700","Climate change concerns in central banks policies: a commentary","2026","Journal of Banking Regulation","27","1","1","","","0","10.1057/s41261-025-00300-2","https://www.scopus.com/pages/publications/105025249722?origin=resultslist","The threat of climate change on financial stability and the profitability of financial institutions has been gaining momentum. Monetary policies of various central banks headed by the European Central Bank (ECB) and the Bank of England started including climate change considerations in as early as the speeches of Coeure (2018, in: Executive Board of the ECB entitled Monetary Policy and Climate Change), Carney (speech on 23 September 2019, “Remarks given during the UN Secretary General’s Climate Action Summit 2019”. https://www.bankofengland.co.uk/-media/boe/files/speech/2019/remarks-given-during-the-un-secretary-generals-climate-actions-summit-2019-mark-carney.pdf, 2019), and Lagarde (speech entitled “Remarks on the occasion of receiving the Grand prix de l’Economie 2019 from les Echos”, 2020) all the way until 2025 as we show. Many monetary authorities are currently deeply involved in addressing climate considerations into their objectives and future plans (Bank of England, The Bank of England’s Climate Related Financial Disclosure. https://www.bankofengland.co.uk/climate-change/the-bank-of-englands-climate-related-financial-dislosure-2025, 2025; The Bank of England’s Climate Related Financial Disclosure. https://www.bankofengland.co.uk/climate-change/the-bank-of-englands-climate-related-financial-disclosure-2024, 2024; Bank of England Climate Biennial Exploratory Scenario, May, https://green-alliance.org.uk/wp-content/uploads/2022/05/Bank-of-Englands-Climate-Biennial-Exploratory-scenario, 2022) and the ECB (ECB, Climate Scenarios: What, Why and How, May 29. https://www.suerf.org/wp-content/uploads/2024/04/Livio-STtaca-ECB-2024-05-29-Wien-event.pdf, 2025; ECB provides details on how it aims to decarbonise its corporate bond holdings. https://www.ecb.europa.eu/press/pr/date/2022/html/ecb.pr220919~fae53c59bd.en.html, 2022; Elderson Frank, Deepening Our Commitment to Confronting the Climate and Nature Crises, 4 July, https://www.ecb.europa.eu/press/key/date/2025/html/ecb.sp250704~167d74e3c3.en.html, 2025; Mongelli FP et al, Why do we need to strengthen climate adaptations? Scenarios and financial lines of defense ECB Working Paper Series No 3005, https://www.ecb.europa.eu/pub/pdf/scpwps/ecb.wp3005~35f938a452.en.pdf, 2024; Breckenfelder et al, The Climate and the Economy. ECB Working Paper Series, No 2793, March. https://www.ecb.europa.eu/pub/pdf/scpwps/ecb.wp2793~7969efec4f.en.pdf, 2023) based on a mounting evidence that climate change affects financial stability, inflation and real output. This commentary re-assesses the readiness of central banks to address and alleviate the impacts of climate change on economic activity and financial stability. Its findings based on surveying the recent practices of a group of 16 central banks from the industrial, emerging and developing markets indicate that while several monetary authorities exhibit environmental and climate change stewardship in their operations and some have well-established green banking practices, the attempts for many central banks around the globe are in planning stages which prevents monetary policy-makers in some countries from correctly identifying climate related shocks, their distribution and persistence. Thus, the commentary calls for redesigning monetary policy objectives to further enhance green central bank practices. © The Author(s), under exclusive licence to Springer Nature Limited 2025.","Central banks policies; Climate change; Monetary policy","","Article","Final","","Scopus","2-s2.0-105025249722"
"Yu Z.; Farooq U.; Shukurullaevich N.K.; Alam M.M.; Dai J.","Yu, Zhichao (58040949100); Farooq, Umar (57195806567); Shukurullaevich, Nizomjon Khajimuratov (58183908200); Alam, Mohammad Mahtab (57199298082); Dai, Jiapeng (57259018200)","58040949100; 57195806567; 58183908200; 57199298082; 57259018200","How does inflation rate influence the resource utilization policy? New empirical evidence from OPEC countries","2024","Resources Policy","91","","104862","","","35","10.1016/j.resourpol.2024.104862","https://www.scopus.com/pages/publications/85187236262?origin=resultslist","As the global economic climate continuously evolves, understanding the nuanced relationship between inflation rates and resource utilization has become imperative for policymakers and industry stakeholders. In view of this, this study aims to investigate the intricate relationship between inflation rates and the utilization policies of natural resources. The empirical analysis was conducted on 20 years of data over the period 2000 to 2019 of 13 OPEC countries. We utilize the FMOLS (fully modified ordinary least squares) and DOLS (dynamic OLS) models to establish the regression among the variables. The empirical findings reveal a noteworthy negative impact of inflation rates on resource rents, specifically affecting coal rent, oil rent, mineral rent, and natural gas rent. This suggests that higher inflation rates are associated with decreased profitability and returns in the extraction and utilization of these critical resources. The analysis further reveals a positive effect of control variables including banking sector development, FDI inflow, and labor force on resource rent, highlighting their instrumental role in enhancing the utilization of natural resources. These insights offer valuable guidance for policymakers tasked with formulating strategies to address challenges stemming from inflation within the resource sector. The study's novelty stems from its exploration of complex relationship between inflation rates and resource utilization policies in OPEC countries. © 2024 Elsevier Ltd","FDI inflow; Inflation rate; OPEC; Resource policy; Resource rents","Natural gas deposits; Economic climates; FDI inflow; Global economics; Inflation rates; OPEC; Policy makers; Rate influences; Resource policy; Resource rents; Resources utilizations; banking; empirical analysis; extraction; foreign direct investment; inflation; labor market; least squares method; OPEC; policy making; profitability; regression; resource use; Coal deposits","Article","Final","","Scopus","2-s2.0-85187236262"
"Gebbisa M.B.; Yasin A.S.; Bacsi Z.","Gebbisa, Mesfin Bekele (58450805500); Yasin, Abdi Shukri (57223336767); Bacsi, Zsuzsanna (6506652579)","58450805500; 57223336767; 6506652579","Impacts of Weather Variability on the International Tourism Receipts—Evidence from Ethiopia (1995–2019)","2024","Tourism and Hospitality","5","2","","416","438","6","10.3390/tourhosp5020026","https://www.scopus.com/pages/publications/85196790997?origin=resultslist","Every economic sector is susceptible to the direct or indirect effects of weather variability, and the tourism sector is no exception. In fact, the tourism industry is considered to be more vulnerable to the effects of weather variability than the general economy, with changes in weather patterns, extreme events, and environmental degradation offering substantial obstacles. Ethiopia’s tourism industry, like many others, faces challenges from weather variability. This study investigates the short- and long-term effects of weather variability on Ethiopia’s international tourism receipts. Utilizing data from 1995 to 2019, the research employs a vector error correction model to analyze the relationships between weather variables (temperature, rainfall), economic factors (GDP growth, inflation), political stability, and tourist arrivals. The findings reveal that in the long run, higher temperatures, rainfall, and inflation have negative impacts on tourism receipts, while political stability and past tourist arrivals have positive effects. Short-term trends mirror these, with the addition of GDP growth not showing a significant impact. To ensure the sustainability of tourism in Ethiopia, the study emphasizes the importance of understanding weather’s influence, developing adaptation strategies, and promoting sustainable tourism practices. © 2024 by the authors.","Ethiopia; international tourism; vector error correction model; weather variability","","Article","Final","All Open Access; Gold Open Access","Scopus","2-s2.0-85196790997"
"Sheenan L.; Aminian A.; Kothe R.","Sheenan, Lisa (56857564700); Aminian, Armin (59925163300); Kothe, Rafael (60228613600)","56857564700; 59925163300; 60228613600","Investigating the impact of climate-related risks: a regime-switching analysis of bond market dynamics and inflation expectations","2026","European Journal of Finance","32","2","","247","285","0","10.1080/1351847X.2026.2616287","https://www.scopus.com/pages/publications/105030570815?origin=resultslist","We examine how climate-related (transition and physical) risks impact European bond markets and inflation expectations, and identify their effects across distinct volatility regimes using a Markov-switching vector autoregression model. Our central finding is that the transmission of climate-related risk shocks is highly state-dependent and primarily affects short-term inflation expectations. Transition risks have a limited, disinflationary effect on short-term expectations, but only during low volatility periods. In sharp contrast, physical risks exert a destabilising, inflationary impact during high volatility periods, depressing bond returns and amplifying market stress. Additionally, we observe two more patterns: first, that long-term inflation expectations tend to remain largely anchored. Second, financial linkages and contagion tend to intensify in the high volatility state. Our findings matter for asset pricing and for monetary authorities. They support integrating climate-related risks into stability frameworks, as these shocks presumably intensify and complicate the trade-off between inflation-target credibility and financial stability. © 2026 The Author(s). Published by Informa UK Limited, trading as Taylor & Francis Group.","bond markets; Climate-Related risks; financial stability; inflation expectations; Markov-switching VAR","","Article","Final","All Open Access; Hybrid Gold Open Access","Scopus","2-s2.0-105030570815"
"Chaudhuri A.","Chaudhuri, Ananish (7202928873)","7202928873","Economics: A Global Introduction","2025","Economics: A Global Introduction","","","","1","507","0","10.4324/9781003356509","https://www.scopus.com/pages/publications/85207887629?origin=resultslist","Economics affects our daily lives in crucial ways. We constantly hear about recessions and unemployment, inflation and cost-of-living crises, economic growth and inequality, climate change and carbon taxes, interest rates and house prices, and tariffs and trade wars. What does this all mean? Written in a highly engaging style, Economics: A Global Introduction cuts through the jargon to provide a comprehensive introduction to the basics of economics. This book includes applications of economic principles and insights from behavioural economics into contemporary issues such as global warming and the COVID-19 pandemic. This book is replete with real-world examples and anecdotes from politics, literature, film, and sports to help the reader grasp fundamental micro- and macroeconomic concepts. Student-friendly features include case studies, start-of-chapter learning objectives, discussion questions and answers, further reading suggestions, and mathematical appendices. This book is accompanied by useful digital resources, including lecture recordings, PowerPoint slides, and a test bank containing both multiple-choice and essay questions and answers. Suitable for students who may pursue further studies in economics, as well as those choosing a different field, Economics: A Global Introduction is the ideal textbook for providing students with an economic perspective on the world. © 2025 Ananish Chaudhuri.","","","Book","Final","","Scopus","2-s2.0-85207887629"
"Oliver D.; Yu S.","Oliver, Damian (36675456000); Yu, Serena (56495851200)","36675456000; 56495851200","The Australian labour market in 2018","2019","Journal of Industrial Relations","61","3","","326","341","3","10.1177/0022185619834332","https://www.scopus.com/pages/publications/85067799071?origin=resultslist","In 2018, the Australian labour market continued to see only very moderate wages growth despite strong employment growth and low unemployment. This remains an international phenomenon with underlying economic and legal structural causes. Employment growth was concentrated in part-time jobs for both males and females, and in both manufacturing and white-collar industries. The Fair Work Commission increased the National Minimum Wage by 3.5%, a higher percentage increase than previous years but one that reflected higher growth in average earnings and inflation. The climate surrounding agreement making was less febrile than in recent years, with fewer high-profile attempts to terminate existing enterprise agreements. However, collective bargaining coverage in the private sector continues to decline to historic lows. Changes to skilled migration were the most significant shift in labour market policy in 2018, with a significant reduction in the number of permanent skilled migrants and a new temporary skilled migrant visa category with much stricter eligibility requirements. If sustained, this reduction may contribute to increasing pressure on wages in the years to come. © 2019, Australian Labour and Employment Relations Association (ALERA), SAGE Publications Ltd, Los Angeles, London, New Delhi, Singapore and Washington DC.","Economics; hours of work; labour market sector; minimum wage; pay; underemployment; unemployment; wage bargaining","","Article","Final","","Scopus","2-s2.0-85067799071"
"Corfield K.; Thomasz E.O.; Vilker A.S.","Corfield, Kevin (58094556900); Thomasz, Esteban Otto (57190945668); Vilker, Ana Silvia (6506880487)","58094556900; 57190945668; 6506880487","Macroeconomic impact of droughts in a developing economy","2026","International Journal of Emerging Markets","","","","1","21","0","10.1108/IJOEM-09-2025-2243","https://www.scopus.com/pages/publications/105047821626?origin=resultslist","Purpose – This study examines and quantifies the role of droughts as a driver of macroeconomic instability in emerging commodity-exporting economies, using Argentina as a case study. The research seeks to bridge the gap between micro-level agricultural impacts and aggregate macroeconomic outcomes, assessing the extent to which climate shocks destabilize the economic cycle and pose systemic risks in the developing world. Design/methodology/approach – Using quarterly data (2004–2021), we construct a Weighted Agricultural Precipitation Index (WAPI) that aggregates departmental rainfall deviations weighted by crop production shares. We then estimate a Structural Vector Autoregression model with block-exogeneity restrictions to isolate exogenous drought shocks, ensuring a unidirectional causal flow from climate to the macroeconomy. The dynamic transmission mechanism is evaluated using Impulse Response Functions and Forecast Error Variance Decompositions. Findings – A one-standard-deviation drought shock causes a 4.5 percentage point (pp) drop in agricultural value added. This supply contraction triggers a 2.3 pp drop in export revenues, generating a 0.94 pp real effective exchange rate depreciation and contracting aggregate demand, culminating in a 1.06 pp decline in total Gross Domestic Product (GDP). Drought shocks account for 21.2% of total GDP volatility, confirming their systemic nature. Notably, consumer inflation remains contemporaneously unresponsive, buffered by severe income contraction in nontradables and active foreign exchange interventions. Research limitations/implications – Droughts in commodity-dependent economies are structural determinants of business cycles rather than isolated events. This implies that climate resilience is inseparable from monetary and financial stability, requiring policies that manage balance-of-payments risks arising from supply-side climate shocks. Practical implications – Given that droughts drive aggregate business cycle volatility, stability management must prioritize counter-cyclical international reserve accumulation to buffer export revenue losses. This precautionary measure should be complemented by fiscal risk-sharing mechanisms – such as disaster funds and climate-resilient debt clauses – and targeted investments in irrigation. Furthermore, relying on foreign exchange interventions to contain inflation during droughts is a short-term palliative that depletes Central Bank reserves, underscoring the need to redesign monetary and macro-prudential frameworks to explicitly manage systemic climate risks. Originality/value – This article makes two fundamental contributions to the literature on macroeconomics in Emerging Markets and Developing Economies. First, it provides a methodological innovation through the development of WAPI, a geographically and economically granular water stress indicator. Second, it offers an empirical innovation by quantifying the dynamic propagation of drought shocks in Argentina. This analysis allows us to identify how exogenous climatic events shape business cycle fluctuations in the context of a developing, agricultural-commodity-exporting economy. © Emerald Publishing Limited","Business cycles; Droughts; Macroeconometrics; SVAR; Weather shocks","","Article","Article in press","","Scopus","2-s2.0-105047821626"
"Li M.","Li, Man (36468593300)","36468593300","Labor reallocation in the heat: A comprehensive analysis in rural Bangladesh","2025","Journal of Environmental Economics and Management","134","","103199","","","2","10.1016/j.jeem.2025.103199","https://www.scopus.com/pages/publications/105020861895?origin=resultslist","This paper examines the impact of extreme heat on the sectoral reallocation of working-age adult male labor in rural Bangladesh using a three-period panel on individual employment. It shows that high temperatures prompt a labor shift from the non-agricultural to agricultural sectors, primarily into agricultural wage jobs. Variations in employment choices in the agricultural sector depend on household land ownership. Individuals in households with more land tend to engage in crop cultivation, whereas individuals in households with little or no land are more likely to work for wages. Two key channels explain how extreme heat influences employment. First, extreme heat raises demand for hired agricultural labor, especially during busy farming seasons, as labor loss risks crop failure. Second, local demand effects become evident as higher temperatures reduce overall household income, raise food prices, and shift spending towards food, causing the non-agricultural sector to contract. © 2025 Elsevier Inc.","Agricultural labor use; Bangladesh; Heat; Labor allocation","Bangladesh; Agricultural economics; Cultivation; Employment; Rural areas; Wages; Agricultural labor use; Agricultural labors; Agricultural sector; Bangladesh; Comprehensive analysis; Heat; Highest temperature; Labor allocation; Labor shifts; Rural Bangladesh; employment; extreme event; farming system; heating; high temperature; household income; ownership; risk assessment; Crops","Article","Final","","Scopus","2-s2.0-105020861895"
"Franzke C.L.E.","Franzke, Christian L.E. (9239355400)","9239355400","Towards the development of economic damage functions for weather and climate extremes","2021","Ecological Economics","189","","107172","","","38","10.1016/j.ecolecon.2021.107172","https://www.scopus.com/pages/publications/85111252866?origin=resultslist","An important aspect of modeling the coupled human–Earth system is how weather and climate affects the economy. In particular, extreme weather and climate events can cause significant economic damages. Hence, there is a need to better understand the relationship between economic damages and extreme weather and climate events. Here, we analyze economic damage data using regression and probabilistic methods. We provide evidence for upward trends for inflation adjusted damages caused by extreme weather and climate events, while damages normalized by wealth have downward trends. We also find that relative to its wealth, Europe is the most affected continent followed by North America and Asia. We also identify covariates which affect economic damages. Multivariate regression models using either socio-economic or climate covariates explain only small amounts of the damage variation while the probabilistic Generalized Pareto Distribution (GPD) model with covariates fits the damage data well. This suggests that economic damages due to weather and climate extreme events should be modeled using probabilistic methods. Using non-stationary GPD models, we find that mainly population is a significant covariate while also Gross Domestic Product (GDP), global mean surface temperature and modes of climate variability are significant covariates too. © 2021 Elsevier B.V.","Climate extremes; Damage functions; Economic damages; Extreme value theory; Weather extremes","Europe; North America; climate change; economic impact; Gross Domestic Product; surface temperature; weather forecasting","Article","Final","","Scopus","2-s2.0-85111252866"
"Rajhi W.","Rajhi, Wassim (57160533200)","57160533200","Temperature Anomalies, Inflation Expectations, and Treasury Inconvenience","2026","Finance Research Letters","109","","110500","","","0","10.1016/j.frl.2026.110500","https://www.scopus.com/pages/publications/105049914850?origin=resultslist","Global temperature anomalies and Treasury inconvenience are highly persistent. This article separates low-frequency comovement from monthly repricing. The coefficient declines sharply after controlling for deterministic trends and becomes statistically insignificant in dynamic specifications. The positive temperature coefficient is not robust in first differences, recursive temperature innovations, local projections, or persistence-adjusted specifications using alternative global and U.S. temperature measures. ARDL bounds-test conclusions vary across deterministic cases, but the long-run temperature multiplier is insignificant and changes sign across lag-selection criteria. The detrended indicators produce no robust effect. The findings extend the persistence critique in empirical asset pricing to aggregate climate-finance regressions. © 2026 Elsevier Inc. All rights are reserved.","Inflation expectations; Temperature anomalies; Treasury inconvenience","","Article","Final","","Scopus","2-s2.0-105049914850"
"Ferraro L.; Kale A.; Kale D.; Rubino F.","Ferraro, Laura (60189057800); Kale, Arati (57226415395); Kale, Devendra (57225955270); Rubino, Franco Ernesto (57189029188)","60189057800; 57226415395; 57225955270; 57189029188","Investor Perceptions of Climate Policy: Insights From the US Inflation Reduction Act","2026","Business Strategy and the Environment","","","","","","1","10.1002/bse.70859","https://www.scopus.com/pages/publications/105036161221?origin=resultslist","This paper provides the first event study evidence on how the Inflation Reduction Act's (IRA) dedicated climate provisions reshaped equity valuations in the US carbon-intensive sectors. Focusing on environmentally sensitive industries (ESI), we analyze cumulative abnormal returns around the four key IRA milestones in 2022–2023. Using the IRA setting allows us to sidestep the bias arising from external ESG ratings or companies' ESG-related disclosures. Drawing on the Efficient Market Hypothesis, we find a significant positive market reaction immediately after the Senate's approval. This reaction is concentrated among large firms, firms with extensive analyst coverage, and those operating in less competitive markets. We demonstrate that investor responses are heightened in Democratic-controlled states compared with Republican-leaning states. Our results are robust to several robustness checks, placebo dates, ex-dividend returns, and propensity score matching. Our results suggest that investors' positive reactions may be driven by expectations that IRA subsidies can mitigate the cost implications of sustainability and thereby limit the negative impact on firms' financial performance. Our insights inform investment professionals on investor perceptions of climate provisions and policymakers on how climate legislation affects financial markets. © 2026 The Author(s). Business Strategy and the Environment published by ERP Environment and John Wiley & Sons Ltd.","climate change; climate policy; environmentally sensitive industries; event study; inflation reduction act","","Article","Article in press","All Open Access; Hybrid Gold Open Access","Scopus","2-s2.0-105036161221"
"Bennani H.; Farvaque E.","Bennani, Hamza (55918239100); Farvaque, Etienne (14830212700)","55918239100; 14830212700","Will Climate Change Turn Up the Heat on the ECB’s One-size-fits-all Policy?","2026","Open Economies Review","","","","","","0","10.1007/s11079-026-09856-6","https://www.scopus.com/pages/publications/105030130819?origin=resultslist","Climate change, through temperature anomalies, is likely to have an asymmetric effect on prices and economic activity within the euro area. In this paper, we aim to measure the monetary stress for each member country resulting from these types of asymmetric shocks. For that purpose, we first measure how inflation and GDP per capita respond to temperature anomalies in several euro area countries. We then simulate the temperature-induced changes in inflation and GDP per capita over the period 2025-2100. The significant divergences in these temperature-induced variables call for different monetary policy needs within the currency union, hence the existence of a temperature-induced monetary stress that is likely to worsen over time. Our results provide evidence that climate change constitutes a challenge to the sustainability of the currency union and to the one-size-fits-all ECB’s policy. © The Author(s), under exclusive licence to Springer Science+Business Media, LLC, part of Springer Nature 2026.","Currency union; Euro area; Monetary stress; Temperature anomalies","","Article","Article in press","","Scopus","2-s2.0-105030130819"
"El Haddadi M.; Lahjouji H.","El Haddadi, Mariam (60039524600); Lahjouji, Hamida (60040073800)","60039524600; 60040073800","Exchange Rate Pass-Through Effects on Food and Cereal Inflation in Morocco: An Asymmetric Analysis Under Climate Change Constraints Using an ARDL Model","2026","Journal of Risk and Financial Management","19","1","16","","","1","10.3390/jrfm19010016","https://www.scopus.com/pages/publications/105028785583?origin=resultslist","This study examines the determinants of food price inflation in Morocco using a comprehensive econometric framework based on an Autoregressive Distributed Lag (ARDL) model. Relying on monthly data and controlling for major structural shocks, the analysis captures both the short-run dynamics and long-run equilibrium relationships between food prices and key macroeconomic, external, and climatic variables. The estimation results reveal strong inflation inertia, indicating that past food prices are the most significant driver of current price changes. External cost variables, including the nominal effective exchange rate, world oil prices, and international cereal prices, are mostly insignificant in the short run, suggesting a muted and delayed pass-through. Import volumes exert a marginal but lagged effect, while rainfall emerges as a consistent determinant, highlighting Morocco’s structural vulnerability to climatic variability. The error-correction term is negative and significant, confirming the existence of a stable long-run relationship. Long-run estimates show that oil prices and precipitation remain relevant drivers of food price dynamics, whereas the exchange rate appears largely neutral, reflecting the impact of subsidies, managed exchange rate arrangements, and domestic supply-chain characteristics. Nonlinear NARDL estimations provide no evidence of asymmetric exchange rate pass-through. The findings underscore some policy recommendations to enhance agricultural resilience, strengthen climate adaptation, and improve supply-chain efficiency for food price stability. © 2025 by the authors.","ARDL model; asymmetry; exchange rate passthrough; food consumer price; inflation; Morocco","","Article","Final","All Open Access; Hybrid Gold Open Access","Scopus","2-s2.0-105028785583"
"Bou Zakhem N.","Bou Zakhem, Najib (57883875300)","57883875300","The Impact of Human Capital Development Programs on Employee Performance and Well-Being Amid Lebanon’s Crisis: The Role of Work–Family Conflict and Employee Resilience","2026","Administrative Sciences","16","7","324","","","0","10.3390/admsci16070324","https://www.scopus.com/pages/publications/105045897224?origin=resultslist","The study examines the role of Human Capital Development Programs in helping employees cope with Work–Family Conflict and maintain performance and wellbeing in the context of Lebanon’s long poly-crisis post COVID-19. In a climate of economic downturn, inflation, organizational uncertainty, and social unrest, SMEs face greater pressure to protect both productivity and employee well-being. The study tests the proposed model using SEM-PLS based on data from 209 employees in Lebanese SMEs. The results show that human capital development programs have a significant negative association with work–family conflict, and the latter has a significant negative association with employee performance and employee wellbeing. Additionally, employee resilience also weakens the negative relationship between work–family conflict and employee performance, highlighting the protective role of resilience in crisis conditions. The study contributes to the human resource management and work–family literature by positioning developmental HR practices and resilience as critical resources in crisis-prone environments. The results are practically useful for the Lebanese SMEs in designing employee-oriented strategies that promote adaptability, well-being, and organizational continuity. © 2026 by the author.","employee performance; employee resilience; employee well-being; human capital development programs; poly-crisis; post-pandemic; work–family conflict","","Article","Final","All Open Access; Gold Open Access","Scopus","2-s2.0-105045897224"
"Li C.; Zhang W.; Huang X.; Zhang J.F.","Li, Chenggang (51665057100); Zhang, Wanyue (58170159300); Huang, Xing (59257306100); Zhang, John F. (57660778400)","51665057100; 58170159300; 59257306100; 57660778400","Geopolitical risks, institutional environment, and food price inflation","2025","Applied Economics","57","42","","6753","6773","9","10.1080/00036846.2024.2386853","https://www.scopus.com/pages/publications/85201044127?origin=resultslist","This study investigates the relationship between heightened geopolitical risks and food price inflation using a panel data model that includes 33 countries from 2001 to 2020. Key findings show that geopolitical risks significantly raise the level of food price inflation, with a more pronounced effect observed in developing countries, and a reduced effect in countries characterized by high levels of individualism and masculinity. Furthermore, the effect of geopolitical risks on food inflation is moderated during economic booms and amid climate change concerns. In addition, we find that countries with strong connections to major food producers experience less impact from geopolitical risks. The study concludes that geopolitical risks are a crucial factor in food price inflation, particularly for vulnerable countries, suggesting that they should incorporate geopolitical considerations into their economic policies and strengthen ties with major food producers to mitigate this risk. © 2024 The Author(s). Published by Informa UK Limited, trading as Taylor & Francis Group.","fixed-effects regression; food price inflation; Geopolitical risk; national culture","economic policy; food market; geopolitics; inflation; panel data; political economy; price dynamics; regression analysis","Article","Final","All Open Access; Green Open Access; Hybrid Gold Open Access","Scopus","2-s2.0-85201044127"
"Urom C.; Guesmi K.; Abid I.; Enwo-Irem I.N.","Urom, Christian (57204103484); Guesmi, Khaled (41960904000); Abid, Ilyes (55557898200); Enwo-Irem, Immaculata Nnenna (56004941800)","57204103484; 41960904000; 55557898200; 56004941800","Co-inventions, uncertainties and global food security","2022","Environmental Economics and Policy Studies","","","","","","6","10.1007/s10018-022-00347-9","https://www.scopus.com/pages/publications/85134493253?origin=resultslist","This paper examines the effects of international collaborative efforts on climate-friendly agricultural technologies on global food security. In particular, we use patent data on environmental technological innovations for OECD countries and global food prices from the period 1990 to 2016. Also, we investigate the impact of uncertainties in weather conditions in terms of rising global temperature created by climate change using data on global surface temperature from the Energy Information Administration and the Goddard Institute for Space Studies (GISS) Surface Temperature Analysis of the National Aeronautics and Space Administration (NASA). We used both impulse response functions and variance error decomposition from a panel Vector Auto-Regressive (VAR) model to examine both the response of global food prices to shocks on the concerned variables and the decomposition of error variance in global food prices. First, our results show that international collaborative efforts on climate-friendly agricultural technologies reduce global food prices while increasing global surface temperature increases food prices. Regarding the variance decomposition of global food prices, results show that surface temperature followed by international collaborations in climate-friendly innovations and other environment-related technologies are the main drivers of forecast error variance in global food prices. The food price variance share associated with greenhouse gas emissions is less when compared to that of technological innovations. © 2022, Society for Environmental Economics and Policy Studies.","Agriculture; Carbon Emissions; Climate change; Food security; Innovation; International collaboration; Panel VAR; Uncertainty","","Article","Article in press","All Open Access; Bronze Open Access; Green Open Access","Scopus","2-s2.0-85134493253"
"Huynh T.D.; Li M.","Huynh, Tan Dat (60030851400); Li, Mengheng (57205296977)","60030851400; 57205296977","Not all Temperature Shocks are Alike: Disentangling Heat and High Temperature Shocks and Their Effects on Inflation in Australia","2026","Economic Record","102","338","","323","349","0","10.1111/1475-4932.70054","https://www.scopus.com/pages/publications/105040350835?origin=resultslist","We study the effects of heat and high temperature shocks on inflation in Australia using monthly, state-level temperature anomaly data via two stages. In the first stage, we decompose temperature anomalies into orthogonal components using a structural vector autoregression with long-run restrictions. We justify the decomposition by establishing its equivalence to a spectral projection operator from a linearised singularly perturbed system, formally linking the decomposition to timescale separation in climate science. In the second stage, we estimate the dynamic effects of these shocks on inflation using smooth local projections. We find that both types of temperature shocks significantly influence inflation, with heterogeneous effects across categories, states and seasons, highlighting the macroeconomic importance of distinct modes of climate variability. © 2026 The Author(s). Economic Record published by John Wiley & Sons Australia, Ltd on behalf of Economic Society of Australia.","","","Article","Final","All Open Access; Hybrid Gold Open Access","Scopus","2-s2.0-105040350835"
"Cai Y.; Chang H.W.; Chang T.; Țăran A.-M.; Pirtea M.","Cai, Yifei (57201155369); Chang, Hao Wen (58125939100); Chang, Tsangyao (35095061300); Țăran, Alexandra-Mădălina (57580306400); Pirtea, Marilen (36180146900)","57201155369; 58125939100; 35095061300; 57580306400; 36180146900","Time-varying causal impacts of the continental US weather risks on food price","2024","Applied Economics Letters","31","14","","1298","1304","2","10.1080/13504851.2023.2186344","https://www.scopus.com/pages/publications/85149850974?origin=resultslist","[No abstract available]","food price; granger causality; time-varying; Weather risks","United States; food market; Granger causality test; price dynamics; risk assessment; weather","Article","Final","","Scopus","2-s2.0-85149850974"
"Abril-Salcedo D.S.; Melo-Velandia L.F.; Parra-Amado D.","Abril-Salcedo, Davinson Stev (57189660754); Melo-Velandia, Luis Fernando (13612565800); Parra-Amado, Daniel (56449265900)","57189660754; 13612565800; 56449265900","Impacts of weather anomalies on food prices in Colombia; [Impactos de los fenómenos climáticos sobre el precio de los alimentos en Colombia]","2016","Ensayos Sobre Politica Economica","34","80","","146","158","11","10.1016/j.espe.2016.03.003","https://www.scopus.com/pages/publications/84973889760?origin=resultslist","This paper estimates the impacts of weather conditions on Colombian food inflation growth. Generalized impulse response functions were used for a smooth transition non-linear model that includes food inflation and the sea surface temperature index (SST v3.4). In this study, data were obtained from the monthly period between June 1995 and May 2015. Results suggest that the weather shocks are transitory and asymmetric. In particular, a strong and positive shock has a significant effect on the food inflation growth and produces a 72,5 and 100 bases points increment four and five months later, respectively. © 2016 Banco de la República de Colombia","Food prices index; Non-linear smooth transition models; Weather anomalies","","Article","Final","All Open Access; Bronze Open Access","Scopus","2-s2.0-84973889760"
"Kan I.; Reznik A.; Kaminski J.; Kimhi A.","Kan, Iddo (7004267820); Reznik, Ami (57193264474); Kaminski, Jonathan (36731249100); Kimhi, Ayal (6604040991)","7004267820; 57193264474; 36731249100; 6604040991","The impacts of climate change on cropland allocation, crop production, output prices and social welfare in Israel: A structural econometric framework","2023","Food Policy","115","","102311","","","20","10.1016/j.foodpol.2022.102311","https://www.scopus.com/pages/publications/85134780117?origin=resultslist","We propose a model that simulates climate change impacts on crop production and food prices under partial equilibrium. Our model incorporates a system of Laspeyres price and quantity indices that link structurally estimated community-level produce supply functions to market level demand functions. The supply estimation accounts for corner solutions associated with disaggregate land use observations and is constrained to reproduce aggregate supply data. We use the model to assess climate change impacts in Israel, which protects local agriculture by import tariffs and quotas. The simulation results vary greatly when we allow prices to change as a response to supply changes, highlighting the importance of endogenizing prices in climate change simulations. The results imply that climate changes projected for Israel are expected to be beneficial to farmers, particularly due to the positive impact of the forecasted large temperature rise on field crop production. Fruit outputs are projected to decline, and reduce consumer surplus, but to a lower extent than the increase in total agricultural profits. Nearly 20% of the profit rise is attributed to farmers’ adaptation through land reallocation. Adaptation to the projected reduction in precipitation by increasing irrigation is found to be warranted from the farmers’ perspective; however, it is not beneficial to society as a whole. Abolishing import tariffs effectively transfers surpluses from producers to consumers, but the impact of this policy on social welfare is relatively modest. © 2022 Elsevier Ltd","Adaptation; Agricultural land use; Agricultural support policy; Climate change; Structural analysis","Israel; adaptive management; agricultural land; agricultural policy; climate change; climate effect; crop production; econometrics; land use; price dynamics; welfare impact","Article","Final","","Scopus","2-s2.0-85134780117"
"Abasi F.; Raja N.I.; Mashwani Z.R.; Amjad M.S.; Ehsan M.; Mustafa N.; Mehmood A.; Ali K.","Abasi, Fozia (57219510024); Raja, Naveed Iqbal (35345554400); Mashwani, Zia ur Rehman (55318032500); Amjad, Muhammad Shoaib (9732423800); Ehsan, Maria (57209690254); Mustafa, Nilofar (57223024620); Mehmood, Ansar (55951590300); Ali, Kishwar (57999021000)","57219510024; 35345554400; 55318032500; 9732423800; 57209690254; 57223024620; 55951590300; 57999021000","A paradigm shift in sustainable use of natural resources and their ecosystem services","2023","Water, Land, and Forest Susceptibility and Sustainability: Insight Towards Management, Conservation and Ecosystem Services: Volume 2:  Science of Sustainable Systems","2","","","3","31","0","10.1016/B978-0-443-15847-6.00013-6","https://www.scopus.com/pages/publications/85160806516?origin=resultslist","The sustainable development of natural resources along with interconnected crises of climate change, economic recession, food insecurity, increasing fuel consumption, and inflation in commodity prices have become hot burninign issue from last few decades, which have the greatest and most devastating impact on society's poor families. The theme of this chapter is to focus on the global issues of sustainable development, including knowledge of the interconnected crises in climate, energy, economy, poverty, and social injustice. This book chapter examines how practical science can be applied to real-world conservation and development problems to interpret natural resource management for those who must manage complex natural resource systems. It includes a significantly extended discussion of ecosystem assessment in which poverty, education, tradiation and other factors remains central concern to sustainable development. Finding solutions to and prevention of these crises necessitate interconnected and interdisciplinary thinking, which is also at the heart of sustainable development. The chapter takes a fresh look at the problem of attaining lower-carbon growth, climate adaptation, and the consequences for the long-term development of rapidly expanding economies. It investigates how these concerns are prompting serious reconsideration of what sustainable development is, what it should be, and how sustainable development policies and processes are being reassessed. It provides a concise, well-illustrated, and understandable introduction to the challenges and prospects of sustainable development, with a focus on developing countries. © 2023 Elsevier Inc. All rights reserved.","Challenges; Covid-19; Ecosystem services and sustainability; Global warming; Natural resources; Sustainable development goals","","Book chapter","Final","","Scopus","2-s2.0-85160806516"
"Siddig K.; Stepanyan D.; Wiebelt M.; Grethe H.; Zhu T.","Siddig, Khalid (55367700500); Stepanyan, Davit (57212343002); Wiebelt, Manfred (23468070500); Grethe, Harald (16039391100); Zhu, Tingju (8860028600)","55367700500; 57212343002; 23468070500; 16039391100; 8860028600","Climate change and agriculture in the Sudan: Impact pathways beyond changes in mean rainfall and temperature","2020","Ecological Economics","169","","106566","","","74","10.1016/j.ecolecon.2019.106566","https://www.scopus.com/pages/publications/85076472556?origin=resultslist","Sudan is a country with a predominantly rainfed agriculture which is a major contributor to GDP, foreign exchange earnings, and livelihoods. However, with current and projected environmental changes on the horizon there is an urgent need to measure and analyze the impact of these changes. This study analyzes the economy-wide impacts of climate change and consults national policy plans, strategies, and environmental assessments to identify interventions for mitigating the effects. We feed climate forcing data, projected water demand, and macro-socioeconomic trends into a modeling suite, which includes models for global hydrology, river basin management, water stress, and crop growth. This modeling suite provides us with annual crop yields and global food prices under various climate change scenarios until 2050. The effects from climate change are assessed by using a single country dynamic CGE model for the Sudan. Additionally, we introduce yield variability into the CGE model based on stochastic shocks of crop yields until 2050. The results reveal that extreme negative variability could cost the Sudan cumulatively US$ 105.5 billion in GDP between 2018 and 2050 compared to a baseline scenario without climate change. © 2019 Elsevier B.V.","Climate variability; Global climate change; Interventions; Local yield changes; The Sudan","Sudan; United States; agrometeorology; climate change; climate forcing; global climate; rainfed agriculture; river basin; temperature profile; yield response","Article","Final","","Scopus","2-s2.0-85076472556"
"Zouabi O.; Dimou M.","Zouabi, Oussama (56716368200); Dimou, Michel (25929826200)","56716368200; 25929826200","The impact of climate change on inflation in Tunisia: evidence from the asymmetric NARDL model","2025","Environmental Economics and Policy Studies","27","4","","643","659","3","10.1007/s10018-024-00398-0","https://www.scopus.com/pages/publications/85186183731?origin=resultslist","This paper aims to examine the relationship between climate shocks and agri-food and overall inflation in Tunisia for the period 1985–2000. Climate shocks represent extreme weather phenomena such as droughts, heat waves, and floods To address this question, the paper uses an extensive Nonlinear Autoregressive Distributed Lag (NARDL) model that incorporates a Pesaran cointegration test, enabling the exploration of potential asymmetric effects stemming from positive and negative climate shocks on both general and agri-food inflation in the short and the long run. The key findings of the paper indicate that positive temperature shocks exert a significant inflationary impact on all agricultural products, the food industry, and, more broadly, the entire Tunisian economy, both in the short and long term. Conversely, a sudden shortage in rainfall does not significantly affect either agricultural or food prices, nor does it influence the general price index. This result is rather unexpected since long-term rainfall trends significantly affect agricultural production, emphasizing the importance of appropriate agricultural policies such as irrigation. © Society for Environmental Economics and Policy Studies 2024.","Climate inflation; Climate shocks; NARDL model; Tunisia","","Article","Final","All Open Access; Green Open Access","Scopus","2-s2.0-85186183731"
"Diluiso F.; Annicchiarico B.; Kalkuhl M.; Minx J.C.","Diluiso, Francesca (57208082189); Annicchiarico, Barbara (16021129900); Kalkuhl, Matthias (36646251800); Minx, Jan C. (8513127600)","57208082189; 16021129900; 36646251800; 8513127600","Climate actions and macro-financial stability: The role of central banks","2021","Journal of Environmental Economics and Management","110","","102548","","","122","10.1016/j.jeem.2021.102548","https://www.scopus.com/pages/publications/85117927543?origin=resultslist","Limiting global warming to well below 2 °C may pose threats to macroeconomic and financial stability. In an estimated Euro Area New Keynesian model with financial frictions and climate policy, we study the possible perils of a low-carbon transition and evaluate the role of monetary policy and financial regulation. We show that, even for very ambitious climate targets, transition costs are moderate along a timely and gradual mitigation pathway. Inflation volatility strongly increases for disorderly climate policy, demanding a strong monetary response by central banks. In reaction to an adverse financial shock originating in the fossil sector, a green quantitative easing policy can provide an effective stimulus to the economy, but its stabilizing properties do not significantly differ from those of market neutral asset purchase programs. A financial regulation, encouraging the decarbonization of the banks’ balance sheets via ad hoc capital requirements, can significantly reduce the severity of a financial crisis, but prolongs the recovery phase. Our results suggest that the involvement of central banks in climate actions must be carefully designed to be in compliance with their mandate and to avoid unintended trade-offs. © 2021 Elsevier Inc.","Capital requirements; Climate policy; Euro area; Green quantitative easing; Green transition; Monetary policy","Climate models; Commerce; Economic and social effects; Finance; Capital requirements; Central bank; Climate policy; Euro area; Financial regulations; Financial stability; Green quantitative easing; Green transitions; Macroeconomic stability; Monetary policies; climate change; environmental policy; financial crisis; global warming; monetary policy; numerical model; trade-off; Global warming","Article","Final","All Open Access; Green Open Access","Scopus","2-s2.0-85117927543"
"Liao W.; Sheng X.; Gupta R.; Karmakar S.","Liao, Wenting (57225905277); Sheng, Xin (57194850772); Gupta, Rangan (18037301200); Karmakar, Sayar (57212558094)","57225905277; 57194850772; 18037301200; 57212558094","Extreme weather shocks and state-level inflation of the United States","2024","Economics Letters","238","","111714","","","5","10.1016/j.econlet.2024.111714","https://www.scopus.com/pages/publications/85191341141?origin=resultslist","This study investigates the impact of a metric of extreme weather shocks on 32 state-level inflation rates of the United States (US) over the quarterly period of 1989:01 to 2017:04. In this regard, we first utilize a dynamic factor model with stochastic volatility (DFM-SV) to filter out the national factor from the local components of overall, non-tradable and tradable inflation rates, to ensure that the effect of regional climate risks is not underestimated, given the derived sizeable common component. Second, using impulse responses derived from linear and nonlinear local projections models, we find statistically significant increases in the state (and national) factor of overall inflation rates, with the aggregate effect being driven by the tradable sector relative to the non-tradable one, particularly across the agricultural states in comparison to the non (less)-agricultural ones. Our findings have important policy implications. © 2024 The Authors","Dynamic factor model with stochastic volatility; Extreme weather shocks; Impulse response functions; Inflation; Linear and nonlinear local projections; US States","","Article","Final","All Open Access; Green Open Access; Hybrid Gold Open Access","Scopus","2-s2.0-85191341141"
"Shahzad S.J.H.; Bouri E.; Ferrer R.","Shahzad, Syed Jawad Hussain (56365998900); Bouri, Elie (55270146400); Ferrer, Román (24490964500)","56365998900; 55270146400; 24490964500","Inflation expectations and climate concerns in the U.S. green versus traditional stock–bond nexus: A de-risking analysis","2026","Research in International Business and Finance","86","","103380","","","0","10.1016/j.ribaf.2026.103380","https://www.scopus.com/pages/publications/105033501554?origin=resultslist","This study examines how inflation expectations and climate change concerns influence the U.S. green stock-bond nexus compared to the traditional nexus, with a focus on the risk-mitigation role of green bonds in portfolios that combine clean energy stocks and green bonds. We first employ C-vine copulas to model the dependence structure between clean energy stocks and green bonds, explicitly conditioning on inflation expectations and climate change concerns to isolate their individual effects. We then quantify the de-risking capacity of green bonds under diverse macroeconomic and environmental conditions using a measure based on expected shortfall differences. To provide comparative insight, we assess the risk-reduction properties of U.S. conventional bonds in traditional stock-bond portfolios, highlighting differences between green and conventional market segments. Our empirical findings reveal that green bonds provided significant de-risking benefits for clean energy stocks until late 2021, especially during the early stages of the COVID-19 pandemic. The de-risking benefits declined sharply with the onset of the Russia-Ukraine conflict, due to rising inflationary pressures and increased geopolitical tensions. These findings underscore the conditional and context-dependent nature of green bonds’ defensive attributes, which are effective under normal market conditions but falter during severe macroeconomic and geopolitical turmoil. Climate change concerns do not materially influence the de-risking properties of conventional bonds, suggesting that climate-related risks have limited impact on the co-movement between U.S. conventional equity and bond markets. © 2026 The Authors.","C-vine copulas; Clean energy stocks; Climate change concerns; De-risking capacity; Green bonds; Long-term inflation expectations; Russia-Ukraine conflict","","Article","Final","All Open Access; Hybrid Gold Open Access","Scopus","2-s2.0-105033501554"
"Pradhan J.; Mahali S.; Behera S.","Pradhan, Jalandhar (13807664800); Mahali, Soumyanayani (58865768400); Behera, Sasmita (57220715685)","13807664800; 58865768400; 57220715685","Shaping like the tide: assessing the nonlinear association between agricultural imports and food security in East European countries","2025","Eurasian Economic Review","","","","","","0","10.1007/s40822-025-00334-x","https://www.scopus.com/pages/publications/105021435494?origin=resultslist","This study inspects the nexus between agricultural imports and food security in East European countries by controlling other crucial factors such as food price inflation, political stability, CO2 emissions, temperature, and precipitations from 2001 to 2021. In order to estimate the robust outcome in the presence of autocorrelation, heteroscedasticity, and cross-sectional dependency, the study used the Panel-corrected standard error model. Further, we analysed the nonlinear effect of agricultural imports on food security. The findings of the study revealed an inverted U-shaped relationship between agricultural import and food security, which indicates that agricultural imports initially enhance food security and, after a point, eventually deteriorate. Moreover, there is a positive relationship between food security and CO2 emission, political stability, temperature, and precipitation is also found in the present study, whereas food price inflation is negatively related to food security. Hence, to address short-term needs, policymakers should encourage the import of agricultural products while simultaneously focusing on long-term strategies such as prioritizing domestic production, improving agricultural productivity, and promoting sustainable farming in order to achieve self-sufficiency in their respective countries. © The Author(s) under exclusive licence to Eurasia Business and Economics Society 2025.","Agricultural import; Climate change; East Europe; Food security; Political stability","","Article","Article in press","","Scopus","2-s2.0-105021435494"
"Wiebelt M.; Breisinger C.; Ecker O.; Al-Riffai P.; Robertson R.; Thiele R.","Wiebelt, Manfred (23468070500); Breisinger, Clemens (14826479400); Ecker, Olivier (14826597500); Al-Riffai, Perrihan (55549063100); Robertson, Richard (57381244000); Thiele, Rainer (23037426200)","23468070500; 14826479400; 14826597500; 55549063100; 57381244000; 23037426200","Compounding food and income insecurity in Yemen: Challenges from climate change","2013","Food Policy","43","","","77","89","22","10.1016/j.foodpol.2013.08.009","https://www.scopus.com/pages/publications/84884159658?origin=resultslist","This paper provides a model-based assessment of local and global climate change impacts for the case of Yemen, focusing on agricultural production, household incomes and food security. Global climate change is mainly transmitted through rising world food prices. Our simulation results suggest that climate change induced price increases for food will raise agricultural GDP while decreasing real household incomes and food security. Rural non-farm households are hit hardest as they tend to be net food consumers with high food budget shares, but farm households also experience real income losses given that many of them are net buyers of food. The impacts of local climate change are less clear given the ambiguous predictions of global climate models (GCMs) with respect to future rainfall patterns in Yemen. Local climate change impacts manifest itself in long term yield changes, which differ between two alternative climate scenarios considered. Under the MIR scenario, agricultural GDP is somewhat higher than with perfect mitigation and rural incomes rise due to higher yields and lower prices for sorghum and millet. Under the CSI scenario, positive and negative yield changes cancel each other out. As a result, agricultural GDP and household incomes hardly change compared to perfect mitigation. © 2013 Elsevier Ltd.","Agricultural productivity; Climate change; Food security; Growth; Middle East and North Africa; Yemen","Yemen; agricultural production; climate change; climate effect; food security; food supply; Gross Domestic Product; household income; income distribution; model test; social security","Article","Final","","Scopus","2-s2.0-84884159658"
"Psalidopoulos M.","Psalidopoulos, Michalis (10641917500)","10641917500","Dictatorial rule and macroeconomic management: Greece, 1967–1974","2024","Giving Credit to Dictatorship: Authoritarian Regimes and Financial Capitalism in Europe during the Twentieth Century","","","","158","171","0","10.4324/9781032656199-10","https://www.scopus.com/pages/publications/85212730306?origin=resultslist","Greece, an independent country since 1830 and a constitutional monarchy since 1843, and up to 1974 (with a republican interval between 1923 and 1935), experienced political instability quite often in its history. During six months in 1926 and for four years between 1936 and 1940, dictatorial rule was imposed to control social tensions and economic dead ends. Then, after the Second World War and a civil war from 1946 to 1949 leading to the defeat of the communist camp, a good economic performance started brewing. At first British and later American financial assistance supported the healing of the wounds of World War II and civil war, followed by a successful currency devaluation in 1953. The political right ruled the country after the 1952 elections. The rates of growth were high and inflation was low for the next decade. The political climate however remained tense with the Center Union government winning the 1963 elections. Two years later, a clash between the Prime Minister and the King erupted, with the latter overstepping his jurisdiction and trying to impose a new political order in the country. This led political turbulence and instability to reach new heights that finally led to the imposition of a military dictatorship in April 1967. In October 1973, the junta attempted to transition to a controlled “democratic” regime with the consequence of internal fighting between military fractions and a change of dictatorial guards. The winners of this fight provoked six months later a political crisis in Cyprus that led to Turkey invading that island. In the wake of this crisis, the military regime collapsed in July 1974. © 2025 selection and editorial matter, Valerio Torreggiani and José Luís Cardoso; individual chapters, the contributors. All rights reserved.","","","Book chapter","Final","","Scopus","2-s2.0-85212730306"
"Lopes J.M.; Suchek N.; Gomes S.","Lopes, João M. (57202288440); Suchek, Nathalia (57223857888); Gomes, Sofia (36983012600)","57202288440; 57223857888; 36983012600","The antecedents of sustainability-oriented entrepreneurial intentions: An exploratory study of Angolan higher education students","2023","Journal of Cleaner Production","391","","136236","","","90","10.1016/j.jclepro.2023.136236","https://www.scopus.com/pages/publications/85147259572?origin=resultslist","Currently, economic recovery is being affected by the consequences of the Covid-19 pandemic, climate shocks, logistical interruptions in the supply of goods, global inflation, and rising commodity prices due to the war in Ukraine. By proposing a new modified conceptual model of the Theory of Planned Behavior (TPB) oriented toward sustainability, this study aims to analyze, in an exploratory way, the influence of three new antecedents (propensity to take risks, perceived creativity, and proactive personality) on the dimensions of TPB and the sustainable entrepreneurial intention of Angolan students. A quantitative methodology was used by applying the Partial Least Square (PLS) method to a sample of 308 responses from Angolan students attending higher education in Angola. The results show that the TPB dimensions positively influence the sustainability-oriented entrepreneurial intentions of students in Angola. Furthermore, the dimensions of the TPB may have as antecedents and, therefore, be explained by the risk-taking propensity, the proactive personality, and the perceived creativity, positively influencing the dimensions of the TPB and stimulating the sustainable entrepreneurial intention in Angola. We demonstrate through an extended TPB model that there are antecedents of TPB that can be learned and stimulated, positively influencing entrepreneurial intention and, as such, entrepreneurial activity in Angola. Thus, these results are particularly interesting for policymakers, higher education institutions, and students. This study proposes a new conceptual model oriented towards sustainable entrepreneurship that includes the TPB dimensions and three new personality factors as antecedents. In this work, we intend to contribute to accelerating economic growth in Angola, stimulating entrepreneurial activity, and simultaneously contributing to achieving the sustainable development goals set out in the 2030 Agenda. © 2023 The Author(s)","Perceived creativity; Proactive personality; Risk-taking propensity; Sustainability-oriented entrepreneurial intentions (SOEI); Sustainable entrepreneurship; Theory of planned behavior (TPB)","Economics; Education computing; Least squares approximations; Risk management; Students; Conceptual model; Higher education students; Perceived creativities; Proactive personality; Risk taking; Risk-taking propensity; Sustainability-oriented entrepreneurial intention; Sustainable entrepreneurship; Theory of planned behavior; Sustainable development","Article","Final","All Open Access; Green Open Access; Hybrid Gold Open Access","Scopus","2-s2.0-85147259572"
"Bordoff J.","Bordoff, Jason (56479300500)","56479300500","AMERICA’S LANDMARK CLIMATE LAW The Inflation Reduction Act must spur virtuous competition, not vicious protectionism","2022","Finance and Development","59","4","","35","37","1","","https://www.scopus.com/pages/publications/85144227327?origin=resultslist","[No abstract available]","","","Note","Final","","Scopus","2-s2.0-85144227327"
"Sternberg T.","Sternberg, Troy (23490457800)","23490457800","Chinese drought, bread and the Arab Spring","2012","Applied Geography","34","","","519","524","130","10.1016/j.apgeog.2012.02.004","https://www.scopus.com/pages/publications/84858737407?origin=resultslist","In 2011 winter drought in eastern China's wheat-growing region had significant implications beyond the country's borders. Potential crop failure due to drought led China to buy wheat on the international market and contributed to a doubling of global wheat prices; the resultant price spikes had a serious economic impact in Egypt, the world's largest wheat importer, where bread prices tripled. Quantifying the 2011 drought in China's wheat region with the Standard Precipitation Index identified extreme drought across the region that peaked in January 2011. Findings document the spatial extent and severity of the drought as the most serious on record and explain China's efforts to minimize the 2011 drought's domestic impact. The country's mitigation efforts had repercussions in Egypt where high food prices were a contributory factor to civil unrest. Tracking the drought – wheat price rise – protest trajectory suggests the potential direct and indirect links between natural hazards, food security and political stability at local and global scales. © 2012 Elsevier Ltd","Arab spring; Bread; China; Drought; Egypt; Standard precipitation index; Wheat","Triticum aestivum","Note","Final","","Scopus","2-s2.0-84858737407"
"Lucidi F.S.; Pisa M.M.; Tancioni M.","Lucidi, Francesco Simone (57225217478); Pisa, Marta Maria (59152648300); Tancioni, Massimiliano (24529279900)","57225217478; 59152648300; 24529279900","The effects of temperature shocks on energy prices and inflation in the Euro Area","2024","European Economic Review","166","","104771","","","14","10.1016/j.euroecorev.2024.104771","https://www.scopus.com/pages/publications/85194962264?origin=resultslist","This paper traces the existence of an energy transmission channel of temperature anomalies to Euro-Area inflation. We show that, on average, warmer temperature shocks elicit a negative energy demand shift, exerting moderate deflationary pressure. By looking into several asymmetries and macroeconomic indicators, we rationalize that evidence as signaling that the “turn-off-heating” effect in Europe outweighs the “turn-on-cooling”. This result becomes clearer when energy market responses are decomposed into gas and electricity components. Weak inflationary effects from non-energy items are at play when the shock hits during warm seasons. A persistent inflationary tendency manifests when food and energy prices rise, an outcome emerging only when negative anomalies – cold spells – hit. These findings shed new light on monitoring price stability due to global warming. © 2024 Elsevier B.V.","Climate change; Energy market; Euro Area; Inflation; Local projections; Macroeconomics; Temperature shock","Europe; climate change; energy market; inflation; local economy; macroeconomics; price dynamics; temperature effect","Article","Final","","Scopus","2-s2.0-85194962264"
"Chavleishvili S.; Moench E.","Chavleishvili, Sulkhan (57225136396); Moench, Emanuel (24485254200)","57225136396; 24485254200","Natural disasters as macroeconomic tail risks","2025","Journal of Econometrics","247","","105914","","","8","10.1016/j.jeconom.2024.105914","https://www.scopus.com/pages/publications/85211038077?origin=resultslist","We introduce quantile and moment impulse response functions for structural quantile vector autoregressive models. We use them to study how climate-related natural disasters affect the predictive distribution of output growth and inflation. Disasters strongly shift the forecast distribution particularly in the tails. They result in an initial sharp increase of the downside risk for growth, followed by a temporary rebound. Upside risk to inflation increases markedly for a few months and then subsides. As a result, natural disasters have a persistent impact on the conditional variance and skewness of macroeconomic aggregates which standard linear models estimating conditional mean dynamics fail to match. We perform a scenario analysis to evaluate the hypothetical effects of more frequent large disasters on the macroeconomy due to increased atmospheric carbon concentration. Our results indicate a substantially higher conditional volatility of growth and inflation as well as increased upside risk to inflation particularly in a scenario where only currently pledged climate policies are implemented. © 2024","Counterfactual distribution forecasts; Disaster scenario analysis; Quantile vector autoregression","Counterfactual distribution forecast; Counterfactuals; Disaster scenario; Disaster scenario analyze; Impulse response functions; Natural disasters; Quantile vector autoregression; Scenarios analysis; Vector autoregressions; Vector autoregressive model; Inflation","Article","Final","All Open Access; Hybrid Gold Open Access","Scopus","2-s2.0-85211038077"
"Gallagher K.P.; Ramos L.; Were A.; Marques M.Z.","Gallagher, Kevin P (57212620109); Ramos, Luma (57404952200); Were, Anzetse (59495820000); Marques, Marina Zucker (59495415600)","57212620109; 57404952200; 59495820000; 59495415600","Debt Distress and Climate-Resilient Development in Sub-Saharan Africa","2024","Journal of African Economies","33","","","ii8","ii25","9","10.1093/jae/ejae028","https://www.scopus.com/pages/publications/85213713066?origin=resultslist","Due to multiple external shocks since the outbreak of COVID-19 in the world economy, SSA is facing acute debt distress and new highs in the cost of foreign capital at exactly the time it needs to mobilise a stepwise level of financing to invest in human, physical and natural capital to meet the region's development and climate goals for the 21st Century. This paper outlines the relative levels of sovereign external debt and service payments between now and 2030 for SSA countries. We calculate the fiscal space level left to meet climate and development financing needs during the same period. The region cannot meet those pressing needs without new forms of liquidity, concessional and grant finance to complement and bend down the cost of capital and comprehensive debt relief. We find that Summary: - >External debt in SSA has more than tripled since 2008, experiencing the largest increase in debt and the largest increase in debt-to fiscal revenue in the developing world - as capital costs have hit new highs.Multilateral Development Banks (MDBs) and private bondholders represent 60% of the region's external debt, with roughly equal shares of 30%. China and the Paris Club are owed 12 and 5%.Sub-Saharan's external debt service is the equivalent to 93% of the average country's climate financing needs, and only ten countries in the region have the borrowing space to finance those needs.The region urgently needs new forms of liquidity, concessional and grant-based development finance that catalyses low-cost private finance; and for those countries in debt distress significant debt relief across all creditor classes that is aligned with the Paris Agreement and Sustainable Development Goals.MDBs will need to provide between $2.4 and $34.5 billion in relief in a manner that does not harm their preferred creditor status or crediting ratings, or the burden of reduction by the private sector and official creditors will be immense. Sub-Saharan Africa's debt distress is in large part a function of external shocks of which the region had no control - such as COVID-19, the war in Ukraine, climate shocks, the globalisation of inflation from advanced economies and advanced economy interest rate hikes. Moreover, the region is responsible for roughly one half of 1% of cumulative carbon dioxide emissions and bares the highest level of the costs of climate change itself (IMF, 2017; Moss, 2020). Given the lack of voice and representation that the region has in the international economic architecture, advanced economies must lead. Further inaction will not only inflict material damage globally in the form of climate change and lost market opportunities, but also further erode the legitimacy of the architecture itself. © 2024 The Author(s).","African development; climate change; debt distress","Sub-Saharan Africa; carbon emission; climate change; COVID-19; credit provision; debt; environmental policy; finance; mental disorder; private sector; Sustainable Development Goal; war","Article","Final","All Open Access; Hybrid Gold Open Access","Scopus","2-s2.0-85213713066"
"Chand R.","Chand, Ramesh (55420767100)","55420767100","Understanding the nature and causes of food inflation","2010","Economic and Political Weekly","45","9","","10","13","40","","https://www.scopus.com/pages/publications/84859403644?origin=resultslist","The main reason for the current surge in food prices is the supply shock due to the drought in 2009 and the carry-over effect of the low growth of food production in 2008-09. As the frequency of such shocks is expected to rise, India needs to have an effective food management strategy to deal with these episodes. It also needs to explore various other options for price stabilisation like maintaining buffer stocks and using trade. The economy has to invest heavily in expanding storage capacity for various types of foods in both the public as well as private sectors. Due to fluctuations in growth, the export of some commodities in one or two years is followed by their imports, which invariably involves a large variation in costs and prices. As India is a net exporter of food, a part of what is now exported needs to instead become part of domestic stabilisation stocks.","","","Article","Final","","Scopus","2-s2.0-84859403644"
"Jacobsen B.; Cheng E.; Lee W.","Jacobsen, Brian (21734770500); Cheng, Eddie (57205442818); Lee, Wai (55509847300)","21734770500; 57205442818; 55509847300","Climate Change and Asset Allocation: A Distinction That Makes a Difference","2021","Journal of Portfolio Management","47","4","","123","134","8","10.3905/JPM.2021.1.218","https://www.scopus.com/pages/publications/85103233257?origin=resultslist","It has become generally accepted that climate change affects economic variables such as growth and inflation. Via these economic channels, it is likely that climate change will also affect asset returns and risks. The authors provide evidence-based estimates of what these effects are and discuss how to incorporate climate change to build portfolios that are robust to a variety of climate change scenarios.  Copyright 2021 Pageant Media Ltd.","Esg investing; Portfolio construction; Risk management; Tail risks","","Article","Final","","Scopus","2-s2.0-85103233257"
"Naimoğlu M.","Naimoğlu, Mustafa (57262153400)","57262153400","Macroeconomic variables, climate change and sustainability","2025","Encyclopedia of Monetary Policy, Financial Markets and Banking","","","","V2:225","V2:232","0","10.1016/B978-0-44-313776-1.00193-8","https://www.scopus.com/pages/publications/105028814549?origin=resultslist","Climate change has notably elevated global GDP growth and energy consumption due to population surge, increased labor, exports, and energy losses. Despite technological strides, heavy dependence on fossil fuels (79.94% in 2020) amplifies CO2 emissions and temperatures, while renewable-nuclear energy constitute only 10.10%. Urgent action on climate change is vital for a sustainable future. The study assesses macroeconomic influences, highlighting GDP, employment, and natural resources' impact on sustainability. It underscores inflation's predominantly adverse effect. Government spending can bolster climate initiatives, but reduced expenditure might impede sustainability. International trade affects technology transfer and sustainability, but its decline poses multifaceted effects. © 2025 Elsevier Inc. All rights are reserved, including those for text and data mining, AI training, and similar technologies.","Climate change; Employment; Growth; Inflation; International trade; Natural resources; Public expenditures; Sustainability","Climate change; Data mining; Fossil fuels; Growth (materials); Inflation; Natural environment; Sustainable development; Technology transfer; Adverse effect; CO2 emissions; Energy; Energy-consumption; GDP growth; Government spending; Macroeconomic variables; Natural resource impacts; Public expenditures; Renewables; Employment; International trade","Book chapter","Final","","Scopus","2-s2.0-105028814549"
"van der Eng P.","van der Eng, Pierre (57208998872)","57208998872","Pakistan's Economy: Fallout of 2022 Economic Distress Magnified the Need for Structural Reforms","2025","Asian Economic Policy Review","20","1","","128","146","11","10.1111/aepr.12486","https://www.scopus.com/pages/publications/85198698418?origin=resultslist","This present paper discusses the main issues gripping Pakistan's economy. It takes a long-term perspective to indicate that several economic issues are structural, going back at least 60 years. The present paper substantiates that Pakistan's current issues were aggravated during 2022, particularly by the damage caused by large scale floods. Government relief efforts increased budget deficits, public debt, and inflation. Crop failures dampened export earnings, increased the current account deficit and added urgency to the need to mobilize foreign exchange for foreign debt servicing during 2023. In 2024, resolving foreign debt servicing obligations is the touchstone for achieving macroeconomic stability and initiating reforms to change structural factors inhibiting Pakistan's economic growth. © 2024 The Author(s). Asian Economic Policy Review published by John Wiley & Sons Australia, Ltd on behalf of Japan Center for Economic Research.","balance of payments; economy; foreign debt; IMF; N15; N45; O19; O53; Pakistan; structural reforms","","Review","Final","All Open Access; Green Open Access; Hybrid Gold Open Access","Scopus","2-s2.0-85198698418"
"Wessels J.","Wessels, Josepha (56650657600)","56650657600","The role of the Sudanese Professionals Association in the revolution of 2019 towards development and social change","2023","Strategic Communication Management for Development and Social Change: Perspectives from the African Region","","","","143","159","5","10.1007/978-3-031-41401-5_8","https://www.scopus.com/pages/publications/85195004498?origin=resultslist","In 2019, protesters led by the Sudanese Professionals Association (SPA) mobilized to ignite a revolution that dismantled decades of authoritarian rule. Over the past decade, scholarship of Communication for Development and Social Change (CDSC) and Strategic Communication Management (SCM) has had a blind spot for social change events that emerged outside of the professional fields of international development communication. The Sudanese Revolution, part of what is now called the 'second Arab Spring', is such a point in case. This chapter fills part of this scholarly gap and applies a generic CDSC and SDM framework on an empirical case of social movement communication in Sudan. The purpose of this chapter is thus to draw empirical insights on how the SPA communicated, organized, led the protests that led to the ongoing process of socio-political transformation in Sudan. The SPA prepared and developed national action plans and visions for the ongoing governance and sustainability challenges that face Sudan, such as corruption, inflation, extreme poverty, violence, climate change and famine. Insights from the Sudanese Revolution and the role of the SPA as a case-study, through the lenses of CDSC and SCM, will be valuable for further theoretical reflections on public participation, citizen engagement and strategic communication for social change. © The Author(s), under exclusive license to Springer Nature Switzerland AG 2024. All rights reserved.","","","Book chapter","Final","","Scopus","2-s2.0-85195004498"
"Hartmann M.; Herwartz H.","Hartmann, Matthias (54893342100); Herwartz, Helmut (6603405334)","54893342100; 6603405334","Did the introduction of the euro have an impact on inflation uncertainty? - An empirical assessment","2014","Macroeconomic Dynamics","18","6","","1313","1325","5","10.1017/S1365100512000971","https://www.scopus.com/pages/publications/84906222356?origin=resultslist","We compare inflation uncertainty in distinguished groups of economies. Results indicate that during the recent financial crisis the global inflation climate has become markedly more uncertain than previously. We document that in comparison to other economies, member states of the European Monetary Union are less exposed to inflation uncertainty. Three European Union members that are not part of the monetary union and five other OECD member economies serve as control groups. With regard to the quantification of inflation uncertainty, results are robust over a set of alternative estimates of the latent inflation risk processes. Copyright © Cambridge University Press.","Euro Introduction; Inflation Uncertainty; Monetary Policy Regimes; Uncertainty Measurement","","Article","Final","All Open Access; Green Open Access","Scopus","2-s2.0-84906222356"
"","","","India: The Clothing Manufacturers Association of India","2008","Euratex Bulletin","","1","","131","142","0","","https://www.scopus.com/pages/publications/47949083822?origin=resultslist","Indian economy is now experiencing stagnancy including the apparel industry. The gross domestic product which was expanding at over 9% will not increase beyond 7% mark in 2008 and Inflation rate will hover around 7% due to unusual weather conditions. Apparel's exports have been adversely affected by Rupee appreciation and domestic marketing is dependent on disposable income left after meeting high cost of food grains. The industry needs concentrating on high-processed garments and garment marketers will need to increase the share for clothing in disposable income from the present 5-7% to cover up the lost ground.","","Asia; Eurasia; India; South Asia; clothing industry; economic conditions; exports; clothing industry; export; inflation; manufacturing; marketing","Article","Final","","Scopus","2-s2.0-47949083822"
"Magio K.O.","Magio, Kennedy Obombo (57339263100)","57339263100","Climate change issues and the future of tourism","2026","Interdisciplinary Research Tourism, Sustainability, Law and Marketing","","","","61","72","0","10.4324/9781003500230-6","https://www.scopus.com/pages/publications/105037782037?origin=resultslist","Latin America and the Caribbean (LAC) is the most tourism-reliant region in the world (Fuinhas et al., 2020, Sheller, 2020), with fast-growing sectors of coastal and marine tourism; in countries like Mexico, beaches and coastlines are being rapidly developed, fueled by major infrastructural projects like the Maya Train in the Caribbean and an increasing number of resort and vacation home developers who see better returns on investment compared to other regions. The number and size of ports-of-call for cruise ships are also growing rapidly with huge investments from governments and major cruise lines like Royal Caribbean. After the recent pandemic, tourism in LAC recovered and grew at a faster rate than any other region in the world (Esnard et al., 2024). Approximately 50 million stayover visitors and cruise travelers – mostly from the two major source markets (United States and Canada) – visit the region each year (OECD, 2024). The continued, sustained growth of tourism in the region can only be achieved in the absence of major natural disasters or external shocks, yet this large-scale, sun-and-sand mass market has not been spared from the multi- or perma-crisis that characterizes today's world, that is, multiple interrelated disruptions occurring at the same time (Klyver & Nielsen, 2024): political instability and wars, climate change, pandemics and other diseases, inflation (rising cost of living – food and energy prices), natural disasters (wildfires and floods), biodiversity loss, and other ecological crises. © 2026 selection and editorial matter, Jun Wen, Metin Kozak, Joshua Aston and Wei Wang; individual chapters, the contributors.","","Climate change; Commerce; Costs; Disasters; Investments; Tourism; Cruise lines; Cruise ships; External shocks; Faster rates; Large-scales; Latin America and the Caribbean; Major natural disasters; Me-xico; Number and size; Returns on investment; Biodiversity","Book chapter","Final","","Scopus","2-s2.0-105037782037"
"Kargbo J.M.","Kargbo, Joseph M. (6603226553)","6603226553","Macro price shocks and nutrition in sub-Saharan Africa","2009","Emerging Topics in Macroeconomics","","","","251","274","0","","https://www.scopus.com/pages/publications/84892093712?origin=resultslist","Macro price shocks are a concern to the general public and policy makers because these price movements intensify inflationary pressures, increase the uncertainty confronting farmers and agribusiness firms with significant impacts on food security. The current spike in global food prices exceeds all previous records. Food prices increased 2-38 percent per year in Africa during the past three decades, whilst the price of crude oil has more than quadrupled since 2002. The food price increases are driven by several factors, including drought, low food stocks in global market, speculation, declining trends in agricultural production in low-income countries, increasing biofuel production, food demand and income growth in emerging markets. Food accounts for up to 73 percent of household expenditures in Africa. The combination of climate change, rising food and input prices, poor performance of domestic agriculture sector, and high population growth rates is creating significant food shortages in some African countries. Food is imported to bridge the gap between domestic demand and production, thereby, protecting consumption levels. Sub-Saharan Africa currently imports approximately 71.0 percent of its total food supply. Chronic hunger depletes people's ability for increased productivity and increases their susceptibility to diseases. Indeed, whilst high food prices may be good for farmers and food exporters, they could exercabate food insecurity for the poor who may not have access to food at affordable prices. We use five decades of annual data and a vector error correction model to examine the relationship between macro price shocks and nutrition in Africa. The model identifies and evaluates the strength of the linkages between variables which enables us to trace the dynamic responses in the system at different time horizons in reaction to specific shocks. The empirical results suggest that shocks to food prices, exchange rates and trade policies have significant impacts on nutrition, real incomes and per capita domestic food production. There are strong feedbacks amongst the variables and rapid adjustment towards long-run equilibrium levels after a shock in the system. This information is useful for the formulation of appropriate policies to solve the growing food problems in Africa. © 2009 by Nova Science Publishers, Inc. All rights reserved.","","","Book chapter","Final","","Scopus","2-s2.0-84892093712"
"Shevchenko O.; Tsyrfa I.; Serbina N.; Bozhkov A.; Bordun-Komar N.","Shevchenko, Olena (57224829571); Tsyrfa, Iuliia (56037575600); Serbina, Natalia (57483812700); Bozhkov, Andrii (58931129800); Bordun-Komar, Nataliia (59383748000)","57224829571; 56037575600; 57483812700; 58931129800; 59383748000","National strategies and international identity of EU, USA and China in the context of the fight against climate change","2025","Economics and Policy of Energy and the Environment","","1","","169","189","0","10.3280/EFE2025-001007","https://www.scopus.com/pages/publications/105010455966?origin=resultslist","The purpose of the study is to establish the role of climate change threat in shaping national strategies and foreign policy relations of the actors in international relations. The methods of the study include document analysis of international agreements and national legislation, case studies, and comparative analysis in the context of differences in approaches to climate communication. The results of the study demonstrate that the rhetoric of European Union officials and aspects of European climate strategies position the EU as a leader in adapting to climate threats. Climate communications within the United States are more focused on informing the population about climate change, while foreign policy environmental institutions aim to fully protect the country’s national interests. Moreover, considering that the industrial sector of the People’s Republic of China is a leader in greenhouse gas emissions, a substantial threat lies in the potential deviation from commitments under the Paris Agreement. Conversely, the United States government has demonstrated some of the most progressive actions in mobilising resources within the framework of climate communications. An example of this is the executive order “Tackling the Climate Crisis at Home and Abroad” and the Inflation Reduction Act. Within the European Union, a similar practice is represented by the European Green Deal, which frequently appears in mass media and has a transparent reporting system, enhancing climate literacy and awareness among broad segments of the population. Thus, the climate communication and diplomacy of the European Union focus on raising awareness both within and beyond its borders, while the US government prioritises foreign policy interests within its climate strategies. In contrast, the rhetoric of the government of the People’s Republic of China highlights the challenges in achieving the targets set by the Paris Agreement within the timeframe leading up to 2030. Copyright © FrancoAngeli.","climate communications; climate diplomacy; European Green Deal; foreign policy; foreign policy identity; global climate change","","Article","Final","","Scopus","2-s2.0-105010455966"
"Bauer M.D.; Offner E.A.; Rudebusch G.D.","Bauer, Michael D. (55321150400); Offner, Eric A. (57819665500); Rudebusch, Glenn D. (55943976800)","55321150400; 57819665500; 55943976800","Chapter 2: The Effect of US Climate Policy on Financial Markets: An Event Study of the Inflation Reduction Act","2026","Advances in Econometrics","47A","","","57","90","1","10.1108/S0731-90532026000047A003","https://www.scopus.com/pages/publications/105040686995?origin=resultslist","The Inflation Reduction Act of 2022 (IRA) represents the largest climate policy action ever undertaken in the United States. Its legislative path was marked by two abrupt shifts as the likelihood of climate policy action fell to near zero and then rose to near certainty. The authors investigate equity price reactions to these two events, which represent major realizations of climate policy transition risk. Our results highlight the heterogeneous nature of climate policy risk exposure. The authors find sizable reactions that differ by industry as well as across firm-level measures of greenness such as environmental scores and emission intensities. While the financial market response to the IRA was economically significant, it did not lead to instability or financial stress, suggesting that transition risks posed by climate policies even as ambitious as the IRA may be manageable. © 2026 Michael D. Bauer, Eric A. Offner, and Glenn D. Rudebusch","brown stocks; carbon emissions; ESG scores; event study; G14; G38; green stocks; Q54; Q58; stranded assets; Transition risk","","Article","Final","All Open Access; Bronze Open Access; Green Open Access","Scopus","2-s2.0-105040686995"
"Karagöl V.","Karagöl, Veysel (57219237868)","57219237868","Linear and nonlinear effects of climate policy uncertainty on food inflation: Climate change or COVID-19?","2023","Interdisciplinary Public Finance, Business and Economics Studies","6","","","125","137","0","","https://www.scopus.com/pages/publications/85182100603?origin=resultslist","[No abstract available]","","","Book chapter","Final","","Scopus","2-s2.0-85182100603"
"Ponczek C.B.","Ponczek, Cordelia Buchanan (57656676300)","57656676300","US energy policy in an era of polarisation and global shocks","2025","Energy Politics in a Turbulent Era","","","","99","120","0","10.4337/9781035331604.00013","https://www.scopus.com/pages/publications/105040276961?origin=resultslist","This chapter examines turbulence in relation to the US energy scene over the past 25 years. Using Ansell and Trondal's conceptual framework of turbulence, the chapter explores how the US has attempted to navigate crises, including the September 11 attacks, the Global Financial Crisis, the COVID-19 pandemic, and Russia's invasion of Ukraine. It considers how these events have occurred against the backdrop of bipartisan consensus on the need to keep consumer prices low and maintain US energy security and the divided opinion on the importance of advancing the global energy transition. In this line, the chapter considers domestic developments, like the partisan divide on climate change and landmark policy interventions like the Inflation Reduction Act, the Bipartisan Infrastructure Law, and the new 2025 declaration of a National Energy Emergency. It sheds light on ways in which the US can work to alleviate turbulence or serve as a source of turbulence. © The Editor and Contributors Severally 2025.","","Energy policy; Energy security; Energy transition; Inflation; Conceptual frameworks; Consumer prices; Energy; Energy transitions; Global energy; Global financial crisis; September 11 attacks; U.S. energy policy; Ukraine; US energy policy; Climate change","Book chapter","Final","","Scopus","2-s2.0-105040276961"
"Stantcheva S.","Stantcheva, Stefanie (56037546900)","56037546900","Coase Lecture—Perceptions, mindsets and beliefs shaping policy views","2026","Economica","","","","","","0","10.1111/ecca.70069","https://www.scopus.com/pages/publications/105048925955?origin=resultslist","How do perceptions, mindsets, and beliefs influence policy views? In this lecture, I present a simple conceptual framework that highlights the roles of different factors (such as self interest and broader social concerns, fairness views, or mindsets) in shaping policy views. I then present evidence from large-scale social economics surveys and experiments, for four policy areas—taxation, inflation management, trade, and climate action. The experimental show that information that addresses people's concerns about fairnes. © 2026 London School of Economics and Political Science.","","","Article","Article in press","","Scopus","2-s2.0-105048925955"
"Svigir M.","Svigir, Mario (57203368368)","57203368368","Fostering Individual Preferences: Empowering Entrepreneurs through EU Renewable Energy Policies","2024","Identity Economics: Multidisciplinary Insights into Decision-Making Behavior","","","","113","125","2","10.4324/9781032657974-7","https://www.scopus.com/pages/publications/85197081623?origin=resultslist","This chapter investigates the relationship between entrepreneurship, identity, and EU renewable energy policy. Setting the scene, the introduction raises concerns about the economics and applicability of clean energy, especially considering any possible inflationary relationship. The study makes an argument for a more nuanced portrayal of persons in economic models by highlighting normative issues like human rights, fairness, well-being, and democracy, drawing on Davis’s work on individuality in economics. The main argument is that public investment in clean energy policies when combined with renewable energy development, may accommodate personal choices for reasonably priced energy without driving up prices. The study investigates the possibility of cost-push inflation while critically analysing how climate change affects energy costs. By providing proof that clean energy policies may produce an excess of renewable energy, it disproves the fallacy that cheap clean energy is unaffordable and promotes economic growth without inflation. The authors contend that measures supporting renewable energy are essential for reducing inflationary pressures brought on by climate change. The connection between the generation of renewable energy and economic growth is examined, emphasizing the advantages for the socioeconomic sector, the creation of jobs, and the potential for export earnings. According to the authors, raising the share of renewable energy can lower consumer energy costs, accelerate economic expansion, and improve well-being over the long run. The study next turns to the clean energy strategy of the European Union, highlighting the role played by the Renewable Energy Directive in encouraging the production of renewable energy. The authors use empirical data analysis to show how the rule has a beneficial effect on raising the proportion of renewable power generation in EU member states. The consequences of personal preferences for reasonably priced renewable energy policy are covered in the last section. It promotes a Keynesian strategy to increase the production and demand for renewable power and asks for an all-encompassing and prompt governmental solution to the problem of renewable energy generation. According to the research, this kind of strategy, which is based on identity-driven economic growth, can help facilitate the switch to reasonably priced sustainable energy sources without raising inflation. In summary, the article integrates economic theory, empirical research, and policy suggestions to add to the conversation on sustainable energy policy. It emphasizes how well-crafted regulations may accommodate personal choices and support the EU economy’s transition to a clean energy future that is both cheap and sustainable. © 2025 selection and editorial matter, Meral Uzunöz Altan, Meltem Ince Yenilmez, Oguzhan Altinkoz and Sinem Bağçe; individual chapters, the contributors.","","","Book chapter","Final","","Scopus","2-s2.0-85197081623"
"Beirne J.; Dafermos Y.; Kriwoluzky A.; Renzhi N.; Volz U.; Wittich J.","Beirne, John (15822082400); Dafermos, Yannis (53983903400); Kriwoluzky, Alexander (54684313700); Renzhi, Nuobu (57218602798); Volz, Ulrich (15133083800); Wittich, Jana (57213620570)","15822082400; 53983903400; 54684313700; 57218602798; 15133083800; 57213620570","Weather-related disasters and inflation in the euro area","2024","Journal of Banking and Finance","169","","107298","","","11","10.1016/j.jbankfin.2024.107298","https://www.scopus.com/pages/publications/85203413170?origin=resultslist","This article investigates the impact of weather-related disasters on inflation in the euro area over the period 1996–2021. Using a panel structural vector autoregression approach, we explore whether weather-related disasters have a significant and persistent effect on inflation, as well as the role that demand-side and supply-side channels play as drivers of inflation. We also analyse the heterogeneous effects of inflation on different product categories. Our results suggest that weather-related disasters have a positive, non-persistent effect on inflation. This reflects the prevalence of negative supply shock channels and positive demand shock channels over negative demand shock channels. We also find that weather-related disasters have more pronounced effects on the inflation of product categories that represent a higher proportion of the spending of low-income households, implying that disasters reinforce inflation inequality. Overall, our results suggest that, as the climate crisis deepens, it might become increasingly challenging for the European Central Bank to control inflation and its inequality effects. © 2024","Climate change; European Central Bank; Inflation; Monetary policy; Weather-related disasters","","Article","Final","All Open Access; Green Open Access","Scopus","2-s2.0-85203413170"
"Salami H.; Shahnooshi N.; Thomson K.J.","Salami, Habibollah (25960372800); Shahnooshi, Naser (35335251500); Thomson, Kenneth J. (7202759990)","25960372800; 35335251500; 7202759990","The economic impacts of drought on the economy of Iran: An integration of linear programming and macroeconometric modelling approaches","2009","Ecological Economics","68","4","","1032","1039","67","10.1016/j.ecolecon.2008.12.003","https://www.scopus.com/pages/publications/58749101144?origin=resultslist","In this paper, we provide economy-wide estimates of the costs of drought in the cropping sector of the Iranian economy, using a linear programming model to estimate the direct costs on agriculture, and a macroeconometric model to trace the indirect impacts on the rest of the economy. The results indicate that a severe drought such as the one that occurred in the crop year 1999-2000 imposes a direct cost of 1605 million USD, equivalent to 30.3% of the total value added of the cropping sector in Iran. This, in turn, leads to a 12.7% reduction in the value added of other agricultural sub-sectors (livestock, fisheries and forestry). In the rest of the economy, the manufacturing and service sectors experience value added declines of 7.8 and 3.7%, respectively. In addition, there is a substantial decrease in investment in the agricultural, manufacturing and service sectors. Thus, such a drought reduces overall GDP by about 4.4%, and it would also result in decreased non-oil exports, increased food imports, and a rise in inflation. The results of some drought mitigation simulations are reported in brief. Such estimates strengthen the case for increased attention to drought strategies and management in agriculture in Iran and elsewhere. © 2008 Elsevier B.V. All rights reserved.","Agriculture; Drought; Iran; Linear programming; Macroeconometric modeling","Asia; Eurasia; Iran; Middle East; agricultural economics; drought stress; economic impact; environmental economics; Gross Domestic Product; linear programing; macroeconomics; numerical model; service sector; strategic approach","Article","Final","","Scopus","2-s2.0-58749101144"
"Sakaguchi T.; Shibamoto M.","Sakaguchi, Takuya (60265372000); Shibamoto, Masahiko (23395383800)","60265372000; 23395383800","The role of cyclical inflation: Evidence from Japan","2026","Journal of the Japanese and International Economies","81","","101440","","","0","10.1016/j.jjie.2026.101440","https://www.scopus.com/pages/publications/105046590640?origin=resultslist","Monitoring inflation is central to policymaking, yet it is often difficult to separate demand-driven inflation pressure from transitory price movements driven by sector-specific or institutional factors. This paper constructs a cyclically sensitive inflation (CSI) index for Japan by aggregating sectoral inflations with weights reflecting their correlations with business-cycle movements. An analysis of the estimated weights reveals that sectors susceptible to significant deviations from overall inflation, such as those affected by energy pass-through, policy shifts, weather, or rapid quality improvements, generally receive small or zero weights. Consequently, the CSI series remains robust under various alternative weightings. Using monthly data from 1983 to 2022, we find that macro-financial variables contain predictive information for CSI over time. In evidence from exogenous structural shocks using externally identified oil-market disturbances, CSI is less responsive on impact to transitory cost-push movements but reacts more strongly and persistently to demand-driven changes. Forecast comparisons indicate that CSI improves predictions for the headline CPI relative to traditional headline and core measures, although adding a standard slack indicator yields only limited and inconsistent improvements once CSI is included. Finally, the inflation decomposition analysis indicates that medium- and long-term inflation persistence is primarily associated with the cyclical component captured by CSI, rather than with residual acyclical fluctuations. Overall, CSI complements headline and core inflation measures by providing a timely measure of cyclical inflation pressures and aiding the understanding of persistent inflation dynamics. © 2026 The Authors.","Business cycle; Cyclical inflation; Financial market; Inflation forecast; Inflation persistence; Japanese economy","","Article","Final","All Open Access; Green Open Access; Hybrid Gold Open Access","Scopus","2-s2.0-105046590640"
"Shirai S.","Shirai, Sayuri (56053537000)","56053537000","Climate risk and central banking in Asia: balancing price stability and financial stability","2026","Journal of International Money and Finance","161","","103491","","","0","10.1016/j.jimonfin.2025.103491","https://www.scopus.com/pages/publications/105023481329?origin=resultslist","Climate change is increasingly recognized as having material impacts on the economy and inflation. However, its integration into core monetary policy frameworks—such as inflation targeting or policy rate setting—remains limited in scope and depth. Instead, some central banks apply green considerations to peripheral tools such as lending facilities, collateral frameworks, or reserve management, whose impact can be enhanced with clear taxonomies or similar classification systems. Looking ahead, the direct integration of climate factors into monetary policy may become feasible when (a) climate risks have measurable and persistent impacts on inflation and output; (b) reliable data are incorporated into macroeconomic forecasting models, and (c) mandates explicitly allow consideration of such risks. By contrast, financial stability frameworks have been advancing more rapidly, with central banks and financial supervisors embedding climate risks into prudential reviews and conducting climate scenario analysis or stress testing. To promote banks’ further climate actions, encouraging climate-related disclosure including financed emissions and adopting common methodologies is essential. © 2025 Elsevier Ltd","","","Editorial","Final","","Scopus","2-s2.0-105023481329"
"Sorgente D.; Campanelli S.L.; Stecchi A.; Contuzzi N.","Sorgente, Donato (23390940100); Campanelli, Sabina Luisa (15755449100); Stecchi, Alessandro (57112193300); Contuzzi, Nicola (35365803000)","23390940100; 15755449100; 57112193300; 35365803000","Strain behaviour of a friction stir processed superplastic aluminium alloy sheet during free inflation tests","2016","Journal of Manufacturing Processes","23","","","287","295","6","10.1016/j.jmapro.2016.04.007","https://www.scopus.com/pages/publications/84964867761?origin=resultslist","In this work, the strain behaviour of friction stir processed aluminium superplastic sheet was investigated. The aim was to study the feasibility of the combination of the friction stir processing technique with the superplastic forming process. Main friction stir process parameters (tool rotational speed and transverse speed) were varied in order to study the effect of these changes on the strain behaviour and on the formability of the processed sheet. For this purpose, free inflation tests were carried out on the processed sheet at a temperature at which the base material exhibits an optimal superplastic behaviour. A strong influence of the stirring parameters on the strain behaviour of the processed sheet was found denoting only a specified set of friction stir parameters made the processed sheet behave like the base material. The microstructure evolution of the stirred zone played an important role in this direction. Higher tool rotational speeds led to abnormal grain growth and, consequently, to a slower deformation in the processed material. Thickness measurements made after free inflation tests also confirmed this behaviour: the material processed with a higher tool rotational speed had a thickness that is twice the unprocessed one. © 2016 The Society of Manufacturing Engineers","Aluminium alloys; Friction stir processing; Sheet forming; Strain measurement; Superplasticity","Aluminum; Aluminum alloys; Friction; Grain growth; Microstructure; Strain measurement; Superplasticity; Thickness measurement; Tribology; Abnormal grain growth; Aluminium-alloy sheets; Friction stir process; Friction stir processing; Micro-structure evolutions; Sheet forming; Stirring parameters; Superplastic forming process; Friction stir welding","Article","Final","","Scopus","2-s2.0-84964867761"
"Wright B.D.","Wright, Brian D. (7402346837)","7402346837","Data at our fingertips, myths in our minds: Recent grain price jumps as the 'perfect storm'","2014","Australian Journal of Agricultural and Resource Economics","58","4","","538","553","4","10.1111/1467-8489.12074","https://www.scopus.com/pages/publications/84925715206?origin=resultslist","The onset of the grain price spikes in late 2007 heralded a heated discussion among economists and policy makers on the source of the problem and appropriate policy responses. The subsequent rounds of price surges hit landless poor consumers hard, and transferred billions of dollars from them to landowners worldwide. Economists offered a list of highly plausible explanations for the recent jumps in grain price levels. Key findings included the large harvest shortfalls caused by climate change, energy prices, and fertilizer prices, as well as demand increases due to the large and persistent annual income increases in India and China. Several declared various combinations of the above factors to be a 'perfect storm' in grain markets. In fact little more than a quick series of online searches easily reveals that only the last is plausible as a major cause of recent grain price jumps. In particular there was no major global grain production shortfall. On the other hand biofuels mandates, relatively neglected in many studies, introduced a new source of grain demand that tightened markets and drove up prices. The disconnect between economic analysis and easily verified facts is a disturbing feature of recent economic analyses of grain markets. © 2014 Australian Agricultural and Resource Economics Society Inc.","Biofuels; Commodity prices; Grain markets; Information; Price analysis; Storage","China; India; Dudleya edulis; agricultural market; agricultural trade; commodity price; consumption behavior; crop production; economic analysis; export; price dynamics","Article","Final","All Open Access; Green Open Access","Scopus","2-s2.0-84925715206"
"Luo J.; Fu S.; Cepni O.; Gupta R.","Luo, Jiawen (57202729746); Fu, Shengjie (60228526200); Cepni, Oguzhan (57194427831); Gupta, Rangan (18037301200)","57202729746; 60228526200; 57194427831; 18037301200","Climate risks and forecastability of US inflation: Evidence from dynamic quantile model averaging","2026","International Review of Economics and Finance","110","","105576","","","0","10.1016/j.iref.2026.105576","https://www.scopus.com/pages/publications/105043684641?origin=resultslist","This study examines the impact of climate-related risks on the inflation rates of the United States, focusing on the overall Consumer Price Index (CPI) and its significant components, namely food and beverages and housing inflation. Employing quantile regression models and a comprehensive dataset spanning from January 1985 to September 2022, we analyze five specific climate risk factors alongside traditional macroeconomic predictors. Our findings indicate that models incorporating individual climate risks generally outperform those considering only macroeconomic factors. However, model combination strategies that integrate all five climate risk measures consistently deliver superior forecasting performance. Furthermore, climate risks exert differential impacts on food & beverage inflation and housing inflation. In the short- and medium-term, climate risks are more likely to influence food & beverage inflation, while over the medium- and long-term, they predominantly affect housing inflation. This research highlights the crucial role of climate factors in forecasting inflation, suggesting potential avenues for enhancing economic policy-making in light of evolving climate conditions. © 2026 The Authors.","Climate risks; Dynamic quantile moving averaging; Forecasting; US inflation","","Article","Final","All Open Access; Gold Open Access; Green Open Access","Scopus","2-s2.0-105043684641"
"Kar S.; Das N.","Kar, Saibal (7202157611); Das, Nimai (15831486900)","7202157611; 15831486900","Climate change, agricultural production, and poverty in India","2015","Economic Studies in Inequality, Social Exclusion and Well-Being","","","","55","76","9","10.1007/978-981-287-420-7_4","https://www.scopus.com/pages/publications/85060712279?origin=resultslist","The low-income households in the South Asian countries are highly sensitive to climate-intensive sectors like agriculture, mainly due to the negative impact of climate change on the food production system as a whole. Climate-induced supply shortfalls in agriculture, and consequent food price shocks may adversely affect consumption in these households. The tension between economic development, climate change, and agricultural production offers a challenging research question not dealt with in recent studies for India. We explore the effect of climate change on farmland value and use a counterfactual measure of the farm revenue on rural consumption expenditure. We found a discerning impact of the climate change on the net revenue and well-being of the rural people. A theoretical exercise generalizes the empirical findings. © 2015, Asian Development Bank.","Agriculture; Climate change; Food production; India; Poverty","","Book chapter","Final","All Open Access; Hybrid Gold Open Access","Scopus","2-s2.0-85060712279"
"Cornwell K.; Anas T.","Cornwell, Katy (21739395500); Anas, Titik (55639896600)","21739395500; 55639896600","Survey of recent developments","2013","Bulletin of Indonesian Economic Studies","49","1","","7","33","11","10.1080/00074918.2013.772937","https://www.scopus.com/pages/publications/84875791425?origin=resultslist","The arrival of a new year has brought with it an increased focus on Indonesia's 2014 legislative and presidential elections. While voters may be disillusioned with established political figures, a strong presidential candidate has yet to emerge. Many voters appear to yearn for an experienced and uncorrupt leader with new and proactive policies, which is why Jakarta's new governor, Joko Widodo, is being viewed as a potential candidate.The Constitutional Court has made two major, controversial rulings in recent months: the first concerned the upstream oil and gas regulator BPMigas, the second the international-standard pilot-project schools (Rintisan Sekolah Bertaraf Internasional, RSBIs). The Court ruled both institutions unconstitutional and called for their immediate disbandment.In 2012, Indonesia's year-on-year economic growth slowed slightly, to a still healthy 6.2%, owing to continued weak global demand for its exports and a contraction in government expenditure. In contrast, foreign direct investment and portfolio investment were particularly strong, with respective increases of 25% and more than 142%. At 4.3%, inflation for the 2012 calendar year still remains well within the government's and Bank Indonesia's expectations. However, inflation expectations are high for 2013, owing to likely reforms to energy subsidies; the expected effect of bad weather on food prices; and increases in minimum wages, which attracted attention in 2012 because of their magnitude and their apparent disparity among regions. Concerns also exist that these rises in minimum wages will hamper Indonesia's international competitiveness and could discourage investment in labour-intensive industries.Minimum-wage policy is also controversial because of doubts about its relevance to the genuinely poor sections of society - those in informal employment or with primarily subsistence income, who constitute a large proportion of the population. Indonesia has experienced a steady increase in income inequality in the last decade, indicating that the benefits of strong economic growth have not been shared equally. Potential reasons for this increasing inequality relate to labour-market segmentation amid a growing middle class, weak institutional foundations, and commodity-driven growth.It appeared in 2012 that Indonesia has also been one of the world's poorest performers in HIV/AIDS prevention in recent years. While prevalence rates are low, the number of new HIV infections in 2011 was more than four times that of any other South Asian or Southeast Asian country, and the infection rate among the working-age population has risen by more than 25% since 2001. Infection rates among high-risk groups are also alarmingly high compared with those of other Southeast Asian countries. Targeted prevention, treatment and support programs among these groups are paramount. © 2013 Copyright Indonesia Project ANU.","","Indonesia; acquired immune deficiency syndrome; class; competitiveness; demand analysis; disease prevalence; economic growth; election; employment; export; food market; foreign direct investment; human immunodeficiency virus; infectious disease; inflation; labor market; leadership; minimum wage; public spending; voting behavior","Article","Final","All Open Access; Bronze Open Access","Scopus","2-s2.0-84875791425"
"Nwagboso C.; Ajilore Y.","Nwagboso, Chinomso (60159768000); Ajilore, Yewande (60450038200)","60159768000; 60450038200","Wandi cravings on wheels: Wande's food truck project","2026","CASE Journal","","","","1","7","0","10.1108/TCJ-10-2025-0346","https://www.scopus.com/pages/publications/105032204339?origin=resultslist","Research methodology – This case is based on conversations with Wande, co-author of this teaching case and the founder of Wandi Cravings in early 2025. The interview explored her entrepreneurial journey in Nigeria, her transition to the UK and the dilemmas she faced in attempting to launch a food van without prior project management training. Follow-up conversations provided additional detail on her decision-making process, resource constraints and interactions with stakeholders such as local council regulators, vehicle suppliers and members of the diaspora community. The narrative has been anonymised in some places to protect the identities of third parties (e.g. suppliers), but Wande herself is presented as a character closely reflecting the real entrepreneur's voice, aspirations and challenges. The case is intended for teaching purposes only. It does not aim to provide a comprehensive business history of Wandi Cravings but instead uses Wande's experience to highlight project definition, planning and execution dilemmas faced by first-time entrepreneurs entering new markets. Case overview/synopsis – This case follows Wande, a Nigerian entrepreneur and founder of Wandi Cravings, as she seeks to expand her brand into the UK through a food van in Leicester. Having grown her business in Lagos through instinct, networks and – persistence, Wande now confronts a very different environment – one defined by regulation, limited capital and new consumer expectations. The food van appears to be the most viable entry point: mobile, flexible and relatively low-cost. Yet once the decision is made, Wande realises that her idea remains hazy and unstructured. The narrative highlights the challenges of defining a project without formal project management training. What counts as deliverables? How should outcomes and success be measured? How can time and resources be realistically managed under visa constraints and ongoing obligations to Nigerian outlets? Stakeholder pressures – from regulators, suppliers, designers, staff, event organisers and diaspora communities – complicate the picture, while uncertainties around licensing delays, weather, consumer uptake and cost inflation add further risk. Students are invited to step into Wande's shoes and apply core project management tools: work breakdown structures, scheduling, stakeholder analysis, risk registers and scope definition. The case provides raw exhibits but leaves the structuring to the classroom. Complexity academic level – This case is designed for postgraduate students in project management and entrepreneurship. It is particularly relevant for modules on project planning and control, small business management or entrepreneurship in emerging and international contexts. © 2026 Emerald Publishing Limited","Entrepreneurship; Internationalisation; Project management; Small businesses","","Article","Article in press","All Open Access; Bronze Open Access; Green Open Access","Scopus","2-s2.0-105032204339"
"Shieh H.-S.; Li Y.; Hu J.-L.; Ang Y.-Z.","Shieh, Hwai-Shuh (27568150000); Li, Yang (57280067500); Hu, Jin-Li (7406417201); Ang, Yong-Ze (57214913845)","27568150000; 57280067500; 7406417201; 57214913845","A Comparison of Efficiency of Life Insurance Companies in Mainland China and Taiwan Using Bootstrapped Truncated Regression Approach","2022","Cogent Economics and Finance","10","1","2043571","","","5","10.1080/23322039.2022.2043571","https://www.scopus.com/pages/publications/85126710488?origin=resultslist","For strategic and competitive insights, this study measures and benchmarks the comparative operating efficiencies of insurance companies in Taiwan and mainland China. We employ the two-stage DEA with the bootstrapped truncated regression approach to examine the overall efficiency of insurance companies in Taiwan and mainland China during 2005-2011. Empirical results reveal that the savings rate, elderly population percentage, and business freedom positively affect the managerial efficiency of life insurance companies in Taiwan and mainland China, while GDP growth rate, inflation rate, corruption index, and climate risk negatively affect their managerial efficiency. © 2020 The Author(s). This open access article is distributed under a Creative Commons Attribution (CC-BY) 4.0 license.","bootstrap; efficiency; insurance industry; truncated regression model; two-stage DEA","","Article","Final","All Open Access; Gold Open Access; Green Open Access","Scopus","2-s2.0-85126710488"
"Can U.; Cepni O.; Kazdal A.; Yilmaz M.H.","Can, Ufuk (57217425737); Cepni, Oguzhan (57194427831); Kazdal, Abdullah (57224776231); Yilmaz, Muhammed Hasan (57197051893)","57217425737; 57194427831; 57224776231; 57197051893","When weather meets prices: climate anomalies and inflation dynamics in Türkiye","2026","Portuguese Economic Journal","25","3","","287","312","0","10.1007/s10258-026-00289-0","https://www.scopus.com/pages/publications/105041220442?origin=resultslist","This paper examines how climate anomalies influence inflation and its main components in Türkiye. Using monthly data from January 2003 to February 2024, we employ local projection methods to estimate the short- and medium-term effects of various climate anomalies across a broad set of inflation indicators. The results show that climate anomalies have a significant short-term impact on headline inflation, food prices – especially unprocessed food – producer prices, and rent prices. These effects generally diminish over time and may even reverse in the medium term. Analyzing asymmetric temperature responses, we find that unusually cold winters drive prices higher, most notably for food and producer prices, while unusually hot summers can have a disinflationary effect. Wind anomalies have minimal impact on overall price movements, whereas precipitation anomalies mainly affect unprocessed food prices. The findings reveal a complex, multidimensional relationship between climate conditions and inflation, underscoring the need for a more nuanced approach to climate-related risks in macroeconomic analysis and policy formulation. © The Author(s) under exclusive licence to ISEG – Instituto Superior de Economia e Gestão 2026.","Climate anomalies; Inflation; Local projections; Türkiye","","Article","Final","","Scopus","2-s2.0-105041220442"
"Ventosa-Santaulària D.; Tapia E.; Pérez-Peña A.K.","Ventosa-Santaulària, Daniel (56000762300); Tapia, Edwin (57197981268); Pérez-Peña, Anna Karina (58630746900)","56000762300; 57197981268; 58630746900","Inflation dynamics under different weather regimes: Evidence from Mexico","2024","Ecological Economics","220","","108179","","","6","10.1016/j.ecolecon.2024.108179","https://www.scopus.com/pages/publications/85188533211?origin=resultslist","In countries with substantial agricultural sectors, such as Mexico, extreme weather conditions linked to the El Niño-Southern Oscillation (ENSO) wield significant influence. This study focuses on Mexico, examining how ENSO affects the interplay between headline inflation (excluding energy) and economic activity. Employing a nonlinear local projection within two weather scenarios – acute and neutral – we uncover a notable disparity in inflationary dynamics. Notably, amidst acute weather conditions, a 1% shock in the output gap triggers a cumulative inflationary effect (over a 12-month horizon) 0.90% higher than under neutral environmental states. This discrepancy deviates inflation from Mexico's Central Bank target because of supply constraints and demand pressures which mainly affect agricultural inflation. The results emphasize the urgency of incorporating environmental factors into inflation risk assessment for more informed monetary policy decisions. Additionally, this approach aids in isolating environmental influences from other inflation drivers. © 2024 Elsevier B.V.","Economic activity; El Niño; ENSO; Inflation; La Niña; Monetary policy; Nonlinear local projections","Mexico [North America]; economic activity; El Nino; La Nina; monetary policy; risk assessment","Article","Final","","Scopus","2-s2.0-85188533211"
"Manotas-Hidalgo B.; Pérez-Sebastián F.; Campo-Bescós M.A.","Manotas-Hidalgo, Beatriz (57194459486); Pérez-Sebastián, Fidel (6506756718); Campo-Bescós, Miguel Angel (57210431184)","57194459486; 6506756718; 57210431184","The role of ethnic characteristics in the effect of income shocks on African conflict","2021","World Development","137","","105153","","","8","10.1016/j.worlddev.2020.105153","https://www.scopus.com/pages/publications/85090568473?origin=resultslist","This paper disentangles the ethnic drivers of the effect of food-related income shocks on African conflict employing geo-localized information. We consider diversity and political ethnic variables and several conflict definitions. We find that differentiating between organized armed-force and non-organized conflict can be more informative than between factor and output conflict. We show evidence that conflict is driven by the opportunity cost and state capacity mechanisms. Furthermore, ethnic cleavages have a large role in the transmission process of income shocks on organized armed-force conflict; whereas their role in non-organized violence is more limited. The sensitivity to ethnic heterogeneity for producer-price and droughts shocks is much larger than for consumer-price changes. © 2020 Elsevier Ltd","Conflict; Food security; Income shocks; Natural resource","Africa; consumption behavior; ethnic conflict; ethnic group; food security; income distribution; natural resource; political conflict; price dynamics; state role","Article","Final","All Open Access; Bronze Open Access; Green Open Access","Scopus","2-s2.0-85090568473"
"Al-Sabah R.; Menassa C.C.; Hanna A.","Al-Sabah, Ruqaya (56123505200); Menassa, Carol C. (15923411800); Hanna, Awad (7103318488)","56123505200; 15923411800; 7103318488","Evaluating impact of construction risks in the Arabian Gulf Region from perspective of multinational architecture, engineering and construction firms","2014","Construction Management and Economics","32","4","","382","402","38","10.1080/01446193.2014.884281","https://www.scopus.com/pages/publications/84900434493?origin=resultslist","Although multinational firms use risk mitigation measures when venturing into new international markets, there has been little research into identifying and evaluating the impact of these risks on project and multinational firm performance in the Arabian Gulf Region (AGR). Risks encountered in the AGR are identified through a data collection process from multinational architecture, engineering and construction (AEC) companies with work experience in the AGR. The impact of these risks on four performance metrics (i.e. project cost, schedule and performance; and company performance) is then evaluated using relative importance index (RII), significance score (SS) and principal component analysis (PCA) for validation. The results indicate that multinational firms are potentially exposed to a total of 27 external risks and 47 internal risks. Of the 27 external risks, war threat, political instability, price inflation, resources availability and quality, authorities and regulations requirements, and inclement climate have the most significant impact on the four performance metrics. Of the 47 internal risks, defective late design documents, constructive changes and insufficient scope definition have the most significant impact on the four performance metrics. These findings can guide multinational AEC firms in the AGR in establishing effective risk mitigation plans. © 2014 Taylor & Francis.","Arabian Gulf Region; international construction; multinational firms; risks","Arabian Sea; Indian Ocean; Persian Gulf; Construction industry; International trade; Principal component analysis; Risks; Arabian Gulf; Architecture , engineering and construction firms; Architecture , engineering and constructions; Data collection process; International construction; International markets; Multinational firms; Political instability; architecture; construction industry; cost analysis; engineering; multinational enterprise; performance assessment; project management; risk assessment; Risk assessment","Article","Final","","Scopus","2-s2.0-84900434493"
"Franke R.; Flaschel P.; Proaño C.R.","Franke, Reiner (55115130400); Flaschel, Peter (6602472033); Proaño, Christian R. (15061700200)","55115130400; 6602472033; 15061700200","Wage-price dynamics and income distribution in a semi-structural Keynes-Goodwin model","2006","Structural Change and Economic Dynamics","17","4","","452","465","41","10.1016/j.strueco.2006.08.001","https://www.scopus.com/pages/publications/33750948753?origin=resultslist","The paper studies the role of income distribution within a medium-scale macrodynamic model built in a Keynesian and Goodwinian tradition. Combining a wage and price Phillips curve, adjustments of an inflation climate, an IS relationship determining output, Okun's law for employment and the Taylor rule for monetary policy, a semi-structural model is obtained that incorporates the most important macroeconomic channels in a closed economy. After assessing the reasonable time series variabilities in stochastic simulations, a deeper analysis is concerned with the stabilizing and destabilizing effects of the model's parameters, and with a structural shift in income distribution. In many details of these investigations, the distinction between a wage-led and profit-led regime becomes important. © 2006 Elsevier B.V. All rights reserved.","Inflation climate; Wage and price flexibility; Wage-led and profit-led regime","income distribution; inflation; macroeconomics; numerical model; price dynamics; time series analysis; wage","Article","Final","","Scopus","2-s2.0-33750948753"
"Bandyopadhyay A.; Sarkar B.D.; Hossain M.E.; Rej S.; Mallick M.A.","Bandyopadhyay, Arunava (57725634800); Sarkar, Bishal Dey (57188978204); Hossain, Md. Emran (57226796700); Rej, Soumen (57214463987); Mallick, Mohidul Alam (58496436400)","57725634800; 57188978204; 57226796700; 57214463987; 58496436400","Modelling and forecasting India's electricity consumption using artificial neural networks","2024","OPEC Energy Review","48","2","","65","77","3","10.1111/opec.12295","https://www.scopus.com/pages/publications/85182434728?origin=resultslist","Precise electricity forecasting is a pertinent challenge in effectively controlling the supply and demand of power. This is due to the inherent volatility of electricity, which cannot be stored and must be utilised promptly. Thus, this study develops a framework integrating canonical cointegrating regressions (CCR), time series artificial neural network (ANN) and a multilayer perceptron ANN model for analysing and projecting India's gross electricity consumption to 2030. Annual data for the years 1961–2020 have been collected for variables like gross domestic product (GDP), population, inflation GDP deflator (annual %), annual average temperature and electricity consumption. The study was conducted in three phases. In the first phase of the study, the CCR method was used to check the significance of the selected variables. In the second phase, the projected values of independent variables (GDP, population, inflation GDP deflator [annual %] and annual average temperature) were predicted using the time series ANN model. Finally, a multilayer perceptron ANN model with independent variables was used to forecast the gross electricity consumption in India by 2030. The result shows that the electricity consumption in India will increase by around 50% in the next 10 years, reaching over 1800 TWh in 2030. The proposed approach can be utilised to effectively implement energy policies, as an accurate prediction of energy consumption can help capture future demand. © 2024 Organization of the Petroleum Exporting Countries.","","","Article","Final","All Open Access; Bronze Open Access","Scopus","2-s2.0-85182434728"
"Köse N.; Ünal E.","Köse, Nezir (12788979800); Ünal, Emre (57200304772)","12788979800; 57200304772","The effects of the oil price and temperature on food inflation in Latin America","2024","Environment, Development and Sustainability","26","2","","3269","3295","31","10.1007/s10668-022-02817-2","https://www.scopus.com/pages/publications/85144889700?origin=resultslist","The impacts on food prices of temperature, the oil price, the exchange rate and wages in the agricultural industry were examined via a structural vector autoregression model and panel Granger causality test, using monthly data between January 2003 and December 2020 for Latin American countries. The paper concerns how much the determinants affect food prices. Empirical findings show that the oil price and temperature can be significant factors for reducing food inflation. According to the result of variance decomposition, in general, a considerable part of food inflation was explained by the exchange rate, but its effect did not show any significant change in the long term. The impacts of the oil price and temperature were limited in the early months, but they created larger changes over time. Impulse response function and the Granger causality test also indicated that exchange rate was a crucial dynamic in explaining food inflation in all countries except Ecuador. This country successfully mitigated the negative effect of the exchange rate, but the oil price and temperature had an impact on food inflation. All results indicate that both monetary and fiscal policies are essential to control food prices. These countries can accomplish this by conventional policies or by radical institutional changes. Nevertheless, the oil price and temperature are external dynamics, and crucial in creating alternative policies to control food inflation. © The Author(s), under exclusive licence to Springer Nature B.V. 2022.","C5; Food prices; G1; Oil price; Q1; Q4; Structural VAR; Temperature","Latin America; agroindustry; exchange rate; food market; Granger causality test; inflation; radical; vector autoregression","Article","Final","All Open Access; Bronze Open Access; Green Open Access","Scopus","2-s2.0-85144889700"
"Mawejje J.","Mawejje, Joseph (56154684700)","56154684700","Food prices, energy and climate shocks in Uganda","2016","Agricultural and Food Economics","4","1","4","","","42","10.1186/s40100-016-0049-6","https://www.scopus.com/pages/publications/85019975865?origin=resultslist","The objective of this paper is to examine the importance of energy and climate shocks in Uganda’s food price processes. The unique features of this paper are threefold: first, we identify climate shocks computed as the deviations of monthly temperature and rainfall realisations from their respective long term means. Second, controlling for external and domestic shocks, we examine the possible role of energy prices in food price processes. Third, we examine these issues in a single equation model exploiting cointegration techniques and general-to-specific methods. Results indicate that energy prices have a long run cointegrating relationship with food prices. In addition, temperature shocks are more important than rainfall shocks in explaining food price variability. © 2016, Mawejje.","Climate shocks; Energy; Food prices; Uganda","","Article","Final","All Open Access; Gold Open Access; Green Open Access","Scopus","2-s2.0-85019975865"
"Kakpo A.; Mills B.F.; Brunelin S.","Kakpo, Ange (57222432591); Mills, Bradford F. (7102541504); Brunelin, Stéphanie (55214983500)","57222432591; 7102541504; 55214983500","Weather shocks and food price seasonality in Sub-Saharan Africa: Evidence from Niger","2022","Food Policy","112","","102347","","","30","10.1016/j.foodpol.2022.102347","https://www.scopus.com/pages/publications/85137297468?origin=resultslist","Semi-Arid regions of Sub-Saharan Africa are vulnerable to weather shocks, especially rural areas where households depend on rainfed agriculture and access to stable food markets are limited by high transaction costs. Understanding how weather shocks affect rural Sub-Saharan African households through both production and market price changes is crucial in designing sustainable and effective programs to increase resilience. Weather shock impacts on agricultural production and market prices are well documented in Africa. But little is known about the impacts of weather shocks on market price seasonality, which is an important determinant of food security. We investigate the distinct impacts of positive and negative rainfall shocks on millet production and millet price seasonality in Niger using district-level longitudinal production and price data, along with high-resolution rainfall data. We find that a one standard deviation decrease in seasonal rainfall from historical averages is associated with declines in millet market price initially after harvest, but strong upward pressure on market prices 6 months after harvest. As a result, drought exacerbates existing price seasonality, which in turn can amplify negative impacts on households. Social protection programs need to account for potential increases in seasonal price variability in the design of programs to enhance household resilience to weather shocks. © 2022 Elsevier Ltd","Millet; Niger; Price seasonality; Weather shocks","","Article","Final","","Scopus","2-s2.0-85137297468"
"Chevalier P.J.-M.","Chevalier, Par Jean-Marie (57193318122)","57193318122","Tomorrow's energy prices: An analysis of system, actors and shaping factors; [Le prix de I'energie demain: Une analyse du systeme, des acteurs et des facteurs d'évolution]","2017","Futuribles: Analyse et Prospective","2017-January","416","","5","19","0","","https://www.scopus.com/pages/publications/85012922900?origin=resultslist","If one sector in recent decades has been a byword for how difficult it is to anticipate future developments at the global level, it has been the energy sector. We have seen fears over the dangers of a hydrocarbon shortage, the announcement of ""peak oil"" and a boom in shale gas and oil. Forecasts based on major trends within the field have been revised as non-conventional sources with a substantial impact on price levels have emerged. Added to this is the need to confront climate change and hence to revamp our modes of energy production to give an enhanced role to renewables. In such a context, as Jean-Marie Chevalier stresses here, it is quite tricky to say how energy prices will develop or how energy production systems will change. This is why, in addition to the overview of possible developments in the prices of oil, natural gas and coal which this article provides, it particularly stresses the many elements of uncertainty that still prevail. Chevalier demontrates the multiplicity of factors -And actor - involved in the way energy systems and prices develop and highlights the key elements that will play a role in enhancing or curbing those developments in the medium-To-long term.","","","Article","Final","","Scopus","2-s2.0-85012922900"
"Brey B.; Hertweck M.S.","Brey, Björn (57202590095); Hertweck, Matthias S. (55809280300)","57202590095; 55809280300","The dynamic effects of monsoon rainfall shocks on agricultural yield, wages, and food prices in India*","2023","Scandinavian Journal of Economics","125","3","","616","654","6","10.1111/sjoe.12524","https://www.scopus.com/pages/publications/85146451282?origin=resultslist","This paper shows that, first, the effects of monsoon rainfall shocks on agricultural yield in India are highly asymmetric: yield falls strongly after droughts, whereas excessive rainfall has only little effects. Second, our key novel finding is that the short-lived yield loss after a widespread drought elicits a persistent decline (increase) in wages (food prices), which lasts for up to five years. Third, affiliation to the same National Sample Survey region (and thus to the same state) seems to be a key determinant of internal migration, whereas distance appears more relevant for food arbitrage trading. © 2022 The Authors. The Scandinavian Journal of Economics published by John Wiley & Sons Ltd on behalf of Föreningen för utgivande av the SJE.","Agricultural yield; food prices; rainfall shocks; wages","India; agricultural production; drought; food market; monsoon; price dynamics; rainfall; rural economy; wage","Article","Final","All Open Access; Green Open Access; Hybrid Gold Open Access","Scopus","2-s2.0-85146451282"
"Iliyasu J.; Sanusi A.R.","Iliyasu, Jamilu (58111052900); Sanusi, Aliyu Rafindadi (57220058704)","58111052900; 57220058704","Climate change’s impact on commodity prices: a new challenge for monetary policy","2024","Portuguese Economic Journal","23","2","","187","212","13","10.1007/s10258-023-00237-2","https://www.scopus.com/pages/publications/85170075915?origin=resultslist","Climate change is a global issue that is driving up commodity prices such as food, energy and fertiliser. In this light, this study examines the effects of climate change on international commodity prices (food, energy, and fertilisers) from 1961 to 2020. The study employs a Bayesian Vector Autoregression (BVAR) model identified with sign restrictions. First, this study finds that climate change causes an increase in commodity prices, with the effect being greatest for energy, followed by fertilisers, and least for food prices. Second, this study also finds that climate change may have amplified the short-run impact of fertiliser and energy prices on food prices. Third, the estimates suggest that climate change may have a negative impact on global real GDP. Overall, this study’s findings of global climate change’s positive effects on commodity prices and a negative impact on global real GDP, suggests that monetary authorities may face higher inflation-output trade-off. Hence, this study argues that climate change may be a new challenge to monetary policy strategy, particularly in countries that are net importers of staple foods and have a large share of food items in their consumer price index. © The Author(s) under exclusive licence to ISEG – Instituto Superior de Economia e Gestão 2023.","and R3; Climate change; E31; E58; Energy prices; Fertiliser prices; Food prices; Monetary policy","","Article","Final","All Open Access; Green Open Access","Scopus","2-s2.0-85170075915"
"Maizzou S.; Anajar A.; Rahmo M.","Maizzou, Said (60701015900); Anajar, Abdelhak (57222722818); Rahmo, Mohamed (60700470200)","60701015900; 57222722818; 60700470200","Climate change as a macroeconomic risk MENA evidence from growth and inflation dynamics","2026","SN Business and Economics","6","7","230","","","0","10.1007/s43546-026-01231-4","https://www.scopus.com/pages/publications/105043483446?origin=resultslist","This study examines the macroeconomic effects of climate change on economic growth and inflation in the MENA region. Using a balanced panel of ten countries over the period 2000–2023, the analysis applies panel data techniques to explore both long-run and short-run relationships. The findings indicate that environmental pressures, particularly carbon emissions, are associated with a decline in economic growth, suggesting that climate-related damages may hinder productivity. Temperature variations appear to have a mixed effect, while precipitation is found to contribute to lower inflation levels, possibly through its impact on agricultural supply. However, short-term dynamics show limited influence of climate variables on growth. These results underline the importance of incorporating climate considerations into macroeconomic policy design. In particular, strategies related to energy transition, water resource management, and price stability are essential for enhancing economic resilience in the MENA region. © The Author(s), under exclusive licence to Springer Nature Switzerland AG 2026.","Climate change; Cross-sectional dependence; Economic growth; Environmental kuznets curve; Inflation; MENA; Panel data; System-GMM","","Article","Final","","Scopus","2-s2.0-105043483446"
"Gryzunova N.V.; Zaharova G.S.; Ordov K.V.","Gryzunova, N.V. (56439978500); Zaharova, G.S. (57200676854); Ordov, K.V. (57190022789)","56439978500; 57200676854; 57190022789","Monetary policy transmission mechanism as a tool for achieving macroeconomic stabilization","2018","Espacios","39","6","32","","","2","","https://www.scopus.com/pages/publications/85042151674?origin=resultslist","Monetary policy is evaluated on the effectiveness an inflation containment and an unemployment control. We can say the vast majority of Central banks have chosen as the main criterion its monetary policy the inflation control. The stable price level plays a special role in achieving macroeconomic equilibrium, it allow to predict the economic situation and to shape the investment climate, which led to the expansion an inflation targeting. The choice of monetary control methods depends on the object and purpose regulation, the degree of maturity of the financial system. So, constantly discusses the transmission mechanism channels and the impulses which they to create in the economy. Therefore, the necessary models to test inflation, managing the exchange rate of the national currency. The article for this purpose, the proposed model auto regression and DSGE to investigate the relationship between inflation, the exchange rates and ""a replacement currency level"" and the monetary aggregates volatility. The object of regulation, are macroeconomic characteristics of the lending processes. The achievement of the desired macroeconomic effect, the Central Bank provides through the use of economic levers of influence, adjusting the economic incentives of financial institutions. © 2018.","Autoregressive model; Currency replacement; Inflation; Lucas-Phillips curve; Monetary aggregate; Unemployment","","Article","Final","","Scopus","2-s2.0-85042151674"
"Zidouemba P.R.","Zidouemba, Patrice Rélouendé (57194637888)","57194637888","Economy-wide implications of climate change in Burkina Faso","2017","Economics Bulletin","37","4","","2797","2808","15","","https://www.scopus.com/pages/publications/85037608858?origin=resultslist","Economic development in Burkina Faso is potentially vulnerable to climate change, given the country's dependence on rain-fed agriculture. We used a computable general equilibrium model to estimate the economic impacts of climate change, assuming that it will lead to an increase in variability and a decline in the average of agricultural yields as well as an increase in the average and in the instability of the world food prices. Climate change is found to reduce national welfare, with urban poor households being the most affected. However, there is a wide variation across scenarios in terms of the magnitude of the impacts, highlighting the need for multi-sectoral approaches that consider climate uncertainty. Our analysis of adaptation options indicates that investment in agricultural research and extension and irrigation development, particularly when combined, are potentially effective means of mitigating the damage caused by climate change in Burkina Faso.","","","Article","Final","","Scopus","2-s2.0-85037608858"
"Choi I.","Choi, In (7401471787)","7401471787","Does climate change affect economic data?","2024","Advanced Studies in Theoretical and Applied Econometrics","55","","","483","500","0","10.1007/978-3-031-48385-1_18","https://www.scopus.com/pages/publications/85219038176?origin=resultslist","This paper derives the seasonal factors from the US temperature, gasoline price, and fresh food price data sets using the Kalman state smoother and the principal component analysis. Seasonality in this paper is modeled by the autoregressive process and added to the random component of the time series. The derived seasonal factors show a common feature: their volatilities have increased over the last four decades. Climate change is undoubtedly reflected in the temperature data. The three data sets’ similar patterns from the 1990s suggest that climate change may have affected the prices’ volatility behavior. © The Author(s), under exclusive license to Springer Nature Switzerland AG 2024.","Climate change; Fresh food price; Gasoline price; Kalman state smoother; Principal component analysis; Seasonal factor; Temperature","","Book chapter","Final","","Scopus","2-s2.0-85219038176"
"Curry J.","Curry, Jamie (25421325800)","25421325800","Fuelling change","2008","Sustainable Business","","146","","22","23","0","","https://www.scopus.com/pages/publications/54049093696?origin=resultslist","Although biofuel production has been heralded as the potential answer to a lot of environmental issues, after five years, there is a growing concern about its impact on rising food prices, accelerating deforestation and its climate benefits, if there is indeed. A paper by Searchinger concluded that biofuels harmed biodiversity, and caused greenhouse gas emissions to rise as well as food prices. In the UK, the UK Renewable Fuels Agency examined the scale of the indirect effects of current biofuels production, and ultimately, produce remedies. Its Gallagher Review concluded that there is still a future for a sustainable biofuels industry. The report pointed out that biodiversity could be reduced by the displacement of existing agricultural production and might even cause greenhouse gas emissions rather than savings. As such, they recommended that the biofuels industry must target idle and marginal land and use of wastes and residues.","","Eurasia; Europe; United Kingdom; Western Europe; biodiversity; biofuel; energy resource; environmental issue; renewable resource; sustainability","Article","Final","","Scopus","2-s2.0-54049093696"
"Chaâbane N.","Chaâbane, Najeh (55430000300)","55430000300","Dynamics of global energy, geopolitics, and climate policy on inflation: A cross-regional analysis","2024","Development and Sustainability in Economics and Finance","2-4","","100017","","","7","10.1016/j.dsef.2024.100017","https://www.scopus.com/pages/publications/105021096021?origin=resultslist","This study investigates the intricate dynamics between the Consumer Price Index (CPI) and three critical determinants—Global Price of Energy (GPE), Geopolitical Risk (GPR), and Climate Policy Uncertainty (CPU)—across Europe, the USA, and China from February 1992 to April 2023. Using advanced methodologies, including time-varying Granger causality tests and a connectedness approach, we reveal that CPI consistently acts as a net receiver of shocks. The Total Connectedness Index (TCI) demonstrates a persistent and evolving mutual influence among these variables. Geopolitical Risk is identified as a constant net transmitter of shocks, while the role of Global Price of Energy evolves over time, and Climate Policy Uncertainty shows variable interactions with CPI. Our pairwise directional connectedness analysis highlights GPR's dominant impact on CPI and unveils distinct patterns in the relationships between CPI and the other determinants. This comprehensive approach provides a detailed understanding of the temporal and directional dynamics of inflation, offering valuable insights for policymakers and scholars. These findings underscore the need for nuanced economic strategies to address inflationary pressures and inform future research on the complex interplay of global economic factors. © 2024 Elsevier B.V.","Climate policy; Connectedness approach; Energy price; Geopolitical risk; Inflation; Time varying granger causality","","Article","Final","","Scopus","2-s2.0-105021096021"
"Wang D.; Andrée B.P.J.; Chamorro A.F.; Spencer P.G.","Wang, Dieter (59052588200); Andrée, Bo Pieter Johannes (57191276860); Chamorro, Andres Fernando (57210370534); Spencer, Phoebe Girouard (57210370984)","59052588200; 57191276860; 57210370534; 57210370984","Transitions into and out of food insecurity: A probabilistic approach with panel data evidence from 15 countries","2022","World Development","159","","106035","","","23","10.1016/j.worlddev.2022.106035","https://www.scopus.com/pages/publications/85135018975?origin=resultslist","Recent advances in food insecurity classification have made analytical approaches to predict and inform response to food crises possible. This paper develops a predictive, statistical framework to identify drivers of food insecurity risk with simulation capabilities for scenario analyses, risk assessment and forecasting purposes. It utilizes a panel vector-autoregression to model food insecurity distributions of 15 countries between October 2009 and February 2019. Least absolute shrinkage and selection operator (LASSO) methods are employed to identify the most important agronomic, weather, conflict and economic variables. The paper finds that food insecurity dynamics are asymmetric and past-dependent, with low insecurity states more likely to transition to high insecurity states than vice versa. Conflict variables are more relevant for highly critical states, while agronomic and weather variables are more important for less critical states. Food prices are predictive for all cases. A Bayesian extension is introduced to incorporate expert opinions through the use of priors, which can lead to significant improvements in model performance. © 2022","Expert opinion; Famine risk; Food insecurity; Panel vector-autoregression; Stochastic simulation; Variable selection","famine; food production; food security; food supply; panel data; stochasticity","Article","Final","","Scopus","2-s2.0-85135018975"
"Zhang J.; Lin X.; An Q.","Zhang, Jing (57205268364); Lin, Xiaole (59942152500); An, Qiguang (57189509069)","57205268364; 59942152500; 57189509069","Dynamic response of the natural interest rate to extreme climate","2026","Research in International Business and Finance","81","","103149","","","0","10.1016/j.ribaf.2025.103149","https://www.scopus.com/pages/publications/105018588883?origin=resultslist","The natural interest rate serves as a critical benchmark for central banks in formulating monetary policy and assessing macroeconomic equilibrium. Despite increasing concerns regarding climate change, the macroeconomic implications of extreme climate risks—particularly their transmission channels—remain insufficiently explored. This paper firstly integrates extreme climate risks into a dynamic growth model to analyze their impact on the natural interest rate theoretically. Then employing global panel data from 1980 to 2022 and utilizing the Cross-Sectionally Augmented Autoregressive Distributed Lag (CS-ARDL) approach, it demonstrates that extreme climate risks have no significant effect on the natural interest rate in the short term, while significantly depresses the natural interest rate in the long term. And this long-term reduction is particularly pronounced in lower and middle-income countries, those experiencing rapid warming, and nations with stringent inflation targeting regimes. Furthermore, the findings indicate that extreme climate risks depress the natural interest rate by augmenting savings and diminishing total factor productivity in the long run. Conversely, in the short term, these risks lead to increased government spending, which temporarily raises the natural interest rate; nonetheless, this short-term effect diminishes when considering long-term impacts. Moreover, the development of green finance plays a pivotal role in alleviating the long-term suppression of the natural interest rate due to extreme climate risks. By establishing climate risks as fundamental determinants of the natural interest rate, this research provides theoretical foundations for central banks to recalibrate policy frameworks, offering actionable insights for the integration of climate resilience into monetary policy design. © 2025","Extreme Climate Risk; Government Spending; Green Finance; Natural Interest Rate; Precautionary Savings; Total Factor Productivity","","Article","Final","","Scopus","2-s2.0-105018588883"
"Dinca V.M.; Trocinescu B.; Stamule S.; Bunea M.; Dinu V.","Dinca, Violeta Mihaela (29067678300); Trocinescu, Beatrice (59471592900); Stamule, Simona (57420474800); Bunea, Mariana (57202513858); Dinu, Vasile (31667447800)","29067678300; 59471592900; 57420474800; 57202513858; 31667447800","Opportunities and challenges for managers within the East-European agriculture sector: Case study on Romania","2024","E a M: Ekonomie a Management","27","4","","121","134","2","10.15240/tul/001/2024-4-008","https://www.scopus.com/pages/publications/85211974485?origin=resultslist","Agriculture has always been essential to the development of human society, providing the food necessary for human survival. For the Romanian economy, agriculture is a very important sector in terms of the number of enterprises involved and the agricultural area used, but also because of the workforce employed in the sector. However, Romanian agriculture is a vulnerable sector, which has had to face several unfavourable events in recent years. The COVID-19 pandemic, the energy crisis, the conflict in Ukraine, and the lack of agricultural inputs have brought many risks for Romanian farmers in 2023, such as higher food prices and more expensive electricity for consumers. This paper aims to identify the perceptions of the managers regarding the outcomes of the recent events (the COVID-19 pandemic, the energy crisis, the conflict in Ukraine) on the future potential of agriculture in Romania and to determine their perceptions about the impact of other issues with which agricultural companies had to deal with in recent years (climate change, draught, inflation, governmental measures). Other goals of the paper were to find out the managers’ plans and prospects to potentially introduce or use new technologies and digitization within their own companies and uncover their assessments regarding the sector’s future within the European and international context. To identify these perspectives, qualitative research was carried out through in-depth interviews with respondents holding leadership positions within 16 Romanian agricultural companies. The data was analyzed in order to identify similarities and discrepancies within their statements and find corroborative ideas that could help improve the sector. The results of the paper showed how the COVID-19 pandemic and the unstable geo-political context along with other issues increased production costs, but favored digitization and technology. In the past years, because different events changed the European and Romanian economy, a lot of academic research has revolved around the areas of health, energy and technology. Therefore, the study brings elements of originality because of the theme and the approach, which provide valuable insights not only for Romania but for other countries in the region as well. © 2024, Technical University of Liberec. All rights reserved.","agricultural production; climate change; COVID-19 pandemic; draught; Energy crisis; food security; geo-political instability; inflation","","Article","Final","All Open Access; Gold Open Access","Scopus","2-s2.0-85211974485"
"Mohamed A.M.; Mohamed S.O.; Hassan I.A.; Abdullahi A.M.; Ibrahim A.D.","Mohamed, Amir Mohamud (59500494700); Mohamed, Saidali Omar (60593406900); Hassan, Ismail Abdi (60593407000); Abdullahi, Abdulfatah Mohamed (59947651700); Ibrahim, Abdullahi Dahir (60814050200)","59500494700; 60593406900; 60593407000; 59947651700; 60814050200","Modeling the macroeconomic and climate determinants of poverty in Somalia","2026","Cogent Economics and Finance","14","1","2721827","","","0","10.1080/23322039.2026.2721827","https://www.scopus.com/pages/publications/105048673436?origin=resultslist","Poverty remains a critical global issue, marked by limited access to essentials like food, clean water, healthcare, education, and adequate living conditions. In Africa, poverty is particularly severe due to conflict, political instability, weak institutions, and reliance on subsistence farming. Somalia experiences some of the highest poverty rates worldwide, worsened by prolonged conflict, droughts, poor infrastructure, and unstable governance. Consequently, many Somalis depend on humanitarian aid and informal livelihoods. Despite these challenges, there is a significant gap in empirical research on the macroeconomic and climate determinants of poverty in Somalia using advanced econometric techniques. Therefore, this study examines the impact of macroeconomic and climate change determinants on poverty, employing the Augmented ARDL model to capture both long-run and short-run relationships from 1991–2020. The results show that inflation, population growth, and temperature increase poverty, while rainfall helps reduce it. The exchange rate and economic growth show an insignificant effect. Based on the findings, policymakers should prioritize inflation control, manage population growth effectively, invest in climate-resilient agriculture and adaptation strategies, maintain macroeconomic stability, and promote inclusive economic growth to effectively reduce poverty. © 2026 The Author(s). Published by Informa UK Limited, trading as Taylor & Francis Group.","augmented ARDL model; climate change; economic growth; exchange rate; Inflation; poverty; Somalia","","Article","Final","All Open Access; Gold Open Access","Scopus","2-s2.0-105048673436"
"Qi C.; Ma Y.; Du M.; Ma X.; Xu Y.; Zhou X.","Qi, Chaoping (57576605900); Ma, Yu (57217735091); Du, Meng (57858680000); Ma, Xiaoxian (59511327000); Xu, Yuan (58510518400); Zhou, Xiangjun (57933275500)","57576605900; 57217735091; 57858680000; 59511327000; 58510518400; 57933275500","Impacts of climate change on inflation: An analysis based on long and short term effects and pass-through mechanisms","2025","International Review of Economics and Finance","98","","103846","","","26","10.1016/j.iref.2025.103846","https://www.scopus.com/pages/publications/85214846942?origin=resultslist","Climate change is becoming an important factor affecting inflation. This study uses data from 101 countries between 2006 and 2019, employing the GMM method to analyze the impact of climate change on inflation rates, with the climate risk index published by Germanwatch as the primary explanatory variable and the inflation rate as the dependent variable. The results show that climate change can significantly increase the inflation rate in the short term, but not in the long term. Climate change is more likely to increase the price level in low-income countries than in developed countries. Further research shows that the central bank's interest rate policy and food price play mediating roles in climate change affecting inflation. Specifically, climate risk impacts the economy, and the central bank reduces the interest rate to stimulate the economy, causing inflation. Climate change also impacts food supplies, and rising food prices drives inflation. Therefore, the policy implication of this paper is that attention should be given to the short-term impact of climate change on inflation. Additionally, central banks should avoid significant reductions in interest rates in the short term and take measures to curb rising food prices to address climate change. © 2025 The Authors","Climate change; Inflation; Supply shock","","Article","Final","All Open Access; Gold Open Access; Green Open Access","Scopus","2-s2.0-85214846942"
"Yusifzada T.","Yusifzada, Tural (57800147700)","57800147700","Evaluating the global impact of climate change on agricultural inflation: an innovative climate condition index approach","2024","Environment, Development and Sustainability","26","7","","18411","18438","16","10.1007/s10668-023-03394-8","https://www.scopus.com/pages/publications/85160419560?origin=resultslist","This research discusses the impact of climate change on inflation, as well as the limitations of existing econometric models in incorporating multiple climate-related variables in determining inflation. To address this limitation, the study introduces the climate condition index (CCI) for 153 countries covering the 1901–2021 period to investigate the relationship between climate and agricultural inflation. This index represents a weighted average of various climate variables, including cloud coverage, temperature, precipitation, vapor pressure, and wet day frequency. The weights are the long-term cointegration coefficients of the climate variables concerning the Agricultural Producer Price Index (APPI), which were obtained from separate vector error correction models (VECMs) constructed for each country. The study shows that climate change has a significant impact on agricultural prices globally, as evidenced by a median Granger causality p-value of 0.036 across 153 countries (CCI Granger causing APPI in 127 countries with a 90% confidence interval). The results align with panel vector autoregression and country-specific VECMs impulse responses, which indicate that climate conditions negatively impact agriculture in 142 countries, while 11 countries gain from climate change. The study's overall results suggest that climate change substantially affects agriculture globally. In light of the significant economic reliance on agricultural production, it is advisable for governments to consider the issue from the perspective of sustainable growth, while central banks should tackle it with a focus on the inflationary implications through green quantitative easing. © The Author(s), under exclusive licence to Springer Nature B.V. 2023.","Agriculture; C32; Climate change; E31; E37; F01; Global climate index; Inflation; Panel vector autoregression (PVAR); Q54; Vector error correction model (VECM)","agricultural technology; climate change; climate conditions; climate effect; global climate; numerical model; regression analysis","Article","Final","","Scopus","2-s2.0-85160419560"
"Nepal R.; Best R.; Le T.; Arjomandi A.; Paija N.","Nepal, Rabindra (28567916500); Best, Rohan (57193329494); Le, Thanh (36861342700); Arjomandi, Amir (55365482800); Paija, Nirash (57204931596)","28567916500; 57193329494; 36861342700; 55365482800; 57204931596","Wholesale electricity price, carbon emissions, and economic output in Australia: The role of carbon pricing","2023","The Handbook of Energy Policy","","","","789","815","3","10.1007/978-981-19-6778-8_33","https://www.scopus.com/pages/publications/85170624259?origin=resultslist","A fundamental environmental concern that calls for urgent action is limiting carbon emissions globally and lessening the pernicious effects of climate change. Australia aims to cut carbon emissions by 26-28% from 2005 levels by 2030. Carbon pricing can be a powerful market-based economic tool for reducing carbon emissions and mitigating climate change. This chapter investigates the influence of different carbon price levels on carbon emissions by first adding different carbon price levels into electricity pricing and then using econometric techniques such as the Autoregressive Distributed Lag Model (ARDL) model and the Granger causality based on the vector error correction model (VECM) framework. This study carried out different scenario analyses using quarterly data from 2001:Q3 to 2019:Q1. The empirical results demonstrate a stable relationship between wholesale electricity pricing with full carbon price passthrough and carbon emissions over the long term, with a 1% increase in wholesale electricity price under a high carbon price scenario resulting in a 0.58% reduction in carbon emissions. The VECM-based Granger causality tests also reveal a relationship in the long term. Based on this, Australia could establish a carbon emissions mitigation scheme with a high tax rate on polluters like fossil-fuelbased electricity companies in order to reduce emissions and build a sustainable economy. This chapter's finding suggests that the importance of introducing an emissions trading scheme in Australia must be explored without undermining the effectiveness of carbon taxes toward emissions reduction. © Springer Nature Singapore Pte Ltd. 2023.","Australia; Carbon emissions; Carbon prices; Granger causality; VECM","","Book chapter","Final","","Scopus","2-s2.0-85170624259"
"Suhaas M.; Subramanian S.","Suhaas, M. (60115950800); Subramanian, S. (56663818900)","60115950800; 56663818900","Climate Change and the Limits of Inflation Targeting","2026","Economic and Political Weekly","61","5","","4","6","0","","https://www.scopus.com/pages/publications/105030618639?origin=resultslist","[No abstract available]","","","Letter","Final","","Scopus","2-s2.0-105030618639"
"Kanthilanka H.; Kingwell R.","Kanthilanka, Hemali (58142032600); Kingwell, Ross (6602138376)","58142032600; 6602138376","REGIONAL DIFFERENCES IN AUSTRALIAN EXPORT GRAIN SUPPLY CHAIN VELOCITIES AND THEIR IMPLICATIONS","2025","Australasian Journal of Regional Studies","31","1","","25","60","0","","https://www.scopus.com/pages/publications/105045798974?origin=resultslist","The size of grain harvests are increasing in most Australian states, enabling farmers to supply increasing volumes of grain to domestic and international customers. There is a market preference to supply international customers in the months prior to the availability of the northern hemisphere grain harvest that commences from June. To expedite export sales of Australian grain, most owners and operators of regional export grain supply chains in Australia are increasing their investments in the velocity, reliability, and capacity of their export grain supply chains. Larger volumes of Australian grain are now more rapidly exported. But what are the ramifications of these investments? Drawing on historical datasets of regional grain production, domestic grain consumption, and grain exports in each Australian state, this paper explores the national and state impacts of the enhanced investments in Australia’s export grain supply chains. The implications for Australian farmers, domestic consumers of grains, and owners of grain supply chain infrastructure are discussed. Farmers benefit from the enhanced capacity and velocity of grain flows in Australia’s grain supply chains, but in some eastern states in particular years, food price inflation may be triggered whenever more grain more quickly leaves Australia’s shores prior to a severe emerging drought that constrains future local grain supplies and places upward pressure on local grain prices. In periods of prolonged drought, concerns about domestic food price inflation may lead to social and political pressure for changes to grain export and grain import policies and additional investments to facilitate interstate grain flows. © (2025), (Australia New Zealand Regional Science Association International Inc. (ANZRSAI)). All rights reserved.","food inflation; grain export; grain production; supply chains","","Article","Final","","Scopus","2-s2.0-105045798974"
"Gao Y.; Cao J.; Zhao W.; Zhang M.","Gao, Yang (56403534500); Cao, Jiawen (60705788100); Zhao, Wandi (56875027300); Zhang, Mengwan (57328631400)","56403534500; 60705788100; 56875027300; 57328631400","Interconnectedness and determinants of sectoral stock markets in China: Insights from higher-order moment contagion analysis","2025","Economic Analysis and Policy","87","","","831","859","3","10.1016/j.eap.2025.06.038","https://www.scopus.com/pages/publications/105042671094?origin=resultslist","With the acceleration of global economic integration and industrial convergence, cross-market risk contagion has become a pressing risk management concern. In particular, extreme risk events have become more prevalent in markets, potentially triggering the contagion of higher-order moment risks. Based on the Chinese stock sector indices, this study empirically examines higher-order moment risk spillovers in the time and frequency domains and investigates their influencing factors and cluster structure. The findings reveal that inter-sector higher-order moment risk spillovers demonstrate pronounced time-varying traits that are predominantly influenced by high-frequency effects. Moreover, a distinct two-cluster structure is evident in the transmission of higher-order moment risks among the sectors. Finally, the climate physical risk, climate transition risk, investor sentiment, Chinese economic policy uncertainty, and consumer price index significantly impact the inter-sector higher-order moment risk spillovers. The manifestations of these impacts display heterogeneity under low and high frequencies. This study enriches the cross-sectoral risk contagion analysis in the Chinese stock market from a higher-order moment perspective and provides an essential reference for investors and regulators. © 2025","Higher-order moments; Network cluster identification; Risk spillover; Sectoral stock markets","","Article","Final","","Scopus","2-s2.0-105042671094"
"Chen X.; Wang X.; Xi T.; Xu J.","Chen, Xing (57206709508); Wang, Xuan (57210797801); Xi, Tianyang (56712433000); Xu, Jintao (7408551539)","57206709508; 57210797801; 56712433000; 7408551539","Estimating the CO2 marginal abatement cost and implications for climate policies in China’s industrial sector: A firm-level analysis","2023","China Economic Journal","16","2","","217","239","4","10.1080/17538963.2023.2244281","https://www.scopus.com/pages/publications/85168509307?origin=resultslist","This paper presents an in-depth analysis of the Marginal Abatement Cost Curve (MACC) for CO2 of China’s industrial sector. Leveraging comprehensive firm-level panel data spanning the period 2011–2015, we employ a parameterized directional output distance function to estimate the shadow price of CO2. By doing so, we derive the marginal abatement cost for individual firms across different years, which provides crucial insights into two fundamental aspects: first, the variation in shadow prices as indicators of the economic efficiency of existing climate policies; and second, the carbon price levels necessary to achieve CO2 mitigation targets in the future. Furthermore, we conduct scenario simulations to assess the potential industrial output loss resulting from forthcoming carbon policies, such as the European Union’s Carbon Border Adjustment Mechanism (CBAM). Our findings underscore the necessity for a considerably higher tax rate to stimulate pollution reduction in order to meet the desired emission targets. © 2023 Informa UK Limited, trading as Taylor & Francis Group.","carbon tax; climate change; directional distance function; marginal abatement cost curve; Shadow price","","Article","Final","","Scopus","2-s2.0-85168509307"
"O'Brien M.; Valadkhani A.; Townsend K.","O'Brien, Martin (24177436000); Valadkhani, Abbas (6506490711); Townsend, Keith (16200319800)","24177436000; 6506490711; 16200319800","The Australian labour market in 2007","2008","Journal of Industrial Relations","50","3","","383","398","3","10.1177/0022185608089995","https://www.scopus.com/pages/publications/43449122778?origin=resultslist","Both global and domestic economic growth remained robust in 2007 resulting in historically low unemployment and high labour force participation in Australia. However, these favourable labour force statistics were overshadowed for much of the year by a number of other issues such as the continuing drought, high oil and petrol prices and associated inflation and interest rate pressures, a November federal election, and the first full year of the operation of the Work Choices legislation. This article will address each of these issues by presenting an analysis of the macroeconomy and labour market, and reviewing the labour market implications of the Work Choices legislation in Australia. © Industrial Relations Society of Australia.","Economic performance; Industrial relations legislation; Labour market; Work Choices","","Article","Final","","Scopus","2-s2.0-43449122778"
"Biasetto B.","Biasetto, Bruno (57221690489)","57221690489","The Other Hand of God: The Impact of the 1988–1989 Drought in Argentina","2025","Latin American Research Review","","","","","","0","10.1017/lar.2025.10042","https://www.scopus.com/pages/publications/105009652951?origin=resultslist","This article examines the adverse impact of the La Niña phenomenon in Argentina from 1988 to 1989 on the country’s economy, which led to a profound crisis. The severe drought significantly affected agricultural exports, exacerbating poverty and inflation. The resulting economic downturn was triggered in part by the drought and precipitated a political crisis, ultimately resulting in the resignation of President Alfonsín and paving the way for the election of Carlos Menem as Argentina’s president. This study sheds light on the intricate interplay between climatic events, economic performance, and political dynamics, highlighting the vulnerability of countries heavily reliant on agriculture and emphasizing the need for comprehensive strategies to mitigate the socioeconomic consequences of natural disasters. © The Author(s), 2025. Published by Cambridge University Press on behalf of Latin American Studies Association.","Alfonsín; Argentina; drought; economic crisis; La Niña; political transition","","Article","Article in press","All Open Access; Gold Open Access","Scopus","2-s2.0-105009652951"
"Bandara J.S.; Cai Y.","Bandara, Jayatilleke S. (7003392568); Cai, Yiyong (55777725400)","7003392568; 55777725400","The impact of climate change on food crop productivity, food prices and food security in South Asia","2014","Economic Analysis and Policy","44","4","","451","465","307","10.1016/j.eap.2014.09.005","https://www.scopus.com/pages/publications/84914813295?origin=resultslist","South Asia has been identified as one of the most vulnerable regions in the world to the impact of climate change. Empirical studies carried out in recent years using the partial equilibrium approach suggest that climate change-induced yield losses in agriculture are becoming a serious concern. In this study, we use a global dynamic computable general equilibrium model to examine the impact of changes in crop productivity due to climate change on food prices and food security in South Asia, focusing on five large countries in the region, namely, Bangladesh, India, Nepal, Pakistan and Sri Lanka. Our results suggest that there is likely to be a significant negative impact on food production and prices in all South Asian countries due to climate change-induced agricultural productivity changes. The results further suggest that countries in this region are likely to face problems of food security given that nearly half of the world's poor reside in this region and agriculture plays an important role in the gross domestic product (GDP) and employment generation in the region. The results support the need for policy analysts and policy makers in the region to develop climate change adaptation measures that address the likely negative consequences of climate change-induced agricultural productivity losses. © 2014 Economic Society of Australia, Queensland.","Climate change; Computable general equilibrium; Food security","","Article","Final","All Open Access; Green Open Access","Scopus","2-s2.0-84914813295"
"Rinaldi M.","Rinaldi, Matteo (60531407700)","60531407700","Innovation in Marketing-Consultancy Industry: Human Centric Group Marketing Agency (https://humancg.com)","2025","Future of Business and Finance","Part F9457","","","241","246","0","10.1007/978-3-032-02766-5_11","https://www.scopus.com/pages/publications/105033538135?origin=resultslist","This case study, “Human Centric Marketing Agency”, explores the vital role of human centrality in developing resilient marketing strategies amidst global challenges. It introduces the Human-to-Human (H2H) approach, which integrates big data analysis with deep insights into consumer lifestyles, attitudes, and behaviours to craft authentic and meaningful brand experiences. The core argument is that the inherent human need to belong to “tribes” is a powerful, often underutilised, catalyst for innovation and growth. In an era marked by unprecedented global challenges such as pandemics, wars, inflation, and climate change, understanding and authentically engaging with these consumer tribes is crucial for business model resilience and sustainable futures. The case emphasises that transcending traditional marketing methods and immersing oneself in target communities—comprehending their values, aspirations, and pain points—leads to remarkable brand growth, consumer loyalty, and a resilient customer base. This human-centric approach not only fosters innovation but also builds lasting connections that contribute to business longevity and value creation. By leveraging the collective strength of these communities, businesses can forge a brighter, more sustainable future. © The Author(s), under exclusive license to Springer Nature Switzerland AG 2025.","","","Book chapter","Final","","Scopus","2-s2.0-105033538135"
"Choi I.","Choi, In (7401471787)","7401471787","Does climate change affect economic data?","2023","Empirical Economics","64","6","","2939","2956","3","10.1007/s00181-023-02363-4","https://www.scopus.com/pages/publications/85159020238?origin=resultslist","This paper derives the seasonal factors from the US temperature, gasoline price, and fresh food price data sets using the Kalman state smoother and the principal component analysis. Seasonality in this paper is modeled by the autoregressive process and added to the random component of the time series. The derived seasonal factors show a common feature: their volatilities have increased over the last four decades. Climate change is undoubtedly reflected in the temperature data. The three data sets’ similar patterns from the 1990s suggest that climate change may have affected the prices’ volatility behavior. © 2023, The Author(s), under exclusive licence to Springer-Verlag GmbH Germany, part of Springer Nature.","Climate change; Fresh food price; Gasoline price; Kalman state smoother; Principal component analysis; Seasonal factor; Temperature","United States; climate change; economic impact; price dynamics; principal component analysis; seasonality; temperature effect","Article","Final","All Open Access; Bronze Open Access; Green Open Access","Scopus","2-s2.0-85159020238"
"Stavins R.N.; Wagner G.","Stavins, Robert N. (6701787725); Wagner, Gernot (16644151000)","6701787725; 16644151000","Martin Weitzman: A Gift That Keeps on Giving","2025","Economics of Environment, Climate Change, And Wine: Selected Papers of Robert N Stavins, Volume 3 (2011-2023)","","","","19","29","0","10.1142/9789811292415_0002","https://www.scopus.com/pages/publications/105015247867?origin=resultslist","This special issue is a reminder that the world lost a truly remarkable scholar when Martin Weitzman sadly passed away in 2019. Across five decades, he explored policy options for the most challenging issues - from unemployment and inflation in the 1970s to climate change in the twenty-first century. In this chapter, we provide a brief biography and personal remembrance of Weitzman and describe how his contributions advanced the thinking of environmental economists, and the thoughts and actions of policy makers on many fundamental issues. We conclude with a brief description of the articles that follow in this issue... © 2025 by World Scientific Publishing Co. Pte. Ltd.","","Inflation; Policy makers; Policy options; Biographies","Book chapter","Final","","Scopus","2-s2.0-105015247867"
"","","","The AS–AD Framework: Origins, Problems and Progress","2008","Dynamic Modeling and Econometrics in Economics and Finance","10","","","35","89","0","10.1007/978-3-540-72542-8_2","https://www.scopus.com/pages/publications/85130904883?origin=resultslist","In this chapter we reformulate and extend the traditional AS–AD growth dynamics of the Neoclassical Synthesis, stage I with its traditional microfoundations, as it is for example treated in detail in Sargent (1987, Chap. 5). Our extension in the first instance does not replace the LM curve with a now standard Taylor rule, as is done in the New Keynesian approaches (however this is treated in a later section of the chapter). The model exhibits sticky wages as well as sticky prices, underutilized labor as well as capital, myopic perfect foresight of current wage and price inflation rates and adaptively formed medium-run expectations concerning the investment and inflation climate in which the economy is operating. The resulting nonlinear 5D dynamics of labor and goods market disequilibrium (at first—in comparison with the old neoclassical synthesis—with a conventional LM treatment of the financial part of the economy) avoids striking anomalies of the conventional model of the Neoclassical synthesis, stage I. Instead it exhibits Keynesian feedback dynamics proper with in particular asymptotic stability of its unique interior steady state solution for low adjustment speeds of wages, prices, and expectations. The loss of stability occurs cyclically, by way of Hopf bifurcations, when these adjustment speeds are made sufficiently large, leading eventually to purely explosive dynamics. © 2008, Springer-Verlag Berlin Heidelberg.","Capacity Utilization; Money Wage; Phillips Curve; Real Wage; Taylor Rule","","Book chapter","Final","","Scopus","2-s2.0-85130904883"
"Jack P.; Deane T.R.","Jack, Penm (55860584700); Deane, Terrell R. (55860754000)","55860584700; 55860754000","Short Selling Assessment Where Consumer Prices Involve Both Currency Trades and Weather Shocks","2012","Handbook of Short Selling","","","","537","549","1","10.1016/B978-0-12-387724-6.00037-4","https://www.scopus.com/pages/publications/84884428169?origin=resultslist","This chapter presents a research on short selling decisions where consumer prices involve both currency trades with respect to foods, for which a new sparse patterned forgetting factor inclusive time-series approaches is used. In order to maximize forex trading opportunities and diversify a currency investment portfolio, results indicate that an investor can buy one short-term bullish currency and short sell another short-term bearish currency. While forex trade and environmental investment decisions still have to operate in an uncertain market, and human judgment can never be fully replaced, sparse patterned time-series modeling has a significant role to play in guiding effective forex trade strategy and short selling decisions. This chapter tests two hypotheses for this. The first hypothesis is that significant price indices will cause exchange rate movements under the conditions of weather shocks. The second hypothesis is that the levels of significant price indices under weather shocks lead to a change in the same direction as exchange rate movements, if comovements in the same direction exist in cointegrating relationships. These two hypotheses are tested by using recent developments in cointegration theory and are undertaken within the framework of sparse patterned vector error-correction modeling (VECM) and associated cointegrating vectors, with allowance for possible zero entries in coefficient matrices. This method is particularly useful for analyzing cointegrating relationships between exchange rates and prices in forex trade markets. A forgetting factor approach is adopted for the estimation of sparse patterned VECMs, which has been widely used to capture nonstationarity through patterned VECM modeling, including full-order models. © 2012 Elsevier Inc. All rights reserved.","Currency trades; Forex trade strategy; Forgetting factor; Granger causality; Modified Hannan-Quinn criterion; Sparse patterned time-series modeling; Vector error-correction modeling; Weather shocks","","Book chapter","Final","","Scopus","2-s2.0-84884428169"
"Li X.; Liu S.; Kasturiratne D.; Chen H.","Li, Xinyi (59918625000); Liu, Shaofeng (24174685600); Kasturiratne, Dulekha (55209876300); Chen, Huilan (56651306100)","59918625000; 24174685600; 55209876300; 56651306100","Sustainable Community Value Networks: A Decision Support Model for Food Sharing Community Transitions","2026","Lecture Notes in Business Information Processing","582 LNBIP","","","51","63","0","10.1007/978-3-032-25146-6_4","https://www.scopus.com/pages/publications/105038347631?origin=resultslist","Recent global events such as the COVID-19 pandemic, climate disruption, ongoing living crisis and inflation have increasingly driven individuals and families into the critical state of food insecurity. In response, food sharing initiatives such as food sharing organisations, charities, communities and hubs have been established across many countries. One of the key decision-making challenges faced by food sharing communities is to build sustainable community value networks that can create long-lasting community value and enhance operational efficiency. This paper addresses this challenge by investigating how sustainable community value can be systematically generated and used to support decision-making within food sharing communities through a structured value network model. Drawing upon a comprehensive Systematic Literature and Practice Review (SLPR), this study conceptualises and develops the Sustainable Community Value Networks (SCVN) framework by integrating insights from both academic literature and real-world practice. The SCVN framework functions as a decision support model to guide sustainable and resilient community and society transitions, offering practical recommendations and strategic insights for decision-makers within food sharing communities to enhance adaptive capacity and strengthen the overall resilience of food sharing systems. © The Author(s), under exclusive license to Springer Nature Switzerland AG 2026.","Community Value Networks; Decision Support Systems; Food Sharing Communities; Resilient Transitions; Social Innovation; Sustainable Community Development; Systematic Literature and Practice Review","Artificial intelligence; Decision making; Sustainable city; Sustainable development; Community value network; Community values; Decision supports; Food sharing community; Resilient transition; Social innovations; Support systems; Sustainable community development; Systematic literature and practice review; Value network; Decision support systems","Conference paper","Final","","Scopus","2-s2.0-105038347631"
"Melo-Velandia L.F.; Orozco-Vanegas C.A.; Parra-Amado D.","Melo-Velandia, Luis Fernando (13612565800); Orozco-Vanegas, Camilo Andrés (57994485200); Parra-Amado, Daniel (56449265900)","13612565800; 57994485200; 56449265900","Extreme weather events and high Colombian food prices: A non-stationary extreme value approach1","2022","Agricultural Economics (United Kingdom)","53","","","21","40","13","10.1111/agec.12753","https://www.scopus.com/pages/publications/85143438589?origin=resultslist","Given the importance of climate change and the increase of its severity under extreme weather events, we analyze the main drivers of high food prices in Colombia between 1985 and 2020 focusing on extreme weather shocks like a strong El Niño. We estimate a non-stationary extreme value model for Colombian food prices. Our findings suggest that perishable foods are more exposed to extreme weather conditions in comparison to processed foods. In fact, an extremely low precipitation level explains only high prices in perishable foods. The risk of high perishable food prices is significantly larger for low rainfall levels (dry seasons) compared to high precipitation levels (rainy seasons). This risk gradually results in higher perishable food prices. It is nonlinear and is also significantly larger than the risk related to changes in the US dollar-Colombian peso exchange rate and fuel prices. Those covariates also explain high prices for both perishable and processed foods. Finally, we find that the events associated with the strongest El Niño in 1988 and 2016 are expected to reoccur once every 50 years. © 2022 International Association of Agricultural Economists.","extreme value theory; food inflation; Relative Risk ratio; return levels; weather extreme events","Colombia; climate change; El Nino; exchange rate; extreme event; food market; weather","Article","Final","","Scopus","2-s2.0-85143438589"
"Aldy J.E.","Aldy, Joseph E. (6506765346)","6506765346","How Big is the “Biggest Climate Spending Bill Ever”? Key Factors Influencing the Inflation Reduction act’s Clean Energy Impacts","2025","National Tax Journal","78","1","","201","221","6","10.1086/733762","https://www.scopus.com/pages/publications/105012867725?origin=resultslist","The Inflation Reduction Act (IRA) could deliver more than $1 trillion in tax expenditures and outlays targeting clean energy deployment, but considerable uncertainty characterizes the economic, emissions, energy, and fiscal implications of the law. I review the features of the political system governing implementation, the regulatory system overlaying performance standards, the innovation responding to IRA incentives, and the energy networks in which IRA-supported investments operate to identify the key factors influencing the IRA’s outcomes. Drawing from past research and policy experience, I illustrate how these factors could play out and how future program evaluation could reduce uncertainty and inform better climate policy. © 2025 National Tax Association. All rights reserved.","climate change; electric vehicles; green hydrogen; innovation; performance standards; renewable power; tax expenditures","","Article","Final","","Scopus","2-s2.0-105012867725"
"Škrinjarić T.","Škrinjarić, Tihana (55535418600)","55535418600","What Are the Short-to Medium-Term Effects of Extreme Weather on the Croatian Economy?","2023","Croatian Economic Survey","25","1","","33","78","1","10.15179/ces.25.1.2","https://www.scopus.com/pages/publications/85163889986?origin=resultslist","This research examines the short-to medium-term effects of weather changes on the Croatian economy by observing a simple model of an economy that includes changes in extreme weather events. Monthly data from 1999 to 2022 on the growth of the index of industrial production, inflation, energy inflation, changes in the unemployment rate, and selected weather variables are utilized to estimate several vector autoregression (VAR) models. The main finding indicates that inflation is mainly affected by weather shocks, especially drought. This means that monetary policy needs to consider this, mainly due to weather extremes being more frequent and of greater magnitudes. Furthermore, the insurance industry could also benefit from such findings due to the first quantification of such results on Croatian data. © 2023, Institute of Economics (Zagreb). All rights reserved.","climate change; extreme weather; inflation; weather effects","","Article","Final","All Open Access; Gold Open Access; Green Open Access","Scopus","2-s2.0-85163889986"
"Abril-Salcedo D.S.; Melo-Velandia L.F.; Parra-Amado D.","Abril-Salcedo, Davinson Stev (57189660754); Melo-Velandia, Luis Fernando (13612565800); Parra-Amado, Daniel (56449265900)","57189660754; 13612565800; 56449265900","Nonlinear relationship between the weather phenomenon El niño and Colombian food prices","2020","Australian Journal of Agricultural and Resource Economics","64","4","","1059","1086","22","10.1111/1467-8489.12394","https://www.scopus.com/pages/publications/85089460306?origin=resultslist","Extreme weather events, like a strong El Niño (ENSO), affect society in many different ways especially in the context of recent globe warming. In the Colombian case, ENSO had a significant impact on consumer food prices during the strongest event in 2015. Our research evaluates the relationship between ENSO and Colombian food inflation growth by using a smooth transition nonlinear model. We estimate the impacts of a strong ENSO on food inflation growth by adopting generalised impulse response functions (GIRFs). The results suggest that the weather shocks are transitory and asymmetric on inflation. A strong El Niño shock has a significant effect on the food inflation growth from five to nine months after the shock, and the accumulated elasticity is close to 730 basic points. We build the GIRFs for eight different episodes associated with a strong El Niño in the period corresponding from March 1962 to December 2018, and there is no evidence of changes in the size of Colombian food inflation growth responses over time. Finally, the negative shock, associated with a strong La Niña, shows an ambiguous effect on food prices. © 2020 Australasian Agricultural and Resource Economics Society Inc.","El Niño Southern Oscillation (ENSO); inflation; nonlinear smooth transition models","Colombia; El Nino; El Nino-Southern Oscillation; food market; inflation; nonlinearity; numerical model; price dynamics; weather","Article","Final","All Open Access; Green Open Access","Scopus","2-s2.0-85089460306"
"Díaz Pabón F.A.; Shifa M.; Ranchhod V.; Machemedze T.","Díaz Pabón, Fabio Andrés (55932945700); Shifa, Muna (57195560773); Ranchhod, Vimal (15837895300); Machemedze, Takwanisa (56667742300)","55932945700; 57195560773; 15837895300; 56667742300","Climate change-related shocks, assets and welfare outcomes in South Africa","2024","South African Journal of Economics","92","1","","93","104","2","10.1111/saje.12368","https://www.scopus.com/pages/publications/85183197133?origin=resultslist","Climate change and its consequences pose significant economic and social challenges around the world. Droughts have frequently afflicted South Africa, with the most recent severe drought occurring in 2015/2016. However, there has been little empirical research estimating the impact of climate-related shocks on individual well-being in South Africa. In this paper, we investigate the impact of the 2015/2016 drought on individual welfare. We also examine whether access to assets helps to mitigate the negative effects of climate change-related shocks on individual welfare. For estimating the impact of droughts on individual welfare outcomes, weather data are combined with individual panel data from the National Income Dynamics Study dataset. We use weather data from meteorological satellites to measure the extent of droughts across the country, and we measure individual welfare using real per capita consumption expenditure. Our estimation results show that the 2015/2016 drought had no significant effect on real per capita consumption expenditure in South Africa. We hypothesise that this is due in part to the structure of the labour market, with few people relying on subsistence farming, combined with social grants and remittances being the primary source of income for people at the bottom of the consumption distribution. Using anthropometric measurements as an alternative welfare indicator, we find that children living in drought-affected areas had lower weight-for-height measurements than those living in areas not affected by the drought. The findings imply that when food prices increased as a result of the drought, households may have chosen welfare-costly coping techniques such as reducing the quantity and quality of food consumed while keeping overall expenditure the same. © 2024 Economic Society of South Africa.","assets; climate change shocks; South Africa; well-being","South Africa; climate change; consumption behavior; drought; expenditure; quality of life; satellite data; socioeconomic impact; welfare impact","Article","Final","All Open Access; Green Open Access","Scopus","2-s2.0-85183197133"
"Hassel A.; Palier B.","Hassel, Anke (56254216500); Palier, Bruno (6603438966)","56254216500; 6603438966","Growth Strategies and Welfare Reforms: How Nations Cope with Economic Transitions","2025","Growth Strategies and Welfare Reforms: How Nations Cope with Economic Transitions","","","","1","480","5","10.1093/9780198947516.001.0001","https://www.scopus.com/pages/publications/105023259966?origin=resultslist","How have advanced capitalist democracies dealt with deindustrialization? Did financialization affect these economies to the same degree? How does digitalization transform them? How do governments deal with the polycrises of Covid-19, inflation, and climate change? What roles did welfare systems and reforms play in these adaptations? This book seeks to answer these questions by exploring the economic and social trajectories of advanced political economies in Europe, the United States, China, and Russia in the twenty-first century. It focuses on the interaction between national growth and welfare regimes, government growth strategies, and welfare state reforms to explain these countries' differing developments from the 1990s to the mid 2020s. The chapters offer theoretical, typological, and empirical comparisons between advanced capitalist countries, alongside detailed national case studies, in order to further understand their general economic and social features and their developments. Growth Strategies and Welfare Reforms features contributions from leading scholars in comparative political economy and comparative welfare state research, and presents a sophisticated theoretical approach, drawing on but also moving beyond varieties of capitalism and growth model approaches. © the several contributors 2025. All rights reserved.","","Economics; Case-studies; Economic transitions; Empirical comparison; Growth strategy; It focus; Political economy; State researches; Welfare reforms; Welfare state; Welfare systems; Inflation","Book","Final","","Scopus","2-s2.0-105023259966"
"Kumar K.K.; Honnali P.; Babu T.M.; Raghavendra Babu J.; Kanishka K.","Kumar, Katepogu Kiran (58814857400); Honnali, Panduranganagouda (59304576000); Babu, Tadipigari Mahesh (59458484700); Raghavendra Babu, J. (60642035000); Kanishka, K. (59457663600)","58814857400; 59304576000; 59458484700; 60642035000; 59457663600","Macroeconomic Drivers, Climate Change Impacts, and Stock Market Dynamics: A Comprehensive Analysis of Emerging Asian Economies","2026","Studies in Systems, Decision and Control","613","","","473","482","0","10.1007/978-3-031-99470-8_49","https://www.scopus.com/pages/publications/105039614411?origin=resultslist","The study investigates the complex interplay between macro-economic variables, climate change indicators, and stock market returns in emerging Asian economies. Utilizing a comprehensive dataset spanning the period from 2014 to 2023, the analysis applies advanced econometric techniques, including R-squared (R2), F-statistics, and coefficient estimations, to evaluate the impact of key economic, and environmental factors on stock market performance. The study considers inflation, imports, exports, and climate change as independent variables, while stock market returns serve as the dependent variable. The empirical findings reveal that gross domestic product (GDP) has a statistically significant negative effect on stock market returns (β = −0.611), suggesting that a 1% increase in GDP growth may lead to a 61% decline in stock market performance. Conversely, other macroeconomic indicators, including inflation, exports, and climate change measures (CLMC), do not exhibit a statistically significant influence on stock market returns during the observed period. These results suggest that external shocks, structural economic conditions, or unobserved market dynamics may have a more substantial impact on stock market fluctuations than the selected macroeconomic and climate-related factors. This study contributes to the existing literature by highlighting the potential disconnect between economic growth and stock market performance in emerging markets, emphasizing the need for further exploration of underlying determinants. © The Author(s), under exclusive license to Springer Nature Switzerland AG 2026.","Climate change; Gold; Inflation; Regression; Stock market returns","","Book chapter","Final","","Scopus","2-s2.0-105039614411"
"Heinen A.; Khadan J.; Strobl E.","Heinen, Andréas (18534897700); Khadan, Jeetendra (55863189400); Strobl, Eric (56011465800)","18534897700; 55863189400; 56011465800","The price impact of extreme weather in developing countries","2019","Economic Journal","129","619","","1327","1342","79","10.1111/ecoj.12581","https://www.scopus.com/pages/publications/85068782015?origin=resultslist","We examine the impact of extreme weather on consumer prices in developing countries by constructing a monthly data set of potential hurricane and flood destruction indices and linking these with consumer price data for 15 Caribbean islands. Our econometric model shows that the price impact of extreme weather events can be large. To illustrate potential welfare losses due to these price effects, we combine our estimates with price elasticities obtained from a demand system and with event probabilities for Jamaica. Our results show that while expected monthly losses are small, rare events can cause large falls in monthly welfare due to price increases. © 2018 Royal Economic Society.","","Jamaica; commodity price; data set; demand elasticity; developing world; disaster management; econometrics; economic impact; extreme event; flood; hurricane","Article","Final","All Open Access; Green Open Access","Scopus","2-s2.0-85068782015"
"Onu F.M.; Ubua I.B.; Ubua R.L.","Onu, F.M. (53864059400); Ubua, I.B. (60680292800); Ubua, R.L. (60680292900)","53864059400; 60680292800; 60680292900","Empowerment of Farm Families in Cross River State, Nigeria","2017","Journal of Home Economics Research","24","1","","56","64","0","","https://www.scopus.com/pages/publications/105041030959?origin=resultslist","The paper examined the challenges which face the farm families in agricultural production and suggested mechanisms for empowering the farm families to improve their agricultural productivity. Many factors hider the progress of farmers in food production which include adaptation to climate change issues like flooding, high rate of inflation, high cost of farm inputs, insecurity and corruption challenges. Unfortunately, many farmers find it difficult to grapple with the problems of food insecurity caused by some obvious challenges. The farmers therefore need to be empowered to enable them solve the problem of food production especially in Cross River state where flooding, insecurity of lives and other challenges make farmers not to do their best in food production. The paper therefore examined some factors which affect the farm families in agricultural production and ways of empowering the farmers to improve agricultural productivity in Cross River state, Nigeria. Conclusions were reached that the problem of food insecurity could be addressed if the farmers are empowered and obstacles that hinder the farmers’ food production removed. Based on the conclusions, some recommendations were made; one of which is that farmers should be encouraged to form association-based co-operatives on their value chain and geographical location to enable them channel their problems collectively as a group for easy recognition by the government and her agencies. © 2017, Heran. All rights reserved.","agricultural productivity and food security; empowerment; farm families","","Article","Final","","Scopus","2-s2.0-105041030959"
"Stead D.R.","Stead, David R. (23061817000)","23061817000","Irish agriculture and agricultural policy during the hot, dry summer of 1976","2014","Agricultural History Review","62","2","","337","359","4","","https://www.scopus.com/pages/publications/84921991112?origin=resultslist","This article focuses on the experiences of Irish agriculture, and agricultural policy initiatives, during the final months of the mid-1970s pan-European drought. Overall, Ireland's agricultural sector experienced some production problems arising from heat and moisture stress but was not severely affected. Nationally barley and potato yields fell most markedly, and with grass growth generally depressed, purchases of animal feedstuffs rose substantially. Milk yield increased, as did farm-gate output prices, strikingly so for potatoes. In many cases, rises in nominal family farm income surpassed considerably the rate of general inflation. Immediate policy measures included aids to private beef storage and thwarting the potato smuggling incentivized by export restrictions and higher prices overseas. By and large central government responded well. The main focus of political concern was the adverse impact of weather-induced food price rises on low-income consumers.","","Animalia; Hordeum; Solanum tuberosum","Review","Final","","Scopus","2-s2.0-84921991112"
"Sarker P.K.","Sarker, Provash Kumer (57406426800)","57406426800","The monetary policy of climate change","2025","Encyclopedia of Monetary Policy, Financial Markets and Banking","","","","V2:40","V2:49","3","10.1016/B978-0-44-313776-1.00162-8","https://www.scopus.com/pages/publications/105028843525?origin=resultslist","In this study, we explore the innovative roles of monetary policy in addressing climate change and its adverse effects on inflation and financial risk. In particular, we discuss the potential effects of climate change on financial assets and how monetary policy can respond to these effects. We argue that extreme weather-related events can cause inflation by adversely affecting food production and disrupting supply chains worldwide. In addition, due to rising global temperature, many fossil-intensive industries may become vulnerable to clean energy transition. We provide important policy insights into the roles of central banks in addressing climate change effects through policymaking. © 2025 Elsevier Inc. All rights are reserved, including those for text and data mining, AI training, and similar technologies.","Central bank; Climate change; Energy transition; Financial risk; Inflation; Monetary policy","Data mining; Finance; Inflation; Public policy; Supply chains; Adverse effect; Central bank; Energy transitions; Extreme weather; Financial assets; Financial risks; Food production; Inflation risk; Monetary policies; Potential effects; Climate change","Book chapter","Final","","Scopus","2-s2.0-105028843525"
"Nugroho A.D.; Masyhuri M.","Nugroho, Agus Dwi (58754315000); Masyhuri, Muhammad (58954327200)","58754315000; 58954327200","Comparing the impacts of economic uncertainty, climate change, Covid-19, and the Russia-Ukraine conflict: Which is the most dangerous for EU27 food prices?","2024","Studies in Agricultural Economics","126","1","","18","25","8","10.7896/j.2705","https://www.scopus.com/pages/publications/85192206137?origin=resultslist","This study compares the impact of economic uncertainty, climate change, Covid-19, and the Russia-Ukraine conflict on 27 European countries (EU27) food prices. The author used panel data that combines cross section data from January 2019 – March 2023 and time series data from 27 European countries. The error correction model (ECM) and Autoregressive Distributed Lag (ARDL) were used to analyse the data. The domestic energy consumer price index, real broad exchange rate, climate change, and Russia-Ukraine armed clashes are the drivers of the short and long run rise in the EU27 domestic food consumer price index. New domestic cases of Covid-19 can increase the EU27 domestic food consumer price index in the short run but not in the long run. Meanwhile, an increase in the unemployment rate has the potential to lower the EU27 domestic food consumer price index in both the short and long run. Among all the global shocks examined in this study, changes in the real broad exchange rate have the greatest impact on the EU27 domestic food consumer price index. © 2024, NAIK Research Institute of Agricultural Economics. All rights reserved.","energy prices; global shocks; real broad exchange rate; unemployment","","Article","Final","All Open Access; Gold Open Access","Scopus","2-s2.0-85192206137"
"Shaffer G.; Wolfe R.; Le V.","Shaffer, Gregory (36641245900); Wolfe, Robert (7402000300); Le, Vinhcent (57189216697)","36641245900; 7402000300; 57189216697","Can Informal Law Discipline Subsidies?","2015","Journal of International Economic Law","18","4","","711","741","26","10.1093/jiel/jgv043","https://www.scopus.com/pages/publications/84966430918?origin=resultslist","Some subsidies (such as for fossil fuels and fisheries) adversely affect global public goods (such as a stable climate and the maintenance of global fish stocks); others affect global price levels (domestic support for certain agriculture commodities), or have negative consequences for a trading partner. World Trade Organization (WTO) members have negotiated an agreement on subsidies, but there are severe limits to that agreement's ability to exercise discipline, and the prospects of its amendment remain limited. This article examines whether states can improve discipline through the use of informal mechanisms and, if so, under what conditions. Informal discipline on subsidies depends on the existence of fora to discuss definitions, generate information about their incidence, discuss whether a particular measure fits the definition, and consider whether a remedy exists. This article takes international organizations (IOs) seriously as fora for generating 'law', not simply as bodies exercising power or coercion, and it explores a particular view of law. If codification is not the only indicator of law, if one accepts that law also emerges in social interaction, then we must attend to the less formal places where the law of subsidies emerges, and affects state actions. The analysis of where disciplines might be found is based on a three-level set of comparisons: (i) within the WTO, involving horizontal compared to sectoral disciplines, with a focus on committee and other peer-review processes, rather than the traditional focus on the dispute settlement system; (ii) the WTO compared to, and in complement with, other IOs addressing particular sectors; and (iii) IOs compared to, and in complement with, non-governmental organizations. The article provides four case studies involving subsidies: (i) export credits, (ii) shipbuilding, (iii) fisheries, and (iv) fossil fuels. It assesses variations in number of actors, the conceptualization of the problem, definitions, obligation, data, and organizations across these case studies and the impact of such differences on the development of subsidy disciplines. © 2015 The Author. Published by Oxford University Press. All rights reserved.","","","Article","Final","","Scopus","2-s2.0-84966430918"
"Nugroho A.D.; Fekete-Farkas M.; Lakner Z.","Nugroho, Agus Dwi (58754315000); Fekete-Farkas, Mária (12765366300); Lakner, Zoltán (6506033503)","58754315000; 12765366300; 6506033503","Impact of climate change mitigation actions on food prices in developing countries","2024","Regional Statistics","14","6","","1025","1049","2","10.15196/RS140601","https://www.scopus.com/pages/publications/85217485552?origin=resultslist","Mitigation is a crucial action in reducing the effects of climate change. However, it is frequently debated in developing countries because mitigation not only improves the environment but also reduces food production, which can increase food prices. Therefore, this study examines the impact of climate change mitigation actions on food prices in developing countries. The vector error correction model (VECM) was used to examine data collected between 1990 and 2020 from 87 developing countries. The current food price in Africa and Latin America and the Caribbean (LAC) have experienced short and long-term increases due to previous year’s inflation. However, the current food prices in Asia have decreased in the short-term. The inefficient use of nitrogen nutrients in the previous year have also increased food prices in Africa in both the short and long-term but only in the short-term in Asia and LAC. Other climate mitigation efforts, such as water productivity in the previous year briefly lowered food prices in Asia in the short term and renewable energy can lower food prices in Africa and LAC in the short term. Thus, our study shows that climate change mitigation actions can lower food prices in developing countries. © (2024), (Hungarian Central Statistical Office). All rights reserved.","food price; renewable energy consumption; the inefficient use of nitrogen; water productivity","","Article","Final","All Open Access; Gold Open Access","Scopus","2-s2.0-85217485552"
"Zoungrana H.; N’Guessan C.F.J.; Combary O.S.","Zoungrana, Henri (59320324100); N’Guessan, Coffie Francis José (57202506657); Combary, Omer Souglimpo (57190346417)","59320324100; 57202506657; 57190346417","Climate Change's Effect on Household Food Security in Sub-Saharan Africa and Optimal Monetary Policy","2024","International Economic Journal","38","4","","664","688","0","10.1080/10168737.2024.2401343","https://www.scopus.com/pages/publications/85203555057?origin=resultslist","The resurgence of food insecurity in Sub-Saharan Africa during the past decade highlights the need to comprehend the phenomenon within a framework that includes all economic agents in these times of intensification of climate change. Thus, this paper, using a Dynamic Stochastic General Equilibrium (DSGE) model, analyzes the effects of climate shocks occurring in agricultural and non-agricultural sectors on household food security in Sub-Saharan Africa, while determining optimal monetary policy responses to mitigate these adverse effects. Findings highlight that climate shocks affecting the non-agricultural sector are more detrimental to long-term household food security than those affecting the agricultural sector, particularly for urban households. To mitigate these effects, flexible policies targeting food price inflation and headline inflation seem appropriate for rural and urban households, respectively. Nevertheless, in the absence of political and social pressure, flexible headline inflation targeting is optimal for mitigating climate shocks effects on Sub-Saharan Africa's food security. © 2024 Korea International Economic Association.","Climate change; DSGE model; food security; optimal monetary policy; Sub-Saharan Africa","","Article","Final","","Scopus","2-s2.0-85203555057"
"Kishore V.; Shekhar H.","Kishore, Vimal (57579120500); Shekhar, Himani (57579530400)","57579120500; 57579530400","Extreme Weather Events and Vegetable Inflation in India","2022","Economic and Political Weekly","57","44-45","","65","74","6","","https://www.scopus.com/pages/publications/85140000972?origin=resultslist","Extreme weather events like cyclones, heavy rainfall/ floods, thunderstorms, hailstorms, and droughts often damage standing crops, causing supply shortages and spikes in vegetable prices in India. Such supply shocks push up food inflation and also increase food price volatility. This paper analyses the impact of such extreme weather events on the prices of three key vegetables, that is, tomatoes, onions and potatoes in India. It also tries to find out whether the inclusion of these weather events improves out-of-sample forecast performances. The paper concludes that these events have a significant impact on the prices of TOP and aids in forecast performance in the case of onions and potatoes. Therefore, monitoring the occurrence of such extreme weather events in important TOP-producing states can help in predicting future surges in prices of these vegetables and improve forecasting performance of food inflation in the short term. © 2022 Economic and Political Weekly. All rights reserved.","","","Article","Final","","Scopus","2-s2.0-85140000972"
"Adesete A.A.; Olanubi O.E.; Dauda R.O.","Adesete, Ahmed Adefemi (57205465693); Olanubi, Oluwanbepelumi Esther (57812204700); Dauda, Risikat Oladoyin (25823666800)","57205465693; 57812204700; 25823666800","Climate change and food security in selected Sub-Saharan African Countries","2023","Environment, Development and Sustainability","25","12","","14623","14641","89","10.1007/s10668-022-02681-0","https://www.scopus.com/pages/publications/85138681673?origin=resultslist","This study examined the nexus between climate change and food security in Sub-Saharan African Region (SSA). With focus on 30 countries within the region, the study employed the dynamic panel data analysis using the one-step and two-step system generalized method of moments (GMM) model. The time observed spanned from 2000 through 2019. The study found that increase in greenhouse gas emission would lead to an increase in prevalence of malnourishment rate, resulting in a decrease in food security in SSA. In addition, climate change and food price have a negative significant effect on food security, while income and food supply have a positive significant impact on food security in SSA. The findings also revealed that the decline in carbon emission is expected to boost agricultural supply and productivity, reduce the prevalence of malnourishment rate and promote food security. Thus, the study recommends that SSA region should be more deliberate about meeting its targets towards achieving zero net emission. Furthermore, the region should improve its domestic food production capacity by implementing policies that will support improvement in agricultural production in the region. © 2022, The Author(s), under exclusive licence to Springer Nature B.V.","Climate change; Food security; Greenhouse gas emission; Income; O13; O44; O55; Q19; Q54; Q56; Sub-Saharan Africa","Sub-Saharan Africa; agricultural production; climate change; emission control; food production; food security; food supply; greenhouse gas; panel data","Article","Final","All Open Access; Bronze Open Access; Green Open Access","Scopus","2-s2.0-85138681673"
"Villoria N.B.","Villoria, Nelson B. (34168429700)","34168429700","Trade frictions and domestic food price stability in the presence of large-scale climate shocks","2026","American Journal of Agricultural Economics","108","1","","285","308","5","10.1111/ajae.12531","https://www.scopus.com/pages/publications/85216939112?origin=resultslist","This article examines how trade policies can mitigate the impact of trade frictions that worsen food price spikes when supply shocks are correlated across trading partners. El Niño Southern Oscillation (ENSO) offers a natural experiment of a global climate phenomenon that induces weather correlation across continents. Gravity-derived maize prices in southern and eastern Africa increase significantly in response to El Niño extremes. Eliminating border friction reduces self-sufficiency and the magnitude of El Niño-driven price increases. Either border elimination or diversification of import sources result in lower and less volatile prices regardless of El Niño occurrences. The results highlight that the ability of trade to alleviate price spikes in the focus regions depends much more on the volume of imports than on the location of trading partners. © 2025 Agricultural & Applied Economics Association.","climate change; correlated supply shocks; ENSO; international trade; spatial equilibrium; structural gravity; trade and food security; trade facilitation","East Africa; Southern Africa; climate change; El Nino-Southern Oscillation; food market; food security; international trade; price determination; supply chain management; trade relations","Article","Final","","Scopus","2-s2.0-85216939112"
"Bodislav D.-A.; Bran F.; Dima C.; Andrei V.-I.","Bodislav, Dumitru-Alexandru (37560991400); Bran, Florina (26431730000); Dima, Cristina (57196236570); Andrei, Valeriu-Ionuț (60628408100)","37560991400; 26431730000; 57196236570; 60628408100","The Role of Artificial Intelligence Foresight in Preventing Recessions and Overheating","2026","Springer Proceedings in Business and Economics","","","","131","142","0","10.1007/978-3-032-19276-9_9","https://www.scopus.com/pages/publications/105038499233?origin=resultslist","This paper explores the intersection of macroeconomic cycle analysis and artificial intelligence (AI) to propose a transformative approach to economic forecasting and policymaking. Kitchin, Juglar, Kuznets, Schumpeterian, Kondratieff, and Real Business Cycles are all macroeconomic cycles that are necessary to understand economic fluctuations and their effects on stability, employment, and growth. Traditional approaches to analyzing these cycles frequently fail to accurately predict turning points and effectively manage their complexities. AI integration is a powerful solution because it enables real-time monitoring, predictive modeling, and scenario simulation. This paper presents an AI-driven foresight framework designed to improve economic policy decisions using data integration, machine learning models, and decision support systems. Applications are evaluated in a wide range of critical areas, including fiscal planning, monetary policy, labor market management, financial stability, and climate-responsive strategies. AI can improve inflation forecasting, optimize tax policies, and facilitate workforce reskilling, among other benefits, as demonstrated by real-world examples AI can help governments and institutions prevent recessions, reduce inflation, and promote long-term sustainability. This study emphasizes the importance of combining technological innovation with ethical and transparent practices, and it provides a framework for leveraging AI’s potential to build more inclusive and resilient economies. © The Author(s), under exclusive license to Springer Nature Switzerland AG 2026.","Artificial Intelligence; Economic Forecasting; Economic Resilience; Macroeconomic Cycles; Policy Optimization","","Conference paper","Final","","Scopus","2-s2.0-105038499233"
"Tse T.C.M.","Tse, Terence C.M. (36136038600)","36136038600","CORPORATE FINANCE: THE BASICS, SECOND EDITION","2023","Corporate Finance: The Basics, Second Edition","","","","1","162","0","10.4324/9781003380610","https://www.scopus.com/pages/publications/85181780740?origin=resultslist","Corporate Finance: The Basics is a concise introduction to the inner workings of finance at the company level. It aims to take the fear out of corporate finance and add the fun in, presenting the subject in a way that is simple to grasp and easy to digest. Its aim is to explain – and demystify – the essential ideas of corporate finance, avoiding the heavy use of maths and formulae. The calculations and figures in the book are purely to illustrate fundamental concepts, appealing to readers’ common sense, rather than stretching their ability to do ""number-crunching"". This fully revised edition takes into account the most recent developments in the corporate financial landscape, including: the longer-term ramifications of the 2008 financial crisis, the impact of the Covid-19 pandemic, rising inflation and the current economic climate, and the effect of environmental, social and governance (ESG) on a company’s financial decisions. A brand-new chapter which seeks to answer the question of how to manage growing businesses from a finance perspective is also included. Through the use of a subject map, this book explains how the key components of the subject are connected with each other, strengthening the reader’s understanding. This book is the ideal introduction for anyone looking for a short yet scholarly overview of corporate finance. © 2024 Terence C.M. Tse.","","","Book","Final","","Scopus","2-s2.0-85181780740"
"Tokat-Acikel Y.; Aiolfi M.; Johnson L.; Hall J.; Jin J.Y.","Tokat-Acikel, Yesim (57225138756); Aiolfi, Marco (14319077500); Johnson, Lorne (57262650900); Hall, John (57212616527); Jin, Jessica Yiwen (57225150395)","57225138756; 14319077500; 57262650900; 57212616527; 57225150395","Top-Down Portfolio Implications of Climate Change","2021","Journal of Portfolio Management","47","9","","69","91","4","10.3905/JPM.2021.1.279","https://www.scopus.com/pages/publications/85115169310?origin=resultslist","This article reviews the significant progress in academic research on economic impact of climate change and explores the implications for expected returns and strategic portfolio allocation across major public asset classes. There have been numerous efforts to measure the environmental impact within a broader environment, social, and governance framework with a focus on microeconomic and firm-level implications. In this article, the authors assess the impact of climate change on long-Term expected returns across asset classes from a top-down macroeconomic perspective. They use well-Accepted climate risk scenarios to assess the potential impact of alternative climate scenarios on economic growth, inflation, and asset returns for major asset classes. Finally, they design hypothetical portfolios given these top-down assumptions and explore portfolio allocation implications. © 2021 University of Szeged. All rights reserved.","ESG investing; legal/regulatory/public policy; portfolio construction; tail risks","","Review","Final","","Scopus","2-s2.0-85115169310"
"Elbushra A.A.","Elbushra, Azharia A. (57194467306)","57194467306","Food prices and food security in Saudi Arabia: Facts and trends","2024","Food and Nutrition Security in the Kingdom of Saudi Arabia, Vol. 2: Macroeconomic Policy and Its Implication on Food and Nutrition Security","","","","29","46","1","10.1007/978-3-031-46704-2_2","https://www.scopus.com/pages/publications/85194991528?origin=resultslist","Price volatility Price volatility has a significant impact on food security Food security . Saudi Arabia relies on food imports Food imports to meet local demand due to water scarcity Scarcity and unfavorable weather conditions restricting local production Local production . Therefore, increasing food prices Prices remain a major concern for Saudi Arabian food companies. This chapter focuses on analyzing food price Prices changes in terms of facts and trends through the Consumer Price Prices Index (CPI), a measure of inflation Inflation , and changes in the average prices Average prices of some food commodities. The results show that, the food price index Food price index in Saudi Arabia is greater than the general consumer price Prices index during the period of January 2001 to June 2022. It also indicates that food and beverages exhibit the highest average score of CPI compared to the general index during the period of January-May 2023. In addition, the results also show that in 2022, Food and non-alcoholic scored the second ranking of the CPI components. Moreover, the results reveal that there is annual increase in average prices Average prices of some food items such as imported honey, coffee Coffee , red meat Red meat , local glass cheese and Fish Fish Prices . Thus this price Prices increase in food prices Prices will affect households' ability to access healthy and nutritious food, resulting in an increased prevalence of undernourishment Undernourishment . Therefore, a food security strategy Food security strategy focusing on increased agricultural efficiency, social protection and trade openness Trade openness is recommended to ensure a sustainable and affordable food supply. © The Author(s), under exclusive license to Springer Nature Switzerland AG 2024. All rights reserved.","Average prices; Food groups; Food price volatility; General price index; Inflation","","Book chapter","Final","","Scopus","2-s2.0-85194991528"
"Best J.","Best, Jacqueline (8057867500)","8057867500","The fragility of depoliticization: revisiting the history of Central bank inflation-management","2025","Review of International Political Economy","32","3","","714","740","4","10.1080/09692290.2024.2444365","https://www.scopus.com/pages/publications/85214368004?origin=resultslist","In recent years, it has sometimes seemed like the fate of economic depoliticization is up for grabs: the 2008 global financial crisis raised serious questions about the economic viability of technocratic economic strategies while the rise of populist parties has challenged their political sustainability. Even central banks, once the priests of economic depoliticization, began to waver by the early 2020s, paying some attention to inequality and climate change. Yet, as inflation picked up after 2022, central banks returned to their old depoliticizing strategies, reimposing strict inflation targets. As we watch central bankers outdo each other as monetary hawks, we may be tempted to see the return to depoliticization as natural and inevitable. This paper paints a different picture, showing that policies aimed at depoliticizing monetary policy have encountered as many failures as successes since the early 1980s. Drawing on recently declassified archival material, it examines three attempts to put depoliticized monetary policy into practice in the UK, seeking to understand why depoliticization failed so many times and then succeeded. If attempts to depoliticize monetary policy have had a rockier history than is generally assumed, the era of successful monetary depoliticization was not only surprisingly brief but may well be over. © 2025 The Author(s). Published by Informa UK Limited, trading as Taylor & Francis Group.","central banking; Depoliticization; finance; inflation; monetary policy","","Article","Final","All Open Access; Hybrid Gold Open Access","Scopus","2-s2.0-85214368004"
"Weber I.M.; Lara Jauregui J.; Teixeira L.; Nassif Pires L.","Weber, Isabella M (57208525184); Lara Jauregui, Jesus (58946566900); Teixeira, Lucas (57995162000); Nassif Pires, Luiza (57219200439)","57208525184; 58946566900; 57995162000; 57219200439","Inflation in times of overlapping emergencies: Systemically significant prices from an input-output perspective","2024","Industrial and Corporate Change","33","2","","297","341","43","10.1093/icc/dtad080","https://www.scopus.com/pages/publications/85188181551?origin=resultslist","In the overlapping global emergencies of the pandemic, climate change and geopolitical confrontations, supply shocks have become frequent and inflation has returned. This raises the question of how sector-specific shocks are related to overall price stability. This paper simulates price shocks in an input-output model to identify sectors which present systemic vulnerabilities for monetary stability in the United States. We call these prices systemically significant. We find that in our simulations the pre-pandemic average price volatilities and the price shocks in the COVID-19 and Ukraine war inflation yield an almost identical set of systemically significant prices. The sectors with systemically significant prices fall into four groups: energy, basic production inputs other than energy, basic necessities, and commercial infrastructure. Specifically, they are ""Petroleum and coal products,""""Oil and gas extraction,""""Utilities,""""Chemical products,""""Farms,""""Food and beverage and tobacco products,""""Housing,""and ""Wholesale trade.""We argue that in times of overlapping emergencies, economic stabilization needs to go beyond monetary policy and requires institutions and policies that can target these systemically significant sectors.  © 2024 The Author(s). Published by Oxford University Press in association with Oxford University Press and the Industrial and Corporate Change Association.","","Ukraine; United States; computer simulation; inflation; input-output analysis; monetary policy; price dynamics; vulnerability","Article","Final","All Open Access; Green Open Access; Hybrid Gold Open Access","Scopus","2-s2.0-85188181551"
"Abdou M.; Musabanganji E.; Musahara H.","Abdou, Musonera (57427676800); Musabanganji, Edouard (57218555164); Musahara, Herman (57205600047)","57427676800; 57218555164; 57205600047","Determinants of Tourism Demand Using Machine Learning Techniques","2022","African Journal of Hospitality, Tourism and Leisure","11","2","","770","780","5","10.46222/ajhtl.19770720.256","https://www.scopus.com/pages/publications/85140596750?origin=resultslist","The purpose of the current study was to determine factors affecting tourism demand using machine learning techniques. The results of different linear regression and random forest models on both the train and test sets were compared using RMSE and R2. The random forest model outperformed the linear regression model on both the training and test sets. Climate, consumer price index, political stability, distance, promotion expenditure, and region of residence are all important factors in explaining total arrivals. The findings of the current research, therefore, provide additional evidence for the effectiveness of the AI based models to improve tourism demand forecasting compared to linear regression models. © 2022 AJHTL /Author(s) | Open Access – Online @ www.ajhtl.com","Feature importance; Random forest; Tourism demand","","Article","Final","","Scopus","2-s2.0-85140596750"
"Siluthanyi M.; Yahia Z.; Pradhan A.","Siluthanyi, Martin (57219423919); Yahia, Zakaria (56533970000); Pradhan, Anup (22951870600)","57219423919; 56533970000; 22951870600","Supply chain management of milled grain products: A review and conceptual framework","2020","Towards the Digital World and Industry X.0 - Proceedings of the 29th International Conference of the International Association for Management of Technology, IAMOT 2020","","","","604","617","0","","https://www.scopus.com/pages/publications/85092657906?origin=resultslist","The total supply chain management of milled grain products in South Africa comprises of four main sub systems: farming sub system, transportation sub system, milling plant sub system and retailer sub system. These four sub systems consist of several components and sub-components. Therefore, this system is much complicated and has attracted multi-disciplinary scholars over the last decades. With the huge scale and complexity of this system, it is essential to grasp the system from the different perspectives. This paper contributes to the literature by three folds as follow. First, conducting a critical and exhaustive literature review for the management aspects, philosophies and approaches of the supply chain of milled grain products. The literature is classified from different perspectives, including: the conceptual modelling approaches for representing the system; the simulation modelling approaches imitating the system; the purpose of the different studies conducted in the supply chain of milled grain products; and the aspects, factors and issues raised in the previous studies. Second, identifying the potential research directions in the management problems of the supply chain of milled grain products. Third, developing a research framework for the most critical issues raised in the supply chain of milled grain products. The study framework recommends the integration of both flow charts and Design and Engineering Methodology for Organizations (DEMO) methodology in order to describe system components and conceptual modelling. Furthermore, the framework will be extended to adapt System Dynamics for studying the interrelationships between the system components and investigate the dynamic behavior of the entire system. The system dynamics model will merge the four sub-systems and study the behavior of each components represented on the chart. The main findings of this paper are as follow. First, there is a shortage in the studies focusing on conceptual representation of the supply chain of milled grain products. For this point, efficient conceptual modelling approaches such as Design and Engineering Methodology for Organizations (DEMO) approach could be applied. Second, there is a need for a high-level modelling and simulation of the behavior of such complex system where all four-subsystem studied in detail. For this point, a system dynamics-based set of models could be integrated to simulate the interrelated subsystems as well as investigating the relationship between the components and their influence towards each other. Furthermore, the impact of a set of variables, such as the climate change, inflation, and oil price on the food shelf price could be analyzed using system dynamics-based models. © 2020 Towards the Digital World and Industry X.0 - Proceedings of the 29th International Conference of the International Association for Management of Technology, IAMOT 2020. All rights reserved.","Conceptual framework; DEMO; Economy; Milled grain products; Supply chain management; System dynamics","Climate change; Climate models; Crude oil price; Oils and fats; Philosophical aspects; System theory; Conceptual frameworks; Conceptual modelling; Engineering methodology; Management problems; Modelling and simulations; Potential researches; Research frameworks; System dynamics model; Supply chain management","Conference paper","Final","","Scopus","2-s2.0-85092657906"
"Gbadegesin T.K.; Andrée B.P.J.; Braimoh A.","Gbadegesin, Tosin Kolajo (57217023314); Andrée, Bo Pieter Johannes (57191276860); Braimoh, Ademola (6507908128)","57217023314; 57191276860; 6507908128","Effects of climate shocks on food security, food prices, and agricultural wages in Afghanistan","2026","Environment, Development and Sustainability","","","","","","0","10.1007/s10668-026-07834-z","https://www.scopus.com/pages/publications/105041509483?origin=resultslist","This study examines how climatic shocks shape food insecurity in Afghanistan by jointly modeling food stress, food crisis, and the market channels through which climate affects household welfare. Using logit and vector autoregression models, the analysis shows that food insecurity arises from the interaction of climatic shocks, macroeconomic pressures, and structural constraints rather than isolated events. Floods and vegetation stress consistently increase food insecurity risks, with effects that persist through price–wage dynamics. Floods raise food prices by 3.4%, but wages by only 1.8%. In contrast, positive NDVI shocks are associated with even larger food price increases (10.76%). Food stress is widespread, affecting 28 of 34 provinces, whereas food crisis risks are more geographically concentrated, affecting over 2.5 million people in four provinces. The paper demonstrates strong potential for early warning and real-time monitoring, underscoring the need for integrated policies that combine climate vulnerability reduction, market stabilization, and targeted support, rather than relying solely on short-term humanitarian responses. © The Author(s), under exclusive licence to Springer Nature B.V. 2026.","Afghanistan; Agricultural wages; Climate shocks; Food insecurity; Food price dynamics; Vector autoregression","","Article","Article in press","","Scopus","2-s2.0-105041509483"
"Brown M.E.","Brown, Molly E. (35232671500)","35232671500","Food security, food prices and climate variability","2014","Food Security, Food Prices and Climate Variability","","","","1","214","26","10.4324/9780203071687","https://www.scopus.com/pages/publications/84954424617?origin=resultslist","The agriculture system is under pressure to increase production every year as global population expands and more people move from a diet mostly made up of grains, to one with more meat, dairy and processed foods. This book uses a decade of primary research to examine how weather and climate, as measured by variations in the growing season using satellite remote sensing, has affected agricultural production, food prices and access to food in food-insecure regions of the world. The author reviews environmental, economics and multidisciplinary research to describe the connection between global environmental change, changing weather conditions and local staple food price variability. The context of the analysis is the humanitarian aid community, using the guidance of the USAID Famine Early Warning Systems Network and the United Nation’s World Food Program in their response to food security crises. These organizations have worked over the past three decades to provide baseline information on food production through satellite remote sensing data and agricultural yield models, as well as assessments of food access through a food price database. These datasets are used to describe the connection, and to demonstrate the importance of these metrics in overall outcomes in food-insecure communities. © 2014 United States Government as represented by the Administrator of the National Aeronautics and Space Administration.","","","Book","Final","","Scopus","2-s2.0-84954424617"
"Berhane G.; Gilligan D.O.; Hoddinott J.; Kumar N.; Taffesse A.S.","Berhane, Guush (28067527100); Gilligan, Daniel O. (18037265400); Hoddinott, John (7004073128); Kumar, Neha (55311440300); Taffesse, Alemayehu Seyoum (24823493400)","28067527100; 18037265400; 7004073128; 55311440300; 24823493400","Can social protection work in Africa? The impact of Ethiopia's productive safety net programme","2015","Economic Development and Cultural Change","63","3","","1","26","137","10.1086/677753","https://www.scopus.com/pages/publications/84907393465?origin=resultslist","This study considers the impact of the duration of participation in the Public Works component of the PSNP. We note that households who received payments for 1 year typically received only tiny amounts - the median total Public Works payment for such households over a 5-year period is only 186 birr. Our impact estimates match these households to those receiving 2, 3, 4, or 5 years of transfers. Taking the difference between the impact estimate of a change in an outcome for a household receiving, say, 5 years of payments, and the impact estimate of a change in an outcome for a household receiving 1 year of payments yields our double-difference estimate of program impact. Against the formidable background of rising food prices and widespread drought, participation in the Public Works component of the PSNP has modest effects. The PSNP has improved food security by 1.29 months. This impact is statistically significant and is equivalent to reducing the length of the hungry season by one-third. Five years of participation raises livestock holdings by 0.38 TLU relative to receipt of payments in only 1 year. There is no evidence that the PSNP crowds out private transfers, although in this sample these are typically small. The joint impact of access to both the PSNP and the OFSP/HABP is larger than access to only one program. Having both the PSNP and OFSP/HABP increased food security by 1.5 months and livestock holdings by 0.99 TLU. Our evaluation has weaknesses. We apply continuous matching methods to calculate difference-in-difference estimates of impact, within and across beneficiary samples. As is well known, this approach cannot account for time-varying unobservables, and we cannot rule out the possibility that their existence biases our results. We cannot distinguish between the impact of duration of program participation from the level of transfers received. The timing of the surveys was not ideal; it would have been much better had the first survey been fielded prior to the implementation of the PSNP. Finally, the sample design precludes measuring important outcomes relating to the impact of the community assets on both PW participants and nonparticipants. With these caveats in mind, these results point toward several conclusions. First, Ethiopia's experience suggests that it is indeed possible to implement a large-scale social safety net with measurable impacts in an environment characterized by limited infrastructure and administrative resources. Second, impacts were larger when safety net transfers were combined with access to services designed to improve agricultural productivity. Third, at least in these data, there is little evidence of the safety net having disincentive effects, an oft-raised concern. © 2014 by The University of Chicago. All rights reserved.","","Ethiopia; accessibility; administrative framework; food security; household income; policy approach; policy implementation; service provision; social policy; welfare provision; livestock; poverty alleviation; social work","Article","Final","All Open Access; Hybrid Gold Open Access","Scopus","2-s2.0-84907393465"
"Torres R.M.; Momsen J.H.","Torres, Rebecca Maria (8075873500); Momsen, Janet Henshall (6602464202)","8075873500; 6602464202","Tourism and Agriculture: New geographies of consumption, production and rural restructuring","2011","Tourism and Agriculture: New Geographies of Consumption, Production and Rural Restructuring","","","","1","224","60","10.4324/9780203834404","https://www.scopus.com/pages/publications/85161255866?origin=resultslist","Shifting global consumption patterns, tastes and attitudes towards food, leisure, travel and place have opened new opportunities for rural producers in the form of agritourism, ecotourism, wine, food and rural tourism and specialized niche market agricultural production for tourism. Agriculture is one of the oldest and most basic parts of the global economy, while tourism is one of the newest and most rapidly spreading. In the face of current problems of climate change, rising food prices, poverty and a global financial crisis, linkages between agriculture and tourism may provide the basis for new solutions in many countries. A number of challenges, nevertheless, confront the realization of synergies between tourism and agriculture. Tourism and Agriculture examines regional specific cases at the interface between tourism and agriculture, looking at the impacts of rural restructuring, and new geographies of consumption and production. To meet the need for a more comprehensive appreciation of the relationships and interactions between the tourism and agricultural economic sectors, this book consider the factors that influence the nature of these relationships; and explore avenues for facilitating synergistic relationships between tourism and agriculture. These relationships are examined in thirteen chapters through case studies from eastern and western Europe, Japan and the United States and from the developing countries of the Pacific, the Caribbean and Ghana and Mexico. Themes of diversification, economic development, and emerging new forms of production and consumption, are integrated throughout the entire book. This essential volume, built on original research, generates new insights into the relationships between tourism and agriculture and future economic rural development. Edited by leading researchers and academics in the field, this book will be of value to students, researchers and academics interested in tourism, agriculture and rural development. © 2011 Selection and editorial matter, Rebecca Maria Torres and Janet Henshall Momsen; individual chapters, the contributors.","","","Book","Final","","Scopus","2-s2.0-85161255866"
"Gallo E.; Braga J.P.","Gallo, Ettore (57221915079); Braga, João Paulo (57218678725)","57221915079; 57218678725","Economic policy and climate change: Current practices and challenges for the ECB","2025","Central Banking, Monetary Policy, and the European Central Bank: Coping with the Challenges","","","","99","118","0","10.4337/9781035324279.00016","https://www.scopus.com/pages/publications/105020138151?origin=resultslist","Climate change demands an active climate policy combining private and public agents and different policy instruments. Central banks (CBs)are also acting, but there is still a controversy about whether climate mitigation should be a monetary policy mandate. Conventional economic models, such as the Taylor Rule, do not account for climate, while climate change might affect monetary policy effectiveness. In practice, central banks have already mobilized and are actively implementing a climate agenda, including the European Central Bank, which has already implemented climate risk measurement tools and enhanced management of fossil fuel asset portfolios. To study the impact of CB climate-related tools on the real economy, we present a stylized business cycle model to capture the interactions over the cycle between CO₂ emissions, output, and green and brown investment. We simulate the effect of higher interest rates and a reduction in green capital requirements. We find that higher interest rates might delay the shift towards green investment, while reducing green capital requirements can accelerate the transition. Accelerating the transition can protect economies from climate risks. However, side effects such as financial risks and inflation should be considered in policy decision-making. © 2025 Edward Elgar Publishing.","Capital requirements; Climate change; European Central Bank; Green central banking","Climate models; Decision making; Economics; Inflation; Investments; Risk assessment; Capital requirements; Central bank; Climate policy; Current practices; Economic climates; Economic policies; European Central Bank; Green central banking; Interest rates; Monetary policies; Climate change","Book chapter","Final","","Scopus","2-s2.0-105020138151"
"Zvereva V.A.","Zvereva, Valeria A. (60727563200)","60727563200","The asymmetry of the monetary policy interest rate channel: Industry-specific and regional perspectives; [Асимметрия процентного канала денежно-кредитной политики: отраслевой и региональный аспекты]","2026","Voprosy Ekonomiki","2026","4","","100","129","0","10.32609/0042-8736-2026-4-100-129","https://www.scopus.com/pages/publications/105044055051?origin=resultslist","This paper examines the hypothesis of asymmetric responses of bank interest rates to restrictive and accommodative monetary policy conducted by the Bank of Russia across different market segments, industries, and macroregions over the period 2017—2025. Using a Markov-switching error-correction model, the study estimates the effects of monetary policy shocks, households’ inflation expectations, firms’ price expectations, and a business climate indicator on loan and deposit rates with maturities ranging from 30 days to three years and longer. The results provide strong evidence of pronounced asymmetry in the interest rate channel of monetary transmission, particularly for short-term rates: for maturities of up to one year in the corporate lending segment and up to 90 days in household lending. No statistically significant asymmetry is found in the household deposit market. Retail loan rates with maturities from one to three years generally respond more strongly and more rapidly to monetary tightening than to monetary easing. By contrast, corporate lending rates exhibit reverse asymmetry and are less sensitive to monetary tightening, especially in manufacturing and agriculture, as well as in construction in the case of small and medium-sized enterprises. At the macroregional level, the Siberian and Southern macroregions display the most pronounced asymmetry in credit markets. At the same time, the effectiveness of a uniform monetary policy is not undermined: bank interest rates respond significantly and with short lags (one to three months) to monetary policy measures across all considered dimensions. To enhance the performance of the interest rate transmission channel, the paper recommends placing greater policy focus on the identified segments, industries, and regions that give rise to heterogeneity and incomplete transmission. © 2026, Russian Presidential Academy of National Economy and Public Administration. All rights reserved.","asymmetry; interest rate transmission channel; monetary policy; regional heterogeneity; sectoral heterogeneity","","Article","Final","","Scopus","2-s2.0-105044055051"
"","","","2024 IEEE 16th International Conference on Humanoid, Nanotechnology, Information Technology, Communication and Control, Environment, and Management, HNICEM 2024","2024","2024 IEEE 16th International Conference on Humanoid, Nanotechnology, Information Technology, Communication and Control, Environment, and Management, HNICEM 2024","","","","","","0","","https://www.scopus.com/pages/publications/105030177129?origin=resultslist","The proceedings contain 252 papers. The topics discussed include: predictive analysis in biotechnology research in the Philippines: towards model development; Bobot Maglilibot: a hybrid animated film with digital campaign to bolster manila city tourism for the department of tourism, culture, and arts of Manila; leveraging deep reinforcement learning for pairwise DNA-protein sequence alignment; path planning in vascular environments using genetic algorithm and Bi-RRT; threshold of inflation on economic growth in Southeast Asia: bivariate polynomial regression; temperature compensation control system and pseudocode algorithm for next generation 6G microstrip antennas; exploring the implementation and effectiveness of CCTV surveillance systems in promoting safety and security in a private school in Nueva Vizcaya; and smoke detection of pipeline gas leakage through infrared images.","","","Conference review","Final","","Scopus","2-s2.0-105030177129"
"Karabou F.E.","Karabou, Franck Essosinam (57224545919)","57224545919","The non-linear effect of public debt on private investment in Sub-Saharan Africa (SSA) economies in a context of re-indebtedness","2026","Cogent Economics and Finance","14","1","2719092","","","0","10.1080/23322039.2026.2719092","https://www.scopus.com/pages/publications/105048764065?origin=resultslist","This article analyzes the non-linear effect of public debt on private investment in Sub-Saharan African (SSA) countries in a context of re-indebtedness. The methodology used is based on a non-linear dynamic panel model with a threshold effect [First Difference Generalized Method of Moments (FD-GMM)] followed by a robustness test to measure the sensitivity of the results. The period covered runs from 2015 to 2024. The results after estimation reveal the threshold existence of 63.13% below which the debt stock has a significant positive impact on private investment, and above which the public debt has a significant negative impact on private investment. Alongside this first-order result, we also find that variables such as the lag of private investment, gross domestic product per capita, business climate, inflation, and political stability improve private investment below the critical debt threshold. As political policy, the results indicate that the countries of this zone are still vulnerable, particularly in this period of global crisis, if resources are not managed more efficiently and effectively. © 2026 The Author(s). Published by Informa UK Limited, trading as Taylor & Francis Group.","FD-GMM; Private investment; public debt; Sub-Saharan Africa; threshold","","Article","Final","All Open Access; Gold Open Access","Scopus","2-s2.0-105048764065"
"Czyżewski A.; Kata R.; Matuszczak A.","Czyżewski, Andrzej (55820366800); Kata, Ryszard (18233278300); Matuszczak, Anna (57188836206)","55820366800; 18233278300; 57188836206","MAJOR RELATIONS IN THE EXPENDITURE OF POLAND’S AGRICULTURAL BUDGETS IN 2015-2022. COMPARATIVE STUDY; [WAŻNIEJSZE RELACJE W WYDATKACH BUDŻETÓW ROLNYCH POLSKI W LATACH 2015-2022. STUDIUM PORÓWNAWCZE]","2022","Annals of the Polish Association of Agricultural and Agribusiness Economists","24","3","","28","41","0","10.5604/01.3001.0015.9533","https://www.scopus.com/pages/publications/105000407919?origin=resultslist","In the article was analyzed the structure and dynamics of budget expenditure on agriculture in Poland in 2015-2022. It was the basis for considering the relationship between agricultural budget expenditure and the dynamics of GDP and the dynamics of the state budget. The source of empirical materials was the data of the Ministry of Agriculture and Rural Development. Both nominal and CPI-adjusted values were analyzed. It has been shown that in 2015-2022, the real decline in the level of expenditure in the total agricultural budget, i.e. including national and EU funds, continued to decline. There was also a decline in the relation of the agricultural budget to GDP. The share of agricultural expenditures in the state budget expenditures also gradually decreased, which proves the diminishing importance of agriculture in the hierarchy of state budget expenditures in the long run. These negative trends for agriculture slowed down somewhat in 2020-2022, and especially in 2022. The increase in spending on agriculture in these years was mainly dictated by the need to support this sector and protect agricultural producers from the negative effects of climate disasters, infectious diseases and rising inflation. As a result, the structure of budgetary expenditure on agriculture has also changed, with expenditure related to the stabilization of agricultural markets, farmers’ incomes and risk reduction in agriculture gaining importance. © 2022, Association of Agricultural and Agribusiness Economists. All rights reserved.","Agricultural Social Insurance Fund; agriculture; budget expenditure; CAP; GDP; Poland","","Article","Final","All Open Access; Gold Open Access","Scopus","2-s2.0-105000407919"
"Omodero C.O.","Omodero, Cordelia Onyinyechi (57204961362)","57204961362","Monetary and Macroeconomic Determinants of Tax Revenue in Sub-Saharan Africa","2025","Ekonomika","104","3","","6","22","1","10.15388/Ekon.2025.104.3.1","https://www.scopus.com/pages/publications/105015861245?origin=resultslist","The challenge of tax collection in rising economies cannot be overstated. These economies have had certain economic setbacks as a result of a lack of a domestic revenue base, tax evasion, and macroeconomic and monetary issues hindering tax revenue growth. This study critically examines the key aspects influencing the tax revenue increase and collection in Sub-Saharan Africa. The dependent variable is the tax revenue, and the monetary and macroeconomic factors that influence it are inflation, income per person, foreign direct investment inflows, broad money supply, and trade openness. These characteristics are shared by several countries in Sub-Saharan Africa. The study uses the Vector Error Correction Model to analyze secondary data from the World Bank Development Indicators for the period of 1990–2023. The findings of this research show that inflation and foreign direct investment inflows have a negative association with tax revenue in the long run, but both have a significant positive impact on the tax revenue in the short term. Other factors, including the broad money supply, GDP per capita, and trade openness, have a negative but insignificant association with tax revenue. The study advises a shift in financial policy to lower inflation and increase the overall money supply. Again, a friendly business climate is required to encourage the free movement of business investment and international commerce in sub-Saharan African regions. © 2025 Cordelia Onyinyechi Omodero.","FDI; Income policy; inflation; macroeconomic policy; money supply; Taxation; trade","","Article","Final","All Open Access; Gold Open Access","Scopus","2-s2.0-105015861245"
"de Haas M.; Giller K.E.","de Haas, Michiel (57191475065); Giller, Ken E. (7005321356)","57191475065; 7005321356","Pathways to African Food Security: Challenges, Threats and Opportunities towards 2050","2025","Pathways to African Food Security: Challenges, Threats and Opportunities towards 2050","","","","1","290","5","10.4324/9781032649696","https://www.scopus.com/pages/publications/85217303848?origin=resultslist","This book examines Africa’s current food system and future challenges for food security over the next 25 years. Africa is on the rise and by 2050, the continent will be home to a quarter of the world’s population. The analysis presented in this book clearly shows that the African food system needs to transform at a much faster pace to ensure that the people it serves are food secure. This book begins with four contrasting case studies that focus on country-specific challenges in Egypt, Ethiopia, Senegal and Zimbabwe. This is followed by 15 thematic chapters organised in three sections on challenges, threats and opportunities. Individual chapters address a wide range of topics including climate change, water security, farm sizes, crop yields, conservation trade-offs, food prices, trade, conflict and structural change. The book concludes by discussing key pathways to improve Africa's food system and food security for the decades ahead. This book is essential reading for students, scholars and practitioners who work on global food security, sustainable food systems, food, health and nutrition and African development. The Open Access version of this book, available at https://www.taylorfrancis.com, has been made available under a Creative Commons Attribution-Non Commercial-No Derivatives (CC-BY-NC-ND) 4.0 license. © 2025 selection and editorial matter, Michiel de Haas and Ken E. Giller.","","Climate change; Commerce; Food security; Food supply; Open access; 'current; Case-studies; Ethiopia; Food security; Food system; Future challenges; Security challenges; Senegal; Water security; Zimbabwe; Economic and social effects","Book","Final","All Open Access; Gold Open Access; Green Open Access","Scopus","2-s2.0-85217303848"
"El-Ramly H.; Sami M.","El-Ramly, Hala (59650721200); Sami, Mina (57164467800)","59650721200; 57164467800","Climate Change and Food Price Inflation in African Economies: Does the Trade Partner Hurt?","2022","Applied Economics Quarterly","68","4","","257","290","0","10.3790/aeq.2022.1445802","https://www.scopus.com/pages/publications/85218781570?origin=resultslist","This article examines how climate change of the leading worldwide trade partners of the African economies affects the local food inflation rates in Africa. Initially, the authors compiled data on food inflation in African countries and temperature change from trading partners in the food and agriculture industry. Subsequently, the authors identified the top trading partners for African economies from 2006 – 2022 through the bilateral trade dataset. The properties of panel vector autoregression (PVAR) and panel Granger causality have been implemented to achieve the main goal of the paper. The findings of this study can be summarized as follows: (1) Climate change in top trading partners of African countries has a detrimental effect on the food prices in the continent. (2) African countries with a high dependence on agriculture imports are more vulnerable to food price shocks resulting from the impacts of climate change in that partner country. (3) Climate change in trade partners who have already established environmentally friendly agricultural practices adversely affects the food indices in Africa, probably due to the significant costs associated with shifting to a green economy. However, international cooperation between different partners mitigates this negative effect. This study offers three main contributions. First, it introduces the role of the top trading partners in shaping local inflation, emphasizing the importance of diversifying agricultural trade sources. Second, it quantifies the positive effect of international cooperation on addressing the climate question, leading to improved global inflation outcomes. Third, the results of this paper provide valuable guidance for governments to face the challenges caused by climate change and inflation, which have emerged as a pressing concern, particularly since the end of the last decade. © 2022 Duncker und Humblot GmbH. All rights reserved.","Africa; climate; food; inflation; trade","","Article","Final","","Scopus","2-s2.0-85218781570"
"Mansanet-Bataller M.; Pardo A.; Valor E.","Mansanet-Bataller, Maria (17135257800); Pardo, Angel (54887773100); Valor, Enric (6701907704)","17135257800; 54887773100; 6701907704","CO2 prices, energy and weather","2007","Energy Journal","28","3","","73","92","360","10.5547/ISSN0195-6574-EJ-Vol28-No3-5","https://www.scopus.com/pages/publications/34447568347?origin=resultslist","One of the main objectives of the European Union Emission Trading Scheme is the establishment of a market price level for allowances that show to European CO2 emitting installations the environmental impact of their polluting activities. The aim of this paper is to focus on the daily price changes during 2005 in an attempt to examine the underlying rationality of pricing behaviour. Specifically, we study the effect of those weather and non-weather variables that academic and market agents consider as the major determinants of the of CO2 price levels. The results show that the energy sources are the principal factors in the determination of CO2 price levels, and that only extreme temperatures influence them. Copyright © 2007 by the IAEE. All rights reserved.","","","Article","Final","","Scopus","2-s2.0-34447568347"
"Franke R.","Franke, Reiner (55115130400)","55115130400","Competitive moment matching of a New-Keynesian and an Old-Keynesian model","2018","Journal of Economic Interaction and Coordination","13","2","","201","239","6","10.1007/s11403-016-0181-0","https://www.scopus.com/pages/publications/84992752897?origin=resultslist","The paper considers two rival models referring to the new macroeconomic consensus: a standard three-equation model of the New-Keynesian variety versus dynamic adjustments of a business and an inflation climate in an ‘Old-Keynesian’ tradition. Over the two subperiods of the Great Inflation and Great Moderation, both of them are estimated by the method of simulated moments. An innovative feature is here that the moments do not only include the autocovariances up to eight lags of quarterly output, inflation and the interest rate, but optionally also a measure of the raggedness of the three variables. In short, the performance of the Old-Keynesian model is very satisfactory and similar to the New-Keynesian model, or even better. In particular, the Old-Keynesian model is better suited to match the new moments without deteriorating the original second moments too much. © 2016, Springer-Verlag Berlin Heidelberg.","Great Inflation; Great Moderation; Method of simulated moments; New macroeconomic consensus; Sentiment dynamics","","Article","Final","","Scopus","2-s2.0-84992752897"
"Maamoun N.; Grünhagen C.; Ward H.; Kornek U.","Maamoun, Nada (57208407728); Grünhagen, Caroline (58644388800); Ward, Hauke (57150079400); Kornek, Ulrike (57193891233)","57208407728; 58644388800; 57150079400; 57193891233","A SEAT AT THE TABLE: DISTRIBUTIONAL IMPACTS OF FOOD-PRICE INCREASES DUE TO CLIMATE CHANGE","2026","Climate Change Economics","17","2","2550016","","","0","10.1142/S2010007825500162","https://www.scopus.com/pages/publications/105017911545?origin=resultslist","Although climate change is expected to have a significant impact on the global population, little is known about how it will affect individual households in their daily lives. Based on food price increases caused by climate change, we analyze how climate-change-related damages distribute across households in 90 developing countries. In a microsimulation model, climate damages are quantified as losses in consumer surplus and are, on average, roughly 3% of total expenditure. We find evidence that climate damages are regressive, i.e., they disproportionately affect households with lower total consumption. Damages display regressivity when we compare (a) national averages across countries, (b) all households in our sample, and (c) households within countries. However, there are some — often more developed — countries, where damages are progressive, i.e., damages disproportionately affect more affluent households in those countries. At a sectoral level, damages tend to be more regressive in countries where, in relative terms, rice consumption contributes more to the welfare of households. © World Scientific Publishing Company.","Climate damages; distributional impacts; food prices; regressivity","","Article","Final","","Scopus","2-s2.0-105017911545"
"Berezvai Z.; Kónya M.","Berezvai, Zombor (56957219700); Kónya, Márton (57217067891)","56957219700; 57217067891","Price transmission and competition amid a series of crises: study of the Hungarian milk supply chain","2025","Journal of Agribusiness in Developing and Emerging Economies","","","","","","1","10.1108/JADEE-08-2024-0249","https://www.scopus.com/pages/publications/86000522019?origin=resultslist","Purpose: A series of crises, such as the COVID-19 pandemic, the energy crisis, the Russian war against Ukraine and drought, have significantly impacted agricultural supply chains globally, resulting in high inflation. This paper examines price transmission amid these crises in the Hungarian milk supply chain. Design/methodology/approach: This study employed asymmetric error correction models to analyse Hungarian milk supply chain data between 2019 and 2022. Findings: The study’s results suggest that milk processors have benefited from asymmetric price transmission. This phenomenon may be attributed to an imbalance between demand and supply, with high demand driven by government subsidies when supply chains are disrupted. Consequently, processors passed on cost increases without responding to demand fluctuations. Research limitations/implications: The period under investigation encompassed multiple crises, making it challenging to determine the individual impacts of each crisis. Originality/value: This study provides new evidence regarding price transmission in the context of crises affecting the demand and supply of dairy products in Hungary. The incorporation of the processing sector into the analysis enables a comprehensive investigation of all stages of the supply chain. © 2025, Zombor Berezvai and Márton Kónya.","Crisis; Inflation; Milk; Price transmission; Supply chain","","Article","Article in press","All Open Access; Green Open Access; Hybrid Gold Open Access","Scopus","2-s2.0-86000522019"
"Bown C.P.","Bown, Chad P. (6701793585)","6701793585","How the United States solved South Korea’s problems with electric vehicle subsidies under the Inflation Reduction Act","2024","Journal of World Trade","58","1","","1","34","9","10.2139/ssrn.4521958","https://www.scopus.com/pages/publications/85182982306?origin=resultslist","South Korea felt ‘betrayed’ when President Biden signed his administration’s flagship climate legislation, the Inflation Reduction Act (IRA) of 2022, into law. This article first shows how the Biden administration addressed Korea’s concerns about the law’s effectonits sales of electric vehicles (EVs) in the United States. Thanks in part to the Treasury Department’s regulations written to implement the law, Korean exports of EVs to the United States grew even after the IRA went into force. Whether these actions by the Biden administration are enough to assuage the concerns of the Koreans – and other allies adversely affected by the IRA – remains to be seen. Furthermore, the US accommodation of Korean concerns came with tradeoffs by offsetting key incentives Congress may have intended in passing the IRA. The article also examines potential impacts of the law on South Korean battery companies, and it provides an initial exploration into how the Korean government responded to IRA by adjusting its own policy mix of EV consumer tax credits and industrial policy for its EV plants and battery makers. © 2024 Kluwer Law International BV, The Netherlands.","batteries; climate; Electric vehicles; industrial policy; South Korea; supply chains; US","South Korea; United States; automobile industry; electric vehicle; energy storage; industrial policy; inflation; subsidy system; supply chain management","Article","Final","All Open Access; Green Open Access","Scopus","2-s2.0-85182982306"
"Verma P.K.; Giri A.K.","Verma, Prashant Kumar (59409572000); Giri, Arun Kumar (57209837610)","59409572000; 57209837610","Analysing the Impacts of Climate Shocks and Economic Growth in the Asian Region","2025","Millennial Asia","","","","","","0","10.1177/09763996251401835","https://www.scopus.com/pages/publications/105025256642?origin=resultslist","The primary aim of this study is to rigorously explore the dynamic relationship between climate-related shocks and real per capita GDP growth across 43 Asian economies from 1994 to 2023. This research decisively examines the connections between climatic shocks and economic growth, utilizing critical factors such as money supply, government capital formation and inflation as control variables. By employing the Hamilton filter to extract climatic shocks, specifically temperature and precipitation, this study integrates these variables within a local projection framework to effectively assess their impact on growth trajectories. The analysis uses panel feasible generalized least squares and Driscoll–Kraay standard errors, effectively addressing potential issues of heteroscedasticity, cross-sectional dependence and endogeneity. The results unequivocally demonstrate that climatic shocks have a noteworthy negative impact on economic growth in Asia, with temperature shocks emerging as the most harmful climatic factor that can significantly undermine long-term economic performance in the region. Our findings highlight that government capital formation, money supply and inflation mechanisms are capable of absorbing the effects of temperature and precipitation shocks, creating vital pathways through which targeted policy interventions can effectively mitigate these adverse impacts. Furthermore, this research emphasizes the urgent need for climate-resilient fiscal and monetary frameworks, as well as adaptive investment policies, to safeguard economic stability. Thus, the study provides essential insights into the macroeconomic transmission channels of climate change and outlines clear directions for future research aimed at strengthening resilience through strategic policy measures. © 2025 Association of Asia Scholars","Asian region; Climate change; economic growth; Hamilton filter; macroeconomic policy","","Article","Article in press","","Scopus","2-s2.0-105025256642"
"Labonte M.","Labonte, Marc (55996557100)","55996557100","Economics of federal reserve independence","2016","Federal Monetary Policy: Options and Issues","","","","75","96","0","","https://www.scopus.com/pages/publications/85026534085?origin=resultslist","The Federal Reserve System (Fed) is charged with responsibility for making U.S. monetary policy. Quasi-public in structure, overseen by a Board of Governors whose members are appointed to serve long terms, and reliant on its own source of funding, the Fed possesses a degree of independence that some argue is inimical to the spirit of democracy. Although this argument (and refutations of it) may be political or constitutional in nature, it is also rooted in certain notions about macroeconomic policy. The power that the Fed wields is substantial. Along with fiscal policy, monetary policy is one of two kinds of policy that can be employed to influence aggregate demand. In the short run, both monetary and fiscal policy have the power to raise or lower employment. But they have opposite short-run effects on interest rates (expansionary monetary policy lowers interest rates and expansionary fiscal policy raises them), so that in concert they can achieve results that neither can in isolation. The long-run effects of the two policies are quite different from their short-run effects. Fiscal policy helps determine interest rates in the long run, but not the rate of inflation. Monetary policy largely determines the inflation rate, but cannot be used to fix interest rates in the long run. Policies based on the assumption that monetary policy can fix interest rates ultimately generate accelerating inflation or deflation. Monetary policy affects inflation only after it affects employment. A policy structure that responds quickly to the immediate concerns of the public is thus more likely to generate inflation than one that allows policymakers to more easily weather bad times. A very responsive policy structure not only increases the likelihood of high inflation. It also tends to produce more business cycles if policy directed at reducing inflation is aborted before it is complete, only to be reintroduced again later when the renewed expansion makes inflation worse. On-again, off-again policies erode the credibility of the monetary authorities and make anti-inflation policy all the more costly and lengthy when it is undertaken in earnest. Reducing the independence of the Fed either means reducing the ability to engage in discretionary policy or shifting economic power to the executive branch. This is an important consideration given the difficulty in calibrating policy. Because the legislative branch is not in a position to exercise day-to-day control of monetary policy, if it wishes to reduce the Fed’s discretionary powers, it must choose between establishing policy rules to which the Fed must adhere or allowing the executive to administer policy. Economists who oppose rules fear that they would be too rigid to deliver economic stability in a highly complex economy. Better coordination of monetary and fiscal policy is a double-edged sword. If “good” policy is pursued, it will be all that much better if simultaneously pursued with both tools. But if “bad” policy is pursued, using both tools to pursue it will make the result that much worse. Thus, the choice boils down to whether the policy structure should be one that maximizes the benefits that come from policy when it is well chosen or minimizing the costs that occur when policy is ill-advised. © 2017 Nova Science Publishers, Inc.","","","Book chapter","Final","","Scopus","2-s2.0-85026534085"
"Bader C.; Groß E.; Stumpenhausen J.; Egger T.; Hartl L.; Bernhardt H.","Bader, Christoph (58847493900); Groß, Eberhard (57959604300); Stumpenhausen, Jörn (57193742434); Egger, Theresa (60041661600); Hartl, Laura (60041875000); Bernhardt, Heinz (55427931000)","58847493900; 57959604300; 57193742434; 60041661600; 60041875000; 55427931000","Regionalized acceptance analysis of an agricultural energy management system in Germany","2025","Frontiers in Energy Research","13","","1553906","","","1","10.3389/fenrg.2025.1553906","https://www.scopus.com/pages/publications/105013362900?origin=resultslist","In view of rising demand, energy is becoming a significant production and cost factor in industry and the economy. In addition to the consequences of climate change, the energy markets are tense and volatile due to inflation, war and higher borrowing costs. As a result of society’s desire to phase out the use of fossil fuels, the focus is shifting to renewable energies as an alternative worldwide, but especially in Germany. In addition to industry, rural areas and agriculture, especially energy-intensive livestock farms, are also affected by this development and face additional economic challenges. Additional energy can be generated through the use of photovoltaic systems on the roofs of agricultural buildings or the operation of biogas plants. However, in order to be able to use the potential for renewable energy generation efficiently at all, intelligent electricity storage concepts and a globally unique energy management system (EMS) are absolutely essential in order to coordinate both inter-farm production processes and the varying energy demand in the electricity grid with the supply. As farms differ greatly both in terms of equipment and in terms of region, the question of a comprehensive market launch arises. The success or failure of this will depend to a large extent on user acceptance and application. The aim of this study is to use the web-based software tool ADOPT to forecast and predict the level of acceptance and the duration of the future market launch of the EMS innovation. Different regions in Germany (Bavaria, North Rhine-Westphalia, Mecklenburg-Western Pomerania) were selected in order to compare possible operational and region-specific differences. A very positive forecast result of 97%–98% after a market introduction period of around 8 years shows an optimistic trend. However, the ADOPT tool analyzes various influencing factors in parallel in a sensitivity analysis, which serve as strong signal generators for a later marketing concept. This shows that the economic efficiency and the existing equipment (electricity production, electricity consumption, storage) are the most important barriers to market introduction across regions and therefore critically reflect the overall result. However, various recommendations for action can be derived. Copyright © 2025 Bader, Groß, Stumpenhausen, Egger, Hartl and Bernhardt.","agricultural energy management systems; decentralized energy supply; innovation; market introduction; regionalized acceptance; renewable energies","Agricultural machinery; Costs; Electric energy storage; Energy management; Farms; Fossil fuels; Power markets; Renewable energy; Agricultural energy management system; Decentralized energy; Decentralized energy supply; Energy; Energy supplies; Innovation; Management systems; Market introduction; Regionalized acceptance; Renewable energies; Sensitivity analysis","Article","Final","All Open Access; Gold Open Access; Green Open Access","Scopus","2-s2.0-105013362900"
"Wegari H.L.; Whakeshum S.T.; Mulatu N.T.","Wegari, Hinsene Lemma (58132956000); Whakeshum, Sisay Tolla (57273490200); Mulatu, Negese Tamirat (57873860600)","58132956000; 57273490200; 57873860600","Human capital and its impact on Ethiopian economic growth: ARDL approach to co-integration","2023","Cogent Economics and Finance","11","1","2186046","","","19","10.1080/23322039.2023.2186046","https://www.scopus.com/pages/publications/85149571962?origin=resultslist","Maintaining human capital at an optimal level is among the important mechanisms for ensuring steady economic growth. This study aims to examine the impact of human capital on Ethiopia’s economic growth. The study used the ARDL model applying annual data for the period 1980 to 2020. The ARDL-bound test was used to evaluate the presence of con-integration between human capital and independent variables. The study also applied the augmented Dickey-Fuller and Phillips-Perron unit root tests to check the stationarity of the variables. The test result presented that almost all variables become stationary after the first difference. Accordingly, the result from the bound test indicated the existence of a long-run relationship between the dependent variable and independent variables entered into the model. The estimated error correction model with a − 0.9528 coefficient also confirmed the existence of co-integration with a high speed of adjustment towards the long-run equilibrium. In the long-run real GDP, education expenditure, health expenditure, labor force, gross capital formation, total government expenditure, official development assistance, secondary school enrolment, consumer price index, drought, and policy change have astable long-run connection. The finding indicates an increasing ratio of health expenditure and secondary school enrollment should be designed, among others, to contain improved human capital in Ethiopia. © 2023 The Author(s). This open access article is distributed under a Creative Commons Attribution (CC-BY) 4.0 license.","ARDL method of co-integration; error correction model; Ethiopia; human capital; steady economic growth","","Article","Final","All Open Access; Gold Open Access; Green Open Access","Scopus","2-s2.0-85149571962"
"Uzuntaş K.N.","Uzuntaş, Kübra Nur (59981755000)","59981755000","Understanding Climate Change and Organizational Responsibility","2025","Promoting Climate Change Mitigation and Resilience Strategies Through Human Resource Management","","","","1","30","0","10.4018/979-8-3373-2479-1.ch001","https://www.scopus.com/pages/publications/105027492557?origin=resultslist","Climate change, driven by human activities, poses severe environmental, economic, and social challenges. This chapter examines its impacts, including rising temperatures, ecosystem disruption, and threats to food security and health, with vulnerable populations disproportionately affected. It explores the role of industries in greenhouse gas emissions and the potential for sustainable practices like renewable energy and circular economies. The chapter critiques greenwashing and emphasizes the need for stricter regulations and corporate accountability. Key policies, such as the European Green Deal and U.S. Inflation Reduction Act, are highlighted as critical steps toward climate resilience. The chapter concludes with a call for global collaboration to mitigate climate change and ensure a sustainable future. © 2026 by IGI Global Scientific Publishing. All rights reserved.","","Economics; Green economy; Greenhouse gases; Inflation; Economic challenges; Environmental challenges; Environmental economics; Food security; Greenhouse gas emissions; Human activities; Organisational; Rising temperatures; Social challenges; Sustainable practices; Climate change","Book chapter","Final","","Scopus","2-s2.0-105027492557"
"Ahmed V., Sr.; Saboor S.; Saad A.; Saleh H.; Kasianov N.; Alnaqbi T.","Ahmed, Vian (6603081884); Saboor, Sara (57217250545); Saad, Ahmad (57933683400); Saleh, Hasan (57933639800); Kasianov, Nikita (57933596600); Alnaqbi, Tahani (57933662300)","6603081884; 57217250545; 57933683400; 57933639800; 57933596600; 57933662300","A predictive validity analysis of water demand forecasting model in the UAE","2022","Validity and Reliability in Built Environment Research: A Selection of Case Studies","","","","70","82","1","10.1201/9780429243226-9","https://www.scopus.com/pages/publications/85140187436?origin=resultslist","Climate change has become the greatest threat to the survival of the world and its ecosystem, due to the increasing problems associated with the rise in sea level, food-insecurity, natural resources scarcity, seasonal disorders. Among these problems, is the issue of water scarcity resulting from the lack of water resources and global warming which has plagued several nations and acknowledged by the United Nations (UN) as a primary resource to the development of societies under the “Water Goal” of the sustainable development goals. As such the changing climate and intermittent availability of water resources pose major challenges to forecast demand, especially in countries like the United Arab Emirates (UAE) which has one of the highest per capita residential water consumption rates in the world. This study therefore aims to propose a water demand forecasting model as a form of criterion validity that incorporates the significant factors considering “mean temperature”, “mean rainfall”, “relative humidity”, “Gross Domestic Product (GDP)”, “Consumer Price Index (CPI)” and “population growth” as the significant factors for predicting the future water demand of the UAE. The Long Short-Term Memory (LSTM) forecasting model was adopted along with test conducted such as R 2 known as the coefficient of determination and Mean squared error (MSE) to evaluate predictive validity of the forecasting model. The measure of predictive validity indicates that the model is reliable and valid which predicts the water demand forecasting in the UAE showing that the future demand will decrease from 1821 million m3 in 2018 to 1809.9 million m3 in 2027. © 2022 selection and editorial matter, Vian Ahmed, Alex Opoku, Ayokunle Olanipekun and Monty Sutrisna; individual chapters, the contributors.","","","Book chapter","Final","","Scopus","2-s2.0-85140187436"
"Øystein N.","Øystein, Noreng (59062705800)","59062705800","Crude Power: Politics and the Oil Market","2005","Crude Power: Politics and the Oil Market","","","","1","254","6","10.5040/9780755620197","https://www.scopus.com/pages/publications/85192329439?origin=resultslist","Many people in the world today believe Bush’s war against Saddam Hussein is only about oil. Iraq has the second biggest petroleum reserves in the Middle East, and America’s relations with its prime supplier Saudi Arabia have turned sour in the wake of 9/11. Invading Iraq, so many argue, is merely colonising an oil field. Oil has transformed the world and remains the most important resource of our age. It has made the wealth of millions of people from Venezuela to Norway via the Persian Gulf and holds their futures in its fortunes. The Middle East is the earth’s greatest petroleum depot. It is also the most explosive region in the world today. Now more than ever, with the global economy under severe threat, oil is of prime geopolitical concern. Crude Power provides a comprehensive analysis both of the world’s dependency on Middle Eastern oil, andof the very dangerous way politics and economics play themselves out in the oil game as producers and consumers tug at each others’ interests. It is a tug of war: Oystein Noreng explains what all concerned are fighting for Placing OPEC (the Organisation of Petroleum Exporting Countries) into its wider world context, he examines in detail how shifting oil prices affect everything from international trade balances to inflation rates. In the current political climate of the Middle East and Central Asia, with anti-Americanism and the threat of terrorism in such countries as Saudi Arabia running high, oil holds the future of the world economy as well as thousands of lives in its hands. Crude Power is an indispensable book for anyone concerned with the fate of the world today, and that most important of issues: the interplay of power and money in the Middle Eastand beyond. © 2006 Øystein Noreng.","","Gasoline; Oil fields; Proven reserves; Global economies; Middle East; Oil market; Persian Gulf; Petroleum reserve; Power; Power politics; Prime suppliers; Saudi Arabia; Venezuela; International trade","Book","Final","","Scopus","2-s2.0-85192329439"
"Labonte M.","Labonte, Marc (55996557100)","55996557100","Economics of federal reserve independence","2010","Monetary Policy and the Federal Reserve","","","","13","28","0","","https://www.scopus.com/pages/publications/84932601819?origin=resultslist","The Federal Reserve System (Fed) is charged with responsibility for making U.S. monetary policy. Quasi-public in structure, overseen by a Board of Governors whose members are appointed to serve long terms, and reliant on its own source of funding, the Fed possesses a degree of independence that some argue is inimical to the spirit of democracy. Although this argument (and refutations of it) may be political or constitutional in nature, it is also rooted in certain notions about macroeconomic policy. The power that the Fed wields is substantial. Along with fiscal policy, monetary policy is one of two kinds of policy that can be employed to influence aggregate demand. In the short run, both monetary and fiscal policy have the power to raise or lower employment. But they have opposite short-run effects on interest rates (expansionary monetary policy lowers interest rates and expansionary fiscal policy raises them), so that in concert they can achieve results that neither can in isolation. The long-run effects of the two policies are quite different from their short-run effects. Fiscal policy helps determine interest rates in the long run, but not the rate of inflation. Monetary policy largely determines the inflation rate, but cannot be used to fix interest rates in the long run. Policies based on the assumption that monetary policy can fix interest rates ultimately generate accelerating inflation or deflation. Monetary policy affects inflation only after it affects employment. A policy structure that responds quickly to the immediate concerns of the public is thus more likely to generate inflation than one that allows policymakers to more easily weather bad times. A very responsive policy structure not only increases the likelihood of high inflation. It also tends to produce more business cycles if policy directed at reducing inflation is aborted before it is complete, only to be reintroduced again later when the renewed expansion makes inflation worse. On-again, off-again policies erode the credibility of the monetary authorities and make anti-inflation policy all the more costly and lengthy when it is undertaken in earnest. Reducing the independence of the Fed either means reducing the ability to engage in discretionary policy or shifting economic power to the executive branch. This is an important consideration given the difficulty in calibrating policy. Because the legislative branch is not in a position to exercise day-to-day control of monetary policy, if it wishes to reduce the Fed's discretionary powers, it must choose between establishing policy rules to which the Fed must adhere or allowing the executive to administer policy. Economists who oppose rules fear that they would be too rigid to deliver economic stability in a highly complex economy. Better coordination of monetary and fiscal policy is a double-edged sword. If ?good? policy is pursued, it will be all that much better if simultaneously pursued with both tools. But if ?bad? policy is pursued, using both tools to pursue it will make the result that much worse. Thus, the choice boils down to whether the policy structure should be one that maximizes the benefits that come from policy when it is well chosen or minimizing the costs that occur when policy is ill- advised. This chapter does not track legislation and will be update as events warrant. © 2010 by Nova Science Publishers, Inc. All rights reserved.","","","Book chapter","Final","","Scopus","2-s2.0-84932601819"
"Schrooten M.","Schrooten, Mechthild (56039250100)","56039250100","More Courage for Green Monetary Policy; [Mehr Mut zu grüner Geldpolitik]","2022","Wirtschaftsdienst","102","6","","442","444","0","10.1007/s10273-022-3220-6","https://www.scopus.com/pages/publications/85132933848?origin=resultslist","Monetary policy currently has only limited room for manoeuvre to fight inflation. Structural supply problems, war and past omissions are having an impact. Inflation is hitting those hardest who cannot pass on the price increase. There is no evidence of a wage-price spiral in Germany at present. Raising the key interest rates now will not lead directly to a reduction in inflation. However, combining monetary policy with social and climate policy goals has great potential. It is a matter of having the courage to pursue a green monetary policy. © 2022, Der/die Autor:in.","","","Article","Final","All Open Access; Gold Open Access; Green Open Access","Scopus","2-s2.0-85132933848"
"Ndou E.; Gumata N.; Tshuma M.; Sihlobo W.; Mlilo M.","Ndou, Eliphas (57189294979); Gumata, Nombulelo (57190747673); Tshuma, Mthokozisi (57211282850); Sihlobo, Wandile (57203730094); Mlilo, Mthokozisi (57202070142)","57189294979; 57190747673; 57211282850; 57203730094; 57202070142","Climate change, disasters, agricultural and food production and inflation dynamics","2025","Encyclopedia of Monetary Policy, Financial Markets and Banking","","","","V2:651","V2:676","0","10.1016/B978-0-44-313776-1.00329-9","https://www.scopus.com/pages/publications/105028805860?origin=resultslist","This article presents an overview of how climate change shocks impact inflation in different countries. It examines the influence of natural disasters, temperature and precipitation changes on agricultural production, food supplies, and price inflation. The review encompasses various countries at national and subnational levels, considering their income statuses and monetary policies. Specifically, the article delves into the effects of climate disasters, El Niño and La Niña events, and asymmetric temperature shocks on inflation. It also explores the role of tradeable and non-tradeable inflation, changes in monetary policy, and the monetary policy framework. Additionally, the article includes simulations of the effects of severe climate shocks on agricultural productivity and their implications for inflation. Literature shows that extreme weather events and climate change shocks affect inflation via the demand and supply channels in the agricultural sector. The influence on inflation differs in magnitude and direction based on whether the shock is related to temperature or precipitation anomalies and the location and season in which it occurs. Policymakers need to develop strategies to tackle the negative impact of climate shocks on agricultural production, as the effectiveness of these measures in controlling inflation relies on factors such as the nature of the climate shock, the specific season, and whether the focus is on the supply or demand side of agriculture. Additionally, policymakers must gain a more comprehensive understanding of the interactions between the climate and agricultural sectors when formulating and designing mitigation strategies. © 2025 Elsevier Inc. All rights are reserved, including those for text and data mining, AI training, and similar technologies.","Agriculture; Climate change shocks; Inflation; Inflation expectations; Temperature and precipitation shocks","Agricultural economics; Climate change; Data mining; Disasters; Economic analysis; Food supply; Inflation; Public policy; Agricultural productions; Agricultural sector; Climate change shock; Food production; Inflation dynamics; Inflation expectation; Monetary policies; Natural disasters; Policy makers; Temperature and precipitation shock; Agriculture","Book chapter","Final","","Scopus","2-s2.0-105028805860"
"Jackson J.; Katz-Rosene R.","Jackson, James (58102196200); Katz-Rosene, Ryan (56005977100)","58102196200; 56005977100","Enter the great volatility? Synthesizing a theory of ‘climateflation’ for international political economy","2026","Globalizations","","","","","","0","10.1080/14747731.2026.2688005","https://www.scopus.com/pages/publications/105042425957?origin=resultslist","International Political Economy (IPE) has long viewed inflation as a central force driving instability. More recently, scholars have foregrounded climate change as a central theme of analysis for IPE. In this article, we undertake a theory synthesis of IPE work in the areas of inflation and climate change to outline how the discipline can advance our understanding of ‘Climateflation’–the notion that the causes of climate change, its material consequences, and the efforts to mitigate it, are jointly and increasingly resulting in price volatility. We hypothesize that Climateflation will likely amplify other geopolitical economic stressors to drive mounting net economic costs and sporadic price shocks, contributing to a period marked by ‘Great Volatility’. Our work contributes a synthesized theoretical framework of existing IPE literature, demonstrating how the material realities of climate change, fossil fuel dependence, and clean energy transition are likely hampering the stability of the global political economy. © 2026 The Author(s). Published by Informa UK Limited, trading as Taylor & Francis Group.","carbonflation; Climateflation; fossilflation; great volatility; greenflation; international political economy","","Article","Article in press","All Open Access; Hybrid Gold Open Access","Scopus","2-s2.0-105042425957"
"Williams J.C.","Williams, John C. (7409575185)","7409575185","Heeding daedalus: Optimal inflation and the zero lower bound","2009","Brookings Papers on Economic Activity","","2","","1","37","65","10.1353/eca.0.0066","https://www.scopus.com/pages/publications/77949806664?origin=resultslist","This paper reexamines the implications for monetary policy of the zero lower bound on nominal interest rates in light of recent experience. The ZLB contributed little to the sharp output declines in many economies in 2008, but it is a significant factor slowing recovery. Model simulations imply that an additional 4 percentage points of rate cuts would have limited the rise in the U.S. unemployment rate and would bring unemployment and inflation more quickly to steady-state values, but the ZLB precludes these actions, at a cost of $1.8 trillion in forgone U.S. output over four years. If recent events presage a shift to a significantly more adverse macroeconomic climate, then 2 percent steady-state inflation may provide an inadequate buffer against the ZLB, assuming a standard Taylor rule. Stronger countercyclical fiscal policy or alternative monetary policy strategies could mitigate the ZLB's effects, but even with such policies an inflation target of 1 percent or lower could entail significant costs.","","","Article","Final","All Open Access; Bronze Open Access; Green Open Access","Scopus","2-s2.0-77949806664"
"Saou M.; Namri T.; Abbassi I.E.","Saou, Mohamed (60075276400); Namri, Taha (60075435300); Abbassi, Idriss El (59162682900)","60075276400; 60075435300; 59162682900","The Impact of Climate Change on Food Inflation: The Mediating Role of Trade and Monetary Policies-A System GMM Analysis of 34 African Countries","2025","International Journal of Energy Economics and Policy","15","5","","664","673","1","10.32479/ijeep.20254","https://www.scopus.com/pages/publications/105014450684?origin=resultslist","This article examines the impact of climate change (CC) on food inflation using a sample of 34 African countries from 2001 to 2022, employing the System Generalized Method of Moments (System GMM) estimators. The results show that high temperatures significantly contribute to the increase in food inflation, whereas precipitation has a positive but statistically insignificant effect. A second objective of this study is to introduce the moderating role of trade and monetary policies in addressing food inflation under climatic conditions (high temperatures). The findings indicate that a trade policy promoting food imports can mitigate the climate impact on food inflation, while a monetary policy directing credit toward the agricultural sector tends to amplify the climate effect on food inflation. Our results emphasize the crucial importance of monetary policies focused on sustainability objectives and CO2 emission reduction. © 2025, Econjournals. All rights reserved.","Climate Change; Food Inflation; Monetary Policy; System GMM; Trade Policy","","Article","Final","All Open Access; Gold Open Access","Scopus","2-s2.0-105014450684"
"Dong X.; Astill G.M.","Dong, Xiao (57224956103); Astill, Gregory M. (57191868184)","57224956103; 57191868184","The Short-and Long-Term Costs of a Severe Drought on Retail Peanut Butter Prices and Consumers","2021","Journal of Agricultural and Applied Economics","53","2","","259","279","2","10.1017/aae.2021.6","https://www.scopus.com/pages/publications/85108717936?origin=resultslist","This article investigates the short-and long-Term costs of an extreme weather event on retail food prices and consumer expenditures. We utilize the 2011 severe peanut drought as a quasi-natural experiment and find that retail peanut butter prices increased 21.3% as a result of the drought-driven shock in farm peanut production and prices. Moreover, we identify long-Term costs due to positive asymmetric price transmission as retail peanut butter prices returned to pre-shock levels much more slowly and remained on average 6.2% higher for 4 years after farm peanut prices returned to pre-shock levels. For consumers, the drought increased peanut butter costs, and the persistence of higher prices in peanut butter led to long-Term consumer costs. Peanut butter expenditure on average increased by 4.8% post-shock, with lower-income households increasing expenditures even more. A simple calculation estimates that higher peanut butter prices inflicted a cost of $1.08 billion during the shock, and sticky post-shock peanut butter prices imposed a cost of $628 million to U.S. consumers. © 2021 Cambridge University Press. All rights reserved.","Drought; Extreme weather cost; Food price; Peanut butter","","Article","Final","All Open Access; Gold Open Access","Scopus","2-s2.0-85108717936"
"Kabundi A.; Mlachila M.; Yao J.","Kabundi, Alain (16642586300); Mlachila, Montfort (6504822309); Yao, Jiaxiong (57225193837)","16642586300; 6504822309; 57225193837","Climate Shocks and Inflation: Heterogeneity, Persistence, and Implications for Monetary Policy","2026","B.E. Journal of Macroeconomics","26","1","","77","120","1","10.1515/bejm-2024-0190","https://www.scopus.com/pages/publications/105031698055?origin=resultslist","This paper investigates how climate shocks affect consumer price inflation in a broad range of countries over a period of five decades, using local projection methods. Climate change is likely to lead to more frequent and more severe supply and demand shocks that will present a challenge to monetary policy formulation. The analysis finds that the impact of climate shocks on inflation depends on the type and intensity of shocks, as well as the country's income level. While adverse climate shocks resemble negative supply-side shocks and exert inflationary pressures in the short term, their impact on the demand side can sometimes dominate over the medium term and reduce inflation. Droughts tend to have the highest positive impact on inflation overall, primarily reflecting rising food prices. Interestingly, floods tend to exert a dampening impact on inflation, resembling Keynesian supply shocks. Over the long run, the dominant monetary policy paradigm of flexible inflation targeting, when faced with supply-induced climate shocks may become increasingly ineffective, especially in LIDCs. Further research is needed to identify viable alternative monetary policy frameworks.  © 2026 the author(s), published by De Gruyter, Berlin/Boston.","climate change; monetary policy; monetary policy models","","Article","Final","All Open Access; Hybrid Gold Open Access","Scopus","2-s2.0-105031698055"
"El Ouazzani H.; Ouakil H.; Sharif I.; Moustabchir A.; Jawaid S.T.","El Ouazzani, Hicham (58756705200); Ouakil, Hicham (57218706520); Sharif, Ilma (57890093300); Moustabchir, Abdelhamid (58651594400); Jawaid, Syed Tehseen (54410543400)","58756705200; 57218706520; 57890093300; 58651594400; 54410543400","Climate shocks and economic resilience: a DSGE analysis of Morocco’s monetary policy adjustments","2025","Indian Economic Review","60","1","","79","103","1","10.1007/s41775-025-00250-6","https://www.scopus.com/pages/publications/105019964928?origin=resultslist","This study proposes a stochastic dynamic general equilibrium (DSGE) model developed and calibrated for Moroccan economy, explicitly incorporating climate shocks as an exogenous factor of macroeconomic disequilibrium. By mobilizing a set of empirical stylized facts covering the period 2000–2022, we represent extreme weather events as persistent negative shocks to total factor productivity (TFP). The model incorporates an extended Taylor rule, including a direct response by the central bank to climate shocks, in addition to its conventional objectives of stabilizing inflation and activity. Our results show that the climate shock generates negative and long-lasting effects on GDP, higher inflation, and a contraction in investment. These effects accentuate the monetary policy dilemma between price stability and activity support. These results underline the importance of integrating climate risk into macroeconomic analysis frameworks for vulnerable economies and justify the use of a monetary policy rule adapted to environmental constraints. © The Author(s) under exclusive licence to Editorial Office, Indian Economic Review 2025.","Augmented Taylor rule; Climate shocks; DSGE model; Monetary policy; Morocco","","Article","Final","","Scopus","2-s2.0-105019964928"
"Cevik S.; Gwon G.","Cevik, Serhan (56085736700); Gwon, Gyowon (58040703900)","56085736700; 58040703900","This is going to hurt: Weather anomalies, supply chain pressures and inflation","2024","International Economics","180","","100560","","","13","10.1016/j.inteco.2024.100560","https://www.scopus.com/pages/publications/85207785997?origin=resultslist","As climate change accelerates, the frequency and severity of extreme weather events are expected to worsen and have greater adverse consequences for ecosystems, physical infrastructure, and economic activity across the world. This paper investigates how weather anomalies affect global supply chains and inflation dynamics. Using monthly data for six large and well-diversified economies (China, the Euro area, Japan, Korea, the United Kingdom, and the United States) over the period 1997–2021, we implement a structural vector autoregressive model and document that weather anomalies could disrupt supply chains and subsequently lead to inflationary pressures. Our results—based on the monthly data and robust to alternative estimation methodologies—show that these effects vary across countries, depending on the severity of weather shocks and vulnerability to supply chain disruptions. The impact of weather shocks on supply chains and inflation dynamics is likely to become more pronounced with accelerating climate change that can have heterogeneous effects. These findings have important policy implications. Central bankers should consider the impact of weather anomalies on supply chains and inflation dynamics to prevent entrenching second-round effects and de-anchoring of inflation expectations. More directly, however, governments can invest more for climate change adaptation to strengthen critical infrastructure and thereby minimize supply chain disruptions. © 2024 The Authors","Climate change; Inflation; Structural VAR; Supply chain pressures; Temperature; Weather anomalies","","Article","Final","All Open Access; Hybrid Gold Open Access","Scopus","2-s2.0-85207785997"
"Bardt H.","Bardt, Hubertus (24402698300)","24402698300","Carbon Pricing and Industrial Policy; [CO2-Bepreisung und Industriepolitik]","2024","Wirtschaftsdienst","104","5","","306","309","1","10.2478/wd-2024-0084","https://www.scopus.com/pages/publications/85194464390?origin=resultslist","Carbon pricing is a central instrument of a market-based climate policy. However, the different international price levels vary greatly, thereby creating new distortions of competition. To compensate for this, state aid for transformation efforts becomes relevant. Industrial policy therefore has a new and difficult role to play in the transformation. © 2024 Hubertus Bardt, published by Sciendo.","","","Article","Final","All Open Access; Gold Open Access; Green Open Access","Scopus","2-s2.0-85194464390"
"Song C.; Scognamillo A.; Mastrorillo M.; Belli A.; Villa V.","Song, Chun (57217059915); Scognamillo, Antonio (57188549919); Mastrorillo, Marina (55801438100); Belli, Anna (57991430300); Villa, Victor (57990966000)","57217059915; 57188549919; 55801438100; 57991430300; 57990966000","Spatial Co-Occurrence of Climate Extremes, Food Price Volatility, and Conflicts in Northern Nigeria: Implications for Geotargeting","2026","Agricultural Economics (United Kingdom)","57","5","e70142","","","0","10.1111/agec.70142","https://www.scopus.com/pages/publications/105047986145?origin=resultslist","Climate extremes and conflict risks may co-occur in the same regions, particularly where agrifood systems are fragile, exposing vulnerable communities to multiple shocks. However, the extent to which these shocks co-occur depends on local contextual factors. To inform the prioritization of interventions aimed at mitigating compound risks and strengthening agrifood system resilience, this paper examines where, and to what extent, climate extremes, food price volatility, and conflict events overlap, in Northern Nigeria, a region characterized by a high concentration of major agricultural markets and sufficiently rich data to support long-panel analysis across multiple commodities. Using data from 52 retail agricultural markets between 2002 and 2023, we estimate 9680 local regressions that permutate over a breadth of variables and their combinations. In doing so, we relax the constraint on co-occurrence allowing the measure to vary across locations to capture local specificity. Results reveal significant co-occurrences of climate extremes (especially drought), food price volatility (especially in locally important commodities), and increased intensity of conflict in the study area. In specific hotspots, the estimated intensity of co-occurrence is up to five times higher than in other locations, indicating a substantial within-country heterogeneity in exposure to compound risks. Our findings suggest the need for localized evidence to guide the targeting of interventions and to identify priority locations for investigating the root cause of vulnerability to compound risks. © 2026 International Association of Agricultural Economists.","","Nigeria; agricultural economics; agricultural market; agricultural price; climate effect; food market; prioritization","Article","Final","All Open Access; Bronze Open Access","Scopus","2-s2.0-105047986145"
"Theurl S.; Hofbauer S.","Theurl, Simon (57373597200); Hofbauer, Silvia (59516858200)","57373597200; 59516858200","Crisis and political power relations: the development of activation policies in Austria before and after COVID","2024","Unemployment and Activation Policies in Europe and the US","","","","54","75","1","10.4337/9781035325610.00008","https://www.scopus.com/pages/publications/85215219200?origin=resultslist","The economic impact of the COVID-19 pandemic has led to a number of departures from the economic policies of recent decades and pushed labour market activation policies to their limits. In 2020, the European Commission suspended the deficit rules of the EU Stability Pact, allowing for generous government interventions to stabilise the economy and mitigate social distortions. While the activation approach in labour market policy (LMP) was temporarily abandoned, easing of fiscal policy allowed for an expansion of LMP measures. As the economy has recovered since 2021, a return to a policy of labour market activation can also be observed. However, the current inflation crisis, high inflation expectations, demographic change and the climate crisis also pose extraordinary challenges for LMP in the immediate and near future. In this chapter, we examine the development of the activation approach in Austria since the 1980s and outline continuities and changes in the context of economic crises and political power relations. © Editors and Contributing Authors Severally 2024. All rights reserved.","Activation policy; Austria; COVID crisis management; Critical political economy; Labour market policy; Public Employment Service","","Book chapter","Final","","Scopus","2-s2.0-85215219200"
