"Authors","Author full names","Author(s) ID","Title","Year","Source title","Volume","Issue","Art. No.","Page start","Page end","Cited by","DOI","Link","Abstract","Author Keywords","Index Keywords","Document Type","Publication Stage","Open Access","Source","EID"
"Ma S.; Wang L.-J.; Jiang J.; Chu L.; Zhang J.-C.","Ma, Shuai (57219613920); Wang, Liang-Jie (55575770000); Jiang, Jiang (56582992900); Chu, Lei (57192189059); Zhang, Jin-Chi (7601352365)","57219613920; 55575770000; 56582992900; 57192189059; 7601352365","Threshold effect of ecosystem services in response to climate change and vegetation coverage change in the Qinghai-Tibet Plateau ecological shelter","2021","Journal of Cleaner Production","318","","128592","","","212","10.1016/j.jclepro.2021.128592","https://www.scopus.com/pages/publications/85112133426?origin=resultslist","Understanding the impacts of climate change and vegetation restoration on ecosystem services is essential for sustainable ecosystem management. However, the characteristics of nonlinear impacts of climate change and vegetation change on ecosystem services are still unclear, especially the determination of their impact thresholds. The Qinghai-Tibet Plateau ecological shelter (QPES) was chosen as the study area. The changes in precipitation, temperature, fractional vegetation cover (FVC) and ecosystem services (water yield, net primary productivity (NPP) and soil conservation) were analyzed, the impacts of climate and vegetation cover changes on ecosystem services were evaluated, and the thresholds were quantitatively identified. The results showed that annual mean precipitation increased from 2000 to 2014 and dropped sharply in 2015, with temperatures rising significantly (p < 0.05) and vegetation recovering significantly (p < 0.01) from 2000 to 2015. NPP showed a fluctuating and rising trend from 2000 to 2015. Water yield and soil conservation were greatly affected by precipitation. NPP and soil conservation increased as vegetation improved. The impact threshold of precipitation on ecosystem services was 533 mm. When the annual mean temperature higher than −3.44 °C, the positive impact on ecosystem services was weakened; when it higher than 1.98 °C, the impact on ecosystem services was negative. The FVC thresholds in the study region and in the alpine steppe zone, alpine forest zone, alpine meadow zone, subtropical coniferous forest zone, alpine desert zone and temperate desert zone were 0.61, 0.37, 0.67, 0.53, 0.65, 0.20 and 0.24, respectively. This study provides an important reference for large-scale ecological management and moderate restoration. © 2021 Elsevier Ltd","Climate change; Ecological restoration; Ecosystem services; Qinghai-Tibet Plateau; Threshold effect; Vegetation coverage","Climate change; Ecosystems; Forestry; Soil conservation; Soils; Vegetation; Desert zones; Ecological restoration; Ecosystem services; Forest zones; Fractional vegetation cover; Net primary productivity; Qinghai Tibet plateau; Threshold effect; Vegetation coverage; Water yield; Restoration","Article","Final","","Scopus","2-s2.0-85112133426"
"Zhou L.; Chen X.; Tian X.","Zhou, Li (56015591800); Chen, Xiaohong (57200597684); Tian, Xi (57211678551)","56015591800; 57200597684; 57211678551","The impact of fine particulate matter (PM2.5) on China's agricultural production from 2001 to 2010","2018","Journal of Cleaner Production","178","","","133","141","105","10.1016/j.jclepro.2017.12.204","https://www.scopus.com/pages/publications/85041812663?origin=resultslist","This study provides the first empirical analysis of the direct impact of PM2.5, one of the primary pollutants of haze, on China's agricultural output. An econometric model is estimated using panel data on three of the most commonly grown crops (wheat, rice, and corn) from 303 perfectural level administrative divisions in 25 provinces and autonomous regions in China from 2001 to 2010. The interaction effect between PM2.5 and climatic factors, the nonlinear effect of PM2.5 and climatic factors, and the possible endogeneity between PM2.5 and agricultural production are taken into account. PM2.5 concentrations have significant adverse effects on average yields of wheat and corn, suggesting that the reduction of PM2.5 can contribute to the yields of these two crops. Similar to climatic factors, such as temperature, precipitation, and the sunshine, PM2.5 has a quadratic effect on the average yields of wheat and corn. In the future, it remains a continuing challenge to develop effective long-term strategies in the face of air pollution represented by PM2.5 and the hazards of PM2.5 to agricultural production and food security. © 2017 Elsevier Ltd","Air pollution; Crop yield loss; Food security; Nonlinearity; PM<sub>2.5</sub>","Agriculture; Air pollution; Crops; Food supply; Pollution; Agricultural output; Agricultural productions; Crop yield; Fine particulate matter (PM2.5); Food security; Nonlinearity; PM2.5; PM2.5 concentration; Particles (particulate matter)","Article","Final","","Scopus","2-s2.0-85041812663"
"Berihun D.; Van Steven P.","Berihun, Daregot (57203525458); Van Steven, Passel (57225898975)","57203525458; 57225898975","Climate variability and macroeconomic output in Ethiopia: the analysis of nexus and impact via asymmetric autoregressive distributive lag cointegration method","2022","Environment, Development and Sustainability","24","3","","4064","4087","6","10.1007/s10668-021-01604-9","https://www.scopus.com/pages/publications/85109743150?origin=resultslist","Ethiopia showed a rapid, yet, a none resilient economic growth much threatened by climate variability. In Ethiopia, the adverse effects of climate variability are stipulated among the significant factors constraining its economic development. There are relatively few studies about the adverse effects of climate variability on the Ethiopian macroeconomy. In this context, little is known about the exact effects of the ongoing climate variability on Ethiopian macroeconomic growth. This study intends to examine whether climate variability factors, for instance rainfall and temperature, have an effect on the macroeconomic output of Ethiopia. An asymmetric autoregressive distributive lag cointegration method is used to investigate time-series data for the years 1950–2014. Diagnostic tests show the relevance of the applied method and robustness of our results. The study finds climate variability affects Ethiopia’s economic growth in the long run. Rainfall and temperature fluctuation induce significant negative impacts. A percentage annual temperature variability for instance decreases the Ethiopian annual gross domestic yield (GDP) up to 4.5 percent. In the short run, climate variability particularly rainfall and temperature changes also have a profound effect on Ethiopia’s economic output. Within such confirmed climate change impacts, Ethiopia should carry out more on adapting and mitigating the impacts as it is presented on its climate-resilient economic growth policies and strategies. In spite of the policy contribution of the results, the study will motivate further research and will also serve as a benchmark for the coming Ethiopian studies. © 2021, The Author(s), under exclusive licence to Springer Nature B.V.","Economic output; Ethiopia; NARDL; Rainfall; Temperature","Ethiopia; climate change; cointegration analysis; economic development; economic growth; macroeconomics; spatiotemporal analysis; strategic approach","Article","Final","All Open Access; Hybrid Gold Open Access","Scopus","2-s2.0-85109743150"
"Kabeel A.E.; Sathyamurthy R.; Sharshir S.W.; Muthumanokar A.; Panchal H.; Prakash N.; Prasad C.; Nandakumar S.; El Kady M.S.","Kabeel, A.E. (6506626745); Sathyamurthy, Ravishankar (56074277700); Sharshir, Swellam W. (56072460500); Muthumanokar, A. (57195405074); Panchal, Hitesh (55573559000); Prakash, N. (57196769120); Prasad, C. (57191869096); Nandakumar, S. (57197843186); El Kady, M.S. (57205338083)","6506626745; 56074277700; 56072460500; 57195405074; 55573559000; 57196769120; 57191869096; 57197843186; 57205338083","                         Effect of water depth on a novel absorber plate of pyramid solar still coated with TiO                         2                          nano black paint                     ","2019","Journal of Cleaner Production","213","","","185","191","307","10.1016/j.jclepro.2018.12.185","https://www.scopus.com/pages/publications/85059609372?origin=resultslist","                             In this study, the absorber plate of a new pyramidal basin type solar still is coated with TiO                             2                              nanoparticles doped in black paint on the basin to analyze the performance under the various depth of water. Water depth is varied from 1 cm till 3.5 cm on a basin area of 0.25 m                             2                              which is almost equal to the area of the glass cover. Instead of using other sensible storing materials inside the basin which probably increase the weight, a novel solar still with the absorber plate coated with TiO                             2                              nanoparticle mixed with black paint to improve the performance. Experimental results revealed that the use of TiO                             2                              nanoparticle in black paint improved the water temperature by 1.5 °C than that of absorber without nanoparticle. Similarly, the yield improved during the sunshine hours rather than the off shine hours. With increased depth of water in the basin, the water temperature is minimum which simultaneously resulted in the lower yield on absorber without coating whereas the yield from the still improved by 12% at maximum water depth using coated absorber plate. The accumulated yield from the solar still absorber plate with and without coating was found to be 6.6 and 6.2 kg/m                             2                              respectively at 1 cm water depth. TiO                             2                              nano black paint coated pyramid solar still improves the distilled yield by 6.1% as compared to the conventional basin type pyramid solar still. Similarly, the values of instantaneous efficiency based on operational and climatic parameters using linear and non-linear were determined. From the cost breakdown analysis, it is found that the present system is feasible as compared to the conventional pyramid solar still without coating.                          © 2018 Elsevier Ltd","Absorption rate; Distilled water; Nano-paint; Pyramid solar still","Coated materials; Distillation; Nanoparticles; Paint; Solar heating; Temperature; Titanium dioxide; Water absorption; Absorption rates; Breakdown analysis; Climatic parameters; Distilled water; Instantaneous efficiencies; Solar stills; TiO2 nano-particles; Water temperatures; Solar absorbers","Article","Final","","Scopus","2-s2.0-85059609372"
"Santeramo F.G.; Maccarone I.","Santeramo, Fabio Gaetano (37067967300); Maccarone, Irene (58516820300)","37067967300; 58516820300","Historical crop yields and climate variability: analysis of Italian cereal data; [Analisi storica delle rese agricole e la variabilità del clima: analisi dei dati italiani sui cereali]","2022","Italian Review of Agricultural Economics","77","2","","77","91","2","10.36253/rea-13596","https://www.scopus.com/pages/publications/85166417929?origin=resultslist","Climate change is impacting on the agricultural sector in several ways, and the effects on yields are generally among the most observable ones. Open fields crops, such as cereals, are very vulnerable to climate change. We study the historical data on yields of main cereals, namely barley, maize, oats, rice, rye, wheat, to conclude on the long run impacts of temperature and precipitation, over the period 1920-2015. Yields are found to be inversely correlated with temperatures and positively with precipitation, in both cases the relationships are non-linear, as expected. Copyright: © 2022 Fabio Gaetano Santeramo, Irene Maccarone. This is an open access, peer-reviewed article published by Firenze University Press (http://www.fupress.com/rea) and distributed under the terms of the Creative Commons Attribution License, which permits unrestricted use, distribution, and reproduction in any medium, provided the original author and source are credited.","cereals; climate change; detrendisation","","Article","Final","All Open Access; Gold Open Access; Green Open Access","Scopus","2-s2.0-85166417929"
"Mila F.A.; Roy S.S.; Moon M.P.; Sarker J.R.","Mila, Farhana Arefeen (57222535980); Roy, Siddhartha Shankar (59230613300); Moon, Monira Parvin (58677223200); Sarker, Jaba Rani (57193698840)","57222535980; 59230613300; 58677223200; 57193698840","Impact of climate change on summer crop production in Australia: insights from the empirical nonlinear autoregressive distributed lag approach","2025","Asia-Pacific Journal of Regional Science","9","4","","1081","1114","0","10.1007/s41685-025-00401-w","https://www.scopus.com/pages/publications/105021987099?origin=resultslist","Climate change poses a significant threat to the sustainability of summer crop production in New South Wales (NSW), Australia, a region where agriculture is vital to the economy and rural livelihoods yet increasingly vulnerable to climatic variability. This study employed a Nonlinear Autoregressive Distributed Lag (NARDL) model to investigate the asymmetric short- and long-run effects of maximum and minimum temperatures, rainfall, carbon dioxide (CO₂) emissions, and relative humidity on aggregate summer crop production from 1989 to 2023. The results revealed statistically significant asymmetric relationships: positive rainfall shocks exerted a favorable influence on yields in both the short and long term, whereas rising maximum temperatures were associated with substantial yield reductions. Minimum temperature increases and moderate CO₂ concentrations demonstrated positive effects, while elevated humidity at high temperatures contributed to productivity losses. These findings highlight the complex and differentiated pathways through which climatic factors affect crop performance and underscore the necessity of targeted, crop-sensitive adaptation strategies. Such measures are essential to enhance the resilience and long-term sustainability of the agricultural sector in NSW under evolving climatic conditions. © The Japan Section of the Regional Science Association International 2025.","Climate variables; Granger causality; NARDL model; NSW; Summer crop production","","Article","Final","All Open Access; Hybrid Gold Open Access","Scopus","2-s2.0-105021987099"
"Pishbahar E.; Abedi S.; Dashti G.; KianiRad A.","Pishbahar, Esmaeil (33068268200); Abedi, Sahar (58191163900); Dashti, Ghader (56600508100); KianiRad, Ali (57218921297)","33068268200; 58191163900; 56600508100; 57218921297","Agricultural Risk Management Through Weather-Based Insurance in Iran","2019","Perspectives on Development in the Middle East and North Africa (MENA) Region","","","","11","28","6","10.1007/978-981-13-6283-5_2","https://www.scopus.com/pages/publications/85087788068?origin=resultslist","Agricultural production is inherently a risky business. Farmers face a variety of risks and natural disasters such as weather risks, pests, and plant diseases. Risks are inevitable but are also controllable. One effective risk management tool is agricultural insurance. However, traditional insurance plans have some problems such as high transaction costs and asymmetric information challenges such as moral hazard and adverse selection. Therefore, in this study weather-based crop insurance (WBCI) is presented for rainfed wheat as an efficient approach for risk management as it does not have the problems of traditional insurance. We collected details of weather variables (e.g., temperature and precipitation) and yields of rainfed wheat (‘Sardari variety’) during the period 1987–2013. Of late, the vine copula functions have been very successful in the dependence structure for measuring and expressing joint distribution functions. We measured the dependence structure between weather indices and wheat yields using the vine copula functions; we also calculated the indemnity function and premium amounts. Our results show that the D-vine model is better than the C-vine model for describing joint distribution. Hence, we used this model to compute the premium for rainfed wheat. The premium was calculated in four levels of coverage (50, 80, 90, and 100%). Our results show that its amount at the 80% coverage level was 588,320 Rial. The computing premium in WBCI is less than current insurance premium which is reasonable. © 2019, Springer Nature Singapore Pte Ltd.","Iran; Rainfed wheat; Risk; Vine copula; Weather-based crop insurance","","Book chapter","Final","","Scopus","2-s2.0-85087788068"
"Bajusová Z.; Benďáková V.; Palkovič J.; Janíčeková A.","Bajusová, Zuzana (57356069200); Benďáková, Viktória (58644840200); Palkovič, Jozef (57201116151); Janíčeková, Andrea (60055944600)","57356069200; 58644840200; 57201116151; 60055944600","Climate Change and Agricultural Productivity: A Case Study of Wheat in Visegrad Countries","2026","WSEAS Transactions on Business and Economics","23","","","683","690","0","10.37394/23207.2026.23.53","https://www.scopus.com/pages/publications/105041533881?origin=resultslist","The paper analyses impact of climate change on wheat production in the Visegrad 4 (V4) countries. The main goal of this paper is to analyse the long-term impact of climatic variables, such as temperature and precipitation on wheat production in V4 countries. By providing empirical evidence, the study offers insights that may contribute to the policy discussions that aim at improving the resilience od wheat production to climate change. The analysis is based on the Just and Pope stochastic production function using data from 2003 to 2023. The model parameters were estimated using GRETL software. Due to the characteristics of panel data, only the fixed effects model was suitable for this study. This approach requires a unique interpretation for each cross-sectional unit, particularly for V4 countries. It suggests that the slope coefficients are consistent across all V4 countries, but the functions differ in intercepts. The literature frequently denotes this as the LSDV model. Results indicate that both economic and environmental factors play a significant role in determining wheat yields. The impact of temperature and precipitation is specific to each month and exhibits a markedly nonlinear nature, with climate changes tending to influence wheat yield negatively. © 2026, World Scientific and Engineering Academy and Society. All rights reserved.","climate change; precipitation; price; production function; temperature; wheat; yield","","Article","Final","All Open Access; Gold Open Access","Scopus","2-s2.0-105041533881"
"Walden J.V.M.; Stathopoulos P.","Walden, Jasper V.M. (58318575200); Stathopoulos, Panagiotis (56674078000)","58318575200; 56674078000","The impact of heat pump load flexibility on its process integration and economics","2024","Journal of Cleaner Production","462","","142643","","","23","10.1016/j.jclepro.2024.142643","https://www.scopus.com/pages/publications/85194498946?origin=resultslist","The conventional methodology of heat pump integration has found application in various industries, including cheese production, spray drying, milk evaporation systems, brewing, and meat processing. While several approaches have been developed for optimizing direct and indirect heat recovery in non-continuous industrial processes, the optimal integration of heat pumps in non-continuous processes remains a challenge. This paper introduces a systematic methodology that leverages extensive datasets of time-resolved industrial process data to determine the optimal heat pump integration and the level of heat pump load flexibility that maximizes the economic benefit. Thus, the work establishes a connection between the domain of Process Integration and heat pump load flexibility. Additionally, the study provides insights on the requirements for load flexibility during the design phase of the heat pump, offering an estimation on the need for research on heat pump flexibility. The findings indicate the presence of a load flexibility threshold in the examined case study, beyond which additional load flexibility yields diminishing returns. Furthermore, the study shows that different heat pump integration parameters are chosen based on the heat pump's capability for load flexibility. Within the investigated case, a heat pump with a minimum load of 55% increases the net present value by 19.3% compared to a load inflexible heat pump. © 2024 The Author(s)","Dynamic Pinch Analysis; Heat pump load flexibility; Industrial heat pump integration; Non-continuous industrial processes; Part load heat pump model; Time-resolved industrial process data","Heat pump systems; Integration; Waste heat; Dynamic pinch analyse; Heat pump load flexibility; Heat pumps; Industrial heat pump integration; Industrial processs; Non-continuous industrial process; Part load; Part load heat pump model; Pinch analysis; Process data; Pump loads; Pump models; Time-resolved; Time-resolved industrial process data; Pumps","Article","Final","All Open Access; Green Open Access; Hybrid Gold Open Access","Scopus","2-s2.0-85194498946"
"Pandey K.; Basu B.","Pandey, Kamal (57215035389); Basu, Bhaskar (57215057480)","57215035389; 57215057480","Mathematical modeling for short term indoor room temperature forecasting using Box-Jenkins models: An Indian evidence","2020","Journal of Modelling in Management","15","3","","1105","1136","10","10.1108/JM2-08-2019-0182","https://www.scopus.com/pages/publications/85079755952?origin=resultslist","Purpose: The rapid urbanization of Indian cities and the population surge in cities has steered a massive demand for energy, thereby increasing the carbon emissions in the environment. Information and technology advancements, aided by predictive tools, can optimize this energy demand and help reduce harmful carbon emissions. Out of the multiple factors governing the energy consumption and comfort of buildings, indoor room temperature is a critical one, as it envisages the need for regulating the temperature. This paper aims to propose a mathematical model for short-term forecasting of indoor room temperature in the Indian context to optimize energy consumption and reduce carbon emissions in the environment. Design/methodology/approach: A study is conducted to forecast the indoor room temperature of an Indian corporate building structure, based upon various external environmental factors: temperature and rainfall and internal factors like cooling control, occupancy behavior and building characteristics. Expert insight and principal component analysis are applied for appropriate variables selection. The machine learning approach using Box–Jenkins time series models is used for the forecasting of indoor room temperature. Findings: ARIMAX model, with lagged forecasted and explanatory variables, is found to be the best-fit model. A predictive short-term hourly temperature forecasting model is developed based upon ARIMAX model, which yields fairly accurate results for data set pertaining to the building conditions and climatic parameters in the Indian context. Results also investigate the relationships between the forecasted and individual explanatory variables, which are validated using theoretical proofs. Research limitations/implications: The models considered in this research are Box–Jenkins models, which are linear time series models. There are non-linear models, such as artificial neural network models and deep learning models, which can be a part of this study. The study of hybrid models including combined forecasting techniques comprising linear and non-linear methods is another important area for future scope of study. As this study is based on a single corporate entity, the models developed need to be tested further for robustness and reliability. Practical implications: Forecasting of indoor room temperature provides essential practical information about meeting the in-future energy demand, that is, how much energy resources would be needed to maintain the equilibrium between energy consumption and building comfort. In addition, this forecast provides information about the prospective peak usage of air-conditioning controls within the building indoor control management system through a feedback control loop. The resultant model developed can be adopted for smart buildings within Indian context. Social implications: This study has been conducted in India, which has seen a rapid surge in population growth and urbanization. Being a developing country, India needs to channelize its energy needs judiciously by minimizing the energy wastage and reducing carbon emissions. This study proposes certain pre-emptive measures that help in minimizing the consumption of available energy resources as well as reducing carbon emissions that have significant impact on the society and environment at large. Originality/value: A large number of factors affecting the indoor room temperature present a research challenge for model building. The paper statistically identifies the parameters influencing the indoor room temperature forecasting and their relationship with the forecasted model. Considering Indian climatic, geographical and building structure conditions, the paper presents a systematic mathematical model to forecast hourly indoor room temperature for next 120 h with fair degree of accuracy. © 2020, Emerald Publishing Limited.","Auto-regressive moving average Box–Jenkins models; Energy efficiency; Indoor room temperature forecasting; Machine learning; Time series forecasting","","Article","Final","","Scopus","2-s2.0-85079755952"
"Khalifa J.","Khalifa, Jihène (59497214300)","59497214300","The Symmetric and Asymmetric Effects of Climate Change and Carbon Dioxide Emissions on Crop Production in Tunisia","2025","International Journal of Energy Economics and Policy","15","4","","440","453","1","10.32479/ijeep.19684","https://www.scopus.com/pages/publications/105009387237?origin=resultslist","Agriculture remains a cornerstone of the Tunisian economy, accounting for over 12% of the country’s GDP and providing employment for more than 14% of the labor force in 2022 (WDI, 2023). However, the sector is increasingly vulnerable to climate change particularly variations in temperature and precipitation as well as environmental pressures such as air pollution, all of which can harm crops, vegetation, and forest resources. This study explored the influence of climate change and air pollution on Tunisia’s agricultural sector, employing both the ARDL and NARDL models to examine the effects of temperature, precipitation, and CO2 emissions on crop production over the period 1996-2022. The findings reveal significant short-and long-term relationships among the studied variables. In the short term, CO2 emissions were associated with a reduction in agricultural productivity, though this relationship was not statistically significant. In contrast, the long-term results demonstrate a substantial negative impact of environmental degradation on the crop production index. The analysis further shows that water productivity, fertilizer usage, and male employment in agriculture contribute positively to long-term agricultural output. Conversely, female employment in agriculture appears to have a negative impact on crop production over the same period. Additionally, while variables such as arable land, average temperature, and precipitation exhibit positive effects on crop production, these relationships were not statistically significant. The study also highlights the asymmetric effects of climate change and CO2 emissions, where positive and negative shocks exert varying degrees of influence on agricultural output in Tunisia. These results emphasize the crucial role of natural resources, particularly water productivity, as well as the importance of human capital in enhancing agricultural development. Notably, to the best of the author’s knowledge, this research is the first to simultaneously investigate both the symmetrical and asymmetrical dynamic interactions between climate change, carbon emissions, and crop production in Tunisia using ARDL and NARDL cointegration frameworks. © 2025, Econjournals. All rights reserved.","Agricultural Productivity; Carbon Emissions; Climate Vulnerability; NARDL Model; Tunisia","","Article","Final","All Open Access; Gold Open Access","Scopus","2-s2.0-105009387237"
"Núñez H.M.; Chakraborti L.; Robles-Chávez J.E.","Núñez, Héctor M. (55418382200); Chakraborti, Lopamudra (55387899200); Robles-Chávez, Jesús E. (58498759500)","55418382200; 55387899200; 58498759500","Temperature and Precipitation Effects on Mexican Food Crop Yields","2026","Agribusiness","","","","","","0","10.1002/agr.70143","https://www.scopus.com/pages/publications/105045484390?origin=resultslist","In this paper, we investigate the impacts of weather shocks on crop yields in Mexico using a comprehensive data set of five major crops and weather information at the municipality level for the most recent years, 2003−2021. One of our main aims is to show that the adverse effects of weather shocks on yields are not specific to a few crops but applies to all crops exposed to similar weather conditions. Previous literature has limited the analysis to one or two crops, whereas we cover multiple crops, three growing seasons, and two watering technologies. Following the production function approach, we estimate panel data fixed effect models for each crop and find strong evidence on the adverse impact of exposure to extreme heat, the nonlinear effect of precipitation, and the positive impact of irrigation technology. Our main results show that cumulative heat exposure has nonlinear effects on crop yields, with evidence of diminishing returns and eventual damage for crops such as coffee, corn, and wheat. By contrast, for sugarcane, the estimated relationship is weaker and, in one specification, suggests a positive nonlinear pattern. © 2026 Wiley Periodicals LLC.","agricultural yields; irrigation; México; panel data; weather","","Article","Article in press","","Scopus","2-s2.0-105045484390"
"Deshmukh P.V.; Shahade A.K.","Deshmukh, Priyanka V. (56642432000); Shahade, Aniket K. (56470735400)","56642432000; 56470735400","AI in Agriculture: Yield Prediction Using Machine Learning","2025","International Journal of Computing and Digital Systems","18","1","","","","0","10.12785/ijcds/1571110615","https://www.scopus.com/pages/publications/105007207927?origin=resultslist","Weather prediction especially in terms of rain and climate is important in the germination and growth of food crops to feed the populace as well as in the proper utilization of inputs like fertilizers and water supplies. This work falls under the broad research area of how certain environmental factors in the context of rainfall, temperature; affects the use of fertilizer and macronutrient, thereby affecting crop yield. Because agricultural systems are diverse and dynamic, there is a clear need to incorporate these strong analysis methods to aid with making better predictions concerning yields, as well as farming practices in the future. In the current study, the density estimation techniques and analysis clearly indicated bimodal distribution of the selected input variables thus revealing the presence of two different crops within the data set. One crop type is less annual water demand type that prefers 400-500 mm rainfall and 25-30oC temperature whereas the other crop type demands heavier more than 1100 mm rainfall and 35-40oC temperature. The investigation also described the means yield relation, and it depicted that there is a simple relationship between yield and nutrient concentration though it also indicated high coefficient of variation emphasized effect of other factors such as type of soil, climate, variety of crops. When it comes to quantitative prediction of crops, algorithms like Decision Tree Regressor and Random Forest Regressor are utilized as and when possible. Random Forest Regressor thus seems to be a better option than Decision Tree Regressor due to reasons of accuracy and the potential to handle non-linear data. The results reiterate that agricultural productivity is not a unidimensional one, it is a multifaceted construct and there is a clear need to identify more predictors of yield. The research is useful in extending knowledge on the factors that determine the crop yield. © 2025 University of Bahrain. All rights reserved.","Agricultural Inputs; Agriculture Environment; Bimodal Distribution; Complex Machine Learning Algorithms; Decision Tree Regression Model; EDA; Key Yield Components; Modality; Random Forest Regression Model; Yield; Yield Predictions","","Article","Final","All Open Access; Gold Open Access","Scopus","2-s2.0-105007207927"
"Larue B.; Ker A.P.","Larue, Bruno (7004622558); Ker, Alan P. (6602122031)","7004622558; 6602122031","Climate change, production and trade in apples","2024","Canadian Journal of Agricultural Economics","72","3","","325","346","9","10.1111/cjag.12367","https://www.scopus.com/pages/publications/85197421292?origin=resultslist","In this paper, we investigate the impacts of climate extremes on the production and trade of apples. Apple production being notoriously sensitive to climate shocks, we show that March and April temperatures and precipitations beyond estimated thresholds cause large yield reductions in Quebec and Ontario. In years when climate shocks are large and highly correlated across space, large variations in national production cause major variations in trade flows. Hence, we exploit the theoretical foundations of a sectoral structural gravity model to implement counterfactual trade experiments about harvest shocks in Canada and the United States. We report changes in tariffs, imports, exports, farmgate prices, and in consumer welfare. The shocks greatly impact trade between North American countries but have little impact on other countries except for Chile and New Zealand which see their exports grow. © 2024 The Author(s). Canadian Journal of Agricultural Economics/Revue canadienne d'agroeconomie published by Wiley Periodicals LLC on behalf of Canadian Agricultural Economics Society.","","","Article","Final","All Open Access; Hybrid Gold Open Access","Scopus","2-s2.0-85197421292"
"González Montesinos M.T.; Ortegón Gallego F.","González Montesinos, M.T. (15727999600); Ortegón Gallego, F. (7006577626)","15727999600; 7006577626","On an induction-conduction PDEs system in the harmonic regime","2014","Nonlinear Analysis: Real World Applications","15","1","","58","66","4","10.1016/j.nonrwa.2013.05.006","https://www.scopus.com/pages/publications/84885305612?origin=resultslist","We study the existence of weak solutions to a nonlinear coupled parabolic-elliptic system arising in the heating industrial process of a steel workpiece. The unknowns are the electric potential, the magnetic vector potential and the temperature. The different time scales related to the electric potential and the magnetic vector potential versus the temperature lead us to introduce the harmonic regime. This yields to a new system of nonlinear partial differential equations. © 2011 Elsevier Ltd. All rights reserved.","","Applications; Different time scale; Existence of weak solutions; Industrial processs; Magnetic vector potentials; Parabolic-elliptic system; System of nonlinear partial differential equations; Workpiece; Electric potential","Conference paper","Final","","Scopus","2-s2.0-84885305612"
"Cui X.; Gafarov B.; Ghanem D.; Kuffner T.","Cui, Xiaomeng (57193617260); Gafarov, Bulat (57200414007); Ghanem, Dalia (56667572300); Kuffner, Todd (55345872900)","57193617260; 57200414007; 56667572300; 55345872900","On model selection criteria for climate change impact studies","2024","Journal of Econometrics","239","1","105511","","","12","10.1016/j.jeconom.2023.105511","https://www.scopus.com/pages/publications/85171129449?origin=resultslist","Climate change impact studies inform policymakers on the estimated damages of future climate change on economic, health and other outcomes. In most studies, an annual outcome variable is observed, e.g. agricultural yield, along with a higher-frequency regressor, e.g. daily temperature. Applied researchers then face a problem of selecting a model to characterize the nonlinear relationship between the outcome and the high-frequency regressor to make a policy recommendation based on the model-implied damage function. We show that existing model selection criteria are only suitable for the policy objective if one of the models under consideration nests the true model. If all models are seen as imperfect approximations of the true nonlinear relationship, the model that performs well in the historical climate conditions is not guaranteed to perform well at the projected climate. We therefore propose a new criterion, the proximity-weighted mean squared error (PWMSE) that directly targets precision of the damage function at the projected future climate. To make this criterion feasible, we assign higher weights to historical years that can serve as “weather analogs” to the projected future climate when evaluating competing models using the PWMSE. We show that our approach selects the best approximate regression model that has the smallest weighted squared error of predicted impacts for a projected future climate. A simulation study and an application revisiting the impact of climate change on agricultural production illustrate the empirical relevance of our theoretical analysis. © 2023 The Author(s)","Aggregation; Information criteria; Mixed frequency data; Monte Carlo cross-validation","Agriculture; Climate models; Mean square error; Regression analysis; Climate change impact; Cross validation; Frequency data; Future climate; High frequency HF; Impact study; Information criterion; Mixed frequency data; Model selection criteria; Monte carlo cross-validation; Climate change","Article","Final","All Open Access; Hybrid Gold Open Access","Scopus","2-s2.0-85171129449"
"Tappi M.; Carucci F.; Gagliardi A.; Gatta G.; Giuliani M.M.; Santeramo F.G.","Tappi, Marco (57209234823); Carucci, Federica (57200656216); Gagliardi, Anna (55011172200); Gatta, Giuseppe (54891603200); Giuliani, Marcella Michela (7102060452); Santeramo, Fabio Gaetano (37067967300)","57209234823; 57200656216; 55011172200; 54891603200; 7102060452; 37067967300","Earliness, phenological phases and yield-temperature relationships: evidence from durum wheat in Italy","2023","Bio-based and Applied Economics","12","2","","115","125","7","10.36253/bae-13745","https://www.scopus.com/pages/publications/85167402633?origin=resultslist","The impacts of extreme weather events on crop production are largely heterogeneous along the timing dimension of the shocks, and the varieties being affected. We investigate the yield-temperature relationships for three categories of earliness of durum wheat: early-maturing, middle-maturing, and late-maturing. We disentangle the time dimension distinguishing five phenological stages, as identified by the Growing Degree Days approach. Our panel regression models show that the starting, growing, and anthesis stages are sensitive to changes in minimum temperatures, regardless of wheat earliness. Raises in maximum temperatures during the starting stage are associated with increases in yields until a certain threshold above of which decrease; the opposite is true for increases in maximum temperatures in the maturity stage for late-maturing varieties, and in the end stage for early-maturing varieties. Results imply that farmers and policymakers may adopt ex-ante and ex-post risk management strategies, i.e., choice of variety to avoid severe yield losses and incentives to crop insurance uptake, respectively. © 2023 M. Tappi, F. Carucci, A. Gagliardi, G. Gatta, M.M. Giuliani, F.G. Santeramo.","climate change; crop insurance; growing degree days; risk management; weather index","","Article","Final","All Open Access; Gold Open Access; Green Open Access","Scopus","2-s2.0-85167402633"
"Whitnall S.C.; Beatty T.K.M.","Whitnall, Sarah C. (59956764900); Beatty, Timothy K. M. (8108341700)","59956764900; 8108341700","Climate Change and Field-Level Crop Quality, Yield, and Revenue","2026","Journal of the Association of Environmental and Resource Economists","13","1","","261","291","6","10.1086/736749","https://www.scopus.com/pages/publications/105022818199?origin=resultslist","We quantify the effect of weather and climate on the revenue of processing-tomato farmers through yield and quality—quality being an understudied channel despite its role in price determination. Screening out low-quality products introduces selection bias into estimates of the effect of weather and climate on agriculture. Our novel data allow us to estimate this bias. We find that extreme temperatures reduce both yield and quality, leading to reduced revenue. While the yield effect dominates, failing to account for quality leads to a significant underestimate of the effect of temperature exposure on revenue. We predict that climate change will significantly reduce yield and quality by century’s end absent adaptation and all else equal. Yield effects are overstated while quality effects are understated when estimation relies on data on a subset of output that exceeds a quality threshold. Empirical work that ignores selection on quality may misrepresent the climate change challenge. © 2025 The Association of Environmental and Resource Economists. All rights reserved, including rights for text and data mining and training of artificial intelligence technologies or similar technologies.","climate change; irrigated agriculture; quality; selection bias","","Article","Final","","Scopus","2-s2.0-105022818199"
"Huynh C.M.","Huynh, Cong Minh (57205266504)","57205266504","Climate change and agricultural productivity in Asian and Pacific countries: how does research and development matter?","2024","Journal of Economic Studies","51","3","","712","729","17","10.1108/JES-04-2023-0192","https://www.scopus.com/pages/publications/85167509854?origin=resultslist","Purpose: This study empirically examines the impact of climate change and agricultural research and development (R&D) as well as their interaction on agricultural productivity in 12 selected Asian and Pacific countries over the period of 1990–2018. Design/methodology/approach: Various estimation methods for panel data, including Fixed Effects (FE), the Feasible Generalized Least Squares (FGLS) and two-step System Generalized Method of Moments (SGMM) were used. Findings: Results show that both proxies of climate change – temperature and precipitation – have negative impacts on agricultural productivity. Notably, agricultural R&D investments not only increase agricultural productivity but also mitigate the detrimental impact of climate change proxied by temperature on agricultural productivity. Interestingly, climate change proxied by precipitation initially reduces agricultural productivity until a threshold of agricultural R&D beyond which precipitation increases agricultural productivity. Practical implications: The findings imply useful policies to boost agricultural productivity by using R&D in the context of rising climate change in the vulnerable continent. Originality/value: This study contributes to the literature in two ways. First, this study examines how climate change affects agricultural productivity in Asian and Pacific countries – those are most vulnerable to climate change. Second, this study assesses the role of R&D in improving agricultural productivity as well as its moderating effect in reducing the harmful impact of climate change on agricultural productivity. © 2023, Emerald Publishing Limited.","Agricultural productivity; Asia and Pacific; Climate change; R&D; SGMM","","Article","Final","","Scopus","2-s2.0-85167509854"
"Dai L.; Kang X.; Yao S.; Wang M.; Meng L.","Dai, Liqin (60744227100); Kang, Xiyan (57757752400); Yao, Shuran (55763210300); Wang, Meng (60745432600); Meng, Lihua (60745432700)","60744227100; 57757752400; 55763210300; 60745432600; 60745432700","Monitoring and evaluation indices of high temperature damage for maize in Hebei province; [河北省玉米高温热害监测与定量化评估指标研究]","2022","Journal of Arid Land Resources and Environment","36","4","","171","176","2","10.13448/j.cnki.jalre.2022.107","https://www.scopus.com/pages/publications/105044922903?origin=resultslist","High temperature damage (HTD) is an important natural disaster for maize. Based on observed data (including cultivars, growing stage, disasters, soil moisture, and yield components) and daily climatic data of 26 agro - meteorological stations from 1981 to 2020, the monitor indices of HTD from jointing to filling stages were established by using rank sum test and Bayesian discriminant analysis. Based on relationship between temperature factors and yield loss rate, intensity indices of HTD were designed through weight coefficients of factors. Loss evaluation models of HTD were established based on intensity indices. The disaster grade and thresholds of HTD were obtained by cluster analysis and yield reduction rate. Based on risk analysis principle of disaster, risks of HTD were analyzed. The results showed that time span and accumulated temperature higher than 32°C are the main factors for HTD. The accuracies of monitor indices and loss evaluation models are over 96% and 86%, respectively. The intensity indices have significant positive correlations with yield components (P < 0. 01), and can reflect the impact of HTD on yield. HTD are divided into four grades of slight, moderate, severe, and extreme severe, and the estimated result coincides with actual conditions. Risk of HTD for spring maize is less than that for summer maize. Risk of HTD for jointing - booting and tasseling - flowering stages are higher, and high risk region mainly distributed in central and eastern of Xingtai and Handan, westward and southern of Hengshui, and southeast of Shijiazhuang. © 2022 Editorial Office of Journal of Arid Land Resources and Environment. All rights reserved.","Hebei; high temperature damage; maize; monitoring and evaluation indices","","Article","Final","","Scopus","2-s2.0-105044922903"
"Lu H.R.; El Hanandeh A.","Lu, Hangyong Ray (57109559500); El Hanandeh, Ali (26423639800)","57109559500; 26423639800","Life cycle perspective of bio-oil and biochar production from hardwood biomass; what is the optimum mix and what to do with it?","2019","Journal of Cleaner Production","212","","","173","189","64","10.1016/j.jclepro.2018.12.025","https://www.scopus.com/pages/publications/85059307068?origin=resultslist","Many studies identified the optimum temperature to maximise bio-oil/biochar yield using fast pyrolysis from woody biomass. However, the optimum mix of biochar and bio-oil production and their final utilisation to achieve optimal environmental and economic benefits are yet to be investigated. Hence, the aim of this study was to identify the optimum mix and utilisation using life cycle assessment and costing approach. Two utilisation scenarios were analysed: Scenario 1 considered terrestrial carbon sequestration through spreading biochar in corn fields while Scenario 2 assumed the co-combustion of biochar to displace coal in a coal-fired power station. In both scenarios, bio-oil was assumed to substitute heavy fuel oil in an industrial boiler. The functional unit used in the study was 1 Mg of green thinned logs from hardwood plantations. Scenario 1 showed outstanding greenhouse gas emissions offset (1680 kg-CO2-eq per function unit). However, this scenario lagged behind when considering other environmental impacts. Scenario 2 delivered more modest greenhouse gas offset, but it had better overall environmental and economic performance. The results indicated that the overall environmental performance of Scenario 2 decreased with increasing pyrolysis temperature due to the decline in biochar yield as well as the increased energy consumption during the pyrolysis process. Meanwhile, lifecycle cost reduced when the pyrolysis temperature increased because of the increased bio-oil production, which has higher economic value than biochar. Assuming equal weights for the environmental and economic functions, the optimal performance of Scenario 2 is likely to be achieved when the pyrolysis process is run at 500 °C with the bio-oil and biochar yields being 64% and 22%, respectively. Monte Carlo Analysis revealed that for balanced environmental and economic weights (30%–70%) the solution is robust. The Monte Carlo Analysis results suggested that under the optimal conditions, there is 97.5% likelihood that Scenario 2 would achieve 1050 kg-CO2-eq greenhouse gas emissions offset and realise $25.8 life cycle cost savings per functional unit. This study demonstrates an easy method to incorporate life cycle assessment and costing into an optimisation decision making framework. Thus, allowing a more comprehensive assessment of policies incorporating multiple environmental impacts (criteria). It contributes to the debate about the economic and environmental validity of using forestry by-products, as well as other low cost woody biomass as a renewable energy source. © 2018 Elsevier Ltd","Biochar; Emissions reduction; Environmental and economic optimisation; Non-linear programming; Wood pyrolysis","Biofuels; Biomass; Carbon dioxide; Coal combustion; Cost benefit analysis; Costs; Decision making; Economic analysis; Emission control; Energy utilization; Environmental management; Forestry; Fossil fuel power plants; Gas emissions; Greenhouse gases; Hardwoods; Monte Carlo methods; Nonlinear programming; Pyrolysis; Bio chars; Decision-making frameworks; Economic optimisation; Emissions reduction; Environmental and economic performance; Environmental performance; Life Cycle Assessment (LCA); Wood pyrolysis; Life cycle","Article","Final","All Open Access; Green Open Access","Scopus","2-s2.0-85059307068"
"Zhu H.; Wu X.; Fu Z.; Zhang H.","Zhu, Haoran (60000535200); Wu, Xiaoqi (60001793400); Fu, Zetian (55538835900); Zhang, Haiyu (57226341104)","60000535200; 60001793400; 55538835900; 57226341104","Spatial and temporal heterogeneity of ENSO impacts on rice production and price dynamics in japan under climate change","2025","Agricultural and Food Economics","13","1","99","","","2","10.1186/s40100-025-00448-5","https://www.scopus.com/pages/publications/105026366745?origin=resultslist","Amid escalating global climate change, the El Niño–Southern Oscillation (ENSO) has emerged as a critical driver of variability in agri-food systems. Using high-frequency panel data from 46 prefectures in Japan spanning 2000–2025, this study establishes a multi-scale analytical framework to investigate how ENSO influences the rice supply chain. The main findings are as follows: (1) Fixed-effect models combined with climate attribution reveal that ENSO exerts phase-specific effects on rice-growing degree days and effective precipitation. El Niño episodes lengthen the growing season in Kyushu by an average of 11.3 days (p < 0.01), whereas La Niña conditions intensify precipitation variability in the Tohoku region by 22%. (2) A dynamic threshold panel model demonstrates a pronounced inverted-U relationship between rice yield and climatic factors, with an optimal mean temperature of 26.5 °C (95% CI 25.8–27.2). Beyond this threshold, yields decline by approximately 4.7% per 1 °C increase. (3) By employing a simultaneous-equation model integrating production shocks and policy adjustments, the analysis indicates that ENSO-driven supply responses account for 31% of rice price fluctuations. Furthermore, price elasticity during La Niña years (0.42) is significantly greater than during El Niño years (0.29). This research provides the first quantitative assessment of ENSO sensitivity across Japan’s agro-climatic zones, offering evidence-based guidance for region-specific climate adaptation strategies. The findings carry important implications for advancing UN SDG 2 (Zero Hunger) and SDG 13 (Climate Action). © The Author(s) 2025.","Climate resilience; ENSO; Japanese agriculture; Price transmission; Rice production; Spatial heterogeneity","","Article","Final","All Open Access; Gold Open Access; Green Open Access","Scopus","2-s2.0-105026366745"
"Zhang J.; Tan K.S.; Weng C.","Zhang, Jinggong (57208058630); Tan, Ken Seng (35325520900); Weng, Chengguo (55670911600)","57208058630; 35325520900; 55670911600","INDEX INSURANCE DESIGN","2019","ASTIN Bulletin","49","2","","491","523","28","10.1017/asb.2019.5","https://www.scopus.com/pages/publications/85063658822?origin=resultslist","In this article, we study the problem of optimal index insurance design under an expected utility maximization framework. For general utility functions, we formally prove the existence and uniqueness of optimal contract and develop an effective numerical procedure to derive the optimal solution. For exponential utility and quadratic utility functions, we obtain analytical expression of the optimal indemnity function. Our results show that the indemnity can be a highly nonlinear and even non-monotonic function of the index variable in order to align with the actual loss variable so as to achieve the best reduction in basis risk. Due to the generality of model setup, our proposed method is readily applicable to a variety of insurance applications including index-linked mortality securities, weather index agriculture insurance, and index-based catastrophe insurance. Our method is illustrated by numerical examples where weather index insurance is designed for protection against the adverse rice yield using temperature and precipitation as the underlying indices. Numerical results show that our optimal index insurance significantly outperforms linear-type index insurance contracts in terms of basis risk reduction. Copyright © Astin Bulletin 2019.","basis risk; Index insurance; insurance subsidiary; ODE method; utility maximization","","Article","Final","All Open Access; Bronze Open Access","Scopus","2-s2.0-85063658822"
"Ismail H.Y.; Fayyad S.; Ahmad M.N.; Leahy J.J.; Naushad M.; Walker G.M.; Albadarin A.B.; Kwapinski W.","Ismail, Hamza Y. (57204731352); Fayyad, Sary (57195904068); Ahmad, Mohammad N. (55320604500); Leahy, James J. (7102718595); Naushad, Mu. (13105221300); Walker, Gavin M. (35583992400); Albadarin, Ahmad B. (36679849200); Kwapinski, Witold (6506826315)","57204731352; 57195904068; 55320604500; 7102718595; 13105221300; 35583992400; 36679849200; 6506826315","Modelling of yields in torrefaction of olive stones using artificial intelligence coupled with kriging interpolation","2021","Journal of Cleaner Production","326","","129020","","","20","10.1016/j.jclepro.2021.129020","https://www.scopus.com/pages/publications/85117711164?origin=resultslist","A predictive model is developed using an artificial neural network (ANN) to calculate the solid-liquid, and gas yields (wt %) from the torrefaction of olives stones, based on the material and process parameters. These parameters are average olive stone particle size, reaction temperature and reaction time. Ordinary Kriging interpolation is coupled with ANN to improve the experimental data resolution by increasing the data points used in building the ANN models. This coupling improved the ANN prediction accuracy (R2) by 11.1%, 13.5%, and 1.0% in training and 27.3%, 8.5%, and 14.8% in validation of the solid, liquid and gas yields, respectively. Also, the mean absolute deviations of the models significantly improved after the coupling. The prediction profiles show a linear relationship between the solid and liquid yields and a nonlinear relation for the gas yields in terms of the material and process parameters. Average olive stone particle size showed the highest effect on the yields due to the improvement in heat transfer with the exposed surface area of the olive stones leading to a faster reaction rate. © 2021","Artificial neural network; Ordinary kriging interpolation; Reaction temperature and time; Renewable energy; Torrefaction","Heat transfer; Interpolation; Liquids; Particle size; Gas yields; Kriging interpolation; Liquid yield; Olive stones; Ordinary kriging; Ordinary kriging interpolation; Reaction temperature; Reaction temperature and time; Renewable energies; Torrefaction; Neural networks","Article","Final","","Scopus","2-s2.0-85117711164"
"Tanveer Z.; Kalim R.; Arshad N.","Tanveer, Zubair (57224407539); Kalim, Rukhsana (16312624400); Arshad, Noman (59923580100)","57224407539; 16312624400; 59923580100","Role of climate change in altering global agricultural trade dynamics: an empirical analysis","2026","Journal of Economic Studies","53","4","","765","788","6","10.1108/JES-12-2024-0829","https://www.scopus.com/pages/publications/105007033558?origin=resultslist","Purpose – The study investigates the impacts of climate change on global agricultural trade. It aims to analyze how temperature and precipitation, along with proposed macroeconomic factors such as agricultural productivity, tariff rate, exchange rate, price and technological innovations influence the worldwide trade balance of agricultural products. Design/methodology/approach – The research employs the Panel Quantile ARDL model using a two-step ECM with a pooled means group (PMG) specification technique. Data spanning 23 years (2000–2022) from 166 countries is analyzed, incorporating climatic variables (temperature and precipitation) and economic factors to determine their effects on agricultural trade. Findings – The study reveals that the average annual temperature significantly affects global agricultural trade, with a positive impact on exports up to a certain threshold, beyond which the relationship becomes detrimental. This indicates a nonlinear, inverted U-shaped relationship, where regions with moderate temperature increases can benefit, but excessive warming harms trade performance. Agricultural total factor productivity and technological innovations consistently enhance agricultural exports, with a stronger impact observed in countries with higher export-to-import ratios. On the other hand, factors like higher tariff rates and unfavorable relative world prices hinder trade competitiveness, especially in net-exporting regions. Precipitation levels alone were found to have an insignificant effect, suggesting that temperature is a more critical climatic variable influencing agricultural trade dynamics. Practical implications – Policymakers should promote precision agriculture, boost productivity and adjust trade policies to strengthen export performance and food security. Given that climate and economic shocks affect net-exporting and net-importing regions differently, tailored strategies are essential to ensure trade resilience and climate equity. Originality/value – This research uniquely applies a global-level quantitative analysis to agricultural trade and climate change, introducing a quadratic relationship between climatic variables and trade dynamics. It addresses gaps in existing literature by using extensive, real-world data rather than projections. © Emerald Publishing Limited","Agriculture products; Climate change; Comparative advantage; Panel quantile ARDL model; Trade patterns","","Article","Final","","Scopus","2-s2.0-105007033558"
"Chen X.; Chen S.","Chen, Xiaoguang (55100703900); Chen, Shuai (56908026900)","55100703900; 56908026900","China feels the heat: negative impacts of high temperatures on China's rice sector","2018","Australian Journal of Agricultural and Resource Economics","62","4","","576","588","27","10.1111/1467-8489.12267","https://www.scopus.com/pages/publications/85050598643?origin=resultslist","We analysed a county-level data set of single-season rice yield and daily weather outcomes in China to examine the effects of temperature on China's rice sector. We found that rice yield exhibited highly nonlinear responses to temperature changes: rice yield increased with temperature up to 28°C and decreased sharply with higher temperatures. Holding current growing seasons and regions constant, average rice yield in China is projected to decrease by 10–19 per cent by 2050 and 11–33 per cent by 2070 due to future warming under the global climate models HadGEM2-ES and NorESM1-M. These results imply that future warming poses a major challenge for Chinese rice farmers and that the effectiveness of adaptations will depend on how well they reduce the negative temperature impacts on rice yield because of very hot days. © 2018 Australasian Agricultural and Resource Economics Society Inc.","China; global warming; nonlinear temperature effects; rice yield","China; crop yield; global warming; growing season; high temperature; rice; temperature effect","Article","Final","All Open Access; Bronze Open Access; Green Open Access","Scopus","2-s2.0-85050598643"
"Kawasaki K.; Uchida S.","Kawasaki, Kentaro (36504484600); Uchida, Shinsuke (35189540300)","36504484600; 35189540300","Quality Matters More Than Quantity: Asymmetric Temperature Effects on Crop Yield and Quality Grade","2016","American Journal of Agricultural Economics","98","4","","1195","1209","84","10.1093/ajae/aaw036","https://www.scopus.com/pages/publications/84991517690?origin=resultslist","Climate change affects agriculture by altering not only output quantity, but also crop quality. We quantify the economic impacts of climate change on agriculture through changes in both quantity and quality, where quality is measured by crop grades. Our model controls for methodological issues regarding sample selection, aggregation, phenology, and nonlinearity. The empirical application to Japanese rice production indicates that temperature effects are asymmetric: quantity is especially vulnerable to cold, whereas quality is vulnerable to extremely high temperature. Using these results, we simulate the effect of global warming, and we find that warming (a 3 °C increase) increases farm revenues by improving yield but decreases revenues as a result of deteriorating quality. The net effect is negative, suggesting that quality matters more than quantity. The negative effect, however, can be mitigated by shifting cultivation periods and/or regions. Overall, our results suggest that the estimated impacts of climate change and adaptation strategies could be severely misleading unless quality is considered. © 2016 The Authors.","Adaptation; agriculture; climate change; grading standards; quality","Japan; Oryza sativa (japonica cultivar-group); adaptive management; climate change; crop production; crop yield; economic impact; shifting cultivation; temperature effect; yield response","Article","Final","","Scopus","2-s2.0-84991517690"
"Alehile K.S.","Alehile, Kehinde Samuel (58783799300)","58783799300","Climate Change Effects on Employment in the Nigeria’s Agricultural Sector","2023","Chinese Journal of Urban and Environmental Studies","11","3","2350018","","","10","10.1142/S2345748123500185","https://www.scopus.com/pages/publications/85180765770?origin=resultslist","Climate change poses mounting risks to agricultural development and rural livelihoods in Nigeria. This study investigates the impacts of climate change on agricultural sector employment in Nigeria. Agriculture provides income and sustenance for much of Nigeria’s rural population. However, smallholder rain-fed farming predominates, with minimal resilience to climate shifts. Historical data reveal rising temperatures and declining, erratic rainfall across Nigeria’s agro-ecological zones since the 1970s. Crop modeling predicts further climate changes will reduce yields of key staple crops. This threatens the viability of smallholder agriculture and risks widespread job losses. The study adopts a nonlinear autoregressive distributed lag (NARDL) modeling approach to evaluate climate change effects on agricultural sector employment in Nigeria from 1990 to 2020. Findings reveal reduced rainfall initially raises employment, as farming requires more labor in dry conditions. However, protracted droughts significantly reduce agricultural jobs. Increased temperatures consistently lower farm employment through reduced yields and incomes. Based on these findings, the study recommends that adaptive strategies are urgently needed to build resilience, promote climate-smart agriculture, and safeguard rural livelihoods. © Social Sciences Academic Press (China)","agricultural employment; Climate change; Nigeria; rainfall; temperature","","Article","Final","All Open Access; Gold Open Access; Green Open Access","Scopus","2-s2.0-85180765770"
"Malinová A.; Čermák M.; Krepl V.; Vališ Z.","Malinová, Adéla (60346519400); Čermák, Michal (57190408308); Krepl, Vladimír (24473531000); Vališ, Zdeněk (60346737200)","60346519400; 57190408308; 24473531000; 60346737200","Temperature changes and agricultural performance linkage: Evidence from Africa","2026","Sustainable Futures","11","","101650","","","0","10.1016/j.sftr.2026.101650","https://www.scopus.com/pages/publications/105028248975?origin=resultslist","Temperature changes pose significant challenges for agriculture, influencing crop yields, resource use, and food security. Understanding these dynamics is essential for assessing risks and developing sustainable adaptation strategies. This paper investigates the impact of temperatures on agriculture value added across 46 African countries from 1993 to 2022. Multiple econometric approaches were used, including an error correction model, impulse-response analysis, and non-parametric partial-kernel regression. The results show a statistically significant and robust negative effect of temperatures on agriculture value added. Diagnostics confirm cointegration and robustness across model specifications. The findings underscore the importance of targeted adaptation strategies for safeguarding agricultural productivity in Africa. © 2026 The Authors","Agriculture; Agriculture value added; Climate change; ECM; Non-linear regression; Short-run; Temperature","","Article","Final","All Open Access; Gold Open Access; Green Open Access","Scopus","2-s2.0-105028248975"
"Zhen H.; Zhang W.; Deng M.","Zhen, Hao (60621835400); Zhang, WenXiang (60621937200); Deng, MengMeng (60621445700)","60621835400; 60621937200; 60621445700","PeanutYieldNet: A Deep Learning-Based Model for Predicting Peanut Yield Under Various Environmental Stress Conditions","2026","2026 5th International Symposium on Computer Applications and Information Technology, ISCAIT 2026","","","","699","702","0","10.1109/ISCAIT69154.2026.11477218","https://www.scopus.com/pages/publications/105038112970?origin=resultslist","Peanut, a major global oil crop, is highly sensitive to environmental stress factors like drought, high temperature, and salinity. Accurate prediction of peanut yield under different stress conditions is of great significance for agricultural production management and food security. However, traditional yield prediction methods rely on empirical models and statistical approaches, which have difficulty capturing complex nonlinear relationships and multi-factor interactions. This study proposes a deep learning-based peanut yield prediction model called PeanutYieldNet, which integrates the advantages of convolutional neural networks and long short-term memory networks to automatically extract spatiotemporal features from multi-source environmental data. Experimental results show that PeanutYieldNet demonstrates excellent predictive performance under various environmental stress conditions, with an average prediction accuracy of 92.847%, root mean square error of 0.236 t/ha, and R2 coefficient of 0.891, significantly outperforming traditional machine learning methods and single deep learning models. Ablation experiments and visualization analysis validated the effectiveness of each model component, providing strong technical support for precision agriculture and intelligent decision-making. © 2026 IEEE.","convolutional neural network; deep learning; environmental stress; long short-term memory network; peanut yield prediction; precision agriculture","Agricultural machinery; Convolution; Decision making; Deep neural networks; Forecasting; Learning systems; Oilseeds; Precision agriculture; Prediction models; Yield stress; Convolutional neural network; Deep learning; Environmental stress; Long short-term memory network; Memory network; Peanut yield prediction; Precision Agriculture; Short term memory; Stress condition; Yield prediction; Mean square error","Conference paper","Final","","Scopus","2-s2.0-105038112970"
"Prokopchuk O.; Prokopchuk I.; Mentel G.","Prokopchuk, Olena (56179883400); Prokopchuk, Ihor (57203208419); Mentel, Grzegorz (57015565600)","56179883400; 57203208419; 57015565600","Index insurance as an innovative tool for managing weather risks in the agrarian economic sector","2018","Journal of Competitiveness","10","3","","119","131","21","10.7441/joc.2018.03.08","https://www.scopus.com/pages/publications/85072108843?origin=resultslist","This article justifies the use of a new methodical approach to index insurance of agricultural producers against weather risks, in particular, the use of the thermal-hydraulic combined index (Іth) as the weather index of the effect of several triggers (temperature and precipitation) on yields, taking into account the uniformity of weather and climatic conditions over time. General scientific methods of scientific knowledge and research of economic phenomena are used for the scientific solution. The theoretical and methodological bases of the research are the works of scientists and practitioners involved in researching the market of agricultural insurance services in general and the issues of developing an effective system of agrarian insurance, in particular. The main method of research is the method of mathematical statistics, namely, a multivariate analysis of variance. This article presents research on the application of index insurance schemes while using weather index products. The advantages and disadvantages of these products are considered and the mechanism of the index insurance is described in general. The article considers the possibility of applying a rainfall index with a temperature threshold, and the thermal-hydraulic index (Іth) that takes into account and simultaneously combines several parameters is calculated. Considering the research findings, the authors suggest the adoption of the compound thermal-hydraulic index (Іth) and present a detailed description of the functioning of this mechanism. Approbation of the methodological tools was carried out on the example of the Uman District of the Cherkasy Region of central Ukraine. © 2018 Journal of Competitiveness.","Index; Insurance; Legislation; Weather conditions; Weather risk","","Article","Final","All Open Access; Gold Open Access","Scopus","2-s2.0-85072108843"
"Zhang H.; Su J.; Loaiciga H.A.; Liu J.; Hu Y.; Wu X.; Ying Z.; Sauter T.","Zhang, Huihui (57201065727); Su, Jingyong (60535508600); Loaiciga, Hugo A. (7005327958); Liu, Ji (60240334600); Hu, Yao (60142545800); Wu, Xueman (60536653100); Ying, Zhengtao (57344035100); Sauter, Tobias (26323851300)","57201065727; 60535508600; 7005327958; 60240334600; 60142545800; 60536653100; 57344035100; 26323851300","Evaluating the impact of extreme climate events on crop yields under future climate scenarios","2026","Journal of Cleaner Production","554","","148099","","","1","10.1016/j.jclepro.2026.148099","https://www.scopus.com/pages/publications/105033928967?origin=resultslist","Climate change and associated extreme climate events, such as drought, heavy precipitation, and heatwaves, present challenges to crop yields and global food security. However, the critical thresholds of associated dominant extreme events remain unclear, and so does the manner in which these events may influence future agricultural risks. This work develops a novel, data-driven, framework for assessing climate-induced crop yield risks and for evaluating the role of extreme climate events on the yields of major crops. The evaluation is made using an explainable LightGBM prediction model based on historical yield and climate data. The model elucidates key climate events driving yield variability and identifies their critical thresholds at which they negatively impact crop yield. Non-climatic factors are controlled to isolate climate-driven yield variability. This paper's framework is applied to evaluate the role that extreme climatic events might have on crop yields at the district (Landkreis) level in Germany relying on data from 2001 to 2020 across the growing season. This study projects future spatiotemporal exposure risks to crop yields induced by extreme climate events and their critical thresholds under two carbon emission scenarios (SSP2-4.5 and SSP5-8.5) from 2025 to 2100 in the study region. Our results indicate that meteorological drought and extreme high temperature are the dominant climate stressors threatening spring-sown or summer crop yields, while grain maize, oats, and summer barley are particular sensitive to short-term, intense drought events. In contrast, sugar beet is principally affected by long-term water deficits, as indicated by average meteorological drought conditions, and relies on consistent water availability throughout the growing season. Spatiotemporal exposure analysis reveals crop-specific vulnerability patterns: for instance, potato yields face exposure probabilities of up to 90%, whereas sugar beet shows the lowest risk, albeit with a twofold increase under higher emissions. This work's findings provide actionable insights for precision yield estimation, early warning systems, and adaptation strategies to mitigate climate impacts on food security. © 2026 Elsevier Ltd.","Climate change scenarios; Critical threshold; Crop yields; Explainable prediction models; Extreme climate events","Climate change; Climate models; Crops; Drought; Food security; Food supply; Grain (agricultural product); Risk management; Risk perception; Climate change scenarios; Climate event; Critical threshold; Crop yield; Explainable prediction model; Extreme climate event; Extreme climates; Growing season; Meteorological drought; Prediction modelling; Risk assessment; Sugar beets","Article","Final","","Scopus","2-s2.0-105033928967"
"Chandrasiri C.K.; Tsusaka T.W.; Ho T.D.N.; Zulfiqar F.; Datta A.","Chandrasiri, Chamila Kumari (57924641900); Tsusaka, Takuji W. (56659390600); Ho, Tien D. N. (57222101933); Zulfiqar, Farhad (57200105019); Datta, Avishek (57219729317)","57924641900; 56659390600; 57222101933; 57200105019; 57219729317","Impacts of climate change on paddy yields in different climatic zones of Sri Lanka: a panel data approach","2023","Asia-Pacific Journal of Regional Science","7","2","","455","489","11","10.1007/s41685-022-00264-5","https://www.scopus.com/pages/publications/85139611377?origin=resultslist","While climate change affects agricultural production globally, scarce literature has quantified the impacts of climatic factors on paddy yields with attention to specific water regimes, climatic zones, growth periods, and crop seasons. This study aimed to identify the effects of various climatic variables at different plant growth phases (growing and harvesting), crop seasons (Maha and Yala) [In Sri Lanka, there are two main crop seasons. Maha is the major cultivation season covering the months of October to March, and Yala is the minor cultivation season covering the months of April to September], and water regimes (major irrigation, minor irrigation, and rainfed) in three climatic zones (dry zone, intermediate zone, and wet zone) of Sri Lanka. A district-wise annual panel dataset was constructed for a 39-year period (1981 to 2019) covering 18 districts and analyzed by panel regression methods. The results showed that temperature had significant non-linear effects on yields in the dry and intermediate zones. Variation in temperature decreased yields more in the dry zone than in other zones. Rainfall significantly reduced yields in the dry and wet zones, whereas it increased yields in the intermediate zone. Rainfall fluctuations decreased yields in the wet zone more than in other zones. These findings suggest a need for dissemination of climate-smart agriculture practices by considering the characteristics of each water regime, particularly in the dry zone. For rainfed paddies, a crop insurance scheme should be introduced to reduce crop losses due to harsh climatic events. Complementary policies, such as improvement of irrigation systems and provision of timely weather forecasts, can support smallholder paddy farming. © 2022, The Japan Section of the Regional Science Association International.","Climatic zone; Major irrigation; Minor irrigation; Panel regression; Rainfall; Rainfed; Temperature; Variability","","Article","Final","","Scopus","2-s2.0-85139611377"
"Go Y.-H.; Tan Y.-L.; Yiew T.-H.","Go, You-How (56754806900); Tan, Yan-Ling (57192807082); Yiew, Thian-Hee (57191419464)","56754806900; 57192807082; 57191419464","Sensitivity of oil palm yield in Indonesia to climate change: evidence from threshold cointegration models","2026","Environment, Development and Sustainability","28","8","","18565","18584","4","10.1007/s10668-024-05635-w","https://www.scopus.com/pages/publications/85209154800?origin=resultslist","Increasing climatic unsuitability for oil palm is predicted, particularly after 2050. Indonesia has been widely praised for having the largest share of palm oil exports in the world, despite its low middle-income status. Using annual data of mean temperature (°C), mean precipitation (mm), and oil palm fruit yield (hg/ha) from 1960 to 2020, we estimate the sensitivity of oil palm yield to climate change in Indonesia. With the application of threshold cointegration models, we find that the impact of climate change on oil palm yield is asymmetry. Specifically, the sensitivity of yield to an increase in temperature results in a high stress level of palm oil production, while only an increase in precipitation seems to influence oil palm yield. Our study is unique as it provides evidence of the impact of temperature and precipitation on oil palm production when the palm fruit yield falls below and rises above its threshold value. We believe that this novel approach is an addition to the existing literature on climate change sensitivities of oil palm yield. We suggest that the government can consider a drought adaptation strategy in reaching biodiesel targets without the transformation of forest land for agriculture when the yield cannot be increased. To mitigate potential oil palm yield losses during the monsoon, water management strategies are suggested in most precipitation regions with high flood risks. © The Author(s), under exclusive licence to Springer Nature B.V. 2024.","Climate change; Indonesia; Oil palm yield; Precipitation; Temperature; Threshold cointegration models","Indonesia; climate change; crop yield; drought; forest ecosystem; fruit; government; precipitation (climatology); temperature effect; threshold; wastewater management","Article","Final","","Scopus","2-s2.0-85209154800"
"Goering R.","Goering, Richard (7004856913)","7004856913","IBM claims edge on EDA guard in statistical tools","2005","Electronic Engineering Times","","1374","","1+96","","0","","https://www.scopus.com/pages/publications/22344453036?origin=resultslist","IBM is now providing and marketing EinsTimer, the first commercially available tool for incremental statistical timing analysis, which can be easily integrated into existing design flows. The EinsTimer includes gate and transistor level static timing analysis, statistical timing analysis, power distribution analysis, and signal integrity. It can handle front end variations such as L-effective, hot electron effect, different voltage thresholds, back end variations like metal separation, and environmental variations such as temperature. Statistical timing analysis offers maximize chip performance and yield, and will initially target 65 nm and see mainstream use at 45 nm.","","Computer software; Electronic equipment manufacture; Marketing; Microprocessor chips; Product development; Statistical methods; Timing devices; Cadence Design Systems inc. (CO); Electronic design automation; IBM (CO); Software licensing; Statistical timing tools; Product design","Review","Final","","Scopus","2-s2.0-22344453036"
"Mouleye I.S.; Daouda Y.H.; Diaw A.","Mouleye, Issoufou Soumaïla (57219901510); Daouda, Youssoufou Hamadou (55758694800); Diaw, Adama (55583737000)","57219901510; 55758694800; 55583737000","Impact of climate change on poverty and inequality in sub-Saharan Africa; [Effets du changement climatique sur la pauvreté et les inégalités en Afrique subsaharienne]","2020","Revue d'Economie du Developpement","27","3","","5","32","8","10.3917/edd.333.0005","https://www.scopus.com/pages/publications/85095996331?origin=resultslist","This paper analyzes the effects of climate change on the level of poverty and inequality in sub-Saharan Africa. We use a parametric and semi-parametric model of a triangular system and apply it to data from panels from twenty sub-Saharan African countries covering the period from 2000 to 2016. We use the ""generalized joint regression modeling"" (GJRM) procedure to estimate the model. The results show that if climatic variability (rise in temperature and fall in rainfall) induces low agricultural yields, their effects on poverty and inequalities appear in the form of a nonlinear relationship. Climate shocks negatively and significantly affect only the yield of sorghum at the poverty line of $3.20, while their effects are positive and significant on the prices of cereals (millet, corn, sorghum). Given the impacts of climate change on well-being, African governments should integrate the climate dimension into poverty and inequality reduction programs and policies. © 2020 Boeck Universite. All rights reserved.","Climate; GJRM; Inequality; Poverty; Triangular system.","","Article","Final","All Open Access; Bronze Open Access","Scopus","2-s2.0-85095996331"
"Gan Q.; Elsworth D.; Cai J.","Gan, Quan (56012315200); Elsworth, Derek (7005281835); Cai, Jianchao (21740468600)","56012315200; 7005281835; 21740468600","Heat Transfer in Enhanced Geothermal Systems: Thermal-Hydro-Mechanical Coupled Modeling","2019","Petrophysical Characterization and Fluids Transport in Unconventional Reservoirs","","","","201","215","3","10.1016/B978-0-12-816698-7.00010-3","https://www.scopus.com/pages/publications/85061971228?origin=resultslist","Massive water injection during the stimulation and production stages in geothermal reservoirs can induce a strong coupled response. Fracture properties may be significantly altered due to fluid transport, heat transfer, and chemical reactions. We explored the impact of fluid circulation rates on the heterogeneity of thermal drawdown that may develop within the reservoir and its potential impact on the timing and magnitude of induced seismicity. The following study develops a dimensionless semi-analytical model that incorporates the reservoir scale, fracture spacing, and injection mass flow rate to determine thresholds for the evolution of uniform or shock-front distributions of thermal drawdown within the rock comprising the reservoir. The semi-analytical model is derived based on the balance of heat conduction within the fractured medium and the Warren-Root fracture model. We define two bounding modes of fluid production from the reservoir. For injection at a given temperature, these bounding modes relate to either low or high relative flow rates. At low relative dimensionless flow rates, the pressure pulse travels slowly, the pressure-driven changes in effective stress are muted, but thermal drawdown propagates through the reservoir as a distinct front. This results in the lowest likelihood of pressure-triggered events but the largest likelihood of late-stage thermally triggered events. Conversely, at high relative nondimensional flow rates, the propagating pressure pulse is larger and migrates more quickly through the reservoir but the thermal drawdown is uniform across the reservoir without the presence of a distinct thermal front, and is less capable of triggering late-stage seismicity. We evaluate the uniformity of thermal drawdown as a function of a dimensionless flow rate that scales with fracture spacing, injection rate, and the distance between the injector and the target point. This dimensionless scaling facilitates design for an optimum flow rate value to yield both significant heat recovery and longevity of geothermal reservoirs while minimizing associated induced seismicity. © 2019 Elsevier Inc. All rights reserved.","Continuum; Fracture permeability; Geothermal; Heat transfer; Thermal-hydraulic-mechanical coupling","","Book chapter","Final","","Scopus","2-s2.0-85061971228"
"Sous S.J.; Al-Hindi Y.; Shtaya M.J.Y.; Sadeq T.","Sous, Sana J. (59781360800); Al-Hindi, Yara (59486472200); Shtaya, Munqez J. Y. (14051148900); Sadeq, Tareq (55873376200)","59781360800; 59486472200; 14051148900; 55873376200","THE IMPACT OF CLIMATE CHANGE ON CROP YIELD IN PALESTINE","2025","Climate Change Economics","16","1","2450009","","","1","10.1142/S201000782450009X","https://www.scopus.com/pages/publications/105001079270?origin=resultslist","This study examines the impacts of temperature and precipitation on crop yield in Palestine. With GLS analysis and Hausman test, the research delves into how weather factors relate to crop yield in different regions and for various crops (tomato, grapes and olives). These findings have significant implications for agricultural practices and climate change adaptation strategies. The study reveals that temperature has a positive correlation with tomato crop yield up to a threshold of 21∘C, while olives respond negatively to higher temperatures.  © 2025 World Scientific Publishing Company.","Agricultural production; climate change; climate smart agriculture; crop yield","","Article","Final","","Scopus","2-s2.0-105001079270"
"Hu D.; Yue C.; Jiang Z.; Liu X.; Sun S.; Wang Y.","Hu, Desheng (57330158700); Yue, Caixu (59899038900); Jiang, Zhipeng (56253311100); Liu, Xianli (45561620200); Sun, Shaocong (58634139600); Wang, Yuanye (59931553600)","57330158700; 59899038900; 56253311100; 45561620200; 58634139600; 59931553600","Drilling force modeling of indexable drill bit combined with Oxley theory and improved Johnson-Cook constitutive model","2025","Journal of Manufacturing Processes","149","","","804","817","1","10.1016/j.jmapro.2025.06.024","https://www.scopus.com/pages/publications/105007471803?origin=resultslist","The indexable drill bit can be applied to drilling, turning, and boring processes and has high processing efficiency, so it is widely used in aerospace, energy equipment, and automotive fields. However, due to the asymmetry of the internal and external cutting blades, the cutting process of this kind of tool is unstable, accompanied by strong high temperature and high strain problems, which will affect the tool's life and processing quality. Since the Johnson-Cook (J-C) constitutive equation does not consider the micro adiabatic shear of the material, an improved theoretical model of cutting force is proposed. Firstly, the yield stress and operating temperature in the J-C model are corrected by comprehensively considering the micro-dislocation slip of the material and the adiabatic temperature rise effect. Secondly, according to the Oxley theory, the shear angle model and the three-dimensional oblique cutting force model under the influence of the nonlinear thermo-mechanical coupling characteristics between the tool and the workpiece are established, and the analytical algorithm of drilling force is established through the shear angle and the three-dimensional oblique angle. Then, the drilling experiments of single flute and pilot hole under variable working conditions are designed, which proves that the tool runout almost does not exist under single groove cutting. The drilling force verification experiment of 42CrMo is carried out, and the prediction results under the two theoretical models are evaluated. Comparing the simulation value of the theoretical model with the actual value, it is concluded that the prediction error of the drilling force of the improved model can be controlled within 12 %. Finally, through the single-factor experiment, the variation trend of the end face drilling force with the feed rate, the cutting speed, the main deflection angle of the tool, and the side rake angle is found. The research results can provide theoretical basis for the optimization of tool structure and process parameters. © 2025 The Society of Manufacturing Engineers","Drilling force modeling; Improved J-C constitutive model; Oxley theory","Bits; Boring; Constitutive equations; Deflected well drilling; Electric drills; Saws; Shearing; Drilling force modeling; Drilling forces; Drilling process; Force modeling; Improved johnson-cook constitutive model; Johnson-cook constitutive models; Oxley theory; Shear angles; Theoretical modeling; Turning process; Boring tools","Article","Final","","Scopus","2-s2.0-105007471803"
"Cooper J.; Tran A.N.; Wallander S.","Cooper, Joseph (7406075700); Tran, A. Nam (57211249367); Wallander, Steven (22136775000)","7406075700; 57211249367; 22136775000","Testing for specification bias with a flexible fourier transform model for crop yields","2017","American Journal of Agricultural Economics","99","3","","800","817","13","10.1093/ajae/aaw084","https://www.scopus.com/pages/publications/85019947765?origin=resultslist","The literature on climate risk and crop yields is currently focused on the potential for highly nonlinear marginal effects, essentially modeling the threshold effects with a yield function that maps weather inputs into crop yields. Implicit in this line of research is the assertion that the traditional quadratic model of crop yield suffers from specification bias. This article examines this assumption by using the Flexible Fourier Transforms (FFT) to allow for global flexibility in the weather effects while also maintaining the traditional quadratic model as a nested model specification. In order to speak to the global flexibility of FFT, as well as to provide both robustness to outliers and information on the scale effects of weather variables, this article compares FFT with restricted cubic spline (RCS) and quadratic models in a quantile regression framework. Using U.S. county-level data on corn, soybeans, and winter wheat from 1975 to 2013, we find that while the threshold effects are largely captured by the traditional quadratic model, we statistically reject the hypothesis that the quadratic model is sufficiently flexible. We find that, under the more flexible FFT functional forms, at lower temperatures there is a greater positive impact of marginal increases in temperature on yield than with the quadratic model, which suggests a different yield-temperature relationship than found in much of the literature on threshold effects of temperature on crop yields, and is more consistent with the positive effects of minor temperature increases found in some of the Ricardian climate effect literature. © The Authors 2017.","Crop yield; Flexible Fourier Transform; nested quadratic; precipitation; quantile regression; temperature","United States; Glycine max; Triticum aestivum; Zea mays; agricultural research; climate effect; crop production; crop yield; Fourier transform; numerical model; regression analysis; temperature effect","Article","Final","All Open Access; Bronze Open Access","Scopus","2-s2.0-85019947765"
"Kondepudi K.; Subramaniam K.V.L.","Kondepudi, Kala (57209470698); Subramaniam, Kolluru V.L. (7005184206)","57209470698; 7005184206","Rheological characterization of low-calcium fly ash suspensions in alkaline silicate colloidal solutions for geopolymer concrete production","2019","Journal of Cleaner Production","234","","","690","701","58","10.1016/j.jclepro.2019.06.124","https://www.scopus.com/pages/publications/85067867111?origin=resultslist","The rheological behavior of low-calcium fly ash suspensions in activating solutions of colloidal silica and alkali hydroxide is investigated. The study is aimed at relating the rheological behavior of alkali-silicate activated low-calcium fly ash (AAF) suspensions with Portland cement paste suspensions. The yield stress and the viscosity of the AAF suspensions increase with the alkalinity of the colloidal solution, which is due to changes in the surface charges on fly ash particles with the change in the ionic medium. Increasing the alkalinity results in a less negative zeta potential of fly ash in the alkaline solution of colloidal silica and an increase in the yield srtess of the AAF suspension. The thixotropic behavior in AAF suspensions is associated with structure breakdown to a finely dispersed suspension of particles produced by shearing. Energy measurements indicate a very slow change in the internal particle structure with age at room temperature. A comparison of AAF suspensions is presented with suspensions of Portland cement in water, which are proportioned for similar physical flow characteristics and yield stress. AAF suspensions have a larger solid fraction than the cement suspensions in water of comparable yield stress. The zeta potential of cement particles in water is less negative when compared to fly ash in alkaline-silicate solutions. The AAF suspensions of comparable yield stress exhibit a significantly higher viscosity than the cement suspensions in water. Cement paste and AAF suspensions exhibit a rate dependent yield response. Cement paste suspensions exhibit a threshold strain rate for minimum yield stress. In AAF suspensions there is a continuous decrease in the yield stress at lower strain rates. The thixotropic behavior in cement paste is influenced by chemical ageing which produces a rapid recovery of yield stress. In comparison, there is very little ageing at room temperature in the AAF suspensions and a very slow recovery of yield stress after shearing. © 2019 Elsevier Ltd","Alkali activated fly-ash; Concrete production; Geopolymer; Plastic viscosity; Thixotropy; Yield stress","Alkalinity; Calcium; Concretes; Fly ash; Geopolymers; Inorganic polymers; pH; Portland cement; Rheology; Shearing; Silica; Silicates; Sols; Strain rate; Viscosity; Yield stress; Zeta potential; Alkali-activated fly ashes; Concrete productions; Geopolymer; Plastic viscosity; Thixotropy; Suspensions (fluids)","Article","Final","","Scopus","2-s2.0-85067867111"
"Singh Y.; Singh D.; Singh N.K.; Sharma A.; Rahim E.A.; Ranganathan A.; Palanichamy P.; Palamanit A.; Kumar S.","Singh, Yashvir (56895613600); Singh, Deepak (59632562800); Singh, Nishant Kumar (57193094947); Sharma, Abhishek (55605770373); Rahim, Erween Abd (15726157900); Ranganathan, Arunkumar (57286892200); Palanichamy, Pandiarajan (58249641100); Palamanit, Arkom (55366876200); Kumar, Sanjeev (59047650000)","56895613600; 59632562800; 57193094947; 55605770373; 15726157900; 57286892200; 58249641100; 55366876200; 59047650000","Production of bio-oil from lychee-based biomass through pyrolysis and maximization of bio-oil yield with statistical and machine learning techniques","2023","Journal of Cleaner Production","413","","137472","","","30","10.1016/j.jclepro.2023.137472","https://www.scopus.com/pages/publications/85159286741?origin=resultslist","This study's goal is to maximize the yield of pyrolysis oil utilizing lychee-based biomass for a quick pyrolysis process. Response surface methodology (RSM) and artificial neural network with generalized neural network (GNN) technique were used to optimize the maximum bio-oil yield while considering temperature, heating rate, retention time, and argon gas flow rate as independent variables and bio-oil production as the response. Typical neural networks have constraints such as a long training time, a large number of neurons, and a large number of hidden layers. A generalized neural network (GNN) has been constructed to address these limitations and build a non-linear controller for acquiring access to bio-oil production output. To anticipate bio-oil yield, a new prediction model is proposed that combines the benefits of an auto-adaptive management technique with the rapid reaction of a GNN. Three measures (MSE, RMSE, and R2) are explored in depth to assess the performance efficacy of the models. Based on the finding, 350 °C temperature, 125 min of retention time, 120 °C/min heating rate and 110 mL/min argon flow rate was used to produce the highest bio-oil production (38.43%). Based on techniques, both models used in the study produce equally acceptable outcomes for projecting bio-oil yield. The greatest R2 value for the bio-oil yield ranges from 0.94 to 0.99, and all outcomes are classified as “good” regarding RMSE (all RMSE values are close to one). When all indicators are combined, GNN provides superior accuracy in predicting bio-oil yield in this investigation, followed by ANN. © 2023 Elsevier Ltd","Artificial neural network; Bio-oil yield; Generalized neural network; Lychee; Response surface methodology","Argon; Flow of gases; Heating rate; Linear control systems; Liquefied gases; Machine learning; Multilayer neural networks; Surface properties; Bio-oil yield; Bio-oils; Generalized neural network; Lychee; Machine learning techniques; Oil-production; Pyrolysis oil; Response-surface methodology; Retention time; Statistical learning techniques; Pyrolysis","Article","Final","","Scopus","2-s2.0-85159286741"
"Cai R.; Feng S.; Oppenheimer M.; Pytlikova M.","Cai, Ruohong (55509117900); Feng, Shuaizhang (7402531107); Oppenheimer, Michael (7004870624); Pytlikova, Mariola (6506030763)","55509117900; 7402531107; 7004870624; 6506030763","Climate variability and international migration: The importance of the agricultural linkage","2016","Journal of Environmental Economics and Management","79","","","135","151","233","10.1016/j.jeem.2016.06.005","https://www.scopus.com/pages/publications/84989873755?origin=resultslist","While there is considerable interest in understanding the climate–migration relationship, particularly in the context of concerns about global climatic change, little is known about its underlying mechanisms. In the paper, we combine a rich panel data on annual bilateral international migration flows with an extensive data on climate variability across the countries to investigate in-depth the climate–migration link. We find a positive and statistically significant relationship between temperature and international outmigration only in the most agriculture-dependent countries, consistent with the widely documented adverse impact of temperature on agricultural productivity. Further, the temperature–migration relationship is nonlinear and resembles the nonlinear temperature–yield relationship. In addition, migration flows to current major destinations are especially temperature-sensitive. Policies to address issues related to climate-induced international migration would be more efficient if focused on the agriculture-dependent countries and especially people in those countries whose livelihoods depend on agriculture. © 2016 Elsevier Inc.","Agricultural productivity; International migration; Nonlinear effect; Temperature","Agriculture; Climatology; Productivity; Regional planning; Temperature; Agricultural productivity; Climate variability; Global climatic changes; Impact of temperatures; International migration; Nonlinear effect; Nonlinear temperature; Temperature sensitive; agricultural change; agricultural production; climate change; climate effect; international migration; panel data; temperature; temperature effect; Climate change","Article","Final","","Scopus","2-s2.0-84989873755"
"Hálová P.; Mach J.; Čechura L.; Slaboch J.","Hálová, Pavlína (55293742700); Mach, Jiří (54419002300); Čechura, Lukáš (23968759500); Slaboch, Josef (56469589100)","55293742700; 54419002300; 23968759500; 56469589100","Climate Change and Sustainability in Czech Wheat Production","2021","Agris On-line Papers in Economics and Informatics","13","4","","9","18","4","10.7160/AOL.2021.130402","https://www.scopus.com/pages/publications/85123087718?origin=resultslist","The paper deals with the analysis of Czech wheat production and its determinants. We use the Just and Pope (1979) stochastic production function to estimate the effects of economic and weather variables, together with technological progress and climate change, on wheat yield in the Czech regions in the period 1961-2018. The results suggest that both economic and environmental factors play important roles in the wheat yield function. The output/input price ratio has a positive effect on the wheat yield. The effects of temperature and precipitation are month-specific and highly non-linear. Technological change also has a positive effect on yield, whereas climate change has a rather negative effect on wheat yield. © 2021. All Rights Reserved.","Cereals; economic loss; precipitation; production; weather; yield","Czech Republic; cereal; climate change; crop production; crop yield; economic impact; precipitation (climatology); sustainability; weather; wheat","Article","Final","All Open Access; Gold Open Access; Green Open Access","Scopus","2-s2.0-85123087718"
"Chen D.; Sun Q.","Chen, Di (57981791900); Sun, Qizhen (55836244800)","57981791900; 55836244800","Impact of rapid Arctic sea ice decline on China's crop yield under global warming","2024","Environment, Development and Sustainability","26","1","","1263","1280","13","10.1007/s10668-022-02757-x","https://www.scopus.com/pages/publications/85142633952?origin=resultslist","Food is the material basis for human survival. Therefore, food security is a top priority for the people's livelihood and the sustainable development and future destiny of human beings. In the context of global warming in recent decades, the Arctic region has experienced more significant temperature anomalies than the midlatitudes due to the ""Arctic amplification,"" and the rate of sea ice reduction has accelerated, which has an important impact on climate change in the middle and high latitudes, especially the frequent occurrence of extreme climate disasters that seriously affect food security and China's agricultural production. However, little research has been conducted on the role of changes in this important system of Arctic sea ice in China's agricultural production. Therefore, this paper analyzes the interannual variability and multi-year trends of Arctic sea ice concentration, CO2, air temperature, precipitation and China's major crop yield data to explore the possible effects and mechanisms of the rapid decrease in Arctic sea ice on China's grain production. From the analysis, it was found that the yield of major grains (rice, maize, wheat and soybean) in China was closely related to the Arctic sea ice anomaly in the previous summer and autumn, and the influence process was primarily through the dynamic process of the Arctic sea ice anomaly affecting the meridional temperature gradient and the positive and negative Arctic Oscillation phases, which in turn affected the air temperature anomalies in Eurasia and China, and finally led to the anomalous changes in Chinese grain yield. Based on this, a prediction model of China's major grain yield was established by stepwise nonlinear multiple regression analysis, which is a good fit and is expected to increase China's major crop yield by 11.4% in 2022 compared with last year. This presents new ideas and methods for future grain yield assessment in China and has far-reaching guidance for the stability and development of national and regional economies worldwide. © 2022, The Author(s).","Arctic Oscillation (AO); Arctic sea ice; Crop yield; Nonlinear multiple regression","Arctic Ocean; China; Eurasia; air temperature; Arctic Oscillation; climate change; crop yield; food security; global warming; multiple regression; sea ice; sustainable development; temperature gradient","Article","Final","All Open Access; Hybrid Gold Open Access","Scopus","2-s2.0-85142633952"
"Yadav A.; Mishra H.; Pradhan A.K.; Sah B.; Joshi D.","Yadav, Arvind (57201478888); Mishra, Haripriya (57903732200); Pradhan, Ashwini Kumar (57223054673); Sah, Basant (57874759300); Joshi, Devendra (57221869205)","57201478888; 57903732200; 57223054673; 57874759300; 57221869205","Integration of Genetic Algorithm and Support Vector Machine for Water Discharge Prediction in River Basin System","2025","ICDT 2025 - 3rd International Conference on Disruptive Technologies","","","","1073","1078","0","10.1109/ICDT63985.2025.10986493","https://www.scopus.com/pages/publications/105006410070?origin=resultslist","Water discharge (WD) is essential component of river hydrodynamics. It is crucial to predict WD for constructing reservoirs and dams, operations, management and river engineering studies. WD includes various complex nonlinear processes which depends on many variables. The WD prediction is complicated using traditional methods because these are unable to handle the complex nonlinear processes of it. WD prediction using novel artificial intelligence (AI) techniques is highly encouraged for its effectiveness in flood forecasting. A hybrid AI approaches is useful for WD prediction in Mahanadi River (MR), India. Support vector machine (SVM) is integrated with Genetic algorithm (GA) (GA-SVM) for optimization of all associated SVM parameters. Temperature(T), rainfall (R), water level (WL) and sediment yield (SY) are used as inputs parameters for prediction of WD. The standard statistical measures are used for the performance evaluation of GA-SVM model. Hybrid GA-SVM with automated parameter tuning model is developed for prediction of WD at Tikarapara location. It is outermost downstream station in the MR using hydro-climatical parameters. The developed GA-SVM model is compared to SVM, and multiple linear regression (MLR) to evaluate the ability of the models to predict the WD. The proposed GA-SVM model is provided satisfactory and better results for estimation of WD in the MR among all comparative models. This modelling approaches can be applied for the prediction of WD at gauge or ungauged places in MR due to its easiness in implement and satisfactory results.  © 2025 IEEE.","Genetic algorithm; Mahanadi River; Rainfall; Support vector machine; Water discharge","Behavioral research; Linear regression; Dam engineering; Genetic algorithm support vector machines; Mahanadi; Mahanadi river; Nonlinear process; River basins; Support vector machine models; Support vectors machine; Water discharge predictions; Water discharges; Engineering research","Conference paper","Final","","Scopus","2-s2.0-105006410070"
"Mujtaba A.; Pawar S.; Joshi D.P.P.; Gopinathan R.","Mujtaba, Aqib (57217582998); Pawar, Shyamli (57686985700); Joshi, D P Priyadarshi (57222558192); Gopinathan, R. (57209774612)","57217582998; 57686985700; 57222558192; 57209774612","Examining asymmetric impact of climatic factors on crop yields in India","2023","Applied Economics Letters","30","11","","1488","1495","13","10.1080/13504851.2022.2064416","https://www.scopus.com/pages/publications/85130069128?origin=resultslist","The study examined the dynamic impact of climate such as Carbon dioxide (CO2) emissions, temperature, and rainfall on agricultural yield in India from 1980 to 2017 by applying the nonlinear autoregressive distributed lag (NARDL) model. The empirical evidence supports a long- and short-run asymmetry effect, implying that the positive impact of the climatic variables on agricultural yield is distinct from the adverse effects on both the long- and short-run equilibrium. In addition, CO2 emissions and average atmospheric temperature have diverse impacts on agriculture yield. © 2022 Informa UK Limited, trading as Taylor & Francis Group.","Asymmetry; Climate change; CO<sub>2</sub> emissions; Crop yield","carbon dioxide; carbon emission; climate change; climate effect; crop yield; empirical analysis; numerical model; rainfall; temperature effect; yield response","Article","Final","","Scopus","2-s2.0-85130069128"
"Calicioglu O.; Sengul M.Y.; Femeena P.V.; Brennan R.A.","Calicioglu, Ozgul (56674543000); Sengul, Mert Y. (57201800832); Femeena, Pandara Valappil (57200530569); Brennan, Rachel A. (7202778831)","56674543000; 57201800832; 57200530569; 7202778831","Duckweed growth model for large-scale applications: Optimizing harvesting regime and intrinsic growth rate via machine learning to maximize biomass yields","2021","Journal of Cleaner Production","324","","129120","","","14","10.1016/j.jclepro.2021.129120","https://www.scopus.com/pages/publications/85116351167?origin=resultslist","Duckweed has emerged as a potential feedstock for the environmentally sustainable and economically viable production of biofuels and protein. The aim of this study was to: (1) enhance an existing intrinsic duckweed growth model and use it to develop a general regression model that enables users to easily predict annual duckweed yield for large scale applications; and (2) determine the optimal parameter sets that produce the highest annual duckweed yield at a specific location for known values of daily temperature and photoperiod. Simulations performed using Stella Architect were used to compute annual duckweed yield and generate separate datasets for developing the regression model and optimization model. To improve duckweed yields for large-scale applications which incorporate regular harvesting, a harvesting regime was added to the intrinsic duckweed growth model. Two new parameters (harvest frequency and harvest ratio) and a control (harvest threshold) were used to describe the harvesting regime in the model. The general model was developed by fitting LASSO regression (R2 = 0.95) with four variables: initial mat density, intrinsic growth rate, harvest ratio, and harvest frequency. This model offers a simple method for users to estimate annual duckweed yield in practical applications without the need for dynamic simulation runs. Optimum parameter values to maximize biomass production at a location in southwest Florida, USA, were determined using an optimization framework involving a deep neural network machine learning algorithm. Using an existing daylength model to predict daily photoperiod and inputting local temperature data, machine learning calculated a maximum yield of 70 dry tons per hectare per year for the Florida case study, under the following conditions: initial mat density = 169 gdry m−2; harvest threshold = 76 gdry m−2; nitrogen = 50.1 mg L−1; phosphorus = 7.5 mg L−1; harvest ratio = 0.35; and harvest frequency = 1 day. © 2021 Elsevier Ltd","Deep learning; Duckweed harvesting; Duckweed yield; LASSO regression; Stella architect; Wastewater upcycling","Biomass; Deep neural networks; Ecology; Forestry; Harvesting; Learning algorithms; Plants (botany); 'Dry' [; Deep learning; Duckweed harvesting; Duckweed yield; Growth models; Large-scale applications; LASSO regression; Regression modelling; Stellum architect; Wastewater upcycling; Regression analysis","Article","Final","","Scopus","2-s2.0-85116351167"
"Rehman A.; Ma H.; Batool Z.; Junguo H.; Alvarado R.; Oláh J.","Rehman, Abdul (57216608130); Ma, Hengyun (7403096123); Batool, Zakia (57200496487); Junguo, Hua (60000910500); Alvarado, Rafael (57188831567); Oláh, Judit (56016286600)","57216608130; 7403096123; 57200496487; 60000910500; 57188831567; 56016286600","Assessing the adequacy of farmland productivity and cereal yields in combating climate change","2025","NJAS: Impact in Agricultural and Life Sciences","97","1","2534469","","","3","10.1080/27685241.2025.2534469","https://www.scopus.com/pages/publications/105010854702?origin=resultslist","Climate change threatens and significantly affects agricultural activities through various mechanisms. One crucial factor is the temperature, which, when exceeding a specific threshold, adversely impacts harvests due to the accelerated pace of plant development. The primary objective of this study is to evaluate the impact of agricultural land, fertiliser inputs per unit of agricultural land, rainfall and temperature on cereal yields in Pakistan using annual data series. Utilizing the Quantile Autoregressive Distributed Lag (QARDL) methodology, we explore the interconnections among these variables in both the short and long-run. The study’s findings show that agricultural land dedicated to crop cultivation across various quantiles has a positive impact on cereal yields in both the short and long term. The usage of fertiliser inputs per unit of agricultural land improves cereal yields in the short and long run. However, the effectiveness of this method decreases as the quantiles increase. Furthermore, it has been shown that, over the time, a decrease in cereal yields is connected with low to moderate levels of rainfall, while the influence of rainfall at higher quantiles is insignificant. The effect of temperature on cereal yields in Pakistan varies depending on the temperature level and prevailing circumstances. The study’s results suggest a variety of strategies to increase crop yields, including increasing agricultural production, enhancing land utilization and improving farmer access to funding. © 2025 The Author(s). Published by Informa UK Limited, trading as Taylor & Francis Group.","agricultural land; climate change; Crops production; environmental sustainability; fertiliser consumption","Pakistan; agricultural land; cereal; climate change; crop production; crop yield; fertilizer application; sustainability","Article","Final","All Open Access; Green Open Access; Hybrid Gold Open Access","Scopus","2-s2.0-105010854702"
"Mitra A.; Mohapatra S.; Mondal S.; Chaudhury S.B.; Pohit S.","Mitra, Amit (60621101200); Mohapatra, Souryabrata (36108573200); Mondal, Sovini (60620918600); Chaudhury, Srija Basu (60620636800); Pohit, Sanjib (26665116300)","60621101200; 36108573200; 60620918600; 60620636800; 26665116300","Climate Change and Indian Crop Yields: Impacts and Projections","2026","Margin","20","1","","7","63","0","10.1177/00252921261438943","https://www.scopus.com/pages/publications/105038236111?origin=resultslist","Climate change constitutes a significant threat to agricultural productivity, particularly in India, where nearly half of the population relies on agriculture for their livelihoods. The sector is increasingly exposed to rising temperatures, irregular precipitation patterns and the intensification of extreme climatic events. While previous studies have identified climate-induced yield reductions in staple crops, much of the existing evidence is based on short-term analyses and lacks a comprehensive evaluation across diverse crop groups. This study addresses this limitation by employing a panel dataset covering 20 crops across 20 Indian states from 1966 to 2016 to assess both historical impacts and projected outcomes under shared Socioeconomic Pathways (SSP) climate scenarios. The analysis employs crop-specific, non-linear panel regression models that incorporate key climatic variables, including temperature, precipitation, wind speed and evapotranspiration, alongside critical non-climatic factors such as mechanisation, irrigation and fertiliser application. The findings indicate that crops like rice and wheat are most adversely affected by rising temperature, whereas crops like pearl millet and cotton exhibit greater resilience, though cotton remains highly sensitive to precipitation variability. Pigeon pea and sesamum benefit from increased evapotranspiration up to a threshold, beyond which yields decline. By the end of the twenty-first century, the combined effects of rising temperature and precipitation are projected to substantially reduce the yields of pigeon pea and maize. The adoption of High-Yielding Varieties (HYVs) demonstrates notable productivity gains, especially for pearl millet and rice. These findings underscore the urgent need for targeted adaptation strategies, including climate-resilient crop varieties, water-saving technologies and diversified cropping systems to enhance agricultural resilience. © 2026 The Author(s). This article is distributed under the terms of the Creative Commons Attribution 4.0 License (https://creativecommons.org/licenses/by/4.0/) which permits any use, reproduction and distribution of the work without further permission provided the original work is attributed as specified on the SAGE and Open Access page (https://us.sagepub.com/en-us/nam/open-access-at-sage).","Climate Change; Crop Yields; India; Non-linear Impacts; Panel Data Analysis","","Article","Final","All Open Access; Green Open Access; Hybrid Gold Open Access","Scopus","2-s2.0-105038236111"
"Zaied Y.B.; Cheikh N.B.; Rahmoun M.","Zaied, Younes Ben (56403397200); Cheikh, Nidhaleddine Ben (57211366477); Rahmoun, Mbarek (57219130416)","56403397200; 57211366477; 57219130416","On the effects of climate variability on agricultural crops: evidence from an in-transition economy","2023","Environmental Economics and Policy Studies","25","2","","143","159","5","10.1007/s10018-022-00348-8","https://www.scopus.com/pages/publications/85136159931?origin=resultslist","The report by the IPPC (2007) estimated that 20% of all climate change effects will have an impact on the agricultural sector. While climate change has been identified as a key factor affecting yields and the availability and quality of agricultural products, empirical findings from the recent literature remain inconclusive as regards the effects of climatic elements—such as temperature and rainfall—on agricultural yields. This paper examines how weather affects the yields of agricultural crops while allowing for nonlinearity in the cause-effect transmission mechanism, and using an original database from different sources in Tunisia related to climate variables (temperature and rainfall) and regional crops (cereals) in 24 regions. We propose the implementation of a Panel Smooth Transition Regression (PSTR) approach which allows for a possible presence of threshold effects of temperature and rainfall on crop yields. Our results suggest that the positive impact of rainfall on crop productivity is reduced when the temperature is high. However, the rising temperature has more beneficial effects on crop yields if rainfalls enter the high regime. Therefore, adaptation measures are strongly recommended to cope with climatic conditions. For instance, a public policy related to the water demand management system that promotes the efficient use of scarce water resources would be helpful for privileging and subsidizing the areas that are threatened. Moreover, policymakers should consider encouraging the development of drought-tolerant crops, especially in Southern Tunisia, where global warming has caused a severe drought. In Northern Tunisia, adaptation measures may include choosing tree species and forestry practices less vulnerable to storms and fires, especially in Jendouba, the region of Tunisia that is highly forested. © 2022, Society for Environmental Economics and Policy Studies.","Cereal crops; Climate change impacts; Panel smooth transition regression models","","Article","Final","","Scopus","2-s2.0-85136159931"
"Lin C.-W.R.; Parng Y.-J.M.; Chen Y.-L.","Lin, Chun-Wei R. (24477631200); Parng, Yuh-Jiuan Melody (56160252000); Chen, Yu-Lin (57201012938)","24477631200; 56160252000; 57201012938","Profit optimization of sustainable low-to-medium temperature waste heat recovering management","2018","Industrial Management and Data Systems","118","2","","330","348","3","10.1108/IMDS-04-2017-0148","https://www.scopus.com/pages/publications/85042876373?origin=resultslist","Purpose - Responding to natural resource depletion and carbon dioxide (CO2) emission problems, and also the stricter government's energy regulations, the purpose of this paper is to develop a sustainable waste heat recovery optimal-profit-oriented management model especially targeting on the easily forgotten low- and medium-temperature waste heat in the industry. In the paper, a system is constructed to facilitate converting the low- and medium-grade waste heat in factories into electricity, and yields optimal profit. Design/methodology/approach - This paper integrates an efficient Organic Rankine Cycle (ORC) system from both sustainable energy reservation and cost effectiveness approaches with an optimization model that adopts particle swarm optimization (PSO) algorithm to determine proper installation locations and feasible generator sets. The system is constructed to facilitate converting the low- and medium-grade waste heat in factories into electricity, and yields optimal profit. The model considers the environmental factors: temperature, heat amount, equipment configuration of the number of ORC sets, and detailed investment cost constraints. Findings - The results show that annual investment return rate, annual increase in electricity, power generation efficiency, and annual CO2 emission reduction are all highly improved, and investment recovery period is shortened. Also, the larger scale of the waste heat emission, the better the performance is achieved. Finally, the study also completes a sensitivity test under dynamic conditions of electricity price, generator sales price and factory budget constraints, and the results are consistently robust. More valuably, this paper demonstrates applications on two different manufacturing industries with various waste heat emission scales to prove the accountability. Originality/value - The main contributions are in three aspects. First, it proves that applying PSO to a nonlinear mathematical model can help determine the optimal number and style configuration of generators for waste heat sources. Second, different from the prior research works focusing on power generation, this paper also deliberates the cost factors, cost of generators, costs of numerous peripheral components and future maintenance costs to ensure the factories not conflict with the financial limitations. Third, it is not only successfully applied in two industries with different scales, but also robust with various economic tests, electricity price change, generator sales price change, and investment budget adjustments. © Emerald Publishing Limited.","Organic Rankine Cycle (ORC) system; Particle swarm optimization (PSO); Waste heat recovery","Budget control; Carbon; Carbon dioxide; Cost effectiveness; Costs; Electric power generation; Emission control; Energy policy; Gas emissions; Investments; Natural resources; Optimization; Particle swarm optimization (PSO); Profitability; Rankine cycle; Waste heat; Waste management; Carbon dioxide emissions; Design/methodology/approach; Equipment configuration; Manufacturing industries; Nonlinear mathematical model; Organic Rankine Cycle(ORC); Particle swarm optimization algorithm; Power generation efficiency; Waste heat utilization","Article","Final","","Scopus","2-s2.0-85042876373"
"Khong R.W.L.; Pek C.-K.; Tan H.-B.","Khong, Roy W. L. (36118025700); Pek, Chuen-Khee (45661801300); Tan, Hui-Boon (7403011313)","36118025700; 45661801300; 7403011313","NON-LINEAR EFFECT OF TEMPERATURE ON OIL PALM YIELD: A NOTE BASED ON PANEL THRESHOLD ANALYSIS","2023","International Journal of Business and Society","24","3","29","1359","1368","2","10.33736/ijbs.6425.2023","https://www.scopus.com/pages/publications/85185975907?origin=resultslist","The effect of climate change on agriculture and food production has emerged as one of the major concerns of major global economies, especially given that the global population is projected to reach 10.9 billion people by the end of the 21st century (United Nations, 2019). Crops react differently to climate change and hence it is crucial to understand its effect on specific agricultural plants. Specifically, the impact of climate change on agriculture yield may not be linear. As such, this study investigated the impact of climate factors on oil palm yield using state level data from Malaysia. The results suggested that temperature and oil palm yield have a non-linear inverted U-shaped relationship. In addition, rainfall has a positive impact on oil palm yield. © 2023, Universiti Malaysia Sarawak. All rights reserved.","climate change; nonlinear; oil palm; temperature; yield","","Article","Final","All Open Access; Gold Open Access","Scopus","2-s2.0-85185975907"
"Trilnick I.; Zilberman D.","Trilnick, Itai (56034447400); Zilberman, David (35578894000)","56034447400; 35578894000","Microclimate Engineering for Climate Change Adaptation in Agriculture: The Case of California Pistachios","2021","American Journal of Agricultural Economics","103","4","","1342","1358","5","10.1111/ajae.12202","https://www.scopus.com/pages/publications/85103210817?origin=resultslist","Can farmers adapt to climate change by altering effective weather conditions on their fields? Existing technologies allow farmers to cool down plants by a few degrees during critical periods, reducing the damage from excess heat. With nonlinear effects of high temperatures on yields, slight cooling can bring significant gains in many crops. We call this approach “microclimate engineering” (MCE) and note that it could be useful as a climate change adaptation concept. Our case study deals with California pistachios, threatened by warming daytime temperatures in the winter. A new solution for sunlight reflection, based on products already used in other contexts and crops, could potentially help deal with this challenge. We develop a model to analyze grower choice and market outcomes with MCE for California pistachios. The expected increase in welfare for the period of 2020–2040 is assessed at 0.49–1.42 billion dollars under several scenarios. Simulation results show increases in consumer surplus and total welfare when MCE is available but decreases in aggregate grower profits. We also introduce market power to test its potential effects on the gains from MCE, finding mixed effects. © 2021 Agricultural and Applied Economics Association.","Agriculture; C63; climate change; kaolin; microclimate engineering; pistachio; Q11; Q16; Q54","California; United States; Pistacia vera; adaptive management; agricultural market; agricultural production; climate change; crop production; kaolin; microclimate","Article","Final","All Open Access; Bronze Open Access","Scopus","2-s2.0-85103210817"
"Zou J.; Odening M.; Okhrin O.","Zou, Jing (58529159700); Odening, Martin (6603182320); Okhrin, Ostap (35174990700)","58529159700; 6603182320; 35174990700","Plant growth stages and weather index insurance design","2023","Annals of Actuarial Science","17","3","","438","458","7","10.1017/S1748499523000167","https://www.scopus.com/pages/publications/85167455196?origin=resultslist","Given the assumption that weather risks affect crop yields, we designed a weather index insurance product for soybean producers in the US state of Illinois. By separating the entire vegetation cycle into four growth stages, we investigate whether the phase-division procedure contributes to weather-yield loss relation estimation and, hence, to basis risk mitigation. Concretely, supposing stage-variant interaction patterns between temperature-based weather index growing degree days and rainfall-based weather index cumulative rainfall, a nonparametric weather-yield loss relation is estimated by a generalized additive model. The model includes penalized B-spline (P-spline) approach based on nonlinear optimal indemnity solutions under the expected utility framework. The P-spline analysis of variance (PS-ANOVA) method is used for efficient estimation through mixed model re-parameterization. The results indicate that the phase-division models significantly outperform the benchmark whole-cycle ones either under quadratic utility or exponential utility, given different levels of risk aversions. Finally, regarding hedging effectiveness, the expected utility ratio between the phase-division contract and the whole-cycle contract, and the percentage changes of mean root square loss and variance of revenues support the proposed phase-division contract.  © The Author(s), 2023. Published by Cambridge University Press on behalf of Institute and Faculty of Actuaries.","generalized additive model; nonlinear indemnity; plant growth stages; PS-ANOVA; Weather index insurance","","Article","Final","All Open Access; Green Open Access; Hybrid Gold Open Access","Scopus","2-s2.0-85167455196"
"Dhumale Y.; Bamnote G.; Kale R.; Sawale G.; Chaudhari A.; Karwa R.","Dhumale, Yogita (59558211800); Bamnote, Gajendra (36917937800); Kale, Ruchita (57575672600); Sawale, Gaurav (57556165800); Chaudhari, Anand (59558461900); Karwa, Roshan (57225128079)","59558211800; 36917937800; 57575672600; 57556165800; 59558461900; 57225128079","Generative Modeling Techniques for Simulating Rare Agricultural Events on Prediction of Wheat Yield Production","2024","2024 2nd DMIHER International Conference on Artificial Intelligence in Healthcare, Education and Industry, IDICAIEI 2024","","","","","","2","10.1109/IDICAIEI61867.2024.10842716","https://www.scopus.com/pages/publications/85217849009?origin=resultslist","Wheat yield prediction is key to food security and optimal resource use. In this paper, Generative AI is use for specifically GANs and VAEs, to predict wheat yield under different weather conditions, uses the crop yield prediction dataset from Kaggle which has temperature, rainfall and soil quality as parameters and build models that beat traditional statistical methods. By leveraging advanced AI models, such as Generative Adversarial Networks (GANs) and Variational Autoencoders (VAEs), the model generates synthetic data that mimics these rare occurrences. The GAN generates synthetic data that enriches the training set and improves prediction accuracy. The VAE captures the complex non-linear relationships between input features and output. The combination of both models gives us a robust framework for yield prediction. Experimental results shows that the GAN dataset gives 14% improvement over baseline models. VAE model gives 13% improvement on its own, showing its ability to handle the variability and complexity of agricultural data. This dual model approach is a big leap in agricultural analytics and will enable more robust and adaptive farming in the face of climate change.  © 2024 IEEE.","Generative Adversarial Networks (GANs); Variational Autoencoders (VAEs); Wheat Yield Prediction","Adversarial machine learning; Prediction models; Adversarial networks; Auto encoders; Generative adversarial network; Generative model; Modelling techniques; Synthetic data; Variational autoencoder; Wheat yield; Wheat yield prediction; Yield prediction; Generative adversarial networks","Conference paper","Final","","Scopus","2-s2.0-85217849009"
"Ponce C.","Ponce, Carmen (37079437500)","37079437500","Intra-seasonal climate variability and crop diversification strategies in the Peruvian Andes: A word of caution on the sustainability of adaptation to climate change","2020","World Development","127","","104740","","","50","10.1016/j.worlddev.2019.104740","https://www.scopus.com/pages/publications/85075206069?origin=resultslist","Agricultural systems are highly sensitive to climate change. Most studies focus on the effect of heat and water availability on crop yields, but little is known about the impact of changes in intra-seasonal climate variability (particularly challenging in mountain regions). Also, beyond the effect on crop yields –mostly focused on single cropping systems and major world crops- little analysis has been done on more complex, diversified and low-input cropping systems like those prevalent in the Andean region. This study investigates whether Andean farmers respond to increasing climate variability by increasing crop diversity (measured by intercropping and crop diversification indices) and by switching to crops which better tolerate heterogeneous environmental conditions. Since previous studies show that crop diversification fosters resilience of agricultural systems, decreasing crop portfolio diversity in an increasingly variable environment may challenge farms sustainability. The data used in the analysis combines district-level socio-economic information from two agrarian censuses (1994 and 2012) with district-level climate estimates of mean temperature, temperature range and precipitation (averages for periods 1964–1994 and 1982–2012). Based on fixed effects models that allow for sub-region parameter heterogeneity, I find that an increase in intra-seasonal climate variability leads farmers in colder areas (<11 °C during the growing season) to concentrate their portfolio into more tolerant crops and reduce intercropping (a practice potentially efficient at controlling pest and disease). This effect is especially strong in the Southern region (more indigenous, less integrated to markets). These results complement previous studies by providing robust and regionally representative evidence on small-farmers’ nonlinear response to climate variability. Furthermore, given that Andean farmers received little-to-no help to adapt to climate change during the period under analysis, this study informs about farmers' autonomous adaptation to climate changes and raises concern on current adaptation responses that may hamper agricultural system's sustainability in the face of climate change. © 2019 Elsevier Ltd","Andes; Crop diversification; Fixed effects model; Intra-seasonal climate variability; Latin-America; Peru","Andes; Peru; agricultural diversification; climate change; farmers attitude; intercropping; regression analysis; seasonal variation; sustainability","Article","Final","","Scopus","2-s2.0-85075206069"
"Xu C.; Katchova A.L.","Xu, Chang (57210161609); Katchova, Ani L. (6506721558)","57210161609; 6506721558","Predicting Soybean Yield with NDVI Using a Flexible Fourier Transform Model","2019","Journal of Agricultural and Applied Economics","51","3","","402","416","18","10.1017/aae.2019.5","https://www.scopus.com/pages/publications/85069692325?origin=resultslist","We use models incorporating the normalized difference vegetation index (NDVI) derived from remote sensing satellites to improve soybean yield predictions in 10 major producing states in the United States. Unlike traditional methods that assume an ordinary least squares model applies to all observations, we allow for global flexibility in the relationship between NDVI and soybean yield by using the flexible Fourier transform (FFT) model. FFT results confirm that there is a nonlinear response of soybean yield to NDVI over the growing season. Out-of-sample predictions indicate that allowing for global flexibility with the FFT improves the predictions in time-series prediction and forecasting. © The Author(s) 2019.","Flexible Fourier transform model; forecasting; NDVI; remote sensing; soybean yield","","Article","Final","All Open Access; Gold Open Access; Green Open Access","Scopus","2-s2.0-85069692325"
"Tanveer Z.; Kalim R.","Tanveer, Zubair (57224407539); Kalim, Rukhsana (16312624400)","57224407539; 16312624400","An empirical analysis of climate transition: a global outlook of agriculture productivity","2025","Journal of Economic Studies","52","6","","1025","1042","5","10.1108/JES-07-2024-0466","https://www.scopus.com/pages/publications/85203196923?origin=resultslist","Purpose This study has empirically investigated the impacts of climate change on agricultural productivity worldwide, considering the ranking of agriculture productivity. Additionally, the study has estimated the extent to which climate change favoured agriculture productivity from a global perspective. Design/methodology/approach The study prepared a suitable econometric model and employed the quantile panel Autoregressive Distributed Lag technique with a two-step Error Correction Mechanism to assess the influence of global warming on worldwide agrarian productivity. Findings The estimated results provide evidence for the nonlinear impacts of climate change on agriculture productivity across all quantiles. Moreover, threshold levels of average annual temperature rise with the improvement of agricultural productivity, depicting that low-productive areas are highly vulnerable to global warming. Additionally, agricultural inputs like labour, capital and irrigated land are positively related to agricultural productivity, with relatively substantial marginal productivity in highly productive regions. Nevertheless, technological innovations are found to be more productive in low-productive areas. Practical implications Policymakers should prioritize region-specific climate-smart agriculture by targeting policies to increase agricultural productivity and minimize the effects of climate change on food security and nutrition. Originality/value Despite significant research in this area, there remains a knowledge gap on the nature of this relationship, especially regarding productivity thresholds under warming. The study aims to fill this gap, offering valuable insights to guide policy actions and adaptation strategies to mitigate the adverse impacts of climate change on agriculture productivity. © 2024 Emerald Publishing Limited","Agricultural productivity; Climate change; Global analysis; Nonlinear relationship; Quantile regression","","Article","Final","","Scopus","2-s2.0-85203196923"
"Ortiz-Bobea A.","Ortiz-Bobea, Ariel (55566469500)","55566469500","U.S. Maize yield growth and countervailing climate change impacts","2018","Natural Resource Management and Policy","52","","","161","172","2","10.1007/978-3-319-61194-5_8","https://www.scopus.com/pages/publications/85079267596?origin=resultslist","Over the past several decades, maize yields in the US Midwest have risen at about 17% per decade as a result of steady technological progress. Although the trend is expected to remain positive, climate change is expected to have an increasing countervailing effect. In this chapter, I compute the yield growth rates necessary to fully offset the potential negative effects of a warming climate. Relying on a statistical model allowing for nonlinear effects of temperature on yield, I find that maize yields would decrease by −4.2, −21.8 and −46.1% around the trend, under uniform warming scenarios of 1 °C, 3 °C and 5 °C, respectively. I find that an increase of 6.6%/decade in maize yields is required to fully offset the detrimental effects of a severe but still plausible 3 °C warming in the next three decades. This indicates that future maize yield trends could - all else equal - be substantially curtailed due to the climate change. This case study illustrates how agricultural policy analysts can assess the magnitude of potential climate change impacts relative to historical yield trends to help identify targets for agricultural research. © FAO 2018.","","","Book chapter","Final","All Open Access; Hybrid Gold Open Access","Scopus","2-s2.0-85079267596"
"Letson D.","Letson, David (6602826307)","6602826307","Climate change and food security: Florida's agriculture in the coming decades","2017","Frontiers of Economics and Globalization","17","","","85","102","5","10.1108/S1574-871520170000017007","https://www.scopus.com/pages/publications/85025106703?origin=resultslist","Will Florida's agriculture adapt to climate change? Climate disruptions to agriculture and natural resources in Florida are projected to increase in the future. These impacts will be increasingly negative because critical thresholds are being exceeded. This chapter discusses how Florida's agriculture and natural resources may be affected by climate change in the coming decades. Agriculture will be affected by invasive alien species, sea-level-rise flooding, and storm surges. A warmer, drier climate will place agriculture in competition with other users for limited water resources. A serious concern for agriculture is that rising sea level will cause coastal groundwater to become more saline and groundwater levels to rise. The loss of coastal wetlands increases the risk of catastrophic damage due to extreme weather events. Degradation of soil and water assets due to increasing extremes in precipitation will challenge both rainfed and irrigated agriculture without the implementation of innovative conservation methods. High night-time temperatures can reduce grain yields and animal-sourced production. Climate change also increases the vulnerability of forests to ecosystem changes due to decreased soil moisture and increased evapotranspiration. The practical implications are that increased innovation will be needed to ensure the adaptation of agriculture and the associated socioeconomic system can keep pace with climate change. Given the difficulties in predicting our future climate, we must develop new risk-transfer innovations that will facilitate damage recovery. Changes in agricultural yields and food prices could have important implications for food security. Copyright © 2017 by Emerald Publishing Limited All rights reserved.","Agriculture; Climate change; Florida; Food security","","Article","Final","","Scopus","2-s2.0-85025106703"
"Meka R.C.R.; Chidananda H.","Meka, Rama Chandra Rao (60429725200); Chidananda, H. (57201665725)","60429725200; 57201665725","A HYBRID LSTM–DNN DEEP LEARNING FRAMEWORK FOR CROP YIELD PREDICTION IN PRECISION AGRICULTURE","2026","International Journal of Computer Information Systems and Industrial Management Applications","18","1s","","1","9","0","10.70917/ijcisim-2026-1991","https://www.scopus.com/pages/publications/105044507014?origin=resultslist","Crop yield prediction sits at the core of precision agriculture, directly influencing food security planning, resource allocation, and economic decision-making. The problem is genuinely difficult: yield depends on dynamic factors that shift daily (temperature, precipitation) and static factors that barely change season to season (soil chemistry, elevation). Conventional models—whether simulation-based or standard machine learning—tend to handle one side well but not both. This paper presents a Hybrid Long Short-Term Memory–Deep Neural Network (LSTM–DNN) framework that treats these two data types separately before combining them. The LSTM branch handles sequential climatic records to extract temporal dependencies; the DNN branch processes soil and geographic constants to capture non-linear agronomic relationships. Their outputs are concatenated for final yield regression. Tested on a dataset comprising 15 years of weather, yield, and soil records, the model achieved a Mean Absolute Error (MAE) of 0.370 T/ha, a Root Mean Square Error (RMSE) of 0.674 T/ha, and an R² of 0.979— outperforming Random Forest (RF), Support Vector Machines (SVM), 1D-CNN, and standalone LSTM baselines by a wide margin. © 2026 by the authors.","Artificial Intelligence in Farming; Crop Yield Prediction; Deep Learning; Deep Neural Network (DNN); Long Short-Term Memory (LSTM); Precision Agriculture","","Article","Final","","Scopus","2-s2.0-105044507014"
"Benmehaia M.A.","Benmehaia, Mohamed Amine (57204764168)","57204764168","Assessing asymmetrical effects of climate change on cereal yields in Algeria: The NARDL-AEC approach","2025","Environment, Development and Sustainability","27","2","139616","4341","4362","12","10.1007/s10668-023-04079-y","https://www.scopus.com/pages/publications/85176126885?origin=resultslist","Cereal crops hold a significant position in Algerian household consumption patterns, with specific implications for public policy priorities. Unfortunately, they are highly susceptible to the influence of climatic conditions. This study aims to empirically examine the relationship between cereal crop yields and climate change factors using time series data spanning from 1961 to 2021 in Algeria. The study employs the nonlinear autoregressive distributed lag model with asymmetric error correction component and the Granger-causality approach. The outcomes of cointegration tests confirm the existence of both long-run and short-run equilibrium among cereal yield, the area under cereal crops, temperature, precipitation, and carbon emissions. Long-run estimates reveal that shocks in area and positive shocks in precipitation have a positive impact on cereal crop yield, while shocks in temperature and carbon emissions have a negative impact, while negative shocks in precipitation also negatively affect cereal crop yield. In the short run, it appears that shocks in area, temperature, and precipitation positively impact cereal crop yield, while shocks in carbon emissions significantly reduce yield. Additionally, both CUSUM tests and overall fitness tests confirm the model’s stability. The outcomes of pairwise Granger-causality test indicate the presence of both unidirectional and bidirectional causal relationships among the underlying variables. Based on the study's findings, several public policy implications are highlighted. Primarily, there is an urgent need to promote the adoption of water-saving irrigation systems, improve existing infrastructure through increased public investment, and develop climate-resilient cereal varieties to address the challenges posed by climate change. © The Author(s), under exclusive licence to Springer Nature B.V. 2023.","Algeria; Asymmetric error correction; Cereal yield; Climate change; NARDL","Algeria; agricultural modeling; carbon emission; cereal; climate change; crop yield; error correction; policy implementation; time series analysis","Article","Final","","Scopus","2-s2.0-85176126885"
"Wang S.; Liao W.; Li A.; Shan Z.; Yang J.","Wang, Shangze (60334469200); Liao, Wanneng (56783527100); Li, Ang (59034428000); Shan, Zhongde (35216048300); Yang, Jintao (60334616700)","60334469200; 56783527100; 59034428000; 35216048300; 60334616700","Residual stress formation mechanisms in high-speed milling of large thin-walled superalloy components","2026","Journal of Manufacturing Processes","164","","","159","174","2","10.1016/j.jmapro.2026.02.057","https://www.scopus.com/pages/publications/105032534770?origin=resultslist","Addressing the critical challenge of residual stress control in high-speed milling of thin-walled superalloy components, this study develops a thermo-mechanical coupled dynamic milling model through finite element simulations, employing Inconel 718 as a representative nickel-based superalloy. Quantitative analysis reveals the influence mechanisms of cutting speed and feed per tooth on surface residual stresses. At a constant depth of cut of 1 mm, the optimal parameters—a cutting speed of 2000 m/min, which produces a residual stress of 298 MPa, and a feed per tooth of 0.10 mm/tooth, yielding 368 MPa residual stress—achieve minimized residual stress and superior machining uniformity. Residual stress exhibits a nonlinear relationship with cutting speed, initially decreasing and then increasing, reaching its minimum at 2000 m/min. Conversely, residual stress increases proportionally with feed per tooth, with 0.10 mm/tooth selected as the efficiency-optimized value. Mechanistically, cutting speed governs stress modulation through two coupled effects: dynamic built-up edge (BUE) evolution, where BUE formation reduces cutting forces via increased effective rake angle, while its periodic detachment induces plastic deformation that redistributes stresses; and thermal softening, where rising temperatures lower material yield strength while simultaneously amplifying thermal stresses. For feed per tooth, residual stress escalation arises from macro-mechanical effects, where heightened cutting forces generate superimposed tensile/compressive strains, and micro-vibrational effects, where tool vibrations disrupt stress equilibrium through localized plastic deformation. These findings establish a theoretical framework for achieving low-residual-stress homogeneous machining of large ultra-thin-walled aerospace components, demonstrating significant industrial applicability. © 2026 Published by Elsevier Ltd on behalf of The Society of Manufacturing Engineers.","Finite element analysis; Residual stress; Thin-walled structures","Cutting; Elasticity; Milling (machining); Plastic deformation; Vibration analysis; Yield stress; Built up edge; Critical challenges; Cutting forces; Cutting speed; Finite element analyse; Formation mechanism; High speed milling; Stress formation; Thin-walled; Thin-walled structures; Residual stresses; Thin walled structures","Article","Final","","Scopus","2-s2.0-105032534770"
