"Authors","Author full names","Author(s) ID","Title","Year","Source title","Volume","Issue","Art. No.","Page start","Page end","Cited by","DOI","Link","Abstract","Author Keywords","Index Keywords","Document Type","Publication Stage","Open Access","Source","EID"
"Istudor N.; Ion R.A.; Petrescu I.E.; Hrebenciuc A.","Istudor, Nicolae (25635608400); Ion, Raluca Andreea (37561175800); Petrescu, Irina Elena (57201592999); Hrebenciuc, Andrei (35268892900)","25635608400; 37561175800; 57201592999; 35268892900","Agriculture and the twofold relationship between food security and climate change. Evidence from Romania","2019","Amfiteatru Economic","21","51","","285","293","19","10.24818/EA/2019/51/285","https://www.scopus.com/pages/publications/85065156082?origin=resultslist","Nowadays, agriculture is facing a special challenge - to produce more food for a growing population, while reducing greenhouse gas emissions caused by food production. This piece of research is focused on the impact of agriculture on climate change, starting from the assumption that agriculture is affected by climate variability, but also it contributes to it by emitting greenhouse gases, under the restriction of less per capita land. The paper analyses the connection between agricultural emissions and agricultural output, using a simple regression model, which includes variables corresponding to agricultural production and to greenhouse gas emissions. The results of the research highlight the fact that agricultural production has direct effects on greenhouse gas emissions and, thereby, on climate change. The relevance of the research consists in rising awareness of the emergency to integrate climate change in policies and actions related to food security at all levels. Moreover, the paper contributes to the enrichment of scientific literature, because it presents empirical evidence supporting the different effects of agricultural practices on the environment in Romania, with implications for climate change, a scientific direction that has been little studied in other papers. © 2019, Editura Cefin.","Agriculture; Climate change; Food security; Greenhouse gas emissions","","Article","Final","All Open Access; Gold Open Access; Green Open Access","Scopus","2-s2.0-85065156082"
"Kramberger G.; Glavan M.; Pažek K.","Kramberger, Gregor (58759300200); Glavan, Matjaž (36158195100); Pažek, Karmen (8442601300)","58759300200; 36158195100; 8442601300","BUILDING RESILIENT AGRICULTURAL SYSTEMS: A MULTISTAKEHOLDER APPROACH FOR SUSTAINABLE TRANSFORMATION","2023","Proceedings of the 17th International Symposium on Operational Research in Slovenia, SOR 2023","","","","23","26","0","","https://www.scopus.com/pages/publications/85179507921?origin=resultslist","The global population growth requires increased food production, but it faces challenges due to climate variability and environmental crises. Innovative approaches are proposed for transforming agricultural systems using regenerative practices and natural capital valuation. The ""multi-stakeholder"" approach enables informed decision-making and sustainable measure implementation. It incorporates diverse perspectives, expertise, and local knowledge, fostering effective research, policy development, and stakeholder engagement in agriculture and environmental planning. Emphasizing multi-stakeholder collaboration is essential for achieving sustainable agriculture and addressing global challenges. © Proceedings of the 17th International Symposium on Operational Research in Slovenia, SOR 2023. All rights reserved.","food production; multi-stakeholder collaboration; natural capital valuation; regenerative practices","Decision making; Population statistics; Sustainable development; Agricultural system; Food production; Global population; Multi-stakeholder; Multi-stakeholder approach; Multi-stakeholder collaboration; Natural capital; Natural capital valuation; Population growth; Regenerative practice; Agriculture","Conference paper","Final","","Scopus","2-s2.0-85179507921"
"Sridevi V.; Kalaivanan D.; Kumar M.S.","Sridevi, V. (59312431600); Kalaivanan, D. (24067123900); Kumar, M. Senthil (59037077400)","59312431600; 24067123900; 59037077400","Organic farming practices for climate change mitigation and adaptation","2024","Advances in Organic Farming: Crop Production and Management","","","","65","80","0","","https://www.scopus.com/pages/publications/85203033926?origin=resultslist","Climate change is defined as the shift in climate patterns largely due to greenhouse gas emissions. The main sources of GHG emissions are natural systems and anthropogenic activities. Greenhouse gasses are released into the atmosphere warming the earth by contributing to the greenhouse effect and consequently climate change. Agriculture plays a double role as a source and sink of GHGs. The greenhouse gasses viz., carbon dioxide (CO2), methane (CH4), and nitrous oxide (N2O) emitted from agriculture. The negative impacts of climate change are increasing temperature, weather variability, shifting of agroecosystem boundaries, and frequent extreme weather events. Agriculture is extremely vulnerable to climate change employing reducing crop yield and nutritional quality of crops and lowering livestock productivity which ultimately threatens food security. Climate change mitigation strategies reduce or prevent the greenhouse gas emission, whereas climate change adaptation strategies reduce the negative impact of climate change while exploiting beneficial opportunities. Both the mitigation and adaptation approaches are essential for addressing climate change. Organic farming relies on locally available inputs, crop rotations, and a biological system of nutrient, pest, and disease management and excludes synthetic agrochemicals and feed additives. Hence, organic farming is one of the solutions for climate change mitigation and adaptation. Organic agriculture mitigates climate change by means of reduced greenhouse gas emission, enhanced carbon storage by sequestration, and minimized energy consumption. Organic agriculture improves soil, preserves biodiversity, and creates stable agro-ecosystems which enable climate change adaptation. © 2025 Apple Academic Press, Inc. Co-published with CRC Press (Taylor & Francis). All rights reserved.","Adaptation; Agriculture emissions; Agroecosystems; Climate change; Mitigation; Organic agriculture; Organic farming","","Book chapter","Final","","Scopus","2-s2.0-85203033926"
"Rushi Kumar M.; Naveen M.; Sai Pravallika M.; Kumar S.","Rushi Kumar, M. (57209466741); Naveen, M. (59567980700); Sai Pravallika, M. (57505870200); Kumar, Sanjeet (56470035500)","57209466741; 59567980700; 57505870200; 56470035500","Variability and time series trend analysis of rainfall over Krishna District of Andhra Pradesh: A case study","2019","International Journal of Recent Technology and Engineering","7","6C2","","720","726","5","","https://www.scopus.com/pages/publications/85067848967?origin=resultslist","Spatial-temporal variability of meteorological variables in the framework of changing climate is predominant. At the same time, if agriculture in those areas is depending on rainfall, then variables especially rainfall plays a vital role to assess climate-induced changes. Such types of studies will suggest feasible adaptation strategies of those particular areas. Spatial-temporal variability in rainfall has been focus of research over the past decade around the world due rainfed agriculture in developing country. Present study focus on rainfall variability and time series analysis of historical meteorological data of Krishna district, Andhra Pradesh, India using mann-kendall technique. Krishna district have importance in agriculture and it is upcoming urban area in Andhra Pradesh in terms of industrial and population growth. In the present study, the temporal variability is done for the annual time series of grid data over the period of 1977-2007 using Mann-Kendall technique. At the same time wet and dry day analysis was also performed, which shows increase in dry days and decrease in wet day over the area. With the results of this study, we can suggest some adaptation measures to increase the water availability of the region for the agriculture and population growth for the sustainable development of the region in the future with changing climate. © BEIESP.","Climate; Krishna; Parametric; Rainfall; Variability","","Article","Final","","Scopus","2-s2.0-85067848967"
"Ludwig F.","Ludwig, Fulco (56206774600)","56206774600","Using Seasonal Climate Forecasts for Water Management","2012","Climate Change Adaptation in the Water Sector","","","","79","86","1","10.4324/9781849770743-7","https://www.scopus.com/pages/publications/105028071412?origin=resultslist","The previous chapter described how many water management decisions related to climate variability focus on a trade-off between maximizing the output and minimizing the risk of failure. In Chapter 2, the different timescales at which climate varies are discussed. There is seasonal, annual and sometimes decadal variation in rainfall that should be considered. Most water management systems are set up to manage seasonal variation in water availability. Annual and decadal variation in climate and water availability are more difficult to manage due to the lower predictability, understanding and experience with these longer timescales. A better understanding and enhanced predictability of climate variability can potentially improve the trade-off between maximizing output and minimizing failure. This chapter focuses on the use of seasonal climate forecasts as a tool to improve water management and how the analysis of historical climate data can improve the understanding of climate variability and its implications for water management. © Fulco Ludwig, Pavel Kabat, Henk van Schaik and Michael van der Valk, 2009 Published by Taylor & Francis.","","Climate change; Information management; Water management; Weather forecasting; Climate variability; Decadal variations; Management decisions; Risk of failure; Seasonal climate forecast; Time-scales; Trade off; Water availability; Water management systems; Waters managements; Economic and social effects","Book chapter","Final","","Scopus","2-s2.0-105028071412"
"Le K.; Nguyen M.","Le, Kien (57211337161); Nguyen, My (57211505205)","57211337161; 57211505205","In-utero Exposure to Rainfall Variability and Early Childhood Health","2021","World Development","144","","105485","","","41","10.1016/j.worlddev.2021.105485","https://www.scopus.com/pages/publications/85107657293?origin=resultslist","Climate change has drastically altered precipitation patterns across the globe and has caused an increase in rainfall variability, including the incidence of extreme rainfall events such as droughts and floods. Exploiting the exogenous variation in rainfall to which children were exposed during the nine months in utero, we find that rainfall variability adversely affects the anthropometric status of children under five years of age in 55 low and middle-income countries. Moreover, the consequences of fetal exposure to rainfall variability are strongly apparent in the child's first year of life and linger to some extent at later ages. Our heterogeneity analyses further show that children of disadvantaged backgrounds, such as poor and uneducated households, are especially vulnerable to rainfall variability during gestation. © 2021 Elsevier Ltd","Child health; Climate change; Rainfall","child health; climate change; climate effect; pregnancy; rainfall","Article","Final","","Scopus","2-s2.0-85107657293"
"Sunil A.; Ritchie G.; Kelly B.; Berton P.; Pabuayon I.L.B.; Shamshina J.L.","Sunil, Anagha (58204854200); Ritchie, Glen (11439191400); Kelly, Brendan (57193676879); Berton, Paula (26029716200); Pabuayon, Irish Lorraine B. (56015293000); Shamshina, Julia L. (6504566050)","58204854200; 11439191400; 57193676879; 26029716200; 56015293000; 6504566050","Semi-arid cropping and circular value chains for climate-resilient agriculture","2026","npj Sustainable Agriculture","4","1","55","","","0","10.1038/s44264-026-00171-8","https://www.scopus.com/pages/publications/105043320229?origin=resultslist","Semi-arid agriculture faces increasing challenges from water scarcity, climate variability, and economic risk linked to monoculture systems. This review develops a framework linking drought-tolerant crop adaptation to downstream potential for grain sorghum, sesame, sunflower, and guar. Unlike prior reviews that treat agronomy and value chains separately, this work integrates crop composition, processing, and deployment constraints to evaluate circular, value-added systems. A structured narrative synthesis was conducted across agronomy, phytochemistry, extraction, and techno-economic studies, mapping crop-specific molecular profiles to functional properties. Literature was selected based on relevance to (i) drought adaptation and compositional variability, (ii) compound-specific functionality, and (iii) process scalability and value-chain integration. Across all four crops, deployment feasibility appears governed by system-level constraints, including logistics, processing scale, regulations, and market absorption. The framework identifies key knowledge gaps and barriers for scalable, climate-resilient, and economically viable systems in semi-arid regions. © The Author(s) 2026.","","","Review","Final","All Open Access; Gold Open Access","Scopus","2-s2.0-105043320229"
"Madini A.; Seti T.M.","Madini, Aneza (60718294300); Seti, Thembalethu Macdonald (57734277600)","60718294300; 57734277600","Assessing the Impact of Climate Change on Global Value Chain Participation: Evidence from Maize Farmers in the Eastern Cape, South Africa","2026","African Journal of Business and Economic Research","21","2","","259","283","0","10.31920/1750-4562/2026/v21n2a12","https://www.scopus.com/pages/publications/105043485145?origin=resultslist","Climate variability increasingly threatens smallholder agriculture in South Africa; however, limited attention has been given to its impact on integration into global value chains (GVCs). This study examined how climate variability influences smallholder maize farmers' participation in GVCs in the Eastern Cape province of South Africa. A mixed-methods approach was used, combining survey data from 200 farmers with qualitative interviews on perceptions and adaptation strategies. Ordered logistic regression results indicated that education (β = 0.464, p = 0.023), maize color (β = 1.092, p = 0.005), and income (β = 0.220, p = 0.087) significantly and positively affected participation. At the same time, rainfall variability and drought frequency had negative effects (β = -0.621, p = 0.086). These findings suggest that socioeconomic factors boost participation and resilience, whereas climate shocks and production uncertainty decrease competitiveness. Although existing training programmes increased awareness, their effect on market access remained limited. Farmers involved in GVCs showed greater capacity for adaptation compared to non-participants. Overall, climate shocks represent the chief obstacle to smallholder competitiveness, as socioeconomic resources provide only limited insulation against these risks. The study provides new evidence linking climate variability to GVC participation. It offers policy insights for promoting climate-smart agriculture, enhancing adaptive capacity, and encouraging inclusive market participation among smallholder farmers in South Africa. © 2026, Adonis and Abbey Publishers Ltd. All rights reserved.","Climate change; Eastern Cape; Global value chains; Maize farmers","","Article","Final","","Scopus","2-s2.0-105043485145"
"Casolani N.; Cartone A.; Postiglione P.; Liberatore L.","Casolani, Nicola (56287799200); Cartone, Alfredo (57195252902); Postiglione, Paolo (8941652800); Liberatore, Lolita (6602312757)","56287799200; 57195252902; 8941652800; 6602312757","Climate variability in agriculture and crop water requirement: Spatial analysis of Italian provinces","2020","Journal of Cleaner Production","262","","121331","","","22","10.1016/j.jclepro.2020.121331","https://www.scopus.com/pages/publications/85082771972?origin=resultslist","Water saving in crop production under climate and environmental changing conditions represents a critical issue for agricultural economy and sustainability. This study develops a novel approach to measure the impact of climate variability on crop water requirement at regional level. Firstly, a model where crop water requirement is the dependent variable and some climate variables are the covariates is estimated by using geographically weighted regression to consider different spatial characteristics of the regions. Then, local regression results are integrated to develop two composite indicators able to highlight critical areas in terms of water requirement and to support local policies and practices. The empirical analysis concerns the maize crops production of Italian provinces for 2017. The results point out the existence of great differences between North and South of Italy, where the impact of temperature variability tends to be more severe. The evidences also offer insights for regional planning and economic policies. The proposed methodology is very general and allows for a wider reproducibility for other crops and countries. © 2020 Elsevier Ltd","Geographically weighted regression; Spatial effects; Water management; Water sustainability","Agricultural robots; Climatology; Crops; Cultivation; Economics; Planning; Regional planning; Regression analysis; Sustainable development; Water conservation; Water management; Agricultural economy; Composite indicators; Crop water requirements; Geographically weighted regression; Impact of temperatures; Spatial characteristics; Spatial effect; Water sustainability; Climate models","Article","Final","","Scopus","2-s2.0-85082771972"
"Hochscherf J.","Hochscherf, Julian (57199167342)","57199167342","Income heterogeneity and index insurance demand","2017","Zeitschrift fur die gesamte Versicherungswissenschaft","106","3-4","","343","368","3","10.1007/s12297-017-0386-x","https://www.scopus.com/pages/publications/85037647231?origin=resultslist","Weather index insurance as a tool to insure the income of agriculturally active households has triggered extensive discussions in the literature. Despite the convincing theoretical argumentation, the demand for these products stays behind expectations. Several studies revealed effects impacting the demand for index insurance, such as liquidity constraints, basis risk, lack of understanding and trust in insurers and products alike. This paper takes a different perspective and hypothesizes that low demand is due to heterogeneous risk exposure towards weather variability among potential insured. The paper tests the impact of income heterogeneity as a measure of risk exposure on insurance demand and finds that risk exposure negatively affects insurance demand. In order to increase demand, it is concluded that product design should emphasize more the importance of income risk composition and exposure of potentially insured. © 2017, Springer-Verlag GmbH Deutschland.","","","Article","Final","","Scopus","2-s2.0-85037647231"
"Sekti B.A.; Widodo A.M.","Sekti, Binastya Anggara (58083831000); Widodo, Agung Mulyo (57209241510)","58083831000; 57209241510","Enhancing Climate and Weather Prediction With Machine Learning: A Support Vector Machine Approach","2026","Innovations in Eco-Friendly Materials and Sustainable Energy","","","","267","292","0","10.4018/979-8-3373-6048-5.ch011","https://www.scopus.com/pages/publications/105046457062?origin=resultslist","Climate change and extreme weather variability are major challenges of the 21st century affecting agriculture, health, energy, and infrastructure. Accurate weather forecasts are crucial to reducing risk and supporting adaptation strategies. This chapter discusses the application of machine learning, specifically Support Vector Machine, to improve the accuracy of climate and weather predictions. It begins with a review of the challenges of climate change and the limitations of traditional methods, then introduces the role of machine learning in meteorology. An in-depth explanation of SVM is presented by highlighting its ability to handle nonlinear and high-dimensional data. Using meteorological data from 2012–2015 (temperature, rainfall, humidity, wind, and weather conditions), pre-processing, model training, and evaluation were carried out. The results showed that SVM was superior to conventional statistical models, especially under conditions of high variability. It also explores applications in many sectors and future research directions towards sustainable climate resilience. © 2027 by IGI Global Scientific Publishing. All rights reserved.","","Climate change; Extreme weather; Learning systems; Weather forecasting; Wind forecasting; Adaptation strategies; Climate prediction; Condition; Energy; Extreme weather; High dimensional data; Machine-learning; Support vectors machine; Weather prediction; Weather variability; Support vector machines","Book chapter","Final","","Scopus","2-s2.0-105046457062"
"Kumar S.","Kumar, Sanjeev (57218172727)","57218172727","Sources and determinants of agricultural growth in uttar pradesh: Agro-climatic zone level analysis","2021","Indian Journal of Economics and Development","17","3","","534","543","2","10.35716/IJED/20274","https://www.scopus.com/pages/publications/85117219534?origin=resultslist","The present paper inspects the sources and determinants of agricultural growth for the crop sector in Uttar Pradesh (India) from 2004-05 to 2015-16. The decomposition and panel data regression was used to derive the results at the agro-climatic zone (ACZ) level in Uttar Pradesh. The results revealed that: First, growth prospects via area expansion were limited due to land constraints in all agro-climatic Zones except Zone-2 and 7. Second, agricultural growth decomposing to output prices was the highest in Zone-1 and 5 while lowest in Zone-7 and 8. Third, agricultural growth had the highest stake in yields in agro-climatic Zone-8 and 4, while lowest in Zone-2 and 1. Fourth, it was witnessed that diversification was an important source of agricultural growth across all ACZ in Uttar Pradesh. It was also observed that the contribution of various sources to agricultural growth by the crop sector across the various zone level had widespread fluctuations. Moreover, the panel data regression results showed that the rural infrastructure along with mechanization had a positive and significant impact on per ha value of the output of the crop sector while climatic factors viz., temperature difference and rainfall variability agricultural markets per hectare had influenced negatively of per hectare value of output by crop sector. The findings suggested a need to improve the rural infrastructural, institutional, technological, and climatic strengthening through new programmes and policies, directly or indirectly affecting agricultural growth, food security, and farmers' income. © 2021 The Society of Economics and Development, except certain content provided by third parties.","Agro-climatic zone; Decomposition; Growth; Rural infrastructure","","Article","Final","","Scopus","2-s2.0-85117219534"
"Thann O.H.; Yuhuan Z.; Ahmad M.; Birau R.; Popescu V.; Mitroi A.T.; Imran Z.A.; Ahad M.; Pricină G.N.","Thann, Ode Htwee (59201778300); Yuhuan, Zhao (60042805500); Ahmad, Mobeen (59172832000); Birau, Ramona (55907587900); Popescu, Virgil (56069926800); Mitroi, Adrian T. (57201116744); Imran, Zulfiqar Ali (57218609268); Ahad, Muhammad (57193532172); Pricină, Gabriel Nicolae (56199203100)","59201778300; 60042805500; 59172832000; 55907587900; 56069926800; 57201116744; 57218609268; 57193532172; 56199203100","Impact of climate variability on Myanmar’s agricultural, total exports, and textile industry: Asymmetric and dynamic multipliers; [Impactul variabilității climatice asupra agriculturii, exporturilor totale și industriei textile din Myanmar: Multiplicatori asimetrici și dinamici]","2025","Industria Textila","76","4","","530","546","1","10.35530/IT.076.04.20259","https://www.scopus.com/pages/publications/105015586314?origin=resultslist","Climate change brings uncertainty and instability to ecosystems, economies, and global supply chains. It also significantly influences the total export value of countries that heavily rely on agriculture for economic growth. This study investigates the effects of climate variability on Myanmar’s agricultural and total exports. This study uses the nonlinear autoregressive distributed lag (NARDL) approach for the annual data from 1990 to 2021. This study finds that rainfall negatively affects agricultural and total exports. Increasing rainfall leads to declining agricultural exports, whereas decreasing rainfall enhances total exports in the long run. Decreasing rainfall declines agricultural exports, while increasing rainfall diminishes total exports in the short run. Carbon emissions (CO2) adversely affect agricultural and total exports in both runs. However, temperatures positively impact agricultural and total exports in both runs. In controlled variables, increased GDP has a positive impact on both agricultural and total exports. The textile and garment industry in Myanmar is perceived as an economic sector that is mainly export-oriented. Agricultural production contributes significantly to agricultural exports, which enhances total exports. This study offers new policy insights to adapt and mitigate climate change’s influence on Myanmar’s export sectors. © 2025, Institute National Cercetare-Dezvoltare Textiles Pielarie. All rights reserved.","agricultural commodities; agricultural export; climate variability; garment industry; Myanmar; NARDL; textile field; total export","","Article","Final","All Open Access; Gold Open Access","Scopus","2-s2.0-105015586314"
"Pedro G.M.","Pedro, García Montero (57190186299)","57190186299","Climate change: possible impacts on agriculture in the context of Latin America and Venezuela; [EL CAMBIO CLIMÁTICO: POSIBLES IMPACTOS EN LA AGRICULTURA EN EL CONTEXTO DE AMÉRICA LATINA Y VENEZUELA]","2022","Agroalimentaria","28","55","","167","189","3","","https://www.scopus.com/pages/publications/85149879544?origin=resultslist","It is a fact that agriculture is a productive activity that is highly dependent on environmental conditions and very sensitive to climate variability and climate change. All the scenarios described strongly suggest that the effects on agriculture will be severe in Latin America and the Caribbean (LAC) and therefore in Venezuela, where small-scale and subsistence farmers will be the most sensitive and vulnerable to changes in climate variability. This article is the result of a process of reviewing information related to the impacts of climate change in the context of LAC, with an emphasis on Venezuela. Climate models project that climate change would negatively affect yields, cultivated areas, and production of many crops in the tropics, in addition to potentially limiting the advances in food security that would be achieved in a scenario without climate change. In recent years, climate change has highlighted the high levels of vulnerability to which the countries of the region are exposed. The short-term challenge for LAC – and particularly for Venezuela, is to identify the degrees of vulnerability and design appropriate adaptation measures. Climate change will cause an alteration in the country’s agro-climatic conditions, and in the geography of land suitability, by the time it will introduce future changes in the production systems of numerous crops or the implementation of new agricultural products and production systems. Therefore, it will be necessary to promote basic research lines in the adaptation of crops and agronomic practices to future climatic conditions. However, it also opens up opportunities for new crops with potential added value through productive transformation. Hence, actions to adapt to climate change should be linked to national development and poverty reduction strategies. © 2022, Centro de Investigaciones Agroalimentarias (CIAAL). All rights reserved.","adaptation measures; Climate change; climate variability; food security; García Montero; Latin America; Pedro (167-189); small producers; Venezuela","","Article","Final","","Scopus","2-s2.0-85149879544"
"Băltăreţu A.-M.","Băltăreţu, Andreea-Mihaela (35253499800)","35253499800","Challenges of climate change in Romania","2015","Quality - Access to Success","16","","","105","112","0","","https://www.scopus.com/pages/publications/84939462518?origin=resultslist","Climate warming is a real phenomenon of our times, recognized worldwide and already evidenced by the analysis of observational data for long periods of time. The simulations performed with complex global climate models have shown that the main causes are both natural (variations in solar radiation and volcanic activity) and anthropogenic (combustion of fossil fuels, changing land use etc.). In Romania, the climate variability will have direct effects on certain sectors such as agriculture, forestry, water administration, infrastructure; it will lead to periods of vegetation change, and displacement of the lines between the forests and meadows, and it will determine the increase of the frequency and intensity of extreme weather events (storms, floods, droughts). The changes in the climate regime of Romania fit in the global context, taking into account the regional conditions: increased temperatures and more pronounced droughts in the summer; the agriculture will be most affected and there will be a considerable decrease of forest productivity and increased extreme weather events. © 2015, SRAC - Societatea Romana Pentru Asigurarea Calitatii. All Rights Reserved.","Atmospheric phenomena; Climate change; Climate scenarios; Droughts; Global warming; Heat waves","","Article","Final","","Scopus","2-s2.0-84939462518"
"Giannoccaro G.; Prosperi M.; Zanni G.","Giannoccaro, Giacomo (57001281500); Prosperi, Maurizio (59563978800); Zanni, Giacomo (36638943400)","57001281500; 59563978800; 36638943400","Assessing the Impact of Alternative Water Pricing Schemes on Income Distribution","2010","Journal of Agricultural Economics","61","3","","527","544","21","10.1111/j.1477-9552.2010.00252.x","https://www.scopus.com/pages/publications/77955725753?origin=resultslist","The reform of water pricing policies may represent an effective instrument for enhancing the efficient use of water resource. However, policy makers fear that a change in the pricing methods may cause income loss for some farmers, and that this income inequality may generate public discontent and policy inertia. The aim of this paper was to compare some pricing methods in order to measure their effects on income distribution. The analysis focuses on the income distribution among different types of farms, and the income distribution between different social groups (landowners, capitalists and workers) in the short term. A linear programing model based on expected utility theory is used to take into account the effect of commodity prices and rainfall variability, which are among the most relevant factors affecting farmers' income. According to the findings, water pricing schemes do not affect the income distribution among farm types, although a significant impact emerges on the distribution among social groups, and in particular on the wages of temporary workers. © 2010 The Authors. Journal compilation © 2010 The Agricultural Economics Society.","Efficiency; Equity; EU water framework directive; Linear programing; Water pricing policy","Europe; agriculture; equity; European Union; income distribution; linear programing; numerical model; policy reform; pricing policy; water economics; water resource","Article","Final","","Scopus","2-s2.0-77955725753"
"Ouyang Y.; Weng D.; Guo M.; Chen L.","Ouyang, Yanyan (57193653057); Weng, Dabin (58683318600); Guo, Mengmeng (54410554200); Chen, Liqiang (60338788300)","57193653057; 58683318600; 54410554200; 60338788300","The Impact of Temperature Changes on International Trade","2026","China and World Economy","34","1","","224","255","2","10.1111/cwe.70010","https://www.scopus.com/pages/publications/105027923608?origin=resultslist","The irreversible trend of rising temperatures is accelerating the reshaping of the international trade landscape. This study empirically examined the impact of temperature variation on the scale of international trade using data on Chinese listed firms' import and export and annual temperature changes in Chinese cities and trade partners from 2000 to 2016. The results indicated that temperature changes in firms' headquarter cities and in trade partners were significantly and negatively associated with the scale of imports and exports. Firms' operational capabilities in home country and meteorological disasters in trade partners were key channels through which temperature variation affected trade outcomes. The negative effects of temperature fluctuations in both locations were stronger for heat-sensitive firms, non-state-owned firms, firms with high research and development investment, and firms trading with low-income partners. These findings contribute to a deeper understanding of the relationship between climate volatility and international trade. © 2026 Institute of World Economics and Politics, Chinese Academy of Social Sciences.","imports and exports; meteorological disaster; operational capability; temperature changes","","Article","Final","All Open Access; Bronze Open Access","Scopus","2-s2.0-105027923608"
"Kimani S.M.; Muklason A.; Anggraeni W.","Kimani, Samuel Mbugua (60226446000); Muklason, Ahmad (25825411900); Anggraeni, Wiwik (55876734400)","60226446000; 25825411900; 55876734400","A Narrative Review of Normalized Difference Vegetation Index (NDVI)-Based Time-Series Crop Yield Prediction Using Machine Learning and Deep Learning","2026","Proceeding - ISIBER 2026: International Seminar on Intelligent Business and Edge-Computing Research","","","","668","673","0","10.1109/ISIBER68248.2026.11470532","https://www.scopus.com/pages/publications/105037628225?origin=resultslist","Accurate crop yield prediction is vital for food security, precision agriculture, and responsive decision-making under increasing climate variability. This review critically examines state-of-the-art Normalized Difference Vegetation Index (NDVI) time-series methods that leverage machine learning and deep learning to predict yields and assess crop status, highlighting recent advances in remote sensing and artificial intelligence for large-scale agricultural monitoring. This narrative review analyzes studies that use satellite-derived NDVI time series with additional data sources, such as weather, soil, and yield records. Methods are categorized into traditional machine learning, deep learning, and hybrid models, highlighting their ability to capture crop and regional variability. Emerging trends including ensemble learning, recurrent and convolutional models, transformer architectures, and explainable AI are examined. Key challenges in data quality, temporal alignment, and model performance across different regions and seasons are identified. By highlighting current research gaps, this review suggests future directions to make NDVI-based predictions more reliable, scalable, and interpretable for precision agriculture. © 2026 IEEE.","crop yield prediction; deep learning; machine learning; normalized difference vegetation index; precision agriculture; remote sensing","Crops; Decision making; Deep learning; Food supply; Forecasting; Learning systems; Precision agriculture; Smart agriculture; Time series; Time series analysis; Crop yield; Crop yield prediction; Deep learning; Learning models; Machine-learning; Normalized difference vegetation index; Normalized difference vegetation index time series; Precision Agriculture; Remote-sensing; Yield prediction; Remote sensing","Conference paper","Final","","Scopus","2-s2.0-105037628225"
"Eslamian S.; Sabzevari Y.","Eslamian, Saeid (15724845200); Sabzevari, Yaser (58142820600)","15724845200; 58142820600","A Broad Review on Blockchain Technology","2026","Smart Water Management: Blockchain in Sustainability and Efficiency","","","","15","32","0","10.1201/9781003686026-2","https://www.scopus.com/pages/publications/105045463251?origin=resultslist","Hydrologic systems are increasingly exposed to pressures from climate variability, population growth, and intensifying water demand. Ensuring resilience, defined as the capacity of water systems to withstand, adapt to, and recover from disruptions, has therefore become a central objective in modern water resources management. At the same time, emerging digital technologies such as blockchain offer new opportunities for secure, transparent, and decentralized data management within the hydrologic sector. This paper provides an introductory overview of hydrologic resilience and explores the potential role of blockchain technology in enhancing system reliability, decision-making, and stakeholder coordination. Key concepts such as system vulnerability, adaptive capacity, decentralized ledgers, smart contracts, and transparent data-sharing frameworks are discussed. By connecting principles of hydrologic science with innovative digital infrastructures, this work highlights pathways for integrating blockchain into water monitoring, allocation, and governance systems to strengthen long-term resilience. © 2027 Yaser Sabzevari, Saeid Eslamian and Faezeh Eslamian.","","Blockchain; Data Sharing; Decision making; Information management; Water management; Block-chain; Climate variability; Decentralised; Digital technologies; Exposed to; Hydrologic systems; Population growth; Water demand; Water resources management; Water system; Population statistics","Book chapter","Final","","Scopus","2-s2.0-105045463251"
"Thimmareddy H.; Paschapur N.S.; Mahadevaprasad A.C.; Meti V.V.; Divya R.; Yashwanth H.R.","Thimmareddy, Hemareddy (58568157700); Paschapur, Nikhil S. (60335334400); Mahadevaprasad, A.C. (60548972800); Meti, Vishwanath V. (60548998000); Divya, R. (60548998100); Yashwanth, H.R. (60548963000)","58568157700; 60335334400; 60548972800; 60548998000; 60548998100; 60548963000","Weather Variability and Crop Yield Forecasting for Sustainable Agriculture","2024","Revolutionising Crop Management Practices for Ensuring Food Security","","","","205","214","0","","https://www.scopus.com/pages/publications/105034479100?origin=resultslist","The Intergovernmental Panel on Climate Change (IPCC) presents compelling evidence of rising temperatures and disrupted precipitation patterns. The urgency is underscored as agriculture faces vulnerabilities, with uncertainties in planting times, water management, and pest control due to increased weather variability. Climate change, driven by anthropogenic activities like fossil fuel combustion and deforestation, intensifies with unprecedented greenhouse gas emissions. Extreme events, including heatwaves, floods, droughts, and storms, accentuate the vulnerabilities of agriculture. Mitigation efforts to reduce emissions are crucial, but adaptation strategies, especially in agriculture, are equally vital. Accurate climate models and forecasting play a pivotal role in building resilience and ensuring food security, demanding a deeper understanding of the intricate interactions between human activities and atmospheric processes. This chapter highlights advanced meteorological techniques fuelled by technological evolution, including remote sensing, high-performance computing, Doppler radar, Lidar, climate modelling, and artificial intelligence. These technologies contribute to precise weather forecasting, climate studies, and disaster management. In the realm of precision agriculture, the significance of crop yield forecasting models is examined. These models leverage historical and current data, climate information, and advanced analytics to empower farmers, policymakers, and stakeholders. Meteorological data integration, machine learning, and remote sensing methods enhance the accuracy of these models. Global case studies underscore the relevance of forecasting models in adapting to variable climatic conditions. The Clean Development Mechanism under the Kyoto Protocol is introduced as a crucial initiative, offering insights into its objectives and operational details in India. Implications for sustainable agriculture include climate resilience, judicious water management, and evidence-based policy formulation. © 2024, Editors.","Climate Change; Extreme Events. IPCC; Yield Forecasting","Climate models; Crops; Data integration; Disaster prevention; Disasters; Food security; Food supply; Greenhouse gases; Kyoto Protocol; Remote sensing; Storms; Technological forecasting; Weather forecasting; Crop yield forecasting; Extreme event.; Extreme events; Forecasting models; Intergovernmental panel on climate changes; Remote-sensing; Sustainable agriculture; Waters managements; Weather variability; Yield forecasting; Climate change","Book chapter","Final","","Scopus","2-s2.0-105034479100"
"Masset E.","Masset, Edoardo (6506907684)","6506907684","The stabilizing effect of irrigation on seasonal expenditure: Evidence from rural Andhra Pradesh","2013","Seasonality, Rural Livelihoods and Development","","","","117","130","0","10.4324/9780203139820-16","https://www.scopus.com/pages/publications/85123144922?origin=resultslist","Irrigation has an obvious positive impact on agricultural production. First, irrigation determines an expansion of the area cropped. This expansion occurs both spatially, by bringing under cultivation previously uncultivated soils, and temporally, by allowing the same area to be cultivated more than once during the same agricultural year. Second, irrigation increases farm yields, because the availability of water allows the adoption of more productive crop varieties and production technologies. Lipton et al. (2003) offer an exhaustive review of the evidence on the links between irrigation and income. There is also considerable evidence on the impact of irrigation on income of all sectors of rural society, not just farmers, as well as on the wider economy. By increasing agricultural production, irrigation determines changes in prices, in wages and in the structure of the labour force that result in significant poverty reduction (Datt and Ravallion, 1998; Fan and Hazell, 2001; Palmer-Jones and Sen, 2003; Quizon and Binswanger, 1986). Much less attention has been devoted to the stabilizing effect of irrigation on rural income. By insulating production from weather variability, irrigation stabilizes income both over the years and within each year. This chapter is concerned with the much neglected analysis of the effect of irrigation on seasonal variability of income and consumption. There are three orders of welfare costs associated with seasonality of income and consumption. First, people have historically responded to the seasonal income cycle by adopting coping strategies, like storing food or borrowing and saving, which have all been found to have economic costs (Fafchamps, 2003). Second, seasonal expenditure fluctuations may interact with health shocks and generate vicious cycles of poverty by progressively impairing households’ productive capacity (Behrman and Deolalikar, 1989; Gill, 1991). Finally, unsmoothed consumption fluctuations imply a welfare cost for risk-averse individuals, the size of which depends on the initial household wealth, the size of the consumption fluctuation and the degree of risk aversion (Newbery and Stiglitz, 1981). By smoothing seasonal income, irrigation has a potentially positive welfare impact that needs to be assessed and quantified. Seasonal poverty analysis has been neglected by researchers, particularly by econ- omists (Gill, 1991). Chambers et al. (1981) attribute this neglect to a bias arising from the lack of seasonal data, excessive specialization of researchers, and general ignorance of the main aspects of rural life. Consumption seasonality in developing countries has been the subject of a small number of studies, which include Paxson (1993), Chaudhuri and Paxson (1994), Jacoby and Skoufias (1998), Dercon and Krishnan (2000), and Pitt and Khandker (2002). The main aim of the first three studies is testing the validity of the permanent income model of consumption over the seasonal cycle. Paxson (1993) uses three cross-sectional household surveys collected in Thailand to compare seasonal consumption patterns of household groups with different income patterns. She finds that consumption is independent of seasonal income fluctuations and attributes the observed seasonal expenditure fluctuations to variations in prices and preferences. Chaudhuri and Paxson (1994) use longitudinal household data of rural India and compare consumption patterns of household groups with distinct income patterns. They find that consumption, though varying over the seasons, does not track income over the seasonal cycle, which they attribute to households’ ability to build precautionary savings rather than to the use of loans. Jacoby and Skoufias (1998) use panel data of rural Indian households and estimate household responses to anticipated and unanticipated seasonal income fluctuations. They find that, in spite of large income fluctuations, households are able to smooth consumption over the seasonal cycle. They attribute households’ smoothing ability to the working of credit markets, and the exchange of gifts between households. Dercon and Krishan (2000) test the dependence of seasonal consumption on income shocks for a panel of Ethiopian households and find that households are unable to insulate consumption from seasonal income shocks. They also observe that households increase consumption in the season in which food prices are low in order to store energy to be released in the season in which returns to labour are high. Pitt and Khandker (2002) analyse expenditure patterns of a short panel of landless Bangladeshi households and find that they are unable to smooth seasonal fluctuations. They conclude that participation in a microcredit programme is strongly motivated by the need to smooth the seasonal pattern of consumption, as individuals tend to self-select into the credit programme during the lean season when consumption reaches its lowest level. There are some descriptive studies showing the impact of irrigation technology in smoothing crop production and labour demand (see Dhawan, 1988; Gill, 1991). The income and consumption stabilization effect of irrigation, however, has been largely overlooked by the economics literature. An impact evaluation of irrigation projects in India found that areas reached by canal irrigation increased cropping intensity by 40 per cent as a result of the increase in the number of growing seasons (IEG, 2007). Paxson (1993) tests the difference in consumption patterns of single and double cropping farm households in Thailand and finds no significant difference in the seasonal consumption patterns between the two groups, in spite of a large difference in income patterns. The present study is similar to the one by Paxson in that it uses cross-sectional data to compare seasonal expenditure patterns of rural households with and without access to irrigation. The purpose of this chapter, however, is not to test the validity of the permanent income hypothesis over the seasonal income cycle. This chapter empirically investigates the seasonal welfare effects of irrigation for farmers with and without irrigation and for agricultural labourers living in irrigated and non-irrigated areas. Rainfall data are employed to test to what extent consumption decisions are affected by expected seasonal income variability. The empirical analysis suggests that non-irrigated households in rural India are unable to fully smooth consumption fluctuations over the seasonal cycle. Conversely, irrigation has a stabilizing effect on household expenditure. The study also finds that expected seasonal variability of rainfall affects seasonal consumption patterns, suggesting that inter-seasonal precautionary saving is one of the strategies adopted by these households to stabilize their expenditure flows. © 2012 Stephen Devereux, Rachel Sabates-Wheeler and Richard Longhurst, selection and editorial matter; individual chapters, the contributors.","","","Book chapter","Final","","Scopus","2-s2.0-85123144922"
"Purnomowati R.; Prayitno G.; Nugraha A.T.; Rahmawati; Nisak F.F.; Siankwilimba E.; Hoque M.E.","Purnomowati, Rahmi (57192230955); Prayitno, Gunawan (43661873900); Nugraha, Achmad Tjachja (60543387200); Rahmawati (59311476200); Nisak, Fajar Fadhilatun (59928244900); Siankwilimba, Enock (57226189217); Hoque, Md Enamul (35834864100)","57192230955; 43661873900; 60543387200; 59311476200; 59928244900; 57226189217; 35834864100","Social Capital Pathways to Resilient Food Systems: Insights from Organic Rice Farming under Environmental Change","2026","Research on World Agricultural Economy","7","1","","247","265","1","10.36956/rwae.v7i1.2825","https://www.scopus.com/pages/publications/105034277214?origin=resultslist","This article examines how trust, social norms, and social networks distinctly influence the four pillars of food security in the organic rice farming community of Lombok Kulon, East Java. Using Partial Least Squares Structural Equation Modeling (PLS-SEM) and Importance-Performance Map Analysis (IPMA), the research investigates how these social components influence the four pillars of food security: availability, accessibility, utilization, and stability. The study emphasizes organic rice farming as a form of climate-smart agriculture that enhances soil fertility, reduces chemical dependency, and strengthens resilience to climate variability. It further situates the findings within the global challenges of sustainable agriculture, highlighting relevance to SDG 2 (Zero Hunger), SDG 13 (Climate Action), and SDG 15 (Life on Land). Data collected from 100 farmers reveal that social norms have the broadest impact, particularly on accessibility, utilization, and stability. Trust significantly influences food utilization, while networks contribute to availability and system stability. IPMA highlights that norms are high-impact but moderately performing, suggesting a priority area for policy intervention. The findings underscore the importance of disaggregating social capital in food security planning and offer actionable insights for rural development strategies that prioritize relational infrastructure. The study advances empirical and methodological contributions to the evaluation of socially embedded food systems. © 2026 by the author(s).","Food Security; Organic Farming; PLS-SEM; Rural Development; Social Capital","","Article","Final","","Scopus","2-s2.0-105034277214"
"Nadin R.; Opitz-Stapleton S.; Wei J.","Nadin, Rebecca (57144521500); Opitz-Stapleton, Sarah (16744981600); Wei, Jia (57161523700)","57144521500; 16744981600; 57161523700","Understanding China’s adaptation challenge","2015","Climate Risk and Resilience in China","","","","37","60","0","10.4324/9781315744988-14","https://www.scopus.com/pages/publications/85086187760?origin=resultslist","China is facing a number of key challenges in reducing poverty and maintaining economic growth whilst moving toward and ensuring sustainable development. Its economic growth has been achieved in a challenging context: China now feeds one-seventh of the world’s population using just 9% of its total arable land and just 6% of the world’s renewable water resources (UN, 2014; ICID, 2011; Gleick, 2013; Faurès, 1997; Chapters 4 and 5 of this volume). Many of China’s natural resources are under pressure. Significant pollution of water and soil resources, soil erosion, land degradation, and ecosystem and habitat loss are common; they are due to a complex interplay of previous development pathways and current local to international socio-economic pressures and preferences. Rapid urbanisation, rural-to-urban migration and industrial development are creating economic opportunities and improved standards of living for some while leading to increased socio-economic inequality for others. At the same time, international pressures (e.g. trade deals and market forces) also influence China’s development strategies. The linkages between these dynamic and shifting environmental and development processes are culminating in diverse vulnerabilities and increasing the exposure of its people, assets and infrastructure to natural and technological disasters, leading to heightened risks. Vulnerability (the propensity of a group of people or sector to suffer harm) due to climate variability, extremes and climate change is determined by the complex interplay between socio-economic, political and environmental processes occurring at multiple scales, from the local level to international arenas. It is more than just exposure to a particular hazard;1 different groups of people and sectors within China face disparate levels of vulnerability due to regional variations in historical development pathways. At this time, the mid2010s, when China is going through rapid social and economic transformation, increasing climate variability and change are mounting pressures that are altering climate risks throughout the country. The frequency and intensity of extreme weather events like heavy rain or heatwaves appear to be shifting, as are the seasons, though the rates and types of change are highly disparate in various regions (discussed in other chapters in this volume). Climate risk – the likelihood and severity of certain impacts occurring given underlying vulnerability, as well as the likelihood of a hazard occurring – is also dynamic and spatially uneven throughout China. This is a reflection of the regional vulnerability differences and how China’s many climates are changing. Figure 2.1 is a conceptualisation of the interaction between vulnerability and hazards that give rise to risk. Climate variability and change are challenging development and adding to the pressures on China’s natural resources. China has already experienced significant health, agriculture, water resource and ecosystem impacts related to the interactions between increasing climate variability and change and underlying vulnerabilities. These have the potential to slow and disrupt the strides it has made in improving the lives of its people. Because of the marked regional disparities in development and changing climates, a one-size-fits-all approach to assessing vulnerabilities and climate risks is unlikely to adequately capture the deepening differences in economic development and social disparity or lead to holistic, yet targeted, adaptation policies and actions. China is perceived as an economic powerhouse and an emerging superpower, frequently defined by its sheer size (in terms of both landmass and population) and the breakneck speed of its economic growth over the past 30 years. It is also a country of contradictions and paradox. With rapid economic growth and development, the expectation by many Western countries and the other G772 nations is that China’s economy and society are well-equipped to build resilience to climate change. Yet, China’s adaptation policies and actions must address the needs and vulnerability of both highly urbanised and underdeveloped rural areas simultaneously, while finding more environmentally sustainable ways to do so. China is one country with many disparate adaptation needs and profiles, and different responses are required for dealing with these issues. At a time when China is going through rapid social and economic transformation, proper planning and policies, and implementation of these to deal with the impacts of climate change, is essential if the most vulnerable sectors and groups in society are to avoid the greatest hardship. A single all-encompassing approach to adaptation is unlikely to deliver the range of adaptation options China urgently needs to avoid extensive economic and social costs. This book examines some of the core issues China is facing as it tries to adapt to climate change. This chapter provides an overview of the country’s evolving socio-economic diversity and disparities in light of policies and natural resource bases. These, when combined with regional pollution and environmental once ptua lisat ion of some of the vulnerability factors (sensitivity/capacities) that combine with a hazard tomake risks. © 2016 Rebecca Nadin, Sarah Opitz-Stapleton and Xu Yinlong.","","","Book chapter","Final","","Scopus","2-s2.0-85086187760"
"Conradie B.; Genis A.","Conradie, Beatrice (14027906900); Genis, Amelia (57219851664)","14027906900; 57219851664","Efficiency of a mixed farming system in a marginal winter rainfall area of the Overberg, South Africa, with implications for thinking about sustainability","2020","Agrekon","59","4","","387","400","8","10.1080/03031853.2020.1828116","https://www.scopus.com/pages/publications/85095745444?origin=resultslist","This study presents a preliminary analysis of the productivity performance of a small group of mixed winter rainfall farms over the past decade. Results indicate that there has been no technical progress in the sector over the past decade and group members are falling further behind their own benchmark as time passes. Relative rankings have remained stable, with most of the group riding the peaks and troughs of good and bad years without breaking rank. There is clearly room for fresh thinking. Drought does not offer a simple explanation for the observed trends. This group’s total factor productivity is inversely correlated with farm size despite evidence that their technology is increasing returns-to-scale. This is difficult to explain. Woolled sheep seems to be the solution to drought, but too much land under planted pastures lowers overall efficiency. There is much more investigation to do, including to cast the net wider so that a more sophisticated efficiency model can be fitted. There was no information on heat stress or rainfall variability, or the date of adoption of conservation agriculture, which is known to be a good strategy against unreliable rainfall. We also could not model the effect of farmers’ skills and ambitions on their performance. The study’s main contribution is to debunk the myths that rainfall places an absolute limit on performance and that a larger scale of operation is always beneficial. © 2021 Agricultural Economics Association of South Africa.","Crop-livestock system; drought resilience; enterprise mix; production function; total factor productivity","","Article","Final","","Scopus","2-s2.0-85095745444"
"Shumetie A.; Belay K.; Goshu D.; Mwanjalolo M.","Shumetie, Arega (57190838158); Belay, Kassa (6701777025); Goshu, Degye (57218139475); Mwanjalolo, Majaliwa (57204741254)","57190838158; 6701777025; 57218139475; 57204741254","Effect of Climate Variability on Crop Income in Central Highlands of Ethiopia","2019","Handbook of Climate Change Resilience, Volume 1-4","2","","","661","674","2","10.1007/978-3-319-93336-8_2","https://www.scopus.com/pages/publications/85162670756?origin=resultslist","Ethiopian agriculture is a vulnerable sector to climate variability, wherein this study identified how strong is the effect on smallholders’ crop income in central highland farming system of the country. The study used fixed effect regression to analyze the unbalanced panel data (1994–2014) collected for eight rounds. The model result shows that individual increment in cropping season rainfall or temperature has negative and significant effect on households’ crop income in the farming system. Parallel increment of the two climate variability related inputs had positive and significant effect on crop income. Other variables like flood, frost, storm, and rainfall inconsistency in the onset and cessation time affected households’ crop income negatively and significantly. Similarly, draft power and human labor, which are critical inputs in the crop production of Ethiopian smallholders, have positive and significant effect on crop income as to the model result. Thus, this study recommended that there should be supplementation of rainwater through irrigation, water harvesting, and other activities to have consistent water supply for the crop production. Additionally, long-lasting measures like afforestation should be adopted to counterbalance the negative effect of temperature increment. © Springer Nature Switzerland AG 2020.","Climate variability; Crop income; Rainfall; Smallholder; Temperature","","Book chapter","Final","All Open Access; Gold Open Access","Scopus","2-s2.0-85162670756"
"Calow R.; Macdonald A.; Le Sève M.D.","Calow, Roger (7801603545); Macdonald, Alan (7401581383); Le Sève, Miriam Denis (57924426500)","7801603545; 7401581383; 57924426500","THE ENVIRONMENTAL DIMENSIONS OF UNIVERSAL ACCESS TO SAFE WATER","2018","Equality in Water and Sanitation Services","","","","94","116","4","10.4324/9781315471532-6","https://www.scopus.com/pages/publications/85070264096?origin=resultslist","Achieving universal and sustainable access to water and sanitation services will require significant investment in the management and protection of water resources. This is because of the greater demand for water and the assimilative capacity of water bodies implied by more ambitious Sustainable Development Goals targets and, more importantly, because of changes in resource conditions and demands arising from environmental and socioeconomic change. As the global population heads for almost 10 billion by 2050, the world is becoming more urbanised and wealthier. Water demands for energy, industry and irrigation are increasing, outstripping population growth in transforming economies. And greater climate variability increases the risks of flooding and drought - extreme events that threaten water and sanitation infrastructure and services. This combination of pressures, in a context of weak water management, has the potential to undermine existing gains in access to water and sanitation and threaten future progress, particularly for those with a stake but no voice or formal rights in water allocation. This chapter begins by looking at the global availability and quality of water resources, highlighting the uneven distribution of water between areas and over time. The importance of groundwater is discussed in view of the growing role groundwater bodies will play in providing potable supplies and in assimilating waste, particularly in sub-Saharan Africa. While the global conversation on water tends to fixate on scarcity and over-exploitation, the more insidious problem of pollution is also highlighted. The authors then review the pressures on water systems, and describe how growing competition for the services water bodies provide, and changes in resource conditions, could affect access to safe water in the coming decades. Finally, the authors argue that water accounting and allocation systems in most countries are ill equipped to deal with the stresses of demographic, environmental and economic change, and call for a concerted effort to build the institutional plumbing of water resources management needed to safeguard poor people’s access to services. © 2018 selection and editorial matter, Oliver Cumming and Tom Slaymaker. individual chapters, the contributors","","","Book chapter","Final","All Open Access; Gold Open Access","Scopus","2-s2.0-85070264096"
"Islam N.; Xayavong V.; Kingwell R.","Islam, Nazrul (57847128900); Xayavong, Vilaphonh (11640471500); Kingwell, Ross (6602138376)","57847128900; 11640471500; 6602138376","Broadacre farm productivity and profitability in south-western Australia","2014","Australian Journal of Agricultural and Resource Economics","58","2","","147","170","24","10.1111/1467-8489.12040","https://www.scopus.com/pages/publications/84898054672?origin=resultslist","This paper examines broadacre farm performance in south-western Australia. This region has experienced pronounced climate variability and volatile commodity prices since the late 1990s. Relationships between productivity and profitability are explored using panel data from 47 farms in the study region. The data are analysed using nonparametric methods. By applying the Fare-Primont index method, components of farm productivity and profitability are measured over the period 1998-2008. Growth in productivity is found to be the main contributor of profitability. Gains in efficiency and technical change are identified as jointly and similarly important in their contribution to total factor productivity for the farm sample in the region from 1998 to 2008. However, across environments, efficiency gains play an increasingly important role in influencing productivity as growing season rainfall increases. We conclude that R,D&E that delivers further improvement in technical efficiency and technical change is needed to support the profitability of farms across the study region. © 2014 Australian Agricultural and Resource Economics Society Inc.","Productivity; Profitability; Technical change","Australia; agricultural market; agricultural production; commodity price; farming system; profitability; technological change; total factor productivity","Article","Final","All Open Access; Bronze Open Access","Scopus","2-s2.0-84898054672"
"Thong P.; Thangjam U.; Sahoo U.K.; Pebam R.","Thong, Pentile (57203431615); Thangjam, Uttam (57207756994); Sahoo, Uttam Kumar (6603172626); Pebam, Rocky (57190175308)","57203431615; 57207756994; 6603172626; 57190175308","Socio-economic vulnerability assessment of shifting cultivators (Jhumias) amidst the changing climate in Mizoram, northeast India","2022","Applied Geography","147","","102790","","","21","10.1016/j.apgeog.2022.102790","https://www.scopus.com/pages/publications/85138190989?origin=resultslist","This study utilizes household data to examine the Jhumias susceptibility to the changing climate by using the lens of socio-economic vulnerability framework. 150 households spread across 6 villages were surveyed to understand association between Jhumias and their physical and social surroundings. The data was comprehensively consolidated and scrutinized to assess the vulnerability. Principle Component Analysis (PCA) was used to select and group the indicators. Varimax rotation was executed on all selected indicators and factors with eigenvalue >1 was incorporated for weight assignment. Results revealed that Muallungthu was socio-economically the most vulnerable village while the least vulnerable village was Chhungte. Households which fall short to adopt any adaptation strategies to the impacts of climate change were most vulnerable. Exposure to natural hazards was the basic indicator of climate change in the region and the sole dependence on agriculture made the households highly sensitive to climate variability. With the aim to improve the economic status of Jhumias, Climate-smart agriculture (CSA) interventions were advocated for climate resilient approach in Jhum. The study calls for policy makers and development planners to invest in education and rural income diversification. Effort should be made to assess the effect of previous disasters and hazard events so as to come up with obligatory preventive measures and consequently emphasize in adopting new measures for households to make them less vulnerable henceforth. © 2022 Elsevier Ltd","Adaptive capacity; Climate-smart agriculture; Exposure; Jhumias; Sensitivity; Socio-economic vulnerability assessment","India; Mizoram; agricultural production; assessment method; climate change; sensitivity analysis; socioeconomic conditions; vulnerability","Article","Final","","Scopus","2-s2.0-85138190989"
"Singh S.; Awais M.","Singh, Surendra (57214305525); Awais, Mohamad (57733491000)","57214305525; 57733491000","Climate Variability and Rice Production in North India: A Review","2019","Economic Affairs (New Delhi)","64","2","","425","429","4","10.30954/0424-2513.2.2019.19","https://www.scopus.com/pages/publications/85147221998?origin=resultslist","Variability in climatic factors is one of the main determinants of agriculture production. Past agrarian studies have shown that variability in rainfall and temperature has decline agriculture production in entire North Indian States. Farmers, especially small and marginal are adversely affected from climate variability. They have less resources and coping strategies against the climatic variability. Rice is the one of important crop for all North Indian State’s people. Level of temperature already reaches to tolerance level of crops and it is increasing day by day. Also variability in rainfall during Kharif cropping season has been reported in all North Indian states. Incidence of extreme climatic events such as drought and flood is also repeated in these areas. Level of carbon dioxide is also increased due to over exploitation of natural resources and industrial activities in these states. Growth in population is much higher in last three decades. So burden on natural resources such as on agriculture is becoming very high. Agriculture sector needs immediate action against climate variability. Mitigation strategies are time taking process. However, an adaptation method is best technique to mitigate consequences of climate variability. Sowing date and use of technological tools are the best adaptive method to minimize the impact of climate variability. © 2019 New Delhi Publishers. All rights reserved.","Carbon dioxide; rainfall; rice production; temperature; vulnerability","","Review","Final","All Open Access; Gold Open Access","Scopus","2-s2.0-85147221998"
"Motsholapheko M.R.; Kgathi D.L.; Vanderpost C.","Motsholapheko, M.R. (24475396300); Kgathi, D.L. (6602402206); Vanderpost, C. (55913417100)","24475396300; 6602402206; 55913417100","Rural livelihood diversification: A household adaptive strategy against flood variability in the okavango delta, botswana","2012","Agrekon","51","4","","41","62","20","10.1080/03031853.2012.741204","https://www.scopus.com/pages/publications/84872531595?origin=resultslist","This paper assesses the role of livelihood diversification in household adaptation to flood variability in the Okavango Delta, and locates it within the global discourse on adaptation to climate variability and change in developing countries. The contribution of livelihood activities to household income, level of livelihood diversity and the relationship between livelihood diversification and adaptation to flood variability was determined. Data from a survey of 623 households in five villages, focus group discussions and key informant interviews confirmed livelihood diversification as an important strategy for household adaptation to flood variability in the Delta. However, the household income portfolio was dominated by public transfers, underscoring the weak socio-economic status of the households and the effects of multiple shocks over and above flood variability. The study concludes that livelihood diversification and other household adaptive strategies may be sufficient for current flood variations, but may be inadequate for dealing with global climate variability and change in future. © 2012 Copyright Agricultural Economics Association of South Africa.","adaptation; climate variability and change; livelihood diversification","","Article","Final","All Open Access; Green Open Access","Scopus","2-s2.0-84872531595"
"Bhinadi A.; Nurwitasari R.; Umarah R.; Yusuf L.R.","Bhinadi, Ardito (60678590800); Nurwitasari, Radiani (60677609300); Umarah, Rodhiah (57216289444); Yusuf, Lupita R. (60679087200)","60678590800; 60677609300; 57216289444; 60679087200","Analysis of the Rice Commodity Supply Chain Value in Central Java Province, Indonesia","2026","Thailand and the World Economy","44","2","e270250","","","0","10.66445/twe.v44i2.270250","https://www.scopus.com/pages/publications/105041064582?origin=resultslist","This study examines the rice supply chain in Central Java, Indonesia, focusing on distribution patterns, price formation mechanisms, and the broader implications for food security. The study uses a combination of qualitative and quantitative methods, including descriptive statistics, stakeholder analysis, and network visualization, to map the flow of rice from producers to consumers. The research identifies significant inefficiencies within the supply chain, primarily due to the dominance of intermediaries, which leads to inflated prices for consumers and minimal income for farmers, particularly smallholders. The findings show that rice prices fluctuate significantly, influenced by factors such as weather variability, fertilizer shortages, and limited access to capital. These issues are compounded by inadequate infrastructure and gender disparities in access to agricultural resources. Based on these findings, the paper proposes policy recommendations aimed at strengthening farmer organizations, such as Gapoktan, improving agricultural infrastructure, enhancing access to fertilizers, promoting gender equality in agriculture, and introducing price stabilization mechanisms. These recommendations seek to enhance the efficiency and equity of the rice supply chain, improve farmers' livelihoods, and strengthen food security in Central Java. Copyright (c) 2026 Thailand and The World Economy. This work is licensed under a Creative Commons Attribution-NonCommercial-NoDerivatives 4.0 International License.","Central Java; Distribution Patterns; Gapoktan; Rice Prices; Rice Supply Chain","","Article","Final","All Open Access; Gold Open Access","Scopus","2-s2.0-105041064582"
"Chen H.; Mhadhbi M.; Tang R.; Goutte S.","Chen, Haoxi (59537752000); Mhadhbi, Mayssa (57226134462); Tang, Ruotong (59514949200); Goutte, Stéphane (55536067100)","59537752000; 57226134462; 59514949200; 55536067100","Sustainable urban development policies and climate adaptation: evaluating real estate market stability in Tianjin Sino-Singapore Eco-City","2025","Humanities and Social Sciences Communications","12","1","1341","","","3","10.1057/s41599-025-05627-9","https://www.scopus.com/pages/publications/105013224786?origin=resultslist","Eco-city policy is one of the cornerstones of sustainable urban development strategies, integrating climate policy objectives with social and economic considerations. In recent years, numerous eco-city projects worldwide have emphasised green construction, renewable energy deployment, efficient water management, and sustainable lifestyles. But their role in promoting economic resilience and mitigating the socio-economic impacts of climate variability remains underexplored. Using the Sino-Singapore Eco-city in Tianjin, China, as a case, this study examines how climate variability is associated with property prices in eco-city and non-eco-city areas. The findings disclose that eco-city enhances economic resilience, stabilising local real estate markets through the integration of green development goals. However, limitations in industrial diversity, constrained economic scale, and concerns over social equity underscore the need to refine eco-city policies–ensuring not only environmental sustainability, but also economic inclusiveness and social justice. By bridging climate policy and energy justice, this research offers valuable insights into promoting equitable and resilient urban transitions under climate stress. © The Author(s) 2025.","","","Article","Final","All Open Access; Gold Open Access; Green Open Access","Scopus","2-s2.0-105013224786"
"Doku I.","Doku, Isaac (57195259318)","57195259318","Rainfall Variabilty, Climate Finance and Gender Inequality: A Zoom in on Sub-saharan Africa Women","2024","International Journal of Economics and Financial Issues ","14","5","","210","219","1","10.32479/ijefi.15598","https://www.scopus.com/pages/publications/85204597264?origin=resultslist","Sustainable Development Goal (SDG)-10 opines that all countries should reduce inequality (being it gender, income, regional or emission inequality) by 2030. However, the exacerbating effect of climate variability seems to widen gender inequality in developing countries such as Sub-Saharan Africa. It is on this backdrop that the UNFCCC mentioned the need for gender mainstreaming in raising climate finance to support developing countries. The main purpose of the study is to find out whether climate finance and rainfall variability impacts gender inequality among 46 Sub-Saharan Africa countries. Data was analysed using system generalised method of moment, to deal with the endogeneity problem inherent in the model. Sensitivity of the estimates was carried out to test the robustness of our results using panel quantile regression. The findings indicate that, SSA countries experiencing high rainfall variability are facing worsening gender inequality both in the short-run and long-run. For climate finance, it showed a significant gender equality strengthening effect in SSA both in the short-run and long-run. This indicates that, CF geared toward developing countries is not only helping mitigate and adapt to climate change, but bridging the gender gap too. Based on that, several policy implications are discussed. © 2024, Econjournals. All rights reserved.","Climate Finance; Gender Inequality and Generalised Method of Moment; Rainfall Variability","","Article","Final","All Open Access; Gold Open Access","Scopus","2-s2.0-85204597264"
"Pandit D.A.; Rodrigues P.M.M.; Seixo J.","Pandit, Dhruv Akshay (59665088800); Rodrigues, Paulo M.M. (7102639726); Seixo, João (58085310500)","59665088800; 7102639726; 58085310500","The regional economic impact of weather shocks: Evidence from Portugal","2026","Journal of Environmental Economics and Management","140","","103409","","","0","10.1016/j.jeem.2026.103409","https://www.scopus.com/pages/publications/105045812877?origin=resultslist","Weather extremes shape short-run economic activity through both market and nonmarket channels, yet evidence on local consumer-side activity remains limited. Using a municipality-level panel of Portuguese data (2010–2021), we estimate panel VAR and local-projection responses to weather shocks of point-of-sale purchases (a measure of merchant-location transaction activity, not resident household consumption), together with unemployment and house prices. Our central methodological finding is that hourly rather than daily measurement of rainfall variability raises the estimated semi-elasticities by an order of magnitude, suggesting that the existing climate-economy literature systematically understates the importance of high-intensity rainfall. Substantively, the local-projection responses indicate that hourly rainfall volatility raises purchases on impact and reverses the following quarter, consistent with intertemporal reallocation; temperature variability generates a sharp positive impact effect followed by a contraction; and high fire-danger days raise contemporaneous purchases. Unemployment and house prices follow the same patterns more weakly. Regional heterogeneity is substantial, with the Lisbon Metropolitan Area and the Algarve sometimes displaying effects opposite in sign to those in the North. © 2026 The Author(s).","Climate change; Local projections; Panel VARX; Regional impacts","Algarve; Lisboa [Portugal]; Lisbon; Portugal; Costs; Extreme weather; Purchasing; Rain; Regional planning; Sales; Value engineering; Economic activities; Economic impacts; House's prices; Local projections; Panel VARX; Portugal; Regional economic; Regional impacts; Short runs; Weather extremes; economic activity; economic impact; heterogeneity; market conditions; rainfall; spatiotemporal analysis; unemployment; Climate change","Article","Final","All Open Access; Green Open Access; Hybrid Gold Open Access","Scopus","2-s2.0-105045812877"
"Azzarri C.; Nico G.","Azzarri, Carlo (13004843400); Nico, Gianluigi (57547844100)","13004843400; 57547844100","Sex-disaggregated agricultural extension and weather variability in Africa south of the Sahara","2022","World Development","155","","105897","","","11","10.1016/j.worlddev.2022.105897","https://www.scopus.com/pages/publications/85127007922?origin=resultslist","Climate change and extreme weather shocks pose serious threats to a number of agricultural outcomes, including agricultural production, productivity, and income, especially when households depend heavily on this activity. Agricultural extension and rural advisory services are key instruments in promoting technical change, advancing agricultural productivity growth and, ultimately, improving farm livelihoods, and are expected to mitigate the negative effects of climate change and extreme weather shocks. Their mitigation effects, however, may vary depending on the sex of the recipient. This paper investigates the role of sex-disaggregated agricultural extension recipients in contexts where agricultural performance of farm households is affected by weather variability. To this aim, we match multiple rounds of panel microdata from the nationally representative, consumption-based Living Standards Measurement Study -Integrated Surveys on Agriculture (LSMS-ISA), collected in four sub-Saharan African countries, with remote sensing data on biophysical dimensions over a long-term horizon as well as year-specific weather shocks. To our knowledge, this is the first time that a micro-level dataset with individual-level information on agricultural extension services’ recipients has been assembled and examined to investigate the effects of extreme weather shocks and climate change. Applying panel data econometric estimators, the study finds that agricultural extension and advisory services translate into higher agricultural performance of farm households where women are also among the beneficiaries, as compared to non-beneficiaries and households where beneficiaries are men only. Moreover, these services can mitigate the negative effects of weather variability and climate change, controlling for country and time fixed effects as well as holding all other variables constant. These results call for national and international policies and interventions strengthening rural advisory services, especially targeted to women in settings where household livelihoods are predominantly agriculture-based and weather variability and shocks are expected to negatively affect farming activities. © 2022 The Author(s)","Agricultural development; Climate change; Extension services; Panel data; Sub-Saharan Africa; Weather shocks","Sahara; Sub-Saharan Africa; agricultural development; agricultural extension; climate change; panel data; remote sensing; weather","Article","Final","All Open Access; Green Open Access; Hybrid Gold Open Access","Scopus","2-s2.0-85127007922"
"Amouzay H.; El Ghini A.","Amouzay, Hassan (58236499700); El Ghini, Ahmed (14831124500)","58236499700; 14831124500","Climate variability impact on agricultural production in Morocco: New evidence from a spatial econometric analysis","2025","New Medit","2025","1","","39","68","5","10.30682/nm2501c","https://www.scopus.com/pages/publications/105002641866?origin=resultslist","This paper examines the impact of climate variability on agricultural production in 12 Moroccan regions, differentiating between rain-fed and irrigated crops. Using a spatial panel data model with a 21-year (1999-2019), we analyze the impact of climatic and economic variables on three main crops: cereals, market gardening and rosaceous plants, while taking into account spatial autocorrelation and regional heterogeneity. The results highlight the sensitivity of various crops to variations in temperature and precipitation, revealing significant spillover effects due to omitted variables or shocks not observed in a spatial pattern. Thus, rainfall has a positive impact on rain-fed cereals but a negative impact on irrigated crops, underlining the inefficiencies of irrigation techniques and the need for sustainable water management. Irrigated rosaceae crops show high temperature sensitivity, underlining the urgency of climate-resilient agricultural practices. This finding underscores the urgent need for targeted regional public policies rather than standardized national policies to mitigate the effects of climate variability on Moroccan agriculture and ensure its long-term sustainability. © 2025, Bononia University Press. All rights reserved.","Agriculture; Climate variability; Morocco; Production function approach; Spatial panel data","","Article","Final","All Open Access; Gold Open Access; Green Open Access","Scopus","2-s2.0-105002641866"
"Jagan Mohan R.N.V.; Rayanoothala P.S.; Praneetha Sree R.","Jagan Mohan, R.N.V. (57190685687); Rayanoothala, Pravallika Sree (58170783400); Praneetha Sree, R. (57493930300)","57190685687; 58170783400; 57493930300","Smart agriculture 5.0: blockchain and reinforcement learning synergy for multicropping optimization and traceable IoT-Enabled supply chains","2026","Frontiers in Blockchain","9","","1766232","","","3","10.3389/fbloc.2026.1766232","https://www.scopus.com/pages/publications/105030128516?origin=resultslist","Agriculture faces multifaceted challenges including climate variability, soil degradation, and supply chain inefficiencies, particularly for smallholder farmers practicing multicropping. This study systematically integrates blockchain technology for secure, transparent transactions with reinforcement learning (RL)-optimized Neutrosophic multi-regression for precise crop loss prediction in multicropping systems. Using real-world data from six crops (rice, banana, turmeric, elephant foot yam, coconut, cocoa), Neutrosophic multi-regression estimated losses with RL hyperparameter tuning, achieving superior prediction accuracy. A blockchain framework was developed for farmer validation, transaction security, and smart contract execution using Ethereum/Ganache. Results demonstrate 25%–35% reduction in predicted crop losses and enhanced supply chain traceability. This Smart Agriculture 5.0 framework advances Agriculture 4.0 through human-AI symbiosis and uncertainty modeling, addressing single-point failures, data privacy, and trust deficits for scalable sustainable farmingThrough this multidimensional approach, the study endeavors to not only enhance the productivity and sustainability of agricultural practices but also to foster resilience in the face of evolving challenges. Copyright © 2026 Jagan Mohan, Rayanoothala and Praneetha Sree.","blockchain; multicropping; neutrosophic logic; reinforcement learning; SmartAgriculture 5.0; supply chain traceability","","Article","Final","All Open Access; Gold Open Access; Green Open Access","Scopus","2-s2.0-105030128516"
"Bernard B.M., Jr.; Song Y.; Sumiati; Wang X.","Bernard, Boima M. (57732294600); Song, Yanping (57731794500); Sumiati (59900409800); Wang, Xin (57732294700)","57732294600; 57731794500; 59900409800; 57732294700","Assessing the impact of climate variability on total factor productivity in African agriculture: Insights from non-parametric and parametric analyses","2025","Journal of Cleaner Production","513","","145549","","","6","10.1016/j.jclepro.2025.145549","https://www.scopus.com/pages/publications/105005254593?origin=resultslist","This study examines the effects of temperature and precipitation variability on total factor productivity (TFP) growth in African agriculture using a comprehensive two-stage analytical approach that incorporates both non-parametric and parametric methods. Stage 1 employs the DEA Malmquist index, a non-parametric method, to estimate TFP growth by decomposing it into technical efficiency and technological progress. Stage 2 applies dynamic panel IV regression, a parametric method, to evaluate climate variability's impact on TFP trends. The Data Envelopment Analysis (DEA) Malmquist index results indicate that average annual TFP growth rate was approximately 2 % with regional productivity ranging from 1 % to 4 %. However, significant disparities are observed, with many countries experiencing stagnation or minimal productivity increases. Decomposed productivity determinants suggest that low growth rates in numerous countries are attributed to minimal technological progress, low technical efficiency, and declining scale efficiency. Furthermore, the parametric analysis reveals that the effects of climate change on TFP growth vary significantly with climate factors and geographical locations. Notably, long-term temperature increases are found to have a substantial negative impact on TFP growth across much of the continent. The findings underscore the need for more region-specific and country-specific studies to identify extreme weather factors adversely affecting agricultural productivity in Africa. Such insights are crucial for formulating policy interventions that consider regional characteristics and specific climate factors. The study suggests several adaptation and mitigation strategies to enhance food security in Africa, including the development of drought-tolerant crop varieties, improvements in irrigation systems, and the promotion of sustainable fertilizer use. © 2025 Elsevier Ltd","African agriculture; Climate variability; Food availability; Non-parametric analysis; Parametric analysis; TFP growth","Crops; Drought; Global warming; African agriculture; Climate variability; Food availability; Non-parametric analysis; Nonparametrics; Parametric analysis; Parametric method; Productivity growth; Total factor productivity; Total factor productivity growth; Irrigation","Article","Final","","Scopus","2-s2.0-105005254593"
"Drira Y.; Boutouria S.; Boujelbène M.","Drira, Yesser (60117728200); Boutouria, Souha (58556969000); Boujelbène, Mouna (35365977100)","60117728200; 58556969000; 35365977100","A PINN-inspired structure-regularized framework for climate and geopolitical risk in agricultural commodity markets: evidence from China","2026","SN Business and Economics","6","8","270","","","0","10.1007/s43546-026-01296-1","https://www.scopus.com/pages/publications/105046283287?origin=resultslist","This paper examines the associations between climate variability, geopolitical uncertainty, and agricultural commodity price dynamics under increasing environmental instability and compound shocks. Understanding how climate-related pressures are linked to commodity market fluctuations is essential for climate-sensitive market assessment and the design of resilient policy responses. To address this issue, the study develops a structure-regularized neural framework inspired by the regularization logic of PINN-based learning, which integrates high-frequency environmental indicators and geopolitical risk measures while imposing dynamic constraints on price trajectories. Using daily data on major agricultural commodities in China, the proposed framework captures central price dynamics and periods of heightened volatility associated with climate stress and geopolitical disruption. The empirical results indicate that periods of climate stress and geopolitical tension are linked to stronger price fluctuations, particularly during episodes of environmental or political instability. Compared with conventional benchmarks, the proposed model delivers competitive and often superior forecasting performance, while producing smoother and more structurally consistent price trajectories. By combining machine learning with structural regularization, this study contributes to the literature on climate-sensitive agricultural market forecasting. The proposed framework may support market monitoring and risk assessment by helping identify periods in which climate and geopolitical pressures are associated with increased commodity price instability. © The Author(s), under exclusive licence to Springer Nature Switzerland AG 2026.","Agricultural commodity prices; China; Climate variability; Geopolitical risk; PINN-inspired neural networks; Structure-regularized learning","","Article","Final","","Scopus","2-s2.0-105046283287"
"Kalli R.; Jena P.R.","Kalli, Rajesh (57214819882); Jena, Pradyot Ranjan (23568135000)","57214819882; 23568135000","Measuring climate change impact on crop yields in southern India: A panel regression approach","2023","The Palgrave Handbook of Socio-Ecological Resilience in the Face of Climate Change: Contexts from a Developing Country","","","","39","52","2","10.1007/978-981-99-2206-2_4","https://www.scopus.com/pages/publications/85202141526?origin=resultslist","The evidence of climate variability among developing countries has stressed agriculture sector. Promoting sustainable development will create an opportunity to enhance the rural livelihoods that are prone to frequent climate shocks. The present study estimates the climate change impact on three crop yields (Rice, Maize and Finger Millet) using fine scale climate dataset constructed at regional context for 20 districts over 21 years (1992-2012). Fixed effect panel regression method was used to examine change in crop yields to climate response. The results indicate consistently negative impact of temperature on crop yields. The regional dimension specified in the study suggested special attention for semi-arid and arid region as the magnitude of impact is significantly large. © The Author(s), 2023. All rights reserved.","Climate Variability; Crop Productivity; Panel Regression Approach","","Book chapter","Final","","Scopus","2-s2.0-85202141526"
"Huda S.S.; Akhtar A.; Ahmed E.; Samiul Hoq K.M.; Islam M.N.","Huda, SSM Sadrul (55357051400); Akhtar, Afsana (55357330600); Ahmed, Ellin (60333082800); Samiul Hoq, Kazi Md. (60333005900); Islam, Md. Nahid (60332625800)","55357051400; 55357330600; 60333082800; 60333005900; 60332625800","Artificial intelligence in agriculture across south Asia: Technology adoption, improvements, and sustainability outcomes","2026","Sustainable Futures","11","","101620","","","9","10.1016/j.sftr.2025.101620","https://www.scopus.com/pages/publications/105027457266?origin=resultslist","Agriculture remains the backbone of South Asia's economy, yet persistent challenges such as climate variability, low productivity, and fragmented supply chains hinder its sustainable growth. Motivated by the region's increasing digitalization and the potential of Artificial Intelligence (AI) to address these constraints, this study investigates how AI is being adopted in agriculture across six South Asian countries—Bangladesh, India, Pakistan, Sri Lanka, Nepal, and Afghanistan. Using a qualitative comparative case study approach, the research integrates the Technology Acceptance Model (TAM) and the Diffusion of Innovation (DOI) framework to analyze over 30 AI-enabled firms operating in areas such as farm finance, crop monitoring, pest and disease management, logistics, and post-harvest quality control. The findings reveal significant cross-country variation in AI adoption patterns: India and Sri Lanka exhibit DOI-driven, institution-led diffusion supported by strong public–private partnerships, while Bangladesh and Nepal rely on TAM-based, individual-level acceptance influenced by digital literacy and perceived ease of use. Pakistan demonstrates a hybrid adoption path, whereas Afghanistan remains at an early diffusion stage. These results highlight that infrastructure readiness, digital capability, and institutional coordination are decisive factors for scaling AI in agriculture. The study concludes with actionable policy recommendations, emphasizing the need for region-wide investment in rural digital infrastructure, AI literacy programs, inclusive financing mechanisms, and cross-border public–private collaborations to accelerate sustainable, data-driven agricultural transformation across South Asia. © 2025","Agriculture; Artificial intelligence; Diffusion of innovation (DOI); Iot in agriculture; Precadopting smart farming; Predictive analytics; South Asia; Sustainable farming; Technology acceptance model (TAM)","","Article","Final","All Open Access; Gold Open Access","Scopus","2-s2.0-105027457266"
"Sanogo K.; Gebrekirstos A.; Bayala J.; van Noordwijk M.","Sanogo, Kapoury (57188681317); Gebrekirstos, Aster (13806275500); Bayala, Jules (6507088976); van Noordwijk, Meine (7003897764)","57188681317; 13806275500; 6507088976; 7003897764","Climate-growth relationships of Daniellia oliveri (Rolfe) Hutch. & Dalziel in the Sudanian zone of Mali, West Africa","2022","Trees, Forests and People","10","","100333","","","9","10.1016/j.tfp.2022.100333","https://www.scopus.com/pages/publications/85138219256?origin=resultslist","Tree rings depend on seasonal variation in radial tree growth. Where they can be identified, their interannual variation may reflect climate variability. Compared to its use in temperate and boreal regions, tree-ring analysis has been less applied in tropical Africa, with weaker seasonality. Daniellia oliveri often forms the tallest trees in agroforestry parklands of the Sudanian savanna zone of Mali but its growth response to climate (rainfall, temperature) variability has not been documented. We analyzed six stem disks of D. oliveri and used standard dendrochronological methods to process the samples. Contrary to earlier literature likely based on more humid parts of the species distribution range, D. oliveri formed distinct growth ring boundaries in our study area. The mean annual radial growth was 2.73 ± 0.56 mm. All measured tree-ring series were successfully cross-dated with a GLK (Gleichläufigkeit) value of 76.3 ± 5.6. The final tree-ring chronology covers the period 1909-2021. After removing age-related growth trends, the tree-ring width index showed a significant relationship with records of annual rainfall (r2 = 0.46, n = 100 years, p < 0.001). The relationship between wet-season (June to September) precipitation and the residual chronology was slightly higher (r2 = 0.50, n = 100 years, p < 0.001). However, no significant correlation was found for temperature. These results imply that D. oliveri can be successfully used for dendrochronological studies with relevance for the management and restoration of the ecosystems in the Sudanian zone of West Africa, where long-term rainfall records are scarce. © 2022 The Authors","African dendrochronology; Annual radial growth; Climate change; Parkland agroforestry; Restoration","Mali; agroforestry; annual variation; climate change; climate effect; deciduous tree; dendrochronology; ecosystem management; environmental restoration; growth rate; growth response; park management; restoration ecology; seasonal variation; seasonality; tree ring","Article","Final","All Open Access; Gold Open Access; Green Open Access","Scopus","2-s2.0-85138219256"
"Odularu G.","Odularu, Gbadebo (26323276900)","26323276900","Nutrition, Sustainable Agriculture and Climate Change in Africa: Issues and Innovative Strategies","2020","Nutrition, Sustainable Agriculture and Climate Change in Africa: Issues and Innovative Strategies","","","","1","185","2","10.1007/978-3-030-47875-9","https://www.scopus.com/pages/publications/85150557224?origin=resultslist","In Sub-Saharan Africa, the rapidly evolving COVID-19, increasing population growth, and exponential expansion in demand for agricultural commodities are putting pressure on available resources, thereby posing immense challenges to the region’s capacity to achieve nutritional security related to United Nations Sustainable Development Goals (SDGs). Although Sub-Saharan Africa boasts vast, fertile and uncultivated arable lands, its capacity to contribute to feeding its current and future population is being seriously undermined by factors such as poor adoption and utilization of innovations and digital tools, climate change impact, environmental degradation, weak political will, limited interest in farming, lack of government support, and more. In spite of these constraints, sustainable agriculture, food security and nutrition security in Sub-Saharan Africa can be achieved by adopting a multi-pronged approach, which includes improved agricultural mechanization, adoption of high yielding crop varieties, use of information technology, public investments in improved technologies, and rural infrastructure funding. This edited volume provides innovative policy tools for enhancing Sub-Saharan Africa’s capacity to achieve sustainable agriculture, food security and nutrition security in the digital age and in the face of climate variability. Furthermore, this book presents smart strategies for increased agricultural production, reduced food waste, and enhanced nutritional outcomes by harnessing the latest discoveries in agricultural research, education and advisory services. © The Editor(s) (if applicable) and The Author(s), under exclusive license to Springer Nature Switzerland AG 2020.","Agricultural Economics; Food Policy; Food Security; SDGs; Sub-Saharan Africa; Sustainable Development Goals; Sustainable Food","","Book","Final","","Scopus","2-s2.0-85150557224"
"Iwe E.P.","Iwe, Emmanuel Patrick (60160631800)","60160631800","Impact of climate variability on agricultural productivity and economic growth in Nigeria","2025","African Journal of Agricultural and Resource Economics","20","3","","309","322","0","10.53936/afjare.2025.20(3).18","https://www.scopus.com/pages/publications/105020077158?origin=resultslist","This study examines how climate variability affects agricultural productivity and economic growth in Nigeria using time-series data from 1960 to 2024. The analysis applies trend examination, cointegration testing, vector error-correction models (VECM), mediation analysis, structural break tests and Markov switching models to evaluate dynamic linkages between climate variables, crop and livestock output, and GDP. The results show that crop productivity significantly mediates the relationship between climate and economic growth, while livestock plays a minimal role. Short-run rainfall and humidity shocks reduce output, while temperature exerts a positive long-run influence. Structural breaks align with key policy and climate transitions. The study recommends targeted investment in irrigation, high-quality seeds and early warning systems to build climate resilience in crop production and improve the sector’s economic contribution. © 2025 African Association of Agricultural Economists. All rights reserved.","agricultural productivity; climate variability; economic growth; mediation analysis; Nigeria","","Article","Final","","Scopus","2-s2.0-105020077158"
"Mishra B.","Mishra, Brajaraja (56326149500)","56326149500","Improving Yield Efficiency through Pre-monsoon Dry Sowing in Andhra Pradesh","2025","Economic and Political Weekly","60","3","","28","35","0","","https://www.scopus.com/pages/publications/85215835688?origin=resultslist","Farmers in regions with eruptive climate conditions are adopting pre-monsoon dry sowing as an eco-friendly and sustainable farming approach. Using primary survey data collected by the Institute for Development Studies Andhra Pradesh, the adoption rate, costs, benefits, technical efficiency, and recommendations for scaling up PMDS farming are examined. Targeted interventions and support to overcome obstacles and promote widespread adoption are necessary as this farming approach holds great potential for sustainable and resilient agriculture in regions that face climate variability. Farmers can achieve food security by maintaining agricultural sustainability through PMDS farming. © 2025 Economic and Political Weekly. All rights reserved.","","","Article","Final","","Scopus","2-s2.0-85215835688"
"Yahyaei H.; Kitsios V.; De Mello L.","Yahyaei, Hamid (57772696000); Kitsios, Vassili (24598030900); De Mello, Lurion (35809975800)","57772696000; 24598030900; 35809975800","Risk transference between climate variability and financial derivatives: Implications for global food security","2024","Journal of Climate Finance","7","","100038","","","3","10.1016/j.jclimf.2024.100038","https://www.scopus.com/pages/publications/85198706901?origin=resultslist","We investigate the impacts of the El Niño-Southern Oscillation (ENSO) on global food security by using information embedded in financial derivatives. Using a state-of-the-art general circulation model (GCM) climate forecasting system that generates observations on the phase and magnitude of ENSO, we create novel indices that track its uncertainty throughout time. Together with the option implied volatilities of core food inputs (wheat, maize, rice, and soybean), we model the time-varying volatility spillover from ENSO to each commodity, capturing the direction and intensity of risk transference. Simulating Gaussian and non-Gaussian impulse responses that mimic an increase in climate variability show a persistent impact on the price uncertainty of the commodities lasting up to three months. We also show that shocks are contingent on the phase of ENSO, with warmer conditions in the Eastern Pacific (i.e., the El Niño phase) increasing risk transference for soybean and rice. In contrast, the La Niña phase has a material influence on the uncertainty of wheat and maize. In all, we reveal a volatility transmission channel of climate variability that affects financial markets, suggesting valuable inferences about the impact of climate shocks can be derived from the rich information embedded in commodity-linked derivatives. © 2024","Climate Variability; Derivatives; ENSO; Food Security; Implied Volatility","","Article","Final","All Open Access; Hybrid Gold Open Access","Scopus","2-s2.0-85198706901"
"Hernandez R.M.","Hernandez, Rowell Marquez (57212315226)","57212315226","Predicting 20 years of Agricultural Stability and Security in the Philippines: A Comparative Machine Learning and Time Series Forecasting Approach for Food Security Planning","2026","International Journal of Computer Information Systems and Industrial Management Applications","18","5s","","483","495","0","10.70917/ijcisim-2026-2747","https://www.scopus.com/pages/publications/105044922360?origin=resultslist","Food security remains a persistent national concern in the Philippines, driven by rapid population growth, climate variability, geopolitical disruptions, and fluctuating agricultural productivity. To support early interventions and strategic planning, it is essential to develop reliable forecasting tools capable of predicting food shortages and surpluses. This study presents a comprehensive time series forecasting model employing multi-decadal historical data (1961–2024) sourced from government agencies and international bodies, covering key indicators related to food production, supply, and consumption. The research focuses on the top 15 major agricultural crops in the Philippines, which collectively represent a significant portion of the national food system and economy. Multiple forecasting algorithms were implemented to identify optimal predictive models for each crop. These include Gradient Boosting Regressor, Decision Tree Regressor, K-Nearest Neighbors, Exponential Smoothing, Grand Means Forecaster, Naive Forecaster, Theta Forecaster, Auto ARIMA, and Prophet. Model performance was rigorously evaluated using statistical metrics such as RMSE, MAE, MAPE, and R² to determine accuracy, consistency, and analytical robustness. Results show that several models—particularly Gradient Boosting, Prophet, Theta, and Auto ARIMA, successfully captured seasonal patterns, long-term trends, and production shocks. Their forecasting outputs demonstrate strong predictive capability for future crop production and availability. The findings reinforce the importance of data-driven approaches in agricultural planning, especially for countries highly vulnerable to climate and market instability. The proposed forecasting framework serves as a decision-support tool for policymakers, local government units, agricultural agencies, and food industry stakeholders. By accurately predicting potential shortages and surpluses, the model can assist in resource allocation, importation strategies, crop diversification, farm support programs, and long-term food security planning. Ultimately, this research contributes to sustainable agricultural development, improved food resilience, and the broader national goal of ensuring stable and affordable food for all Filipinos. © 2026 by the authors.","Auto ARIMA; Crop yield prediction; Predictive analytics; Prophet forecasting; Sustainable agriculture","","Article","Final","All Open Access; Gold Open Access","Scopus","2-s2.0-105044922360"
"Dziwornu R.K.; Mapok C.; Doku J.N.","Dziwornu, Raymond K. (57195294921); Mapok, Charles (59933663200); Doku, James Ntiamoah (55940151800)","57195294921; 59933663200; 55940151800","Can public expenditure on agriculture mitigate the effect of climate variability on agricultural credit in Africa?","2024","African Journal of Agricultural and Resource Economics","19","3","","309","323","0","10.53936/afjare.2024.19(3).18","https://www.scopus.com/pages/publications/105007547501?origin=resultslist","This study investigates how public agricultural expenditure can mitigate the effect of climate variability on banks’ agricultural credit supply in sub-Saharan Africa. Data was collected from 23 countries over the period 2006 to 2021 and analysed with the two-step generalised method of moments. The study found that banks exhibit dynamic agricultural credit supply behaviour, with temperature variability negatively effecting it and precipitation positively. In the presence of public agricultural expenditure, the influence of temperature variability on agricultural credit supply is not significantly mitigated, although the effect of precipitation is mitigated. Governments should deliberately direct adequate financial resources to develop greenhouse and climate-smart technologies, scale up agricultural credit guarantee schemes with banks and provide subsidised climate-resistant seeds and irrigation infrastructure to mitigate the effect of climate variability on agricultural credit supply. This will reduce banks’ risk perception of the sector and encourage them to lend more to agriculture for growth. © (2024), (African Association of Agricultural Economists). All rights reserved.","agricultural credit supply; banks; climate variability; public expenditure","","Article","Final","","Scopus","2-s2.0-105007547501"
"Hughes N.; Hafi A.; Goesch T.","Hughes, Neal (23985372700); Hafi, Ahmed (23984483500); Goesch, Tim (56482244300)","23985372700; 23984483500; 56482244300","Urban water management: Optimal price and investment policy under climate variability","2009","Australian Journal of Agricultural and Resource Economics","53","2","","175","192","26","10.1111/j.1467-8489.2007.00446.x","https://www.scopus.com/pages/publications/63049085938?origin=resultslist","Australian urban water utilities face a significant challenge in designing appropriate demand management and supply augmentation policies in the presence of significant water scarcity and climate variability. This article considers the design of optimal demand management and supply augmentation policies for urban water. In particular, scarcity pricing is considered as a potential alternative to the predominant demand management policy of water restrictions. A stochastic dynamic programming model of an urban water market is developed based on data from the ACT region. Given a specification of the demand and supply for urban water state dependent optimal price and investment policies are estimated. The results illustrate how the optimal urban water price varies inversely with the prevailing storage level and how the optimal timing of investment differs significantly between rain dependent and rain independent augmentation options. © Journal compilation © 2009 Australian Agricultural and Resource Economics Society Inc. and Blackwell Publishing Asia Pty Ltd.","Demand management; Scarcity pricing; Stochastic dynamic programming; Supply augmentation; Urban water","Australasia; Australia; climate variation; estimation method; investment; numerical model; resource scarcity; urban area; water demand; water economics; water management; water supply","Article","Final","","Scopus","2-s2.0-63049085938"
"Morales Martínez D.; Gori Maia A.; Ruiz Garcia J.","Morales Martínez, Daniel (56964363600); Gori Maia, Alexandre (24503743000); Ruiz Garcia, Junior (36337892900)","56964363600; 24503743000; 36337892900","The diffusion of agricultural groundwater extraction in São Paulo, Brazil: The role of climate variability and environmental preservation; [La difusión de la extracción agrícola de agua subterránea en São Paulo, Brasil: el papel de la variabilidad climática y la preservación ambiental]","2024","Desarrollo y Sociedad","2024","98","","91","113","1","10.13043/DYS.98.5","https://www.scopus.com/pages/publications/85214866178?origin=resultslist","Agricultural production in Brazil has increasingly relied on groundwater extraction, raising concerns about the sustainability of underground reservoirs. This paper compares the diffusion of the two most common types of wells used to extract groundwater for agriculture in the state of São Paulo, Brazil: conventional (low depth) and tubular (high depth). We use longitudinal municipal-level information and spatial panel models to analyze the two main drivers of groundwater extractions: climate variability (aridity) and environmental conservation (conservation agriculture and native forest conservation). Our results highlight how increasing aridification in the dry season (winter) has reduced the diffusion of conventional wells and increased the diffusion of less sustainable tubular wells. We also highlight that soil conservation and native forest preservation practices reduce the need for deep underground water extraction. © 2024, Universidad de los Andes, Colombia. All rights reserved.","econometrics; forest conservation; peer relationship; Soil conservation; São Paulo","","Article","Final","All Open Access; Gold Open Access","Scopus","2-s2.0-85214866178"
"Babyenda P.; Kabubo-Mariara J.; Odhiambo S.","Babyenda, Peter (57192378022); Kabubo-Mariara, Jane (6505803222); Odhiambo, Sule (58117681700)","57192378022; 6505803222; 58117681700","Climate variability and agricultural productivity in Uganda","2023","African Journal of Agricultural and Resource Economics","18","1","","14","38","5","10.53936/AFJARE.2023.18(1).2","https://www.scopus.com/pages/publications/85165007036?origin=resultslist","Uganda’s climate is changing in terms of rising temperatures and altered precipitation patterns, leading to extreme meteorological conditions such as prolonged drought, floods and landslides. Yet the majority (68%) of Ugandans rely largely on rain-fed agriculture, which is affected by climate variability. This study therefore investigates the effect of climate variability on agricultural productivity in Uganda by combining long-term climate data, sourced from the United States National Oceanic and Atmospheric Administration (NOAA), and six waves of the Uganda National Panel Survey (UNPS) spanning the period 2009 to 2019. Trends and the regression analysis estimated with panel data confirm the existence of climate variability, as well as the vulnerability of farming households across Uganda. The empirical results indicate a significant U-shaped impact of precipitation variability on agricultural productivity. This tends to suggest that, as variability in precipitation intensifies, farming households will adapt to the changing precipitation and thereby improve their productivity. The regional and crop-specific analysis show that, relative to other regions of the country, Eastern Uganda is likely to be the region affected the most, while beans and banana are likely to be affected more by climate variability compared to other crops such as maize and cassava. The study thus recommends measures aimed at encouraging farmers to adapt and increase agricultural productivity. There is a need to strengthen the provision of extension services and inform farmers about climate variability. © 2023, African Journal of Agricultural and Resource Economics. All Rights Reserved.","agricultural productivity; climate variability; maize; panel data; Uganda","","Article","Final","All Open Access; Green Open Access","Scopus","2-s2.0-85165007036"
"Mirzabaev A.","Mirzabaev, Alisher (57221772387)","57221772387","Improving the resilience of central asian agriculture to weather variability and climate change","2018","Natural Resource Management and Policy","52","","","477","495","10","10.1007/978-3-319-61194-5_19","https://www.scopus.com/pages/publications/85079269983?origin=resultslist","Central Asia is projected to experience significant climate change, combined with increased weather volatility. Agriculture is a key economic sector and a major source of livelihoods for Central Asia’s predominantly rural population, especially for the poor. Agricultural production, being sensitive to weather shocks and climate volatility, may be negatively affected by climate change if no adaptive actions are taken. Climate smart technologies could help in strengthening the resilience of agricultural producers in the region to increased weather variability due to climate change. This study identifies the key barriers and opportunities for a wider adoption of climate smart technologies and also evaluates their potential impacts on agricultural revenues of differentiated groups of agricultural producers, with a focus on the poor. Adoption of climate smart agricultural technologies was found to raise farming profits of both poorer and richer households, although these positive impacts may likely to be higher for richer households. The study also shows that policies facilitating improved access to markets and agricultural extension services, as well as higher commercialization of household agricultural output may increase the adoption of climate smart agricultural technologies in the region. © FAO 2018.","","","Book chapter","Final","All Open Access; Green Open Access; Hybrid Gold Open Access","Scopus","2-s2.0-85079269983"
"Siminyu P.; Oluoch-Kosura W.; de Groote H.; Mbau J.S.","Siminyu, Philip (57203115291); Oluoch-Kosura, Willis (7801682138); de Groote, Hugo (57197763228); Mbau, Judith Syombua (56536942700)","57203115291; 7801682138; 57197763228; 56536942700","Assessing the contribution of climate-smart agricultural practices to the resilience of maize farmers in Bungoma County, Kenya","2021","African Journal of Agricultural and Resource Economics","16","2","","126","139","4","10.53936/afjare.2021.16(2).09","https://www.scopus.com/pages/publications/85123800852?origin=resultslist","Climate variability threatens farmers’ livelihoods. Efforts to address climate stress recognise climate-smart agriculture (CSA) as a promising approach to minimising the damage caused by increasing weather variability. However, the effect of CSA practices on the resilience of maize farmers in the face of climate variability is not well understood. This study assesses the effects of CSA practices on the resilience of maize farmers. Using primary data from 250 randomly sampled maize farmers in Kenya, a resilience index was generated and then analysed using a structural equation model. The results show that CSA practices increase the resilience of farmers, suggesting enhanced resilience to climate variability. CSA practices improve farmers’ food security and welfare, and their adoption should be promoted. © 2021","Climate-smart agricultural practices; resilience index; stress; structural equation model","","Article","Final","All Open Access; Bronze Open Access","Scopus","2-s2.0-85123800852"
"Teklewold H.; Mekonnen A.; Kohlin G.; DI Falco S.","Teklewold, Hailemariam (12791629500); Mekonnen, Alemu (6701680083); Kohlin, Gunnar (6506771832); DI Falco, Salvatore (55969775400)","12791629500; 6701680083; 6506771832; 55969775400","Does adoption of multiple climate-smart practices improve farmers' climate resilience? Empirical evidence from the Nile Basin of Ethiopia","2017","Climate Change Economics","8","1","1750001","","","104","10.1142/S2010007817500014","https://www.scopus.com/pages/publications/85027067240?origin=resultslist","There is a paucity of information on conditioning factors that hinder or promote adoption of multiple climate-smart practices and on the synergies among such practices in increasing household resilience by improving agricultural income. This study analyzes how heat, rainfall, and rainfall variability affect farmers' choices of a portfolio of potential climate smart practices- A gricultural water management, improved crop seeds, and fertilizer- A nd the impact of these practices on farm income in the Nile Basin of Ethiopia. We apply a multinomial endogenous switching regression approach by modeling combinations of practices and net farm income for each combination as depending on household and farm characteristics and on a set of climatic variables based on geo-referenced historical precipitation and temperature data. A primary result of this study is that farmers are less likely to adopt fertilizer (either alone or in combination with improved varieties) in areas of greater rainfall variability. However, even when there is high variability in rainfall, farmers are more likely to adopt these two yield-increasing inputs when they choose to (and are able to) include the third part of the portfolio: Agricultural water management. Net farm income responds positively to agricultural water management, improved crop variety or fertilizer when they are adopted in isolation as well as in combination. But this effect is greater when these practices are combined. Simulation results suggest that a warming temperature and decreased precipitation in future decades will make it less likely that farmers will adopt practices in isolation but more likely that they will adopt a combination of practices. Hence, a package approach rather than a piecemeal approach is needed to maximize the synergies implicit in various climate smart practices. © 2017 World Scientific Publishing Company.","Ethiopia; farm income; multinomial endogenous switching; Multiple climate-smart practices; precipitation; temperature","","Article","Final","","Scopus","2-s2.0-85027067240"
"Hughes N.; Lawson K.","Hughes, Neal (23985372700); Lawson, Kenton (7103032522)","23985372700; 7103032522","Climate adjusted productivity on Australian cropping farms","2017","New Directions in Productivity Measurement and Efficiency Analysis: Counting the Environment and Natural Resources","","","","173","194","4","10.4337/9781786432421.00012","https://www.scopus.com/pages/publications/85040678235?origin=resultslist","This chapter presents a method of controlling for climate effects on firm-level productivity measures. The approach involves applying non-parametric (machine learning) regression methods to large spatio-temporal data sets where firm productivity is observed for many time periods and locations. This method is applied to the Australian broadacre cropping industry, using Australian Bureau of Agricultural and Resource Economics and Sciences (ABARES) farm survey data for the period 1977-78 to 2014-15 and climate data from the Australian Water Availability Project (AWAP). The study demonstrates the importance of controlling for climate variability and change when measuring productivity in agriculture, particularly on cropping farms. The results show a significant deterioration in climate conditions for cropping over the last 15 to 20 years, particularly in southern Australia. After the effects of climate have been removed a clear picture of underlying productivity trends emerges, with a slowdown in productivity growth after 1993-94 and a rebound since 2007-08. © Tihomir Ancev, M.A. Samad Azad and Francesc Hernández-Sancho 2017. All rights reserved.","","","Book chapter","Final","","Scopus","2-s2.0-85040678235"
"Yao L.; Jin M.","Yao, Lianxiao (57730064900); Jin, Minghui (58295004700)","57730064900; 58295004700","The uneven impact of temperature on the macroeconomy: a perspective on total factor productivity","2025","Economic Change and Restructuring","58","4","54","","","1","10.1007/s10644-025-09898-9","https://www.scopus.com/pages/publications/105009881502?origin=resultslist","The economic ramifications of climate change have drawn growing attention, yet empirical evidence on how temperature dynamics influence total factor productivity (TFP) in China remains limited. This study constructs a city-level TFP index based on a Cobb–Douglas production function, using balanced panel data from 278 Chinese cities spanning 2000–2022. A fixed effects model is employed to identify the nonlinear impact of temperature on TFP. The results reveal a statistically significant inverted U-shaped relationship, with the marginal effect of temperature on TFP peaking at 13.34 °C. The mechanism analysis indicates that temperature affects TFP through internal factor inputs, by altering the efficiency of labour and capital utilisation efficiency, and external environmental channels such as air pollution, energy consumption, and ecosystem service degradation. The heterogeneity analysis further suggests that urban sensitivity to climate change varies by region, industrial structure, income level, and resource dependence. These findings uncover the mechanisms linking climate variability and economic productivity, and provide empirical support for differentiated climate adaptation policies aimed at sustaining long-term productivity under environmental constraints. © The Author(s), under exclusive licence to Springer Science+Business Media, LLC, part of Springer Nature 2025.","Capital productivity; Climate change; Nonlinear; Temperature shock; Total factor productivity","capital; climate change; macroeconomics; nonlinearity; temperature effect; total factor productivity","Article","Final","","Scopus","2-s2.0-105009881502"
"Bandyopadhyay S.; Skoufias E.","Bandyopadhyay, Sushenjit (12791081700); Skoufias, Emmanuel (6701503448)","12791081700; 6701503448","Rainfall variability, occupational choice, and welfare in rural Bangladesh","2015","Review of Economics of the Household","13","3","","589","634","33","10.1007/s11150-013-9203-z","https://www.scopus.com/pages/publications/84938569614?origin=resultslist","The determinants of occupational focus versus diversification between household members in rural Bangladesh are investigated as an autonomous and proactive adaptation strategy against ex ante local rainfall variability risks. Nationally representative household level survey data are combined with historical climate variability information at the Upazila level. Flood prone Upazilas are distinguished from non-flood prone Upazilas, since the latter may be susceptible to higher risks from local rainfall variability. Adult members of the same household are found to be less likely than the household head to be self-employed in agriculture in areas with high local rainfall variability. Moreover, it is shown that occupational diversification comes at a cost in terms of lower household-level welfare (consumption). The effects of three policy actions, such as access to credits, safety net, and markets are considered. Access to market appears to be more effective in reducing the likelihood of costly within household occupational diversification as an ex ante climate risk reducing strategy as compared to access to credit and safety nets. © 2013, Springer Science+Business Media New York.","Bangladesh; Climate variability; Rural occupation; Welfare","","Article","Final","","Scopus","2-s2.0-84938569614"
"Nyberg Y.; Wetterlind J.; Jonsson M.; Öborn I.","Nyberg, Ylva (54882391900); Wetterlind, Johanna (23135852400); Jonsson, Mattias (57207891979); Öborn, Ingrid (6603562608)","54882391900; 23135852400; 57207891979; 6603562608","Factors affecting smallholder adoption of adaptation and coping measures to deal with rainfall variability","2021","International Journal of Agricultural Sustainability","19","2","","175","198","16","10.1080/14735903.2021.1895574","https://www.scopus.com/pages/publications/85102902309?origin=resultslist","Rainfall variability is becoming more profound in East Africa. Smallholders relying on rainfed agriculture are particularly affected and need to adapt their farming systems accordingly. This study examined the measures small-scale farmers use to adapt to, or cope with rainfall variability and their rated perceived effectiveness. It also explored limitations to adoption of measures and sources of learning measures. Questionnaire-based interviews were held with 80 smallholder farmers, both female and male, living in Kisumu and Trans Nzoia counties in Kenya who had regular or sporadic access to advisory services (denoted trained and non-trained farmers). Trained farmers used more adaptation measures, especially of the measures perceived to be more effective, than non-trained farmers. Female farmers felt more limited by lack of knowledge than male farmers, while money, land and labour limited the smallholder farmers equally. Few measures were used to overcome limitations, but several limitations were covered within the advisory package used for trained farmers, and therefore large differences were seen not only in numbers of measures used, but also in the choice of measures and perceived effectiveness of use. Thus advisory services and policy interventions can play important roles in future efforts to improve adoption of measures. © 2021 The Author(s). Published by Informa UK Limited, trading as Taylor & Francis Group.","Adaptation measures; advisory service; coping; Kenya; vulnerability","Kenya; Kisumu [Kenya]; Trans Nzoia; detection method; policy approach; rainfall; rainfed agriculture; smallholder","Article","Final","All Open Access; Hybrid Gold Open Access","Scopus","2-s2.0-85102902309"
"Joglekar S.; Rajurkar A.; Kawale P.","Joglekar, Sarika (60259015700); Rajurkar, Ashwini (58169731500); Kawale, Paurnima (60740087900)","60259015700; 58169731500; 60740087900","Intelligent IoT Sensing Systems for Real-Time Irrigation Optimization","2026","International Journal of Computer Information Systems and Industrial Management Applications","18","3s","","396","410","0","10.70917/ijcisim-2026-2338","https://www.scopus.com/pages/publications/105045966815?origin=resultslist","Irrigation takes up a significant portion of the total global use of freshwater, and traditional irrigation systems are not efficient because they are not dynamically timed, slow to provide feedback, and lose the ability to respond to real-time soil and climate variability. These restrictions cause impoverished water consumption, unbalanced crop irrigation, energy consumption, and less sustainability of agriculture. This paper is intended to design and test an intelligent IoT sensing system to optimize irrigation in real time to increase water-use efficiency without jeopardizing optimal crop health. Its main purposes are to allow 24/7 monitoring of the fields and make irrigation decisions based on data and reduce the human input (by automation). The suggested methodology combines low-cost internet of Things sensors of soil moisture, temperature, and humidity and the environmental parameters with the edge-assisted data processing and cloud-based analytics. The sensor information is sent through a wireless network to an intelligent decision layer whereby a rule based fuzzy logic algorithm is used to dynamically control the irrigation time and frequency in response to real-time field conditions. Machine learning models are also used to analyze historical data to increase the predictive accuracy and system flexibility. It has been experimentally evaluated that the proposed system can reduce water consumption by 28-35%, respond to irrigation faster by 40% and enhance crop water-use efficiency by about 22% relative to time-based irrigation systems. There were more than 95% system reliability and decision accuracy at varying environments. The smart IoT sensing architecture offers a solution that is effective, scalable, and low-energy consumption-based optimization of real-time irrigation to enable sustainable agriculture and climate-resilient farming methods. © 2026, Cerebration Science Publishing. All rights reserved.","Edge computing; Intelligent irrigation; Internet of Things (IoT); Precision agriculture; Real-time sensing; Water-use efficiency","","Article","Final","All Open Access; Gold Open Access","Scopus","2-s2.0-105045966815"
"Dono G.; Cortignani R.; Giraldo L.; Pasqui M.; Roggero P.P.","Dono, Gabriele (35781537200); Cortignani, Raffaele (33467498100); Giraldo, Luca (36170383500); Pasqui, Massimiliano (6602667252); Roggero, Pier Paolo (7006016139)","35781537200; 33467498100; 36170383500; 6602667252; 7006016139","Income impacts of climate change: Irrigated farming in the Mediterranean and expected changes in probability of favorable and adverse weather conditions","2014","German Journal of Agricultural Economics","6","3","","177","186","5","","https://www.scopus.com/pages/publications/84906933196?origin=resultslist","EU rural development policy (RDP) regulation 1305/2013 aims to protect farmers' incomes from ongoing change of climate variability (CCV), and the increase in frequency of adverse climatic events. An income stabilization tool (IST) is provided to compensate drastic drops in income, including those caused by climatic events. The present study examines some aspect of its application focussing on Mediterranean irrigation area where frequent water shortages may generate significant income reductions in the current climate conditions, and may be further exacerbated by climate change. This enhanced loss of income in the future would occur due to a change in climate variability. This change would appreciably reduce the probability of weather conditions that are favourable for irrigation, but would not significantly increase either the probability of unfavourable weather conditions or the magnitude of their impact. As the IST and other insurance tools that protect against adversity and catastrophic events are only activated under extreme conditions, farmers may not consider them to be suitable in dealing with the new climate regime. This would leave a portion of the financial resources allocated by the RDP unused, resulting in less support for climate change adaptation.","discrete stochastic programming; Economic impact of climate change; Insurance tools for adaptation to climate change; Irrigated agriculture and climate change; RDP measures to adapt to climate change","","Article","Final","","Scopus","2-s2.0-84906933196"
"Dhehibi B.; Souissi A.; Frija A.; Fouzai A.; Idoudi Z.; Abdeladhim M.; Devkota M.; Rekik M.","Dhehibi, Boubaker (6507201666); Souissi, Asma (57194504379); Frija, Aymen (26664448200); Fouzai, Ayoub (37096953700); Idoudi, Zied (57819829700); Abdeladhim, Mohamed (35589410200); Devkota, Mina (55613341400); Rekik, Mourad (7004483539)","6507201666; 57194504379; 26664448200; 37096953700; 57819829700; 35589410200; 55613341400; 7004483539","Assessing technical efficiency of crop–livestock systems under conservation agriculture: exploring the potential for sustainable system transformation in Tunisia","2026","Management and Sustainability","5","3","","574","593","0","10.1108/MSAR-04-2024-0024","https://www.scopus.com/pages/publications/86000651884?origin=resultslist","Purpose – This study was conducted in four semi-arid regions in Tunisia – Kef, Siliana, Zaghouan and Kairouan – which have a similar agroecological system based on crop–livestock integration and experience serious soil erosion. The study objective is to estimate the technical efficiency of farmers engaged in mixed crop–livestock systems under conservation agriculture (CLCA) and conventional agriculture in rainfed areas of Tunisia. Design/methodology/approach – The study analyzed data from socio-economic surveys conducted in the Tunisian rainfed areas during the 2020–2021 cropping season. A stochastic frontier analysis was used to estimate farm-level technical efficiency and its main driving factors for both adopter and non-adopter farmers. Findings – The current average technical efficiency level of farmers was 91%. Inputs such as land size and livestock type were significant in increasing farm production. From the estimated coefficients of the inefficiency effects model, five major factors were tested: farmer’s age, education level, dependency ratio, access to credit and extension services. Age and education level positively affected the technical efficiency level. Research limitations/implications – This study has potential limitations. To estimate measures of productivity and technical efficiency, we need output and input measures that are consistently defined and independently measured. The choice of output measure depends on several factors, including data availability and analytical purpose. Since we are dealing with different farms that have different combinations of enterprises, in this reach we approximated the total output by combining the total values of outputs (from both crops and livestock) into one dependent variable to overcome this threat. Practical implications – Providing farmers with accurate and reliable extension information through both conventional and non-conventional technologies (e.g. video, and mobile phones) and improving their educational level through farmers’ field schools are crucial. Combining CLCA practices with improving technical efficiency of farmers in optimal use of inputs through providing training programs, extension services and access to credit for inputs (e.g. small machinery and livestock feed) can contribute substantially to farm productivity, thus enhancing food security in the face of climate change in Tunisian semi-arid areas and other similar contexts. Originality/value – This empirical research provide evidence on how to improve crop-livestock productivity through diversification under conservation agriculture (CA) system, and reduce the effect of climate variability, it is imperative to provide the enabling environment that will facilitate and encourage production of these output combinations among smallholders in rainfed areas. © Emerald Publishing Limited","Conservation agriculture; Integrated crop–livestock farming; Resource-conserving technology; Stochastic frontier; Technical efficiency; Tunisia","","Article","Final","","Scopus","2-s2.0-86000651884"
"Auci S.; Vignani D.","Auci, Sabrina (14832154000); Vignani, Donatella (57214137342)","14832154000; 57214137342","Climate variability and agriculture in Italy: a stochastic frontier analysis at the regional level","2020","Economia Politica","37","2","","381","409","18","10.1007/s40888-020-00172-x","https://www.scopus.com/pages/publications/85078254496?origin=resultslist","In the next future, climate change effects will represent a challenge for Europe and the Mediterranean area. These will have to cope with a rapid increase in climate variability. Although many economic sectors may be affected, agriculture is the most susceptible as climate heavily affects crop production trends, yield variability and the availability of areas suitable for cultivation. Using the stochastic frontier approach, the aim of this work is to analyse the impacts of climate variability on Italian regional technical efficiency in the agricultural sector for a period spanning from 2000 to 2009. Considering that technical inefficiency could be influenced by two main annual meteorological variables—the deviation of rainfalls and minimum temperature from the 1971–2000 mean value—and by seasonal rainfalls and minimum temperature moving average values, we find that annual, as well as spring and autumn rainfalls, have significant and beneficial effects on efficiency and hence on regional crop yields. The minimum temperature is efficiency-increasing in summer and winter while is detrimental in autumn. © 2020, Springer Nature Switzerland AG.","Agricultural sector; Climate change; Climate variability; Italian regions technical efficiency; Stochastic frontier approach","","Article","Final","","Scopus","2-s2.0-85078254496"
"Partey S.T.; Zougmoré R.B.; Ouédraogo M.; Campbell B.M.","Partey, Samuel T. (36782962200); Zougmoré, Robert B. (6602362794); Ouédraogo, Mathieu (7003466627); Campbell, Bruce M. (36071718900)","36782962200; 6602362794; 7003466627; 36071718900","Developing climate-smart agriculture to face climate variability in West Africa: Challenges and lessons learnt","2018","Journal of Cleaner Production","187","","","285","295","250","10.1016/j.jclepro.2018.03.199","https://www.scopus.com/pages/publications/85046038093?origin=resultslist","This paper reviewed the prospects for climate-smart agriculture (CSA) development and promotion in West Africa as well as lessons learnt and challenges with a focus on climate change and variability. It was evident from the literature that West Africa is vulnerable to climate change and variability, on account of its socio-economic and physical characteristics. As climate change and variability persists, the region's quest to use agriculture as the mainstream opportunity to deliver on set targets of the sustainable development goals will be strongly challenged without appropriate interventions. Adopting CSA seems to be a suitable strategy to achieving food security while also mitigating and adapting to climate-related risks. Among numerous CSA technologies, the review found (1) agroforestry (farmer-managed natural regenerations), soil and water conservation technologies (zai, half-moon, tie/contour ridges, conservation agriculture) and (3) climate information services as highly valued promising options for climate change adaptation and risk management in West Africa. In addition, institutional settings at the community, national and regional levels such as the establishment of multi-stakeholder innovation platforms, national science policy dialogue platforms on CSA in parts of West Africa and the formulation of the West Africa CSA Alliance were found to be crucial in promoting capacity development and awareness of CSA technologies and innovations in the region. The review found that CSA still faces a number of challenges, including: lack of clear conceptual understanding, limited enabling policy and financing. The prospects of CSA in West Africa hinge on the capacities of farming households and the region's national institutions to understand the environmental, economic and social challenges in the context of climate change, and consequently self-mobilize to develop and implement responsive policies at appropriate scales. © 2018 The Authors","Agroforestry; Climate information services; Institutions; Policies; Soil & water conservation","Agriculture; Food supply; Information services; Public policy; Risk management; Societies and institutions; Soil conservation; Sustainable development; Water conservation; Agroforestry; Climate change adaptation; Conceptual understanding; Conservation agricultures; Institutional setting; National institutions; Physical characteristics; Soil and water conservation; Climate change","Review","Final","All Open Access; Green Open Access; Hybrid Gold Open Access","Scopus","2-s2.0-85046038093"
"Daliakopoulos I.N.; Tsanis I.K.","Daliakopoulos, Ioannis N. (8527666300); Tsanis, Ioannis K. (56840353800)","8527666300; 56840353800","Climate-induced catastrophic shifts in pastoralism systems managed under the maximum sustainable yield model","2014","Operational Research","14","2","","177","188","6","10.1007/s12351-014-0156-7","https://www.scopus.com/pages/publications/84905192856?origin=resultslist","The effects of the foreseen change in precipitation and temperature on dynamic grazing systems that are managed under the hypothesis of the maximum sustainable yield (MSY) are assessed. The standard Gordon Schaefer approach that relates the rate of above-ground vegetation production to biomass consumption by herbivores is adopted to simulate the grazing system. In order to account for future climate variability, the model is modified using principles from water balance hydrology, thus introducing vegetation growth limitations due to climatic aridity. The model is applied for an equilibrium established under the much criticized MSY hypothesis that assumes the optimum herbivore density for maximum biomass removal. Sensitivity analysis results indicate that as climate changes towards a warmer and drier future, the probability of a low ecological stability grazing system to collapse increases, especially in arid environments where water is a limited resource. Such sudden shifts that lead to undesirable stable states of arid ecosystems are investigated by the CASCADE EU project. © 2014 Springer-Verlag Berlin Heidelberg.","Catastrophic shifts; Climate change; Desertification; Drylands; Grazing; Maximum sustainable yield","","Article","Final","","Scopus","2-s2.0-84905192856"
"Ljungqvist F.C.; Thejll P.; Christiansen B.; Seim A.; Hartl C.; Esper J.","Ljungqvist, Fredrik Charpentier (26323314800); Thejll, Peter (55977051700); Christiansen, Bo (7005170580); Seim, Andrea (36708632800); Hartl, Claudia (56043409000); Esper, Jan (8576228100)","26323314800; 55977051700; 7005170580; 36708632800; 56043409000; 8576228100","The significance of climate variability on early modern European grain prices","2022","Cliometrica","16","1","","29","77","36","10.1007/s11698-021-00224-7","https://www.scopus.com/pages/publications/85102309612?origin=resultslist","Grain was the most important food source in early modern Europe (c. 1500–1800), and its price influenced the entire economy. The extent to which climate variability determined grain price variations remains contested, and claims of solar cycle influences on prices are disputed. We thoroughly reassess these questions, within a framework of comprehensive statistical analysis, by employing an unprecedentedly large grain price data set together with state-of-the-art palaeoclimate reconstructions and long meteorological series. A highly significant negative grain price–temperature relationship (i.e. colder = high prices and vice versa) is found across Europe. This association increases at larger spatial and temporal scales and reaches a correlation of -0.41 considering the European grain price average and previous year June–August temperatures at annual resolution, and of -0.63 at decadal timescales. This strong relationship is of episodic rather than periodic (cyclic) nature. Only weak and spatially inconsistent signals of hydroclimate (precipitation and drought), and no meaningful association with solar variations, are detected in the grain prices. The significant and persistent temperature effects on grain prices imply that this now rapidly changing climate element has been a more important factor in European economic history, even in southern Europe, than commonly acknowledged. © 2021, The Author(s).","Drought variability; Early modern period; Europe; Grain prices; Harvest yields; Solar variability; Temperature variability","","Article","Final","All Open Access; Green Open Access; Hybrid Gold Open Access","Scopus","2-s2.0-85102309612"
"Kandulu J.M.; Bryan B.A.; King D.; Connor J.D.","Kandulu, John M. (34872419200); Bryan, Brett A. (7005323700); King, Darran (15729376600); Connor, Jeffery D. (24170934600)","34872419200; 7005323700; 15729376600; 24170934600","Mitigating economic risk from climate variability in rain-fed agriculture through enterprise mix diversification","2012","Ecological Economics","79","","","105","112","57","10.1016/j.ecolecon.2012.04.025","https://www.scopus.com/pages/publications/84862227058?origin=resultslist","Climate variability, and its increase with climate change, pose substantial economic risks to agriculturalists and hence, limit their ability to respond to global challenges such as food security. Enterprise mix diversification is the most common, and is widely regarded as the most effective, strategy for mitigating multiple sources of short-term economic risk to agricultural enterprises. However, assessments of enterprise mix diversification as a strategy for mitigating climate risks to ensure long term viability of agricultural enterprises are sparse. Using the Lower Murray region in southern Australia as a case study, we combined APSIM modelling with Monte Carlo simulation, probability theory, and finance techniques, to assess the extent to which enterprise mix diversification can mitigate climate-induced variability in long term net returns from rain-fed agriculture. We found that diversification can reduce the standard deviation by up to A$200ha -1, or 52% of mean net returns; increase the probability of breaking even by up to 20%, and increase the mean of 10% of worst probable annual net returns (Conditional Value at Risk) by up to A$100ha -1. We conclude that enterprise mix diversification can also be an effective strategy for hedging against climate-induced economic risk for agriculturalists in marginal areas. © 2012 Elsevier B.V..","Adaptation; Agricultural enterprise; Climate variability; Economic net returns; Finance; Monte Carlo; Yield uncertainty","Australia; adaptation; climate change; climate variation; ecological economics; economic analysis; economic impact; food security; Monte Carlo analysis; numerical model; rainfed agriculture; risk factor; uncertainty analysis","Article","Final","","Scopus","2-s2.0-84862227058"
"Qamar M.U.; He J.; Shahid M.A.; Usman M.; Zaman M.; Azmat M.; Eslamian S.","Qamar, Muhammad Uzair (58146112500); He, Jianxun (55839333400); Shahid, Muhammad Adnan (58282121800); Usman, Muhammad (58890339800); Zaman, Muhammad (57210742218); Azmat, Muhammad (57192007192); Eslamian, Saeid (15724845200)","58146112500; 55839333400; 58282121800; 58890339800; 57210742218; 57192007192; 15724845200","Impact of Changing Climate on the Streamflow","2024","Handbook of Climate Change Impacts on River Basin Management: Fundamentals and Impacts","","","","268","291","0","10.1201/9781003473336-23","https://www.scopus.com/pages/publications/85208870435?origin=resultslist","The climate change-related complexities in natural processes pose serious threats to its integrity in terms of water resource governance, management, and use. The agricultural and industrial sectors are the main drivers behind the region's economy, and the competition between these major users of water resources is increasing due to the intensification of agriculture in the area, population shift to cities, industrialization, and climate change. Increasing population, stagnant or reducing agricultural productivity, enhancing industrialization, increasing dependence on low-quality groundwater, high risk of climate variability, and unplanned urban growth are harsh realities of the region encompassing the Indus basin. The situation has led to an alarming reduction in agriculture productivity per unit of applied water. Moreover, the inability of the regional irrigation departments to recover the costs required for the maintenance of irrigation infrastructure is severely affecting its sustainability. Apart from being financially unfeasible, the other elements of the irrigation system responsible for diminishing canal water availability, groundwater overdraft, and inefficient methods of irrigation are even greater threats. This chapter explores the climate change-related threats and vulnerabilities associated with the Indus waters. It also proposes solutions to the analytical dimension of water-related issues encountered in the region through a comprehensive analysis of the problem. The chapter concludes with a discussion of sustainable management alternatives for efficient management, equitable distribution, and sustainable use of Indus water resources. © 2024 selection and editorial matter, Saeid Eslamian, Mir Bintul Huda, Nasir Ahmad Rather, and Faezeh Eslamian.","","","Book chapter","Final","","Scopus","2-s2.0-85208870435"
"Arslan A.; Asfaw S.; Cavatassi R.; Lipper L.; McCarthy N.; Kokwe M.; Phiri G.","Arslan, Aslihan (55221633000); Asfaw, Solomon (25627457300); Cavatassi, Romina (8861797300); Lipper, Leslie (6505952338); McCarthy, Nancy (55412448600); Kokwe, Misael (56537034400); Phiri, George (8682260900)","55221633000; 25627457300; 8861797300; 6505952338; 55412448600; 56537034400; 8682260900","Diversification as part of a CSA strategy: The cases of Zambia and Malawi","2018","Natural Resource Management and Policy","52","","","527","562","19","10.1007/978-3-319-61194-5_22","https://www.scopus.com/pages/publications/85059923276?origin=resultslist","Climate variability, associated with farm-income variability, is recognized as one of the main drivers of livelihood diversification strategies in developing countries. In this chapter, we present a synthesis of two comprehensive studies from Zambia and Malawi on the drivers of diversification and its impacts on selected welfare outcomes with a specific attention to climatic variables and institutions. We use geo-referenced farm-household-level data merged with data on historical rainfall and temperature as well as with administrative data on relevant institutions. The two case studies demonstrate that diversification is clearly an adaptation response, as long term trends in climatic shocks have a significant effect on livelihood diversification, albeit with different implications. Whereas the long term variation in growing period rainfall is associated with increased crop, labour and income diversification in Malawi, it is only associated with increased livestock diversification in Zambia. With regard to institutions, we find that access to extension agents positively and significantly correlates with crop diversification in both countries, underlining the role of extension in promoting more resilient farming systems in rural Zambia and Malawi. Fertilizer subsidies are among the most important agricultural policies in both countries, where they significantly affect incentives for income diversification-though in opposing ways-providing important policy implications. The two case studies document distinct ways in which incentives for livelihood diversification (measured along different dimensions) are shaped by increased variability in rainfall and rural institutions. The results also demonstrate that diversification can be an effective adaptation response and the risk-return trade-offs are not as pronounced as might be expected. © FAO 2018.","","","Book chapter","Final","All Open Access; Green Open Access; Hybrid Gold Open Access","Scopus","2-s2.0-85059923276"
"Saediman H.; Lasmin L.O.; Limi M.A.; Rianse U.; Geo L.","Saediman, Haji (56544531600); Lasmin, La Ode (57214930951); Limi, Muhammad Aswar (57192423506); Rianse, Usman (56094944400); Geo, Laode (57189903635)","56544531600; 57214930951; 57192423506; 56094944400; 57189903635","Rice farmers’ perception of climate variability in south konawe district of Southeast Sulawesi","2020","International Journal of Scientific and Technology Research","9","2","","3128","3132","12","","https://www.scopus.com/pages/publications/85079516606?origin=resultslist","Climate variability can have severe impacts on agriculture, especially on rice as the water-intensive crop that depends heavily on precipitation and temperature. This research aimed to find out perception of rice farmers toward climate variability. The study was conducted in Cialam Jaya village, Konda sub-district, South Konawe district, Southeast Sulawesi. Data were collected using a questionnaire-based interview method and Focus Group Discussion. Sixty-seven rice farmers were selected as respondents using simple random sampling method. Descriptive statistics was used to analyze the data. A large percentage of farmers perceived increased temperature, erratic rainfall, and increased extreme weather events, and the climate data supported these perceptions. A large percentage of farmers also believed that climate variability had impact on rice farming, which included changes in planting calendar, flooding, difficulty in harvesting, pest and disease occurrence, and increased frequency of droughts. Information on these local perceptions can be used to design adaptation strategies to improve rice production system to be more efficient and adaptable to climate variability in the future. © IJSTR 2020.","Climate variability; Farmers; Perception; Rice farming; Sulawesi","","Article","Final","","Scopus","2-s2.0-85079516606"
"Mbae Njoroge C.G.; O'Donoghue C.","Mbae Njoroge, Casty Gatakaa (60120220100); O'Donoghue, Cathal (6602526305)","60120220100; 6602526305","Psychological factors that influence farmers' intention to adopt climate resilience agriculture: Evidence from kenya","2025","Sustainable Futures","10","","101366","","","1","10.1016/j.sftr.2025.101366","https://www.scopus.com/pages/publications/105017455581?origin=resultslist","Agriculture is the mainstay of Sub-Saharan Africa's (SSA) economy, yet the sector's productivity is declining due to climate change, extreme weather variability, and population pressure. Despite several initiatives, the adoption of climate-resilient agriculture (CRA) by farmers remains low. Focusing on Kenya, this study utilises an extended Theory of Planned Behaviour (TPB) Model to examine socio-psychological factors influencing farmers in adopting CRA. This fills a knowledge gap, as it goes beyond traditional cost-benefit analyses by considering individual and community-level behaviors, attitudes, and capabilities. The study also contributes to the TPB literature by extending its scope to include ABC, perceived usefulness, perceived barriers/drivers, and farm and farmer characteristics. © 2025","climate change; farmers; psychology; sustainable agriculture; Theory of Planned Behaviour","","Article","Final","All Open Access; Gold Open Access; Green Open Access","Scopus","2-s2.0-105017455581"
"Kalli R.; Jena P.R.","Kalli, Rajesh (57214819882); Jena, Pradyot Ranjan (23568135000)","57214819882; 23568135000","How large is the farm income loss due to climate change? Evidence from India","2022","China Agricultural Economic Review","14","2","","331","348","16","10.1108/CAER-11-2020-0275","https://www.scopus.com/pages/publications/85123842900?origin=resultslist","Purpose: Climate change is the most concerned issue in the global economy; increase in climate variability and uncertain climate events have caused distress in agriculture sector. The study estimates economic effect of climate change on agriculture income for the Indian state of Karnataka. The study reports the difference of result from past studies, where estimates from present study indicate higher negative impact of rise in temperature. Design/methodology/approach: Fixed effect panel regression method was used to examine change in agriculture revenue to climate response. Climate variables were classified based on the crop calendar to capture the damage caused by climate change. The authors use fine scale climate data set constructed at regional context for 20 districts and time period of 21 years (1992–2012). Findings: The result showed that with 1-degree rise in average maximum temperature, the revenue declined by 17–21%. The prediction behavior of the different models was evaluated using out-of-sample forecast approach by training and testing historical data set. Originality/value: The study adopts recent data sets on agriculture and the updated climate variables to estimate the climate change impact on agriculture. The study yields the better results when compared to previous traditional models applied in literature in Indian context. The study further evaluates the prediction behavior and robustness of the estimated models using out-of-sample forecast method. © 2022, Emerald Publishing Limited.","Agriculture income; Climate change; Panel data; Ricardian approach","","Article","Final","","Scopus","2-s2.0-85123842900"
"Nanda M.K.","Nanda, M.K. (59553039800)","59553039800","Micro-Climate and Its Management for Building Resilience","2025","Sustainable Production and Food Security: An Overview Through Climate Smart Agricultural Interventions","","","","209","218","1","10.1142/9789811296062_0012","https://www.scopus.com/pages/publications/105013734506?origin=resultslist","Microclimate management is building resilience within agricultural systems. Microclimate, the localized atmospheric conditions within specific regions, significantly influences crop performance and overall agricultural productivity. As climate change exacerbates weather variability, understanding and effectively managing microclimates become imperative for enhancing resilience in agriculture. The utilization of various strategies for microclimate management includes agroforestry practices, precision agriculture technologies, and green infrastructure. These approaches aim to regulate temperature, humidity, and other microclimatic factors, mitigating the adverse impacts of extreme weather events and promoting stable and optimal conditions for crop growth. It integrates data-driven decision-making processes, incorporating real-time weather monitoring, and predictive modeling. This allows farmers to proactively respond to changing microclimatic conditions, optimizing resource allocation and enhancing adaptive capacity. The significance of microclimate management extends beyond immediate crop benefits; it contributes to broader agroecosystem resilience by promoting biodiversity, soil health, and sustainable water management practices. Ultimately, by focusing on micro-climate management, this chapter underscores a holistic approach to building resilience in agriculture, offering a pathway toward sustainable and climate-resilient food systems. © 2025 by World Scientific Publishing Co. Pte. Ltd. All rights are reserved.","Management; Microclimate; Resilience","Agribusiness; Agricultural technology; Climate change; Decision making; Livestock; Precision agriculture; Soils; Sustainable building; Agricultural productivity; Agricultural system; Atmospheric conditions; Crop performance; Localised; Management IS; Micro-climate; Microclimate; Resilience; Weather variability; Crops","Book chapter","Final","","Scopus","2-s2.0-105013734506"
"Kumar A.; Dixit P.; Ananth J.P.; Manoj S.O.; Panneerselvam S.","Kumar, Abhishek (57202087015); Dixit, Pooja (57218870092); Ananth, J.P. (57217446391); Manoj, S. Oswalt (60813848400); Panneerselvam, S. (60813869100)","57202087015; 57218870092; 57217446391; 60813848400; 60813869100","Agricultural Supply Chain Using Federated Learning","2026","Agricultural Supply Chain Optimization Using Federated Learning","","","","1","364","0","","https://www.scopus.com/pages/publications/105048762593?origin=resultslist","Master the next evolution of agricultural intelligence with this definitive guide to federated learning, providing decentralized, privacy-preserving strategies needed to optimize global supply chains without compromising data sovereignty. As global agriculture faces challenges such as climate variability, resource inefficiency, and data privacy concerns, traditional centralized AI systems struggle to operate at scale. Federated learning addresses these limitations by enabling decentralized, privacy-preserving model training across distributed datasets, supporting secure and collaborative optimization. This book explores how federated learning enhances precision farming, logistics optimization, and sustainable resource management through real-time, data-driven decision-making while respecting local variations and regulatory constraints. It bridges the gap between advanced AI technologies and practical agricultural supply chain management, covering foundational concepts, system architectures, and real-world implementations. Through case studies and applied insights, the book demonstrates how federated learning can improve productivity, reduce waste, and strengthen sustainability while maintaining data sovereignty. It offers a balanced perspective on both technical and managerial aspects, making it accessible to a wide audience while retaining depth for academic and industry professionals. © 2026 Scrivener Publishing LLC.","","Agribusiness; Agriculture; Artificial intelligence; Decision making; Information management; Privacy-preserving techniques; Smart agriculture; Sustainable agriculture; Sustainable development; Agricultural supply chains; AI systems; Centralised; Climate variability; Decentralised; Global supply chain; Model training; Optimisations; Privacy concerns; Privacy preserving; Supply chain management","Book","Final","","Scopus","2-s2.0-105048762593"
"Bublik N.; Čechura L.","Bublik, Nikolas (60134722700); Čechura, Lukáš (23968759500)","60134722700; 23968759500","Cost Pass-Through in Crisis: Evidence From the German Malt-Beer Supply Chain","2026","Agribusiness","","","","","","0","10.1002/agr.70091","https://www.scopus.com/pages/publications/105035074929?origin=resultslist","Global agri-food supply chains are increasingly exposed to geopolitical shocks, climate volatility, and market consolidation, factors that disrupt traditional price relationships and reshape market power dynamics. Nowhere is this more visible than in the brewing sector, where agricultural raw materials meet complex industrial processing and branded consumer goods. Focusing on Germany, Europe's largest malt and beer producer, this study traces price transmission from malting barley to final retail beer prices between 2010 and 2024. Using a Vector Error Correction Model (VECM) with structural break dummies and different regimes with and without an energy-related control variable, we identify how external disruptions, most notably the 2015 AB InBev–SABMiller merger, the COVID-19 pandemic, the August 2021 price surge, and the Russia-Ukraine war, altered price dynamics along the supply chain. The results show stable long-run price relationships along the German beer supply chain, but price transmission dynamics differ markedly between a stable period (2014–2021) and a more volatile crisis phase from 2021 onward. External shocks affect upstream and downstream prices differently, with upstream prices reacting more strongly. Energy prices emerge as a key transmission channel in the crisis phase, amplifying volatility and strengthening cost pass-through across the supply chain. These findings highlight the conditional nature of price transmission and the vulnerability of even consolidated agri-food chains to sustained external pressure. © 2026 The Author(s). Agribusiness published by Wiley Periodicals LLC.","brewing industry; external shocks; malting industry; market power; price transmission; VECM","","Article","Article in press","All Open Access; Hybrid Gold Open Access","Scopus","2-s2.0-105035074929"
"Macours K.; Premand P.; Vakis R.","Macours, Karen (9040521400); Premand, Patrick (56879209400); Vakis, Renos (13004456000)","9040521400; 56879209400; 13004456000","Transfers, Diversification and Household Risk Strategies: Can Productive Safety Nets Help Households Manage Climatic Variability?","2022","Economic Journal","132","647","","2438","2470","31","10.1093/ej/ueac018","https://www.scopus.com/pages/publications/85133592662?origin=resultslist","We present experimental evidence on a programme aimed at improving households' risk management through income diversification. The intervention targeted rural Nicaraguan households exposed to weather variability and combined a one-year conditional cash transfer with vocational training or a productive investment grant. Both complementary interventions provided protection against weather shocks two years after the programme ended. Households that received the productive investment grant also had higher average consumption levels. The complementary interventions facilitated income smoothing and diversification of economic activities. Relaxing capital constraints induced investments in non-Agricultural businesses, while relaxing skills constraints increased wage work and migration in response to shocks.  © 2022 The Author(s). Published by Oxford University Press.","","Nicaragua; climate variation; economic activity; household income; risk assessment; rural area; safety; training; wage","Conference paper","Final","","Scopus","2-s2.0-85133592662"
"Mahajan K.","Mahajan, Kanika (56589636100)","56589636100","Rainfall Shocks and the Gender Wage Gap: Evidence from Indian Agriculture","2017","World Development","91","","","156","172","45","10.1016/j.worlddev.2016.11.004","https://www.scopus.com/pages/publications/85006309154?origin=resultslist","In the context of climate change and its effect on poverty, previous studies have shown that productivity shocks in agriculture, such as rainfall variability, affect wages adversely. None of the studies, however, consider the heterogeneity in the impact of these shocks on agricultural wages by gender, a feature which has been studied for demand shocks in urban labor markets for developed countries. Using National Sample Survey data for India from 1993 to 2007, a district-level panel dataset is created to examine how a rainfall shock affects the gender wage gap. The study shows that both female and male wages are positively related to rainfall shocks. Hence, future studies must study the impact of labor market shocks in rural areas on both female and male wages separately. It also finds that the female-to-male wage ratio is significantly positively associated with a rainfall shock in regions where rainfed rice is cultivated, i.e., low (high) rainfall reduces (increases) the female-to-male ratio. The study demonstrates that this result is due to a positive association of demand for female labor with rainfall in these rainfed rice-growing regions. This finding is consistent with the greater marginal value of female labor in rice cultivation, which is also a crop highly sensitive to rainfall variability under rainfed conditions. The paper concludes that the effect of a rainfall shock on the gender wage gap depends upon the gender roles underlying the technology of production, which varies across cropping systems. © 2016 Elsevier Ltd","agriculture; Asia; gender; India; rainfall; wages","India; agriculture; gender disparity; gender role; rainfall; wage gap","Article","Final","","Scopus","2-s2.0-85006309154"
"Donadelli M.; Jüppner M.; Paradiso A.; Schlag C.","Donadelli, Michael (55418809600); Jüppner, Marcus (57195281503); Paradiso, Antonio (45561566000); Schlag, Christian (8576368500)","55418809600; 57195281503; 45561566000; 8576368500","Computing Macro-Effects and Welfare Costs of Temperature Volatility: A Structural Approach","2021","Computational Economics","58","2","","347","394","22","10.1007/s10614-020-10031-3","https://www.scopus.com/pages/publications/85089972731?origin=resultslist","We produce novel empirical evidence on the relevance of temperature volatility shocks for the dynamics of productivity, macroeconomic aggregates and asset prices. Using two centuries of UK temperature data, we document that the relationship between temperature volatility and the macroeconomy varies over time. First, the sign of the causality from temperature volatility to TFP growth is negative in the post-war period (i.e., 1950–2015) and positive before (i.e., 1800–1950). Second, over the pre-1950 (post-1950) period temperature volatility shocks positively (negatively) affect TFP growth. In the post-1950 period, temperature volatility shocks are also found to undermine equity valuations and other main macroeconomic aggregates. More importantly, temperature volatility shocks are priced in the cross section of returns and command a positive premium. We rationalize these findings within a production economy featuring long-run productivity and temperature volatility risk. In the model temperature volatility shocks generate non-negligible welfare costs. Such costs decrease (increase) when coupled with immediate technology adaptation (capital depreciation). © 2020, The Author(s).","Asset prices; Productivity; Temperature volatility; Welfare costs","","Article","Final","All Open Access; Green Open Access; Hybrid Gold Open Access","Scopus","2-s2.0-85089972731"
"Haile D.; Seyoum A.; Azmeraw A.","Haile, Dereje (60058800300); Seyoum, Abrham (57213715720); Azmeraw, Alemu (57226109852)","60058800300; 57213715720; 57226109852","Structural and stochastic poverty, shocks, and resilience capacity in rural Ethiopia","2023","Cogent Economics and Finance","11","2","2256124","","","8","10.1080/23322039.2023.2256124","https://www.scopus.com/pages/publications/85171387453?origin=resultslist","Whilst structurally poor households fall below the income and asset poverty line, stochastically poor households fall below the income poverty line but above the asset poverty line. This distinction suggests different challenges for the households in dealing with shocks and building the resilience to make a lasting escape from poverty. Accordingly, we examine the effect of shocks on structural and stochastic poverty, transitions, and the role of resilience as a mechanism for dealing with shocks and stochastic and structural poverty using the Ethiopian Socioeconomic Survey data. We find that recurrent and concurrent shocks adversely impact structural and stochastic poverty, whilst resilience capacities can curb poverty as shocks intensify. Access to irrigation, literacy, good vegetation cover, and non-farm economic activities help eradicate both structural and stochastic poverty. Rainfall variability, drought, conflict, input and output price volatility, and idiosyncratic shocks all drive both structural and stochastic poverty. However, the critical implication for policy is that reducing structural and stochastic poverty requires enhancing resilience capacity. This will require promoting symbiotic rural–urban links and rural revitalization to ensure a balanced mix of development. The findings suggest that two distinct sets of policies are required to protect against falling into poverty and sustain movements out of poverty, namely harmonizing cargo net and safety net policies. © 2023 The Author(s). Published by Informa UK Limited, trading as Taylor & Francis Group.","cox proportional hazard; panel data; poverty; rural Ethiopia; shocks","","Article","Final","All Open Access; Gold Open Access; Green Open Access","Scopus","2-s2.0-85171387453"
"Berihun D.; Van Steven P.","Berihun, Daregot (57203525458); Van Steven, Passel (57225898975)","57203525458; 57225898975","Climate variability and macroeconomic output in Ethiopia: the analysis of nexus and impact via asymmetric autoregressive distributive lag cointegration method","2022","Environment, Development and Sustainability","24","3","","4064","4087","6","10.1007/s10668-021-01604-9","https://www.scopus.com/pages/publications/85109743150?origin=resultslist","Ethiopia showed a rapid, yet, a none resilient economic growth much threatened by climate variability. In Ethiopia, the adverse effects of climate variability are stipulated among the significant factors constraining its economic development. There are relatively few studies about the adverse effects of climate variability on the Ethiopian macroeconomy. In this context, little is known about the exact effects of the ongoing climate variability on Ethiopian macroeconomic growth. This study intends to examine whether climate variability factors, for instance rainfall and temperature, have an effect on the macroeconomic output of Ethiopia. An asymmetric autoregressive distributive lag cointegration method is used to investigate time-series data for the years 1950–2014. Diagnostic tests show the relevance of the applied method and robustness of our results. The study finds climate variability affects Ethiopia’s economic growth in the long run. Rainfall and temperature fluctuation induce significant negative impacts. A percentage annual temperature variability for instance decreases the Ethiopian annual gross domestic yield (GDP) up to 4.5 percent. In the short run, climate variability particularly rainfall and temperature changes also have a profound effect on Ethiopia’s economic output. Within such confirmed climate change impacts, Ethiopia should carry out more on adapting and mitigating the impacts as it is presented on its climate-resilient economic growth policies and strategies. In spite of the policy contribution of the results, the study will motivate further research and will also serve as a benchmark for the coming Ethiopian studies. © 2021, The Author(s), under exclusive licence to Springer Nature B.V.","Economic output; Ethiopia; NARDL; Rainfall; Temperature","Ethiopia; climate change; cointegration analysis; economic development; economic growth; macroeconomics; spatiotemporal analysis; strategic approach","Article","Final","All Open Access; Hybrid Gold Open Access","Scopus","2-s2.0-85109743150"
"Balantrapu S.P.; Raghavender Raju G.; Mudigonda S.S.; Kalur L.A.","Balantrapu, Sai Prabhakar (60746834000); Raghavender Raju, G. (60746843400); Mudigonda, Satya Sai (57211599195); Kalur, Lalith Aditya (60746834100)","60746834000; 60746843400; 57211599195; 60746834100","Crop Price Prediction Using Machine Learning Techniques: An Indian Case Study of Wheat and Maize","2026","The Role of AI in Economic and Financial Forecasting","","","","387","425","0","10.4018/979-8-3373-3053-2.ch010","https://www.scopus.com/pages/publications/105045067758?origin=resultslist","Agriculture remains a critical pillar of the Indian economy, employing 42% of the labour force and representing 18% of the nation’s Gross Domestic Product (GDP). Although it holds great value, the sector grapples with countless hurdles within the supply chain, involving both production and market flow. Weather variability and the market conditions cause price volatility which is a source of uncertainty to both farmers and policymakers. The authors in this chapter analyse major Indian crops - Wheat and Maize using price prediction models using machine learning approaches such as Linear Regression, Decision Tree, Random Forest, XGBoost and K- Nearest Neighbours. The chapter establishes that the Random Forest algorithm outperforms the other ML models in predicting crop prices. These findings offer valuable insights for policymakers, enabling the development of more effective, data- driven price stabilization strategies and risk reduction measures to support India’s agricultural economy. © 2027 by IGI Global Scientific Publishing.","","Agricultural machinery; Commerce; Costs; Crops; Decision trees; Grain (agricultural product); Learning systems; Machine learning; Nearest neighbor search; Prediction models; Random forests; Supply chains; Case-studies; Gross domestic products; Labor force; Machine learning techniques; Market condition; Policy makers; Price prediction; Price volatility; Sources of uncertainty; Weather variability; Forecasting","Book chapter","Final","All Open Access; Hybrid Gold Open Access","Scopus","2-s2.0-105045067758"
"Cardoso López D.A.; López Cabrera J.A.; Caly Amador T.I.","Cardoso López, Diego Andrés (59238482600); López Cabrera, Jesús Antonio (58516904700); Caly Amador, Tatiana Isabel (60209795900)","59238482600; 58516904700; 60209795900","Climate change and the rural labor market: an empirical analysis of Okun’s law in Brazil, Colombia, and Mexico (2012–2024)","2026","Cogent Economics and Finance","14","1","2672180","","","0","10.1080/23322039.2026.2672180","https://www.scopus.com/pages/publications/105040123367?origin=resultslist","Rural employment is pivotal to achieving the SDGs but remains structurally vulnerable—marked by high informality, seasonality, and climate exposure—which may weaken the canonical growth–unemployment link posited by Okun’s Law. In Latin America, where rural economies rely on climate-sensitive activities, temperature and precipitation shocks can disrupt productivity and labor absorption, calling for a reassessment of Okun’s relationship in rural contexts. This article analyzes the relationship between rural unemployment, real income growth, and climate variability in Brazil, Colombia, and Mexico from 2012 to 2024 using a Panel Vector Autoregression (P-VARX) model. Results indicate that, contrary to Okun’s prediction, real income growth does not always lower rural unemployment. Climate shocks matter: in Brazil, higher temperatures decrease unemployment in short-run; in Colombia, precipitation shocks—with lags—increase unemployment; and in Mexico, temperature shocks lift unemployment on impact before a partial correction. Human capital reduces unemployment only in Colombia. Based on this evidence, we outline four policy directions: (i) mainstream climate adaptation into rural labor policy; (ii) expand inclusive employment programs that tackle informality and low productivity while aligning skills with labor demand; (iii) invest in rural education and targeted skilling for green and youth employment; and (iv) promote territorial, multisectoral local development and job creation with strong institutional support. © 2026 The Author(s). Published by Informa UK Limited, trading as Taylor & Francis Group.","climate change; human capital; Latin America; Okun’s law; panel VARX; rural unemployment","","Article","Final","All Open Access; Gold Open Access; Green Open Access","Scopus","2-s2.0-105040123367"
"Banerjee R.; Arya V.; Roy S.S.","Banerjee, Rajabrata (36670926600); Arya, Vandana (57196344709); Roy, Saikat Sinha (56013051700)","36670926600; 57196344709; 56013051700","Can foreign aid mitigate the effects of climate variability in agriculture? Evidence from the low-and middle-income countries","2026","Ecological Economics","244","","108953","","","1","10.1016/j.ecolecon.2026.108953","https://www.scopus.com/pages/publications/105034434928?origin=resultslist","This paper examines the effectiveness of foreign aid in the agricultural sector in the presence of climate variability. Climate variability, measured by fluctuations in temperature and precipitation rates, can disrupt production and, in particular, lower agricultural productivity and access to food. On the other hand, foreign aid in agriculture is targeted towards low- and middle-income countries to increase people's welfare and strengthen governments' development goals. Using data from 53 countries during 1990–2019, this study examines the effect of different types of agricultural aid on agricultural labour productivity in the presence of climate change shocks. In particular, four distinct channels of agricultural aid are considered, viz. Education, R&D, Policy, and Services. We find that R&D aid is the most effective channel in mitigating the adverse effects of climate variability. These results are robust to endogeneity biases and alternative estimation techniques. Findings from this study have substantial policy implications, as we show that aid effectively mitigates the impacts of climate change and presents sustainable growth opportunities for poor and developing countries. © 2026 The Authors. Published by Elsevier B.V. This is an open access article under the CC BY-NC license. http://creativecommons.org/licenses/by-nc/4.0/","Agriculture; Climate change; F35; Foreign aid; O11; Productivity; Q01; Q54","agricultural labor; climate change; climate variation; global perspective; international aid; labor productivity; welfare reform","Article","Final","All Open Access; Hybrid Gold Open Access","Scopus","2-s2.0-105034434928"
"Privitera D.","Privitera, Donatella (13410375000)","13410375000","Climate change and food tourism: Insight from the Sicilian context","2025","Food and Beverage Tourism on Islands","","","","174","188","0","10.4337/9781035337019.00023","https://www.scopus.com/pages/publications/105019117744?origin=resultslist","This chapter explores the intersection of food tourism and climate change, focusing on Sicily, in the south of Italy, as a case study. Sicily, known for its rich culinary heritage, is increasingly vulnerable to climate variability, which impacts its agricultural outputs, particularly citrus fruits that are central to its food tourism appeal. Climate change poses challenges such as reduced crop yields, altered growing seasons, and increased extreme weather events, all of which threaten the sustainability of food tourism in the region. However, it also presents opportunities for innovation and adaptation, such as developing climate-resilient agricultural practices and promoting seasonal, locally sourced cuisine. This chapter examines how Sicily can leverage its unique food culture to build a resilient food tourism sector amid changing climatic conditions. © The Editors and Contributors Severally 2025.","Citrus fruits; Food heritagization; Global warming; Image destination; Islands","Food chemistry; Food ingredients; Sustainable development; Tourism; Agricultural output; Agricultural practices; Case-studies; Climate variability; Crop yield; Extreme weather events; Food heritagization; Growing season; Image destination; Island; Citrus fruits; Global warming","Book chapter","Final","","Scopus","2-s2.0-105019117744"
"Horan R.D.; Sims C.; Finnoff D.","Horan, Richard D. (7006830589); Sims, Charles (36163716900); Finnoff, David (6507926886)","7006830589; 36163716900; 6507926886","Endogenous Risk and Habitat Loss from Climate Change: An Application to Seal Management after the November Rain","2023","Journal of the Association of Environmental and Resource Economists","10","6","","1665","1688","3","10.1086/725153","https://www.scopus.com/pages/publications/85177452747?origin=resultslist","The role of climate change on stochastic resource growth has yet to be analyzed in a bioeconomic setting, which is important given that increased weather variability is a key climate change feature. We construct a bioeconomic analysis in which mean and variance impacts of climate change produce multiple elements—population stochasticity, mean habitat loss, and greater habitat variability—impacting the riskiness of resource management. Our results show that change in the variance of weather events is an important consideration for managing at-risk species and may create countervailing conservation incentives relative to considering only mean impacts. We apply our analysis to North Atlantic harp seals, which are uniquely susceptible to climate change, as they require sea ice to breed and raise their pups. Harp seal conservation incentives and negative economic impacts of habitat loss are tempered when accounting for both reduced mean sea ice levels and increased sea ice variability. © 2023 The Association of Environmental and Resource Economists. All rights reserved.","climate change; conservation; environmental stochasticity; risk premium","","Article","Final","","Scopus","2-s2.0-85177452747"
"Chuang Y.","Chuang, Yating (57204520385)","57204520385","Climate variability, rainfall shocks, and farmers’ income diversification in India","2019","Economics Letters","174","","","55","61","51","10.1016/j.econlet.2018.10.015","https://www.scopus.com/pages/publications/85055909307?origin=resultslist","Rainfall in India has become much more variable as a result of global climate change. Responses to rain shocks vary depending on the level of climate variation a community experiences historically. Using data spanning three decades in 230 villages in India, I find that farmers tend to diversify their income with non-farm wage jobs in response to rainfall shocks. This diversification strategy is employed less in places with more variable historical weather as people are more adapted. As climate change causes more variable weather in the coming years, my results suggest that places with historically less variable weather may become more vulnerable in this changing climate. © 2018","Climate change adaptation; India; Labor supply; Risk","","Article","Final","","Scopus","2-s2.0-85055909307"
"Mubenga-Tshitaka J.-L.; Gelo D.; Dikgang J.; Muteba Mwamba J.W.","Mubenga-Tshitaka, Jean-Luc (57780553300); Gelo, Dambala (54681738400); Dikgang, Johane (48361117900); Muteba Mwamba, John W. (57198395102)","57780553300; 54681738400; 48361117900; 57198395102","Panel threshold effect of climate variability on agricultural output in Eastern African countries","2024","Cogent Economics and Finance","12","1","2345437","","","4","10.1080/23322039.2024.2345437","https://www.scopus.com/pages/publications/85196673765?origin=resultslist","Recent scientific literature shows that in many developing countries, variability in rainfall and temperature in growing season has detrimental effects on agricultural output, especially when the variability is high. It is yet unclear to what extent or threshold these variations impair the agricultural productivity in some parts of Africa. In this study, we answer this research question using a dynamic panel threshold model on a panel dataset of East African countries for the period 1961–2020. We incorporate climate variables disaggregated into growing and non-growing seasons. The empirical results indicate that growing rainfall variability has significant effects on agricultural output. More specifically, we found a significant negative effect from rainfall variability in spring and summer, when precipitation variability exceeds thresholds of −0.533 mL and −0.902 mL respectively. However, these effects are indistinguishable from zero in fall season. Regarding a growing-season temperature variability, we found no significant effects across seasons. Policy implications are discussed. © 2024 The Author(s). Published by Informa UK Limited, trading as Taylor & Francis Group.","Adaptation policy; Agriculture and Food; climate change; Development Economics; dynamic panel threshold; Eastern Africa; Ecological Economics; Environment & Economics; Lanouar Charfeddine, Qatar University, Qatar","","Article","Final","All Open Access; Gold Open Access; Green Open Access","Scopus","2-s2.0-85196673765"
"Wahyu M.F.R.; Rijal S.S.; Susamto A.A.","Wahyu, Muhammad Fawdy Renardi (60614749500); Rijal, Seftiawan Samsu (57222902329); Susamto, Akhmad Akbar (57195902678)","60614749500; 57222902329; 57195902678","Does rainfall affect inflation? Evidence from Indonesia’s regional heterogeneity","2026","Journal of Applied Economics","29","1","2714629","","","0","10.1080/15140326.2026.2714629","https://www.scopus.com/pages/publications/105048181427?origin=resultslist","This study analyzes the impact of seasonal rainfall variations on inflation in Indonesia, using panel data from 82 cities between 2014 and 2019. While prior research links weather conditions, particularly rainfall, to inflation through effects on agricultural production, our findings challenge this view. Using fixed effects regression models, we observe a statistically significant negative relationship between rainfall and inflation at the district level; however, the effect sizes are economically negligible. When time fixed effects are added, capturing national-level factors like monetary policy and global conditions, rainfall’s impact becomes statistically insignificant. Robustness checks, including weighted two-way fixed effects models, placebo tests, and extending the observational period to 2023, confirm the consistency of these results. The findings suggest that national-level policies overshadow minor local effects of rainfall on inflation. Policymakers should prioritize macroeconomic strategies over local environmental factors when addressing inflation, highlighting the limited role of weather variability. © 2026 The Author(s). Published by Informa UK Limited, trading as Taylor & Francis Group.","Fixed effects regression; inflation dynamics; macroeconomic policy; rainfall variations","","Article","Final","All Open Access; Gold Open Access","Scopus","2-s2.0-105048181427"
"Otrachshenko V.; Popova O.; Alimukhamedova N.","Otrachshenko, Vladimir (55322056000); Popova, Olga (55938397300); Alimukhamedova, Nargiza (57148519500)","55322056000; 55938397300; 57148519500","Rainfall variability and labor allocation in Uzbekistan: the role of women’s empowerment","2024","Post-Soviet Affairs","40","2","","119","138","7","10.1080/1060586X.2024.2309822","https://www.scopus.com/pages/publications/85184424049?origin=resultslist","Employing a novel georeferenced household survey enriched with data on precipitation and temperature, this paper examines how rainfall variability affects individual labor supply in Uzbekistan, a highly traditional lower-middle-income country in Central Asia. The findings suggest that rainfall variability induces the reallocation of labor supply: (1) out of agriculture to unemployment, (2) from unemployment to business activities and irregular remunerated activities, and (3) from being out of labor force to unemployment. These effects differ in rural and urban areas and by gender. In addition, active women’s involvement in the labor market and household decision-making mediates the impact of rainfall variability on employment choices, especially in rural areas. This implies that traditional gender roles may make households in developing countries more vulnerable to adverse consequences of climate change, while women’s empowerment may mitigate such consequences. © 2024 The Author(s). Published by Informa UK Limited, trading as Taylor & Francis Group.","agriculture; Central Asia; labor market; Rainfall variability; Uzbekistan; women’s empowerment","Uzbekistan; agriculture; developing world; empowerment; gender role; labor supply; rainfall; unemployment; womens status","Article","Final","All Open Access; Hybrid Gold Open Access","Scopus","2-s2.0-85184424049"
"Stepanyan D.; Neuenfeldt S.; Spiegel A.; Söder M.; Fournier Gabela J.G.; Freund F.; Heidecke C.; Osterburg B.; Gocht A.","Stepanyan, Davit (57212343002); Neuenfeldt, Sebastian (56515204800); Spiegel, Alisa (57213804033); Söder, Mareike (57073576400); Fournier Gabela, Julio G (57215190952); Freund, Florian (56725249800); Heidecke, Claudia (23485200400); Osterburg, Bernhard (55962888300); Gocht, Alexander (14063351300)","57212343002; 56515204800; 57213804033; 57073576400; 57215190952; 56725249800; 23485200400; 55962888300; 14063351300","Beyond determinism: Accounting for weather variability in the carbon pricing debate for EU agriculture","2026","European Review of Agricultural Economics","53","3","","967","999","0","10.1093/erae/jbag007","https://www.scopus.com/pages/publications/105048154847?origin=resultslist","Agriculture accounts for 11 per cent of EU greenhouse gas emissions, yet sectoral emissions have stagnated over the past two decades. This paper evaluates carbon pricing in EU agriculture by integrating stochastic yield variability into the CAPRI model. We assess how different carbon price levels affect emissions and outcome uncertainty. Results show that carbon pricing reduces emissions, and higher price levels are associated with lower uncertainty in policy outcomes. While expected results remain similar to deterministic simulations, stochastic modeling reveals greater regional and sectoral heterogeneity. These findings highlight the importance of accounting for production risk when designing agricultural climate policies. © The Author(s) 2026. Published by Oxford University Press on behalf of the Foundation for the European Review of Agricultural Economics. This is an Open Access article distributed under the terms of the Creative Commons Attribution License (https://creativecommons.org/licenses/by/4.0/), which permits unrestricted reuse, distribution, and reproduction in any medium, provided the original work is properly cited.","CAPRI model; carbon pricing; EU agriculture; stochastic modeling; weather variability","carbon emission; climate change; environmental policy; European Union; greenhouse gas; risk assessment; stochasticity","Article","Final","All Open Access; Green Open Access; Hybrid Gold Open Access","Scopus","2-s2.0-105048154847"
"Harsem Ø.; Hoel A.H.","Harsem, Øistein (53063730700); Hoel, Alf Håkon (6701542817)","53063730700; 6701542817","Climate change and adaptive capacity in fisheries management: The case of Norway","2013","International Environmental Agreements: Politics, Law and Economics","13","1","","49","63","14","10.1007/s10784-012-9199-5","https://www.scopus.com/pages/publications/84874354217?origin=resultslist","Climate variability and change drive changes in marine ecosystems, such as growth in and geographic distribution of living marine resources. Mitigating measures in response to anthropogenic climate change are insufficient, and more attention must be directed toward adaptation to climate change. In the management of living marine resources, successful management will rest on the capacity of management regimes to be adaptive and flexible. This article addresses the management of living marine resources, and how management regimes cope with change and bolster the resilience of ecosystems. Experiences from the Norwegian management regime for living marine resources are used to illustrate how an existing regime can respond to change. We conclude that management regimes with sufficient capacity, in terms of robust science, regulatory frameworks that contribute to reduced fishing effort and maintenance of sustainable stock levels, and enforcement capability, are more likely to respond adequately to the challenges posed by climate change than those that do not. © 2012 Springer Science+Business Media Dordrecht.","Adaptation; Climate change; Fisheries; Management regimes; Norway","Norway; adaptive management; climate change; ecosystem resilience; fishery management; fishing effort; geographical distribution; growth rate; marine ecosystem; marine resource; regulatory framework","Article","Final","","Scopus","2-s2.0-84874354217"
"Colmer J.","Colmer, Jonathan (57218351922)","57218351922","Rainfall Variability, Child Labor, and Human Capital Accumulation in Rural Ethiopia","2021","American Journal of Agricultural Economics","103","3","","858","877","32","10.1111/ajae.12128","https://www.scopus.com/pages/publications/85089705384?origin=resultslist","How does income uncertainty affect human capital investments in agrarian economies? Using child-level panel data, I exploit a medium-run change in mean-preserving rainfall variability to identify the effects of income uncertainty on the child labor decisions and human capital investments of smallholder farmers in rural Ethiopia. I estimate that increased rainfall variability is associated with less child labor and more schooling, consistent with a diversification mechanism. These findings highlight the empirical relevance of income uncertainty for decision making and household investment in rural economies. I find no evidence that rainfall variability is associated with past, present, or future rainfall, nor with income, wealth, and agricultural outcomes. As such, residual variation in realized income shocks—the main confounding interpretation—does not appear to explain the results. © 2020 Agricultural & Applied Economics Association","Child labor; human capital; income uncertainty; rainfall variability","Ethiopia; child labor; human capital; income distribution; rainfall; rural economy; smallholder; uncertainty analysis","Article","Final","","Scopus","2-s2.0-85089705384"
"Kumar P.; Sahu N.C.; Ansari M.A.","Kumar, Pushp (57216399518); Sahu, Naresh Chandra (39962581300); Ansari, Mohd Arshad (57220799619)","57216399518; 39962581300; 57220799619","Export Potential of Climate Smart Goods in India: Evidence from the Poisson Pseudo Maximum Likelihood Estimator","2021","International Trade Journal","35","3","","288","308","14","10.1080/08853908.2021.1890652","https://www.scopus.com/pages/publications/85102496893?origin=resultslist","This article highlights the per capita GDP of the exporter country and GDP of the importer country as major positive determinants of CSGs exports in India using the gravity model of trade. Besides, it is found that India has export potential in CSGs with Russia, Switzerland, Israel, Egypt, China, Mexico, Pakistan, Thailand, the Philippines, South Korea, France, Japan, Oman, Belgium, and Malaysia. The findings suggest that India can take advantage of climate variability by exporting CSGs to the world which will contribute to its economic growth and strengthen its adaptability potential to deal with the increasingly adverse effects of climate change. © 2021 Taylor & Francis Group, LLC.","climate smart goods; Export potential; gravity model; India; Poisson pseudo maximum likelihood","","Article","Final","","Scopus","2-s2.0-85102496893"
"Oumer A.M.; Burton M.; Hailu A.; Mugera A.","Oumer, Ali M. (36668973700); Burton, Michael (7202920179); Hailu, Atakelty (7003570203); Mugera, Amin (8855188200)","36668973700; 7202920179; 7003570203; 8855188200","Sustainable agricultural intensification practices and cost efficiency in smallholder maize farms: Evidence from Ethiopia","2020","Agricultural Economics (United Kingdom)","51","6","","841","856","16","10.1111/agec.12595","https://www.scopus.com/pages/publications/85092052919?origin=resultslist","Sustainable agricultural intensification (SAI) practices have been promoted in developing countries to improve farm productivity and environmental services. However, it is still unclear whether use of a combination of SAI practices has a significant influence on the cost efficiency of smallholder farms. This study investigates whether the cost efficiency of smallholder maize producers in Ethiopia depends on use of input-augmenting and agronomic SAI practices. Stochastic cost frontier models that account for heterogeneity across farms are used for estimation. We find that the use of individual SAI practices increases cost while the combined use of the practices reduces it. The marginal effect on cost reduction is substantial when SAI practices are set at their sample maximum levels. Overall, the results demonstrate the benefit of using a combination of SAI practices in minimizing production cost while addressing the adverse effects of soil degradation and climate variability. To enhance food security, smallholder farm incomes and the sustainability of production in developing countries, policy programs should focus on promoting packages of input-augmenting and agronomic SAI practices. © 2020 International Association of Agricultural Economists","climate variability; cost efficiency; Ethiopia; maize production; smallholder farmers; soil degradation; stochastic cost frontier; sustainable maize intensification","Ethiopia; agricultural intensification; alternative agriculture; climate variation; cost analysis; developing world; food security; heterogeneity; maize; production cost; smallholder; soil degradation; sustainability","Article","Final","","Scopus","2-s2.0-85092052919"
"Kousar S.; Ameer A.; Nasir A.; Afzal M.; Abbas S.","Kousar, Shazia (57202263843); Ameer, Amina (57224412164); Nasir, Adeel (55398249000); Afzal, Muhammad (57578448500); Abbas, Sohail (57200002068)","57202263843; 57224412164; 55398249000; 57578448500; 57200002068","Comparative analysis to assess food security in south asian nations: an application of multivariate GARCH model","2024","Environment, Development and Sustainability","","","e0185466","","","2","10.1007/s10668-024-05737-5","https://www.scopus.com/pages/publications/85213022036?origin=resultslist","In the era of climate change, global food security is expected to increase, which is becoming a challenge to ensuring sustainable development goal (SDG) 2 to zero hunger in 2030. However, a recent study recommends that climate variability, globalization, and food security are the main hurdles in developing countries in overcoming the issue of food insecurity. This study examined the impact of globalization and climate variability on food security across India, Pakistan, and Bangladesh during 2001–2023. The food security data was collected from the Food and Agriculture Organization (FAO), while globalization data was taken from KOF globalization. In addition, the data for climate variability, population density, foreign direct investment, economic growth, and inflation was assessed from the World Development Indicators. Two-layer principal component analysis (TLPCA) was used to develop the food security index. In contrast, multivariate Generalized Auto-Regressive Conditional Heteroscedasticity (GARCH 1, 1) was used to determine the impact of globalization and climate variability on food security. The study revealed that globalization and climate variability negatively affect food security in Pakistan and India. In addition, the study found that population density significantly mitigates the undesirable effects of globalization and climate variability on food security. This study helps policymakers to develop strategies related to globalization, climate variability, and population density to optimize food security. © The Author(s), under exclusive licence to Springer Nature B.V. 2024.","Agriculture growth; Climate variability; Food security; Globalization; Population density","","Article","Article in press","","Scopus","2-s2.0-85213022036"
"Mkuhlani S.; Mupangwa W.; Nyagumbo I.","Mkuhlani, Siyabusa (56910227700); Mupangwa, Walter (14632200800); Nyagumbo, Isaiah (36351191500)","56910227700; 14632200800; 36351191500","Maize yields in varying rainfall regimes and cropping systems across Southern Africa: A modelling assessment","2018","University Initiatives in Climate Change Mitigation and Adaptation","","","","203","228","11","10.1007/978-3-319-89590-1_12","https://www.scopus.com/pages/publications/85053227657?origin=resultslist","Rainfall variability, which ultimately leads to climate change, is a major threat to smallholder agriculture. It affects time of sowing time and productivity, amongst other challenges. There is therefore need to evaluate the different strategies for their effectiveness in managing climate variability. This study assessed the effects of different strategies on sowing date, season length and maize yields under variable rainfall conditions. Maize (Zea mays L.) yield simulations for Southern Africa were conducted using the DSSAT model. Simulated conservation agriculture (CA)-based cropping systems included basins prepared early (CA-Basins early) and late (CABasins late), draught powered planter (CA-Direct seeder), ripper (CA-Ripper) and Dibble stick (CA-Dibble). Conventional systems were mouldboard ploughing early (CMP-early) and late (CMP-late). Rainfall seasons were classified into low, medium and high based on the total rainfall amount. Results showed that high-rainfall seasons were seeded earlier and had a greater season length compared to low rainfall seasons in drier agro-ecologies, translating to higher yields and vice versa. Reduced labour requirements and use of draught power, enabled early seeding of CA-ripper, direct seeder, basins early and CMP-early systems compared to CA-Basins late, Dibble stick and CMP-late systems. However, performance of cropping systems did not vary across season types suggesting that there was thus no evidence of higher yield advantages from CA technologies even during low rainfall seasons. This puts the merits of drought mitigation by CA technologies into doubt despite enabling early planting. © Springer International Publishing AG, part of Springer Nature 2019. All rights reserved.","Conservation agriculture; Conventional agriculture; Planting date; Season length; Semi-arid","","Book chapter","Final","","Scopus","2-s2.0-85053227657"
"Bajja S.; Sackitey G.; Fumey M.P.; Amouzay H.; El ghini A.","Bajja, Salwa (58475789000); Sackitey, Gabriel (59547870500); Fumey, Michael Provide (59468165600); Amouzay, Hassan (58236499700); El ghini, Ahmed (14831124500)","58475789000; 59547870500; 59468165600; 58236499700; 14831124500","Agricultural productivity and climate change vulnerability in West Africa: The role of technological innovation and carbon reduction strategies for sustainable agriculture","2026","Sustainable Futures","11","","101706","","","4","10.1016/j.sftr.2026.101706","https://www.scopus.com/pages/publications/105028897652?origin=resultslist","Agriculture practiced in West Africa incorporates a climate-sensitive environment that is threatened by increasing temperatures, rainfall variability, and environmental degradation. Yet despite the growing attention on the importance of technological innovation and carbon reduction measures being incorporated into agricultural policies, there is a lack of empirical analysis on how these variables interdependently influence agrarian productivity. The assumption underlying this research work is that the interdependence of technological innovation, climate vulnerability, and carbon emissions influences agricultural productivity asymmetrically across West African countries. This research utilizes a balanced panel data set from six West African countries between 1991 and 2021, employing the augmented mean group (AMG) approach to address aspects associated with cross-sectional dependence and country heterogeneity and robustness using fully modified ordinary least squares (FMOLS). The outcomes reveal the presence of significant cross-country variation, indicating that urbanization and land distribution for growing cereal crops enhance agricultural productivity. The adoption of Internet technology is found to have a negative correlation with productivity, which can be attributed to institutional limitations in farming and rural settings. Carbon emissions also hurt agrarian productivity. In contrast, precipitation and temperature variation are found to influence agricultural productivity in West Africa. It can thus be inferred that the outcomes support the requirement for adaptive climate policies, which can focus on technological innovation, as these influence Agri-productivity in West Africa. © 2026 The Author(s)","Agricultural productivity; Rainfall; Technological innovation; Temperature; West Africa","","Article","Final","All Open Access; Gold Open Access","Scopus","2-s2.0-105028897652"
"Yalçınkaya Ö.; Yurttançıkmaz Z.Ç.; Erkal G.","Yalçınkaya, Ömer (57201419991); Yurttançıkmaz, Ziya Çağlar (60230716600); Erkal, Gökhan (58023942000)","57201419991; 60230716600; 58023942000","Implications for Monetary Policy on the Effects of Climate Change on Inflation: Evidence from G-20 Countries","2026","Open Economies Review","","","","","","1","10.1007/s11079-026-09853-9","https://www.scopus.com/pages/publications/105029459326?origin=resultslist","This study examines the effects of climate change on inflation in G-20 countries, including central banks that play a leading role in shaping global monetary policies. The analysis is conducted not only for the G-20 as a whole but also for subgroups classified by development level (AE-9, DE-10) and monetary policy regime (IT-12, NIT-7), using the panel Local Projections Method (LPM) with quarterly data from January 1990 to March 2024. Symmetric and asymmetric temperature and precipitation shocks, measured through the Z-score method, are employed to capture the differentiated effects of climate variability. The results show that the impacts of climate shocks on inflation are heterogeneous and depend on development levels, monetary policy regimes, and the nature of shocks. Temperature shocks generate deflationary effects in advanced economies but inflationary effects in developing ones. In contrast, precipitation shocks are mostly insignificant in the short run yet exert deflationary effects in the medium and long run. In inflation-targeting countries, temperature shocks have inflationary effects and precipitation shocks have deflationary effects, whereas both shocks produce deflationary pressures in non-targeting countries. Asymmetric analyses further reveal that positive shocks have more substantial and more persistent impacts than negative ones, indicating the greater inflationary or deflationary risks of extreme climate events. Robustness checks confirm these findings across model specifications, sub-periods, and country samples. The results highlight that climate change constitutes a systematic and long-lasting threat to price stability, especially for developing economies, and complicates the conduct of monetary policy. Accordingly, the study underscores the need for central banks to integrate climate shocks into their policy frameworks, adopt flexible and forward-looking instruments, and enhance coordination with fiscal policies to strengthen macroeconomic resilience. © The Author(s) 2026.","Asymmetric climate shocks; Climate change; Environmental monetary policy; Inflation; Panel LPM","","Article","Article in press","All Open Access; Green Open Access; Hybrid Gold Open Access","Scopus","2-s2.0-105029459326"
"Fernando V.A.; Guru M.; Saxena S.; Naik M.N.; Sriramkumar R.; Dhanraj J.A.; Lakshmanan M.","Fernando, Vegi A. (57232046900); Guru, Mitha (59961631500); Saxena, Sugandha (57215836368); Naik, Mude Nagarjuna (60813851600); Sriramkumar, R. (59410134400); Dhanraj, Joshuva Arockia (57189578655); Lakshmanan, M. (57215559537)","57232046900; 59961631500; 57215836368; 60813851600; 59410134400; 57189578655; 57215559537","Managing Climate Variability with Federated Artificial Intelligence Models","2026","Agricultural Supply Chain Optimization Using Federated Learning","","","","57","79","0","","https://www.scopus.com/pages/publications/105048639875?origin=resultslist","Climate variability poses significant challenges to environmental stability, agriculture, and disaster preparedness. With climate datasets distributed across multiple agencies and regions, centralized machine learning approaches often face obstacles related to data privacy, sovereignty, and bandwidth. This chapter explores how federated artificial intelligence (FAI) can enable collaborative, privacy-preserving, and efficient climate modeling. We present a technical framework for implementing federated learning in climate science, focusing on cyclone prediction, drought forecasting, and flood early-warning systems. Simulated datasets are used to demonstrate workflow, model evaluation, and integration with IoT and edge computing devices. The chapter also addresses algorithmic adaptations for nonindependent and identically distributed (non-IID) data, privacy enhancements through secure aggregation, and hybrid physics-informed artificial intelligence models. The results highlight the potential for FAI to improve predictive accuracy while maintaining data ownership, paving the way for global cooperation in climate resilience. © 2026 Scrivener Publishing LLC.","climate variability; distributed systems; edge AI; Federated learning; IoT; LSTM; privacy-preserving AI; time-series forecasting","Climate change; Climate models; Disaster prevention; Drought; Edge computing; Federated learning; Floods; Learning systems; Privacy-preserving techniques; Storms; Weather forecasting; Climate variability; Distributed systems; Edge AI; Environmental disasters; Intelligence models; IoT; LSTM; Privacy preserving; Privacy-preserving AI; Time series forecasting; Artificial intelligence","Book chapter","Final","","Scopus","2-s2.0-105048639875"
"Das S.; Banerjee P.; Karmakar S.","Das, Siddhartha (55476997000); Banerjee, Pradipta (57211190676); Karmakar, Souptik (59252808200)","55476997000; 57211190676; 59252808200","Integration of geospatial technology and machine learning for precision agriculture","2025","Agricultural Insights from Space: Machine Learning Applications in Satellite Data Analysis","","","","97","133","0","10.1016/B978-0-443-34113-7.00010-9","https://www.scopus.com/pages/publications/105026947535?origin=resultslist","The integration of geospatial technology and machine learning is revolutionizing precision agriculture, enabling more efficient, sustainable, and productive farming practices. Geospatial technology, encompassing geographic information systems (GIS), remote sensing, and global positioning systems (GPS), provides detailed spatial and temporal data about various agricultural parameters. When combined with machine learning algorithms, this rich dataset facilitates precise analysis and decision-making processes tailored to specific agricultural needs. Machine learning models, trained on extensive geospatial datasets, can predict crop yields, identify stress factors, and optimize resource allocation. These models analyze patterns and relationships within the data, providing insights into soil health, moisture levels, nutrient distribution, and pest infestations. By processing high-resolution satellite imagery and drone footage, machine learning algorithms can detect subtle variations in crop health and growth, enabling early intervention and targeted treatments. Geospatial technology enhances the precision of these interventions by mapping out specific areas requiring attention, thereby reducing the overuse of inputs such as water, fertilizers, and pesticides. This targeted approach not only lowers production costs but also minimizes environmental impacts, promoting sustainable farming practices. Moreover, real-time monitoring and predictive analytics powered by machine learning allow for dynamic adaptation to changing conditions, ensuring optimal crop management throughout the growing season. The integration of geospatial technology and machine learning in precision agriculture offers significant benefits, including increased crop yields, improved resource efficiency, and enhanced resilience to climate variability. This synergy fosters a data-driven agricultural paradigm, where informed decisions lead to higher productivity and sustainability, ultimately contributing to global food security and the economic viability of farming communities. © 2026 Elsevier Inc. All rights reserved..","crop yield; geospatial technology; GPS; machine learning; Precision agriculture; remote sensing","Agricultural machinery; Crops; Decision making; Geographic information systems; Information use; Integration; Learning algorithms; Learning systems; Machine learning; Precision agriculture; Predictive analytics; Sustainable development; Crop yield; Farming practices; Geospatial technology; Global positioning; Machine learning algorithms; Machine-learning; Positioning system; Precision Agriculture; Remote-sensing; Technology learning; Remote sensing","Book chapter","Final","","Scopus","2-s2.0-105026947535"
"Hogan A.; Young M.","Hogan, Anthony (35237283700); Young, Michelle (55773378900)","35237283700; 55773378900","Visioning a future for rural and regional Australia","2013","Cambridge Journal of Regions, Economy and Society","6","2","","319","330","25","10.1093/cjres/rst005","https://www.scopus.com/pages/publications/84879342416?origin=resultslist","Rural and regional parts of Australia have consistently faced the interplay of three distinct challenges: the viability of small-scale agriculture as a basis for farm family and settlement livelihoods, climate variability and an increasingly globalising economic environment. In response to these changes, three key shifts in social policy have been observed since World War II: a shift in economic policy from protectionism to market-based approaches, a shift in natural resource management encompassing a recognition of scarcity and degradation and the need to better manage natural resources (such as land and water) and, in the face of rural decline, a shift in policy moving away from government as provider to a position promoting the economic self-sufficiency of communities. © 2013 The Author.","rural and regional Australia; social and economic policy","Australia; climate variation; economic policy; natural resource; protectionism; resource management; rural policy; small scale industry; social policy","Article","Final","","Scopus","2-s2.0-84879342416"
"Huang J.-T.; Wu L.","Huang, Jr-Tsung (7407190552); Wu, Liping (55714329900)","7407190552; 55714329900","Climate volatility and household saving in China","2018","Journal of Financial Counseling and Planning","29","1","","132","141","2","10.1891/1052-3073.29.1.132","https://www.scopus.com/pages/publications/85064439244?origin=resultslist","Many studies have investigated the correlation between climate change and economic growth. However, this study focuses on household saving, whereby growth may be correlated with climate volatility. This study conducts a dynamic panel analysis using data on Chinese provinces for the period of 2001–2009. Various indicators of climate volatility are employed to ensure robustness, and the Generalized Method of Moments (GMM) approach is chosen to reduce endogeneity. The estimation results show that in rural areas, temperature volatility is positively correlated with the household saving rate, but that the correlation is weaker in urban areas. This study suggests that first, to increase household welfare, risk-pooling insurance should be applied, and second, that rural areas should be the priority for development over urban areas. © 2018 Association for Financial Counseling and Planning Education®.","China; Climate volatility; Dynamic panel; GMM; Household saving","","Article","Final","","Scopus","2-s2.0-85064439244"
"Mubenga-Tshitaka J.-L.; Dikgang J.; Muteba Mwamba J.W.; Gelo D.","Mubenga-Tshitaka, Jean-Luc (57780553300); Dikgang, Johane (48361117900); Muteba Mwamba, John W. (57198395102); Gelo, Dambala (54681738400)","57780553300; 48361117900; 57198395102; 54681738400","Climate variability impacts on agricultural output in East Africa","2023","Cogent Economics and Finance","11","1","2181281","","","16","10.1080/23322039.2023.2181281","https://www.scopus.com/pages/publications/85149232058?origin=resultslist","This paper investigates whether the effects of weather variability in temperature and precipitation on agricultural output are short- or long-run. The contribution of this paper is twofold. First, the paper attempts to establish whether temperature or precipitation variability affects agricultural output in the short or the long run. Second, it examined whether the effects of temperature or precipitation variability on agricultural output are homogenous across East African countries. The results reveal that variability in temperature had a long-run impact on agricultural output, while variability in precipitation had a short-run effect. The findings also reveal that the long-run temperature variability effect was heterogeneous across East African countries, and to some extent, there is also evidence for the long-run effect of precipitation variability. These results are crucial in providing decision-makers and other interested parties a thorough evaluation of climate impacts and adaptation measures aimed at increasing agricultural production and food security. © 2023 The Author(s). This open access article is distributed under a Creative Commons Attribution (CC-BY) 4.0 license.","agricultural output; Climate variability; cross-sectional dependency; heterogeneity","","Article","Final","All Open Access; Gold Open Access; Green Open Access","Scopus","2-s2.0-85149232058"
"Murtaza; Wang J.; Ahmad W.; Muhammad S.","Murtaza (57213318109); Wang, Jing (56638361300); Ahmad, Waqas (60356758300); Muhammad, Shehzad (60356758400)","57213318109; 56638361300; 60356758300; 60356758400","Seasonal climate variability, production inefficiencies, and non-linear farm revenue responses: an SFA-Ricardian assessment across KP’s agro-ecological zones, Pakistan","2026","Environment, Development and Sustainability","","","","","","0","10.1007/s10668-025-07228-7","https://www.scopus.com/pages/publications/105028852357?origin=resultslist","Climate anomalies pose substantial threats to sustainable agriculture, primarily in emerging economies where agricultural systems are acutely vulnerable to temporal weather variabilities and operational inefficiencies. Against this backdrop, the current study integrates a Ricardian framework with farm-level Stochastic Frontier analysis to assess the economic impacts of climate dynamics while accounting for farmers’ technical inefficiencies in KP province, Pakistan. Using farm-level survey data from 762 agricultural households (2024 cropping season) across the five AEZs, we estimated the climate-revenue models under both the current and projected climate scenarios. Results indicate that a 1 °C rise in summer temperature reduces revenue by $70, while moderate winter warming elevates the revenue by $47. Precipitation impacts followed a non-linear and spatially heterogenous trend, as summer rainfall posed partial benefits while winter precipitation led to diminishing returns. Future projections under CMIP6 climate models revealed potential revenue gains in mountainous areas while substantial losses in southern parts due to thermal stress and precipitation shortfalls. Inefficiency analysis indicated hidden economic losses, demonstrating that efficiency improvements can significantly buffer the climate induced revenue shocks. The study suggests evidence-based guidance for zone-specific climate-smart initiatives, institutional development and efficiency-driven investments as core strategies to safeguard farm livelihoods in climate-sensitive areas. © The Author(s), under exclusive licence to Springer Nature B.V. 2026.","Agro-ecological zones; Farm revenues; Pakistan; Production inefficiencies; Ricardian analysis; Seasonal climate variability","","Article","Article in press","","Scopus","2-s2.0-105028852357"
"Singh R.; Singh A.K.","Singh, Richa (59335883600); Singh, Ajay Kumar (58263112500)","59335883600; 58263112500","A Review for Assessing the Impact of Climate Change, Mitigation Approaches, and Technological Advancement on the Indian Agriculture Sector","2025","Advancing Global Food Security With Agriculture 4.0 and 5.0","","","","1","30","1","10.4018/979-8-3693-9964-4.ch001","https://www.scopus.com/pages/publications/105005128567?origin=resultslist","The existence of variability in weather indicators is significantly more frequent worldwide due to increasing GHGs and CO2 emissions in the atmosphere. The Indian population is highly reliant on the agriculture sector. The rapidly growing population of India is highly dependent on it. This chapter, therefore, explains a theoretical review on mitigation approaches and technological advancement in India’s agriculture sector. It also describes the indicators of climate change, and existing empirical models which are used by researchers to examine the sensitivity of the agricultural sector in presence of climate variability. It provides various mitigation approaches and significance of technological advancement that helps to improve agriculture production systems and enhance its sustainability in India. Mitigation approaches and technological change would enhance agricultural sustainability. It proposes vital policy suggestions to adapt to the impact of climate change in this sector and provides directions for further research in the above-mentioned area. © 2025 by IGI Global Scientific Publishing.","","Agricultural products; Agronomy; Crops; Farms; Forestry; Global warming; Harvesting; Agricultural sector; Agriculture productions; Agriculture sectors; Climate change mitigation; Climate variability; CO2 emissions; Empirical model; GHG emission; GHGs emissions; Technological advancement; Cultivation","Book chapter","Final","","Scopus","2-s2.0-105005128567"
"Rabbi S.E.; Shant R.; Karmakar S.; Habib A.; Kropp J.P.","Rabbi, Sifat E. (55572291000); Shant, Reza (57221678918); Karmakar, Sourav (57221676899); Habib, Azhar (57221676354); Kropp, Jürgen P. (55152323100)","55572291000; 57221678918; 57221676899; 57221676354; 55152323100","Regional mapping of climate variability index and identifying socio-economic factors influencing farmer’s perception in Bangladesh","2021","Environment, Development and Sustainability","23","7","","11050","11066","4","10.1007/s10668-020-01104-2","https://www.scopus.com/pages/publications/85099762985?origin=resultslist","Studies conducted in Bangladesh so far did not unequivocally identify the modus operandi of local farmers to perceive and experience the climate variability at a national scale. Hence, this study aims to decipher local farmer’s perception on climate variability for the last 10 years, by constructing climate variability index (CVI). Additionally, this study demystified the socio-economic determinants for influencing farmer perception regarding climate variability as well as its impact on their livelihoods. The study was designed on a cross-sectional data through a country-wide primary survey of 16,053 households who were largely dependent on agriculture. A weighted index was constructed for mapping the regional climate variability using model-builder programming in ArcGIS. Also, a multivariable probit model was employed to identify the factors influencing farmers' perception and resulting impact of climate variability on their livelihoods. According to local farmer’s perception, the CVI mapping identified that Bangladesh experienced variegated climatic variability since last 10 years. However, local farmer’s perception varied with different socio-economic factors like gender, education, farmer’s category, credit, monthly income and access to media. Moreover, landless, small and medium farm holders were more aware of the local climate variability and eventually, they also experienced the higher influence of climate variability on their livelihoods. Since an effective mapping of regional climate variability is a sine qua non to devise region specific policies, this study will facilitate the government to determine its priorities, formulate efficacious strategies and thereby help to adapt with future climate-induced risks and vulnerabilities. © 2021, Springer Nature B.V.","Bangladesh; Climate variability index; Farmer’s climate variability perception; Mapping; Socio-economic factors","Bangladesh; ArcGIS; climate variation; cross section; design; household survey; livelihood; mapping; multivariate analysis; perception; smallholder; socioeconomic impact; vulnerability","Article","Final","","Scopus","2-s2.0-85099762985"
"Mancuso C.; Agnusdei G.P.; De Simone M.; Marzano E.; Miglietta P.P.","Mancuso, Claudio (60357050300); Agnusdei, Giulio Paolo (57211407102); De Simone, Marco (60010280600); Marzano, Elisabetta (15128559700); Miglietta, Pier Paolo (56473644700)","60357050300; 57211407102; 60010280600; 15128559700; 56473644700","Grapevine productivity and weather fluctuation: evidence for Italian regions (2006–2024)","2026","Agricultural and Food Economics","14","1","23","","","1","10.1186/s40100-026-00460-3","https://www.scopus.com/pages/publications/105033348665?origin=resultslist","The wine sector holds substantial economic importance in the Italian agri-food production system, that is nonetheless exposed to the effects of climate change displaying heterogeneous effects between cultivated varieties and geographical regions. Using daily weather variables (maximum/minimum temperatures and precipitation) aggregated over the annual grapevine growth cycle, this paper investigates the impact of interannual growing-season weather variability on grapevine productivity in Italy at a regional level from 2006 to 2024. Moreover, an innovative reconstruction of two agro-meteorological indicators is developed, namely (a) standardized weather indexes and (b) degree days as growing degree days (GDD), killing degree days (KDD) and frost degree days (FDD), specifically designed to capture both seasonal and nonlinear responses to temperature and precipitation. Fixed-effects panel models are used to link productivity to weather variability, controlling for unobservable variables and potential nonlinearities. Results confirm nonlinear temperature effects; in particular, productivity increases with temperatures up to roughly 31–33∘C, but going over this threshold is very harmful. Moreover, the results indicate that very low minimum temperatures, captured by the FDD indicator, have a negative effect on productivity (frost damages). Precipitation has different impacts depending on the growing season. Higher precipitation in April–June tends to reduce productivity, whereas in the generally drier July–September period additional precipitation supports productivity up to a point, beyond which it becomes detrimental. © The Author(s) 2026.","Agricultural wine sector; Climate change; Grapevine productivity; Nonlinear temperature effect; Weather fluctuation","","Article","Final","All Open Access; Gold Open Access; Green Open Access","Scopus","2-s2.0-105033348665"
"De los Santos-Montero L.A.; Bravo-Ureta B.E.; von Cramon-Taubadel S.; Hasiner E.","De los Santos-Montero, Luis A. (57195101090); Bravo-Ureta, Boris E. (6603132060); von Cramon-Taubadel, Stephan (6602608379); Hasiner, Eva (57190066944)","57195101090; 6603132060; 6602608379; 57190066944","The performance of natural resource management interventions in agriculture: Evidence from alternative meta-regression analyses","2020","Ecological Economics","171","","106605","","","16","10.1016/j.ecolecon.2020.106605","https://www.scopus.com/pages/publications/85079121034?origin=resultslist","As the world population grows, so do the challenges facing global agricultural systems. Increasing production to satisfy the world's demand for food, fiber and energy intensifies pressure on natural resources, especially soil and water. To face these challenges, natural resource management (NRM) technologies have been promoted by development organizations. Although a significant body of evidence has been produced, the debate about the potential of NRM technologies for increasing agricultural productivity and decreasing environmental degradation is ongoing. We analyze a comprehensive dataset of 75 studies from around the world to examine why effects vary among studies and across different interventions, countries, and methods. The results indicate that NRM technologies have had a significant and positive effect on yields and monetary outcomes such as income and profits. The magnitude of these outcomes vary depending on factors such as rainfall variability, whether training is provided to NRM adopters, whether a government agency oversees the implementation of an NRM program, the number of NRM technologies adopted by a farmer, and the lag between program implementation and evaluation. Our results support the notion that NRM technologies are appropriate instruments to boost productivity and the efficient use of natural resources. © 2020 Elsevier B.V.","Agriculture; Impact evaluation; Meta-regression analysis; Natural resource management","environmental degradation; natural resource; rainfall; regression analysis; resource management","Article","Final","All Open Access; Green Open Access","Scopus","2-s2.0-85079121034"
"Shahminan N.I.; Yasin Z.M.; Dahlan N.Y.","Shahminan, Nurul Izzati (60635421800); Yasin, Zuhaila Mat (57211410254); Dahlan, Nofri Yenita (24483200900)","60635421800; 57211410254; 24483200900","Prediction of Photovoltaic Output using Single Candidate Optimizer – Artificial Neural Network","2026","Paper Asia","42","2","","485","495","0","10.59953/paperasia.v42i2b.981","https://www.scopus.com/pages/publications/105038883522?origin=resultslist","Photovoltaic (PV) systems have emerged as a pivotal solution in the transition to renewable energy, offering sustainable power generation with minimal environmental impact. However, their efficiency is hindered by factors such as weather variability, equipment degradation, and operational anomalies. Predicting PV performance accurately is essential for optimizing energy output and ensuring system reliability. This study presents a hybrid Artificial Neural Network (ANN) model that enhanced the ANN with Single Candidate Optimizer (SCO) to predict PV output, focusing on two key metrics: power daily max and total daily energy. Using real data from a Large Scale Solar Park with an AC capacity of 50 MW, the hybrid model was developed and evaluated against hybrid Evolutionary Programming (EP–ANN) and ANN. Results demonstrate that total daily energy predictions yield higher accuracy and reliability, with R values exceeding 0.96 as compared to the prediction of daily power maximum. For both case studies, the hybrid SCO–ANN model consistently outperformed other techniques, achieving superior optimization and predictive accuracy. This research underscores the potential of hybrid models in advancing PV performance prediction, paving the way for more efficient renewable energy solutions. © 2026, IPMEDIA SDN BHD. All rights reserved.","Artificial Neural Network (ANN); Photovoltaic systems; PV output prediction; Renewable energy; Single candidate optimizer","","Article","Final","All Open Access; Gold Open Access","Scopus","2-s2.0-105038883522"
"Nkhoma N.; Sun S.; Nhung P.T.C.; Bah A.S.; Chen X.","Nkhoma, Nomore (60107000300); Sun, Shuhui (58153862300); Nhung, Pham Thi Cam (59202944500); Bah, Abdul Salami (59309998600); Chen, Xiaonan (57210162332)","60107000300; 58153862300; 59202944500; 59309998600; 57210162332","Internet adoption, climate variability, and regional spillovers in African cereal production: policy insights for digital agriculture and resilience","2026","Environment, Development and Sustainability","","","","","","1","10.1007/s10668-026-07765-9","https://www.scopus.com/pages/publications/105040513354?origin=resultslist","This study examines the influence of internet adoption on cereal production across 44 Sub-Saharan African (SSA) countries using the most recently available data from 2000 to 2022, with a focus on spatial spillovers and climate variability. While existing studies largely assess the localized impacts of digital adoption, the spatial diffusion of digital adoption in agricultural productivity remains underexplored. To address this gap, we employ a Spatial Durbin Model (SDM) with two-way fixed effects to capture both direct and cross-border effects of internet use on cereal output. The study integrates drought intensity using a standardized precipitation-evapotranspiration index (SPEI) and introduces the distance-based spatial decay approach to evaluate how geographic proximity shapes the diffusion of digital gains. Results show that internet adoption in one country significantly enhances agricultural productivity in neighboring countries, particularly in lower-middle-income and Southern African economies. However, the spillover effects are weakened during drought periods, underscoring the moderating role of climate stress. This research makes both methodological and empirical contributions by combining spatial econometric analysis with environmental interaction effects, an approach rarely applied in African agricultural studies. It highlights the importance of regional interconnectivity in digital transformation and offers actionable insights for designing climate-resilient, cross-border digital infrastructure strategies. The findings have direct implications for food security policy, particularly in contexts where environmental vulnerability and digital inequality intersect. © The Author(s), under exclusive licence to Springer Nature B.V. 2026.","Cereal production; Digital agriculture; Drought; Internet use; Spatial spillover; Sub-Saharan Africa","","Article","Article in press","","Scopus","2-s2.0-105040513354"
"Cardoso López D.A.; López Cabrera J.A.; Caly Amador T.I.; Mercado Suárez Á.L.","Cardoso López, Diego Andrés (59238482600); López Cabrera, Jesús Antonio (58516904700); Caly Amador, Tatiana Isabel (60209795900); Mercado Suárez, Álvaro Luis (58196164900)","59238482600; 58516904700; 60209795900; 58196164900","Spatial Interactions Between Growth and Rural Unemployment, Considering Climate Variability in Brazil and Mexico (2012–2024)","2025","Economies","13","11","322","","","2","10.3390/economies13110322","https://www.scopus.com/pages/publications/105022805880?origin=resultslist","This paper examines the relationship between economic growth and rural unemployment in Brazil and Mexico, incorporating the effects of climate variability and spatial interactions. Okun’s Law serves as the theoretical framework, and a dynamic spatial panel model is applied to estimate short-term causal effects. The analysis uses data from Brazil’s IBGE, Mexico’s INEGI, and the U.S. NCEI. The results indicate that Okun’s Law is only partially validated in Mexico, where lagged income growth reduces rural unemployment, while in Brazil, the relationship is not statistically confirmed. Climate variables also play a critical role: higher local temperatures reduce unemployment in Brazil and, with a lag, in Mexico, although temperature increases in neighboring regions raise unemployment in Mexico. Rainfall has a consistent positive effect on rural unemployment in both countries, highlighting the disruptive impact of extreme weather events. From a spatial perspective, no contemporaneous effects are observed. However, lagged spatial effects are negative in Brazil and positive in Mexico, suggesting different adjustment dynamics across territories. Overall, the findings reveal that climate variability influences the growth-unemployment nexus differently depending on the national context and temporal dimension. These results underscore the importance of designing public policies that integrate territorial coordination, address the differentiated impacts of climate variability, and strengthen the adaptive capacity and resilience of rural areas in Latin America. © 2025 by the authors.","climate variability; Okun’s Law; regional development; rural labor markets; spatial dynamic panel models","","Article","Final","All Open Access; Gold Open Access; Green Open Access","Scopus","2-s2.0-105022805880"
"Agarwal L.; Kumar R.","Agarwal, Laxmi (60661542400); Kumar, Rajender (60661537800)","60661542400; 60661537800","A Systematic Study of Climate Risk Management (CRM): Approaches and Challenges","2026","Environmental, Social and Corporate Governance and Climate Risk Management: Pathways for Sustainable Growth","","","","123","133","0","10.1201/9781003503804-10","https://www.scopus.com/pages/publications/105040813117?origin=resultslist","The term “climate risk management” (CRM) refers to the methods and approaches that individuals, organizations, and institutions use to assist in making decisions that are resilient to the climate shift. By maximizing the benefits of climate shift adaptations and minimizing their drawbacks in all sectors and industries that may be influenced by the phenomenon, it seeks to foster ecological growth. Climate variability is making humanitarian disasters like heatwaves, wildfires, floods, tropical storms, and hurricanes more often and powerful nowadays. For human health, climate change poses the greatest threat. The effects of climate change are currently having a detrimental influence on people’-s health because of air pollution, illness, severe weather, forced relocation, mental health issues, rising rates of hunger, and poor nutrition in places where people cannot grow or acquire enough food. The purpose of this chapter is to provide valuable insight of CRM concept, climate risk, and its associated challenges-and also, illuminate the future pathways to tackle the detrimental situation of climate risk. © 2027 selection and editorial matter, Pardeep Singh, Shikha Daga, Kiran Yadav and Abhay Jain.","","Chemical contamination; Climate change; Disasters; Risk management; Tropical cyclone; Climate shifts; Climate variability; Heatwaves; Human health; Making decision; Risks management; Severe weather; Systematic study; Tropical storms; Wildfire floods; Health risks","Book chapter","Final","","Scopus","2-s2.0-105040813117"
"Harkness C.; Areal F.J.; Semenov M.A.; Senapati N.; Shield I.F.; Bishop J.","Harkness, Caroline (57203205357); Areal, Francisco J. (15130608600); Semenov, Mikhail A. (57206323944); Senapati, Nimai (36181655100); Shield, Ian F. (6603041908); Bishop, Jacob (57054834900)","57203205357; 15130608600; 57206323944; 36181655100; 6603041908; 57054834900","Towards stability of food production and farm income in a variable climate","2023","Ecological Economics","204","","107676","","","21","10.1016/j.ecolecon.2022.107676","https://www.scopus.com/pages/publications/85142720514?origin=resultslist","Stable food production is vital for food security. Stability of farm income is also necessary to ensure the sustainability of food production and to protect livelihoods, in a changing climate. We analyse the relative effects of climate variability, subsidies and farming practices on the stability of food production and farm income. We examine farms in England and Wales between 2005 and 2017, and link farms to climate data at a sub-regional scale. Our results show that variability in temperature and rainfall reduces the stability of farm income and food production. While variability in climate can be largely outside of the farmers control our findings indicate that, under current conditions, farm management can have a larger effect on stability than climate. We identified three key aspects of farm management and policy that improve stability: i) increasing agricultural diversity, ii) increasing the efficiency of agrochemical use and iii) agri-environmental management. These management practices have previously been associated with benefits to natural ecosystems and may therefore increase the stability of agriculture whilst reducing negative impacts of farming on the environment. We also found differences in effect size of climate impacts and adaptation options between farm types, emphasising the need for flexible agricultural policies. © 2022 The Authors","Adaptation; Climate variability; Diversity; Stability; Sustainable farming practices; Yield","England; United Kingdom; Wales; adaptation; biodiversity; climate variation; food production; income; stability analysis; yield","Article","Final","All Open Access; Green Open Access; Hybrid Gold Open Access","Scopus","2-s2.0-85142720514"
"Pagaduan J.A.","Pagaduan, Jesson Aguila (57192196767)","57192196767","Does weather affect local economic growth? Evidence from the world’s most natural disaster-prone country","2025","Environment and Development Economics","","","","","","0","10.1017/S1355770X25100259","https://www.scopus.com/pages/publications/105020279158?origin=resultslist","Using novel nighttime lights and high-resolution atmospheric reanalysis, this paper exploits exogenous fluctuations in temperature and precipitation to identify the causal effects of weather disturbances on local economic growth in the Philippines – the world’s most disaster-prone country. Our findings reveal that heightened temperature variability significantly dampens growth, but only in poor municipalities. This effect persists for at least 2 years after the initial shock. Furthermore, the relationship between weather shocks and growth is nonlinear. We also demonstrate that adverse weather events impede growth by disrupting agricultural productivity and essential service sectors, including wholesale and retail trade, health and education. Overall, our results highlight the importance of understanding the distributional impact of climate change within countries, its underlying mechanisms, and how economic development policies can help shield poor municipalities from the vagaries of the weather. © The Author(s), 2025. Published by Cambridge University Press.","income; inequality; nighttime lights; Philippines; weather","","Article","Article in press","","Scopus","2-s2.0-105020279158"
"Atta C.; Micheels E.T.","Atta, Cosmos (57219332809); Micheels, Eric T. (36146417100)","57219332809; 36146417100","Identifying risk in production agriculture: An application of best-worst scaling","2020","International Food and Agribusiness Management Review","23","2","","283","300","8","10.22434/IFAMR2019.0133","https://www.scopus.com/pages/publications/85092250051?origin=resultslist","The identification and management of risk plays a significant role in reducing variability in farm income. The choice of risk management tools and strategies may depend on several factors, including the perceived importance of the risk and the perceived level of control that producers have in managing the risk. This study uses data from a 2017 survey of grain and oilseed farmers in Saskatchewan and employs a countbased approach of best-worst scaling and latent class cluster analysis to examine their perception of the most important sources of risk and the factors that influence these perceptions. The results suggest production and marketing risks, such as variation in output prices, rainfall variability, and changes in input prices, are the most important risks to farmers. However, results also reveal heterogeneity in responses to these identified risks, suggesting that a multifaceted approach is needed by farmers to address risk. © 2020 Atta and Micheels.","Best-worst scaling; Latent class cluster; Risk; Risk management","","Article","Final","All Open Access; Gold Open Access; Green Open Access","Scopus","2-s2.0-85092250051"
"Solaymani S.","Solaymani, Saeed (55313897800)","55313897800","Impacts of climate change on food security and agriculture sector in Malaysia","2018","Environment, Development and Sustainability","20","4","","1575","1596","42","10.1007/s10668-017-9954-4","https://www.scopus.com/pages/publications/85018295984?origin=resultslist","This study attempts to analyze the short- and long-run impacts of the probable change in rainfall and temperature simultaneously on food availability and access to food issues, as the two dimensions of food security, in Malaysia. It uses an integrated method comprising of a stochastic method and a computable general equilibrium model using the latest (2010) input–output table published in 2015. The stochastic method, which relates to the Monte Carlo simulation, provides the probable changes in rainfall and temperature patterns and their probability of occurrence based on historical data of rainfall and temperature and crop productivity. It was found that, simultaneous variation of rainfall and temperature, in both the short- and long-run, contracts the economic performance of Malaysia. Findings also show the negative impact of rainfall–temperature variability, in both time periods, on food availability and access to food due to a reduction in the supply of agricultural products, a commodity inflation pressure and a reduction in household income. Moreover, results suggest that the climate variability shocks lead to a reduction in the consumption and welfare of all household groups, particularly in rural areas. © 2017, Springer Science+Business Media Dordrecht.","Access to food; CGE; Climate change factors; Food availability; Monte Carlo simulation; Rainfall and temperature variation; Risk analysis","Malaysia; agriculture; climate change; climate effect; computable general equilibrium analysis; crop production; economic analysis; environmental factor; food availability; food security; Monte Carlo analysis; rainfall; risk assessment; stochasticity; temperature effect","Article","Final","","Scopus","2-s2.0-85018295984"
"Darabi H.; Moradi E.; Davudirad A.A.; Ehteram M.; Cerda A.; Haghighi A.T.","Darabi, Hamid (57197197453); Moradi, Ehsan (57204163459); Davudirad, Ali Akbar (57189242019); Ehteram, Mohammad (57113510800); Cerda, Artemi (57195523298); Haghighi, Ali Torabi (56373737700)","57197197453; 57204163459; 57189242019; 57113510800; 57195523298; 56373737700","Efficient rainwater harvesting planning using socio-environmental variables and data-driven geospatial techniques","2021","Journal of Cleaner Production","311","","127706","","","43","10.1016/j.jclepro.2021.127706","https://www.scopus.com/pages/publications/85107147748?origin=resultslist","Water scarcity is increasing worldwide due to population growth and climate variability/change. As a supplementary water resource, Rainwater harvesting (RWH) is a possible solution for dealing with water scarcity, particularly in arid and semi-arid regions with considerable water demand and high variability in precipitation and unexpected extreme events (floods and droughts). The success of RWH systems significantly depends on the location of RWH structures and usually selecting suitable sites is challenging for decision-makers and managers. This paper presents an approach for mapping suitable sites for RWH structures using socio-environmental variables and artificial intelligence algorithms (AIAs). Based on FAO recommendations, the most important conditioning variables for RWH systems are elevation, slope, aspect, precipitation, temperature, distance from the river, curve number (CN), land use, geology, soil type, population density, distance from road, and distance from lakes. An ensemble model was developed based on AIAs, socio-environmental variables, and existing RWH projects, and used for RWH suitability mapping in the large Maharloo-Bakhtegan basin, Iran. Model performance was evaluated using receiver operating characteristic (ROC) and Kappa index. Using the best-performing model, threshold values for conditioning variables were determined from probability curves (PC). The results showed that land use, precipitation, soil type, CN and slope were the most important variables for RHW sites, with the lowest correlation and autocorrelation. The suitability map indicated that 9.7% (3070 km2) of Maharloo-Bakhtegan basin had very high suitability for RWH systems. Thus, in RWH suitability mapping for large area, climate, hydrological, geological, agricultural, topographical, human and socio-economic parameters should be considered to enable efficient RWH planning. Probability curves revealed that the optimum parameter range (α) in Maharloo-Bakhtegan basin was precipitation 357–428 mm, temperature 12.80–15.16 °C, slope 3–6%, elevation 1612–1975 m asl, distance from lake 32–45 km, distance from river 11.4–15.9 km, distance from road 2.59–4.80 km. The RWH suitability map presented can assist decision-makers, hydrologists, and natural resources planners in finding suitable locations for constructing RWH systems. © 2021 Elsevier Ltd","AIAs; Optimum range; Probability curve (PC); RWH planning; Water scarcity","","Article","Final","","Scopus","2-s2.0-85107147748"
"Qureshi M.E.; Whitten S.M.","Qureshi, M.E. (7202874879); Whitten, S.M. (6603795199)","7202874879; 6603795199","Regional impact of climate variability and adaptation options in the southern Murray-Darling Basin, Australia","2014","Water Resources and Economics","5","","","67","84","16","10.1016/j.wre.2013.12.002","https://www.scopus.com/pages/publications/84901637869?origin=resultslist","Climate variability impacts differentially on irrigators depending on water availability and quality, climate, crop, and policy instruments such as water markets. Water policy directs available water allocations at a regional scale, while irrigators adapt via decisions about crop selection and water management, for example through deficit irrigation and adoption of water efficient technologies, respond via changes to water use at the farm and sectoral scale. Water markets allow these two scales to interact, in effect transferring water across regions and states. In this paper we used a positive mathematical programming model to examine the interacting impact of these two incremental adaptation options on regional water use and agriculture production for four climate variability states of nature across the Southern Murray-Darling Basin. Our results show the impacts of climate variability and the effectiveness of adaptation options that vary across regions. Our conclusions have implications for understanding regional difference in adjusting to climate variability. © 2013 Published by Elsevier B.V.","Adaptation; Climate variability; Economic model; Water price; Water scarcity; Water trading","Australia; Murray-Darling Basin; adaptation; climate effect; climate variation; crop; water availability; water management; water use","Article","Final","","Scopus","2-s2.0-84901637869"
"Makate C.; Makate M.","Makate, Clifton (56117248000); Makate, Marshall (57191225058)","56117248000; 57191225058","Interceding role of institutional extension services on the livelihood impacts of drought tolerant maize technology adoption in Zimbabwe","2019","Technology in Society","56","","","126","133","37","10.1016/j.techsoc.2018.09.011","https://www.scopus.com/pages/publications/85053852081?origin=resultslist","The study investigates whether access to agricultural extension services enhances the well-known positive impact of adopting Drought Tolerant Maize (DTM) technology on livelihood outcomes; maize yield, output per capita, consumption and sales using a representative dataset of smallholder farming households from Zimbabwe. The empirical analysis adopts an instrumental variable regression model that incorporates an endogenous interaction term to capture the intermediary role of institutional extension services. Results reveal that access to agricultural extension services enhances the relationship between DTM adoption and maize yield, output per capita, and consumption but appears to weaken the association between DTM adoption and the amount of maize set aside for sale. In exploring the potential reasons why access to institutional extension services might enhance the DTM adoption-livelihood outcomes relationship, the results suggest mechanisms related to the use of basal fertilizers, use of organic manure, access to agricultural credit, use of certified DTM seed, access to general production and marketing information, weeding frequency and disease control which are more likely to be influenced by access to agricultural extension services. The findings suggest that policies targeted at improving DTM adoption as a climate-smart agricultural technology to improve resilience of smallholder maize farming households to climate variability and change must be complemented by revitalized agriculture extension services. Revitalization of extension services may come through capacity building of extension institutions, and their personnel, improving agricultural extension infrastructure, mobility of extension personnel, and increased financing to such institutions. © 2018 Elsevier Ltd","Agricultural extension services; Climate smart agricultural technology; Impact evaluation; Instrumental variable regression; Smallholder farmers; Zimbabwe","Zimbabwe; Zea mays; Climate change; Disease control; Drought; Fertilizers; Personnel; Regression analysis; Agricultural extension services; Agricultural technologies; Impact evaluation; Instrumental variables; Smallholder farmers; Zimbabwe; agricultural extension; agricultural technology; drought; livelihood; maize; regression analysis; smallholder; technology adoption; Agriculture","Article","Final","","Scopus","2-s2.0-85053852081"
"Beg S.","Beg, Sabrin (57204195165)","57204195165","Favoritism and flooding: Political alignment and allocation of irrigation water","2019","World Development","114","","","175","195","8","10.1016/j.worlddev.2018.09.030","https://www.scopus.com/pages/publications/85054927946?origin=resultslist","Using a context where agriculture relies on uncertain rainfall and irrigation, I demonstrate that ruling party representatives counteract rainfall variability to benefit politically aligned regions through favorable irrigation water supply. First, I demonstrate average river water supply and flood incidence respond to the identity of the ruling party. I then exploit close elections to get random variation in a region's alignment with the political party in power, exogenous rainfall shocks to measure drought/flood risk and river water flow rate as a measure of water supply at any location. I find that water supply is in favor of upstream districts and against downstream districts when upstream districts are aligned with the ruling party and vice versa when down-stream district are more aligned; consequently, floods (or droughts) are more likely to occur in downstream regions when the ruling party has lower incentives to favor them. Agricultural productivity in politically aligned areas responds positively to the preferential delivery of resources. I argue that the ruling party's influence over autonomous agencies that monitor dam usage and water allotment allows its members to reward their constituents. The paper offers novel insights into how political factors determine resource allocation and into the resulting environmental and economic impact. © 2018 Elsevier Ltd","Dams; Environment; Favoritism; Irrigation; Political alignment; Rainfall variability","dam; flooding; incentive; irrigation system; party politics; political power; rainfall; water supply","Article","Final","","Scopus","2-s2.0-85054927946"
"Shumetie A.; Alemayehu M.","Shumetie, Arega (57190838158); Alemayehu, Molla (57201273557)","57190838158; 57201273557","Poverty and Food Security Effects of Climate Variability on Smallholders: The Case of Western Hararghe Zone, Ethiopia","2019","Economic Studies in Inequality, Social Exclusion and Well-Being","","","","185","198","1","10.1007/978-3-030-11419-0_9","https://www.scopus.com/pages/publications/85065297698?origin=resultslist","Climate change has a devastating impact on smallholders’ agriculture in the tropics, particularly in Africa. This study examines the effect of climate variability on the poverty and food security of rural households in three districts (Meiso, Doba and Goba-koricha) in the West Hararghe zone in Ethiopia. The study uses cross-sectional data collected from sample households in the study area with emphasis on the crop production sub-sector, which is more sensitive to climate variabilities. On average, the sampled households possessed about 6.23 TLU, 0.84 pair of oxen and 1.34 hectares of land. Based on the kilo calorie intake of household members per day, more than 80 and 64 percent of the households in Doba and Goba-koricha districts were food insecure respectively. The results also show that households’ income should increase by 63.34 and 57.86 percent respectively for Doba and Goba-koricha districts to lift smallholders out of absolute poverty. Moreover, income inequality is very wide in the two districts. Though moisture stress has the largest share, TLU and cropland owned by households also have a significant effect in determining households’ food security and poverty levels. Additionally, the study also finds out that the size of the family has a strong negative effect on both food security and the absolute poverty status of households in the study area. This covariate aggravates farm households’ problems. Hence, having a large family size and frequent moisture stress on crop production coupled with infertile and fragmented plots of land worsen food security and poverty levels of rural households in the study area. © Springer Nature Switzerland AG 2019.","Climate variability; Crop production; Food security; Households; Poverty","","Book chapter","Final","","Scopus","2-s2.0-85065297698"
"Kapapa L.; Onyango P.; Bwanthondi P.; Mfilinge P.","Kapapa, Lyidia (59298867400); Onyango, Paul (36242007200); Bwanthondi, Philip (59298406700); Mfilinge, Prosper (6508176493)","59298867400; 36242007200; 59298406700; 6508176493","The vulnerability of fisheries-based livelihoods to climate variability and change in coastal small pelagic fishing communities in Tanzania","2024","Marine Policy","169","","106344","","","14","10.1016/j.marpol.2024.106344","https://www.scopus.com/pages/publications/85202034545?origin=resultslist","Fisheries-based livelihood activities constitute an essential means of income and well-being for the majority living in coastal areas. This paper examines vulnerability of fisheries-based livelihoods caused by climate variability and change. It focuses on three small pelagic fishers’ communities including Kipumbwi, Kilindoni, and Kilwa-Kivinje, along the Tanzanian coast, as a case study. Little research has been done on the effect of climate variability and change on the livelihoods of small-scale fishing communities in developing countries, particularly along the Tanzanian coast. In collecting data, questionnaire, focused group discussion and an interactive governance approach were used. Results showed that the natural vulnerability issues include, reduced catches, and strong winds. Economic vulnerability, mentioned lack of credit facilities. For social vulnerability, respondents mentioned an increased number of fishers and fishing vessels On the aspect of technology, respondents mentioned lack of modern fishing methods. As findings suggest, these vulnerability aspects, are possibly associated with anthropogenic factors such as illegal fishing, may not be related to climate change, but climate change may intensify them. The findings further showed that climate variability has negatively affected the fisheries on which fisher communities depend for income and for food security thus affecting their local economy. Climate change has negatively affected small pelagic fishers. The decline in fish catches and economic- un-matching changes in fish prices have negatively affected the fishing community's income, employment, and food security. The recommended means for reducing vulnerability include reducing taxes and levies, availability of facilities for reducing post-harvesting loss and availability of reliable markets. © 2024 Elsevier Ltd","Climate variability; Fishers community small pelagic fisheries; Vulnerability factors","Tanzania; climate change; climate effect; climate variation; fishing community; food security; livelihood; pelagic fish; vulnerability","Article","Final","","Scopus","2-s2.0-85202034545"
"Hohl R.; Jiang Z.; Tue Vu M.; Vijayaraghavan S.; Liong S.-Y.","Hohl, Roman (57194658930); Jiang, Ze (57211499211); Tue Vu, Minh (57217733809); Vijayaraghavan, Srivatsan (57208161645); Liong, Shie-Yui (7004569396)","57194658930; 57211499211; 57217733809; 57208161645; 7004569396","Using a regional climate model to develop index-based drought insurance for sovereign disaster risk transfer","2021","Agricultural Finance Review","81","1","","151","168","16","10.1108/AFR-02-2020-0020","https://www.scopus.com/pages/publications/85087551778?origin=resultslist","Purpose: Examine the usability of rainfall and temperature outputs of a regional climate model (RCM) and meteorological drought indices to develop a macro-level risk transfer product to compensate the government of Central Java, Indonesia, for drought-related disaster payments to rice farmers. Design/methodology/approach: Based on 0.5° gridded rainfall and temperature data (1960–2015) and projections of the WRF-RCM (2016–2040), the Standardized Precipitation Index (SPI) and the Standardized Precipitation Evapotranspiration Index (SPEI) are calculated for Central Java over different time spans. The drought indices are correlated to annual and seasonal rice production, based on which a weather index insurance structure is developed. Findings: The six-month SPI correlates best with the wet season rice production, which generates most output in Central Java. The SPI time series reveals that drought severity increases in future years (2016–2040) and leads to higher payouts from the weather index structure compared to the historical period (1960–2015). Practical implications: The developed methodology in using SPI for historical and projected periods allows the development of weather index insurance in other regions which have a clear link between rainfall deficit and agricultural production volatility. Originality/value: Meteorological drought indices are a viable alternative for weather index insurance, which is usually based on rainfall amounts. RCM outputs provide valuable insights into future climate variability and drought risk and prolong the time series, which should result in more robust weather index insurance products. © 2020, Emerald Publishing Limited.","Climate change; Drought risk mitigation; Regional climate model; Sovereign disaster risk transfer; Standardized precipitation index; Weather index insurance","","Article","Final","","Scopus","2-s2.0-85087551778"
"Eslahi M.; Mazza P.","Eslahi, Mohammadehsan (58573505400); Mazza, Paolo (55681494500)","58573505400; 55681494500","Can weather variables and electricity demand predict carbon emissions allowances prices? Evidence from the first three phases of the EU ETS","2023","Ecological Economics","214","","107985","","","36","10.1016/j.ecolecon.2023.107985","https://www.scopus.com/pages/publications/85170653876?origin=resultslist","This study examines the predictive impact of weather conditions and electricity demand on hourly spot prices of emissions allowances during the first three phases of the European Union Emissions Trading System (EU ETS) (2005–2019). We propose an original methodology for constructing European-scale electricity demand and weather indices and characterize the relationship between those indices and emissions allowances prices by means of an advanced predictive modeling technique (Extreme Gradient Boosting). Empirical findings assert that electricity demand and the weather variables under study were of importance for estimating EUA prices during the first three phases of the EU ETS, with air temperature and electricity demand being most relevant to emissions allowances prices. Conversely, total precipitation and relative humidity proved to be the least relevant variables to the outcome. The results also indicate that the relationship between emissions allowances prices and their weather-related predictors was not linear in the studied period. The paper contributes to the growing body of literature on the structural determinants of carbon prices in the EU ETS and enhances our understanding of the impact of climate and weather variability – in the provision of renewable energy production – on the most prominent market-based measure to reduce CO2 emissions in Europe. © 2023 Elsevier B.V.","Electricity demand; Emissions allowances prices; Predictive modeling; The EU ETS; Weather variables","Europe; alternative energy; carbon emission; demand analysis; electricity; emission control; European Union; numerical model; prediction; price dynamics; weather","Article","Final","All Open Access; Green Open Access","Scopus","2-s2.0-85170653876"
"Brown M.E.","Brown, Molly E. (35232671500)","35232671500","Food security, food prices and climate variability","2014","Food Security, Food Prices and Climate Variability","","","","1","214","26","10.4324/9780203071687","https://www.scopus.com/pages/publications/84954424617?origin=resultslist","The agriculture system is under pressure to increase production every year as global population expands and more people move from a diet mostly made up of grains, to one with more meat, dairy and processed foods. This book uses a decade of primary research to examine how weather and climate, as measured by variations in the growing season using satellite remote sensing, has affected agricultural production, food prices and access to food in food-insecure regions of the world. The author reviews environmental, economics and multidisciplinary research to describe the connection between global environmental change, changing weather conditions and local staple food price variability. The context of the analysis is the humanitarian aid community, using the guidance of the USAID Famine Early Warning Systems Network and the United Nation’s World Food Program in their response to food security crises. These organizations have worked over the past three decades to provide baseline information on food production through satellite remote sensing data and agricultural yield models, as well as assessments of food access through a food price database. These datasets are used to describe the connection, and to demonstrate the importance of these metrics in overall outcomes in food-insecure communities. © 2014 United States Government as represented by the Administrator of the National Aeronautics and Space Administration.","","","Book","Final","","Scopus","2-s2.0-84954424617"
"Abdallah A.-H.; Ghafoor N.","Abdallah, Abdul-Hanan (57190577908); Ghafoor, Naghmana (54385226100)","57190577908; 54385226100","Heterogeneous impacts of rainwater harvesting systems on income and food outcomes in northern Ghana","2026","Frontiers in Environmental Economics","5","","1808592","","","0","10.3389/frevc.2026.1808592","https://www.scopus.com/pages/publications/105047720277?origin=resultslist","Introduction – Rainfed agriculture remains the dominant source of livelihood for smallholders in northern Ghana yet increasing rainfall variability and recurrent dry spells continue to undermine farm income (FI), food self-sufficiency (FSS), and food security. Ex-situ rainwater harvesting systems (RWHS) are promoted as climate adaptation technologies, but the evidence on heterogeneous impacts remains scant. This study estimates the impact of ex-situ RWHS—distinguishing between the impact of conventional and emerging RWHS—on FI, FSS, and food security. Methods – Based on two rounds of household panel data combined with geospatial data on temperature, rainfall, infrastructure, and input prices, the analysis applies Switching Regression for Multinomial Treatment and Multinomial Endogenous Treatment models that address the presence of endogenous technology adoption. Robustness is checked by using multinomial propensity score weighting and augmented inverse probability weighting estimators. Results and discussion – Results indicate that RWHS enhances FI, FSS, and food security. Compared to conventional RWHS, emerging RWHS generates larger and more robust impacts. These findings underline the need for differentiation in RWHS when designing water management policies aimed at enhancing food security in semi-arid regions. Copyright © 2026 Abdallah and Ghafoor.","food security; Ghana; rainwater harvesting; technology adoption; water scarcity","","Article","Final","All Open Access; Gold Open Access","Scopus","2-s2.0-105047720277"
"Bamidele S.","Bamidele, Seun (59983750000)","59983750000","ASSESSING THE IMPACT OF LIVELIHOOD DIVERSIFICATION STRATEGIES ON HOUSEHOLD FOOD SECURITY AMONG SMALLHOLDER FARMERS IN SOUTH-WESTERN NIGERIA; [OCENA WPŁYWU STRATEGII DYWERSYFIKACJI ŹRÓDEŁ UTRZYMANIA NA BEZPIECZEŃSTWO ŻYWNOŚCIOWE GOSPODARSTW DOMOWYCH WŚRÓD DROBNYCH ROLNIKÓW W POŁUDNIOWO-ZACHODNIEJ NIGERII]","2024","Economic and Regional Studies / Studia Ekonomiczne i Regionalne","17","4","","614","639","1","10.2478/ers-2024-0034","https://www.scopus.com/pages/publications/105011320136?origin=resultslist","Subject and purpose of work: This study critically examines the role of livelihood diversification strategies in improving household food security among smallholder farmers in South-Western Nigeria. The objective is to explore how rural households adapt to challenges such as climate variability, limited access to resources, and economic instability through diversified income-generating activities. Specifically, the study investigates the impact of activities such as small-scale trade, local manufacturing, agricultural processing, wage labor, and remittances on food security outcomes. Materials and methods: The study conducts an extensive literature review of empirical and theoretical research, synthesizing data from studies that focus on agricultural and nonagricultural livelihoods. This approach enables a comprehensive understanding of the different types of diversification strategies used by smallholder farmers and evaluates their effectiveness in stabilizing income and improving food security. The analysis considers various factors, including the socioeconomic and environmental contexts in which these activities are undertaken, to understand the nuances and varying impacts of diversification. Results: Key findings reveal that while livelihood diversification can serve as a buffer against income fluctuations, its success largely depends on factors such as resource availability, household capacity, and local infrastructure. Diversification through agricultural means, such as crop rotation or animal husbandry, often stabilizes food production, but may not fully mitigate income risks. Nonagricultural activities, such as trading or manufacturing, can contribute more directly to income stability, although these opportunities are often constrained by limited market access and infrastructure. Remittances provide a crucial safety net for some households, although this source of income is vulnerable to external economic factors. Conclusions: The study concludes that targeted livelihood diversification strategies can substantially improve food security in rural areas, especially when they are adapted to local socioeconomic and environmental conditions. The findings underscore the need for policy interventions that support infrastructure development, market access, and training programs to expand viable livelihood options. By aligning theoretical insights with empirical evidence, the study offers actionable recommendations for policy makers to promote sustainable and inclusive food security solutions through diversified income sources for rural communities in South-Western Nigeria. Copyright: © 2024 Seun Bamidele et al., published by Sciendo.","climate variability; household food security; livelihood diversification; smallholder farmers; south-western Nigeria","","Article","Final","All Open Access; Gold Open Access; Green Open Access","Scopus","2-s2.0-105011320136"
"Luong T.A.; Nguyen M.-H.; Truong N.T.K.; Le K.","Luong, Tuan Anh (57225943471); Nguyen, Manh-Hung (57211505210); Truong, N.T. Khuong (57225935836); Le, Kien (57211337161)","57225943471; 57211505210; 57225935836; 57211337161","Rainfall variability and internal migration: The importance of agriculture linkage and gender inequality","2023","Economic Analysis and Policy","77","","","326","336","15","10.1016/j.eap.2022.11.021","https://www.scopus.com/pages/publications/85143647581?origin=resultslist","This paper investigates the extent to which individual migration decisions in Vietnam can be driven by climate change, based on the historical rainfall data from 70 weather stations in Vietnam and the Vietnam Access to Resources Household Survey. Utilizing the exogenous variation in the rainfall deviation from the local norms within an individual fixed-effects framework, we uncover the negative association between rainfall and the probability of individual's decision to migrate. We find that doubling the amount of precipitation relative to the long-run local average reduces the probability of migration by 7.5 percent. This result could potentially be driven by individuals who work in the agriculture sector and could have experienced an increase in income as high precipitation could lead to high yield. Furthermore, our heterogeneity analyses suggest rainfall shocks could perpetuate gender inequality in Vietnam as women are less likely to migrate when being affected by climate change. Policymakers could shift their focus to flood control and water management in affected areas, where people's livelihoods depend on agriculture, to efficiently address issues related to climate-induced internal migration. © 2022 Economic Society of Australia, Queensland","Climate change; Gender inequality; Migration; Rainfall; Vietnam","","Article","Final","All Open Access; Green Open Access","Scopus","2-s2.0-85143647581"
"Hosu S.Y.; Cishe E.N.; Luswazi P.N.","Hosu, Sunday Y. (57204156536); Cishe, E.N. (59806957800); Luswazi, P.N. (6505936562)","57204156536; 59806957800; 6505936562","Vulnerability to Climate Change in the Eastern Cape Province of South Africa: What Does the Future Holds for Smallholder Crop Farmers?","2016","Agrekon","55","1-2","","133","167","18","10.1080/03031853.2016.1157025","https://www.scopus.com/pages/publications/84975882652?origin=resultslist","Assessment of the level of smallholders’ vulnerability to climate variability and the adaptive capacity will provide information required for adequate policy formulation for the adaptation and improvement of food security among poor farming households. This article utilised data from a survey of 223 small farming households in the Eastern Cape province, one of the poorest agrarian provinces in South Africa, to explore the exposure of smallholder farmers to climate change, their adaptive capacity and their vulnerability to climate shock across major agro-ecological zones. Data on the production of main staple foods, household assets and access to institutional facilities were analysed by means of principal component analysis. General circulation model scenarios were used with a crop model (EPIC) to explore the impact of future plausible climate patterns on farmers’ income. Farmers in the Karoo zone are currently the most vulnerable to climate variability. A scenario analysis also showed that maize production in the Eastern Cape will be positively affected by climate change under both low-input and irrigated management systems, whereas potato yield will decrease. It is projected that smallholder farmers who significantly rely on maize can expect an increase of up to 45 per cent revenue by 2050 under the UKMO-HADGEM1 climate scenario if the average estimated future yields materialise. Both institutional and infrastructural support in the form of access to credit and irrigation facilities are recommended for adequate adaptation to future climate change impact, in particular climate volatility, which was not taken into account in our yield projections. © 2016 Agricultural Economics Association of South Africa.","climate change; EPIC; food security; general circulation models; small farms","","Article","Final","All Open Access; Green Open Access","Scopus","2-s2.0-84975882652"
"Morrisette P.M.; Rosenberg N.J.","Morrisette, Peter M. (6506461709); Rosenberg, Norman J. (58489102400)","6506461709; 58489102400","Climate Variability and Development","2016","Global Development and the Environment: Perspectives on Sustainability","","","","73","82","0","10.4324/9781315659985-9","https://www.scopus.com/pages/publications/85164872050?origin=resultslist","Agreement on an international convention to mitigate the buildup of greenhouse gases could be one of UNCED’s important achievements. However, it is also important that the conference address the problem of existing climate variability, which at present complicates the sustainable development of resources in developed countries and, even more so, in developing countries. Agriculture illustrates the vulnerability of societies to this variability, yet it also demonstrates a potential for adaptability. Agriculture’s response to drought suggests that better means of adapting to existing climate variability would provide immediate benefits and would likely expand the range of options available to cope with climate change in the future. © 1992 Resources for the Future, Inc.","","","Book chapter","Final","","Scopus","2-s2.0-85164872050"
"Balasubramanian R.; Saravanakumar V.","Balasubramanian, R. (7103127949); Saravanakumar, V. (23470589800)","7103127949; 23470589800","Climate sensitivity of groundwater systems in South India: Does it matter for agricultural income?","2021","Climate Change and Community Resilience: Insights from South Asia","","","","143","156","6","10.1007/978-981-16-0680-9_10","https://www.scopus.com/pages/publications/85140755528?origin=resultslist","This study examines the implications of climate variability on groundwater for irrigation and agricultural income in the Indian state of Tamil Nadu. Based on a panel of 1740 observations over a 40-year period, it was found that increase in rainfall positively influences the water table, whereas increase in maximum temperature significantly reduces groundwater availability. While increase in temperature has a negative impact on farm income, groundwater availability has a positive impact. Increase in well density has a negative effect, and electricity subsidy a positive effect on farm income. As temperatures increase as a result of climate change, two important practical concerns for agricultural management have been observed: (a) groundwater reduction is likely and alternate sources of irrigation may need to be identified; (b) because richer farmers will be able to invest in deeper wells, small landholders are likely to see lower returns to agriculture with increase in well density. Our findings offer valuable insights into the impact of climatic and non-climatic factors on groundwater level and net farm income that can inform the development of sustainable and equitable solutions. © The Author(s) 2022. All rights reserved.","Climate change; Farm income; Groundwater; Spatial dynamic panel data","","Book chapter","Final","All Open Access; Gold Open Access","Scopus","2-s2.0-85140755528"
"Balana B.B.; Bizimana J.-C.; Richardson J.W.; Lefore N.; Adimassu Z.; Herbst B.K.","Balana, Bedru B. (35602677300); Bizimana, Jean-Claude (56520199500); Richardson, James W. (7404378331); Lefore, Nicole (56242668400); Adimassu, Zenebe (36597841600); Herbst, Brian K. (57191974153)","35602677300; 56520199500; 7404378331; 56242668400; 36597841600; 57191974153","Economic and food security effects of small-scale irrigation technologies in northern Ghana","2020","Water Resources and Economics","29","","100141","","","74","10.1016/j.wre.2019.03.001","https://www.scopus.com/pages/publications/85063196966?origin=resultslist","Small-scale irrigation (SSI) technologies can be useful not only to increase crop productivity and income but also as a viable adaptation practice to climate variability. A farm simulation model (FARMSIM) and data from selected SSI technologies piloted in northern Ghana under the ‘Feed the Future-Innovation Lab for Small Scale Irrigation’ (ILSSI) project were used to assess the economic feasibility of the SSI technologies and their potential to improve income and nutrition of smallholder farm households. Three dry season irrigated crops (onion, corchorus, amaranthus) grown under three agricultural water management regimes were analysed. Results show that adoption of the SSI technologies could increase the net farm profit by 154%–608% against the baseline depending on the ‘crop type - SSI technology’ combination. Nutrition levels also improved significantly as a result of the improvements in crop yields due to irrigation and use of complementary inputs. However, the results further reveal that the options that utilize capital-intensive SSI technologies such as solar-powered water pumps to grow high value cash crops are constrained by the high investment cost. Currently, farmers tend to choose low-cost SSI technologies such as a traditional watering-cans, which generate low economic returns. Improving access to credit or alternative financing schemes could mitigate the capital constraints and enable smallholders to gain more benefits from participating in market-oriented high-value irrigated production. © 2019 Elsevier B.V.","Economic feasibility; Farm income; Ghana; Nutrition; Small-scale irrigation; Smallholders","Allium cepa; Amaranthus; Corchorus","Article","Final","","Scopus","2-s2.0-85063196966"
"Daramola A.Y.","Daramola, Adebukola Yewande (41761320600)","41761320600","Gender Differentials in Climate Impacts: Experience from Nigeria","2026","Gender and Climate Finance in Africa: Addressing Inequalities and Bridging Gaps","","","","77","99","0","10.1108/978-1-83742-085-820261005","https://www.scopus.com/pages/publications/105048074313?origin=resultslist","Climate variabilities and its profound impacts on earth systems and livelihoods are widespread globally but are more severe for vulnerable populations. Nigeria is a developing lower middle-income country with low adaptive capacities across most of its populations and systems. An estimated 133 million of the country’s 200+ million people are classified multidimensionally poor. Beyond this country-wide vulnerability, deeper vulnerabilities exist for women as they have constrained access to resources, power, and, perhaps more fundamentally, to information. Many of these women are engaged in climate-sensitive sectors such as agriculture or informal enterprise. Consequently, the impacts of climate variability, while are felt by both males and females, further deepen vulnerabilities for the female gender. Further complications and differentials in vulnerability are found among females in the northern and southern divides of the country, while those in urban and rural areas also exhibit peculiar deprivations. The study explores how intersectionalities in demographics deepen vulnerabilities to climate impacts in Nigeria for females, drawing on extant literature, complemented with findings from a previous survey conducted 2023. The survey covered eight states in five of Nigeria’s six geopolitical zones. The progression of vulnerability rises sharply from the female demographic (60.2%) to the northern female resident in rural areas, with no formal education, engaged in farming and earning a low income (90%). This confirms findings from extant literature that intersectionalities amplify vulnerabilities. The findings point climate fund managers to the need for intentional beneficiary targeting in dispensing benefits. Individual chapters © 2026 The authors.","adaptive capacity; Climate variability; gender vulnerability; intersectionality; Nigeria","Agriculture; Developing countries; Population statistics; Rural areas; Sustainable development; Access to resources; Adaptive capacity; Classifieds; Climate impacts; Climate variability; Earth systems; Gender vulnerability; Intersectionality; Middle-income countries; Nigeria; Climate change","Book chapter","Final","","Scopus","2-s2.0-105048074313"
"Samka F.K.; Huang L.; Ren Y.","Samka, Fabrice Kehven (60682018500); Huang, Luchen (59043629000); Ren, Yanjun (8378579000)","60682018500; 59043629000; 8378579000","The impact of climate change on food security: evidence from Sub-Saharan Africa","2026","International Journal of Agricultural Sustainability","24","1","2680626","","","0","10.1080/14735903.2026.2680626","https://www.scopus.com/pages/publications/105041185896?origin=resultslist","The impact of climate change has gained extensive attention over the past few decades, while its impact on Sub-Saharan Africa (SSA), a region where agriculture is particularly vulnerable to climate variability, still requires more in-depth and focused research, including its effects on food security. Using panel data from 1980 to 2021, this study investigates the effects of climate change (temperature and rainfall) and ecological footprints on food security in SSA and its four sub-regions, including pathways through inflation and trade. Results show that increases in temperature and ecological footprints improve food security in SSA. Increased rainfall decreases food security in Western SSA but increases it in Middle and Southern SSA. Temperature improves food security in Eastern and Western SSA, while ecological footprints improve food security in Eastern, Western and Southern SSA. Increases in temperature and ecological footprint improve trade, while an increase in rainfall and temperature reduces inflation. However, increases in ecological footprint increases inflation. we recommend climate-resilient agriculture, strengthening climate information and early warning systems and expanding irrigation infrastructure. Region-specific strategies include the adoption of flood-tolerant crops in Western SSA, sustainable resource management in Southern SSA, and the scaling up of climate-smart agriculture in Eastern SSA. fiscal and monetary policies should be put in place to stabilize food prices. © 2026 The Author(s). Published by Informa UK Limited, trading as Taylor & Francis Group.","Climate change; ecological footprints; fixed and random effects model; food production index; Sub-Saharan Africa","Sub-Saharan Africa; agricultural management; agricultural trade; climate change; ecological footprint; food production; food security; inflation; information system; precision agriculture","Article","Final","All Open Access; Gold Open Access; Green Open Access","Scopus","2-s2.0-105041185896"
"Rao V.U.M.; Ahmad L.; Sattar A.","Rao, V.U.M. (7402899366); Ahmad, Latief (55599642500); Sattar, Abdus (57209090943)","7402899366; 55599642500; 57209090943","Microclimate Modification for Improved Agriculture Production","2025","Sustainable Production and Food Security: An Overview Through Climate Smart Agricultural Interventions","","","","197","207","1","10.1142/9789811296062_0011","https://www.scopus.com/pages/publications/105013699953?origin=resultslist","Microclimate modification is a strategic approach for enhancing agriculture production. Microclimate, defined as the localized climate conditions within a specific area, plays a pivotal role in determining crop growth and yield. This chapter emphasizes the significance of purposeful interventions to modify microclimates to optimize agricultural productivity. Efficient microclimate modification involves strategic deployment of technologies such as shade nets, greenhouse structures, and agroforestry practices. These interventions aim to regulate factors like temperature, humidity, and sunlight exposure, creating a more favorable environment for crop cultivation. By manipulating these microclimatic conditions, farmers can extend growing seasons, protect crops from extreme weather events, and optimize resource utilization. Furthermore, this chapter discusses the potential of precision irrigation and mulching techniques in microclimate modification, contributing to water conservation and soil moisture management. The integration of technology, data analytics, and climate monitoring systems enables farmers to make informed decisions in real-time, adapting to changing microclimatic conditions. Microclimate modification emerges as a promising strategy to address the challenges posed by climate variability and enhance agriculture production. By adopting innovative technologies and sustainable practices, farmers can optimize microclimatic conditions, thereby increasing resilience and productivity in the face of a changing climate. © 2025 by World Scientific Publishing Co. Pte. Ltd. All rights are reserved.","Agriculture production; Climate change; Microclimate","Agribusiness; Crops; Cultivation; Soil conservation; Agricultural productivity; Agriculture productions; Climate condition; Crop growth and yields; Localised; Microclimate; Microclimatic conditions; Specific areas; Strategic approaches; Strategic deployment; Climate change","Book chapter","Final","","Scopus","2-s2.0-105013699953"
"Zegunis M.; Balezentis T.","Zegunis, Martynas (59219980400); Balezentis, Tomas (37062856100)","59219980400; 37062856100","Production risk in the crop farming of the Baltic States, Poland, and Germany","2024","Journal of International Studies","17","2","","118","131","6","10.14254/2071-8330.2024/17-2/6","https://www.scopus.com/pages/publications/85198656360?origin=resultslist","Increasing climate volatility has called for further analysis of the risk management measures in agriculture. This paper sheds more light on production risks in the crop farming of northeastern European agriculture. Specifically, the cases of the three Baltic States (Estonia, Latvia, and Lithuania) are juxtaposed to those of Poland and Germany. Thus, both economically developed and developing economies are considered in the analysis. The study covers major crops throughout 2004-2022, i.e., considers the post-accession period of the new EU member states. The research relies on the downward coefficients of variation as the hazard measures. The conditional means were obtained by applying the moving average approach. The results suggest that the highest yield risk is observed for wheat and rape, whereas barley stands at the other end of the spectrum. Regarding the country-wise comparison, risk measures were highest in Estonia and lowest for Poland and Germany. © 2024, Centre of Sociological Research. All rights reserved.","coefficient of variation; moving average; risk; standard deviation; yield","","Article","Final","All Open Access; Gold Open Access","Scopus","2-s2.0-85198656360"
"Linsenmeier M.","Linsenmeier, Manuel (57665396200)","57665396200","Temperature variability and long-run economic development","2023","Journal of Environmental Economics and Management","121","","102840","","","39","10.1016/j.jeem.2023.102840","https://www.scopus.com/pages/publications/85166216239?origin=resultslist","This study examines the effects of temperature variability on long-run economic development. To identify causal effects, a novel econometric strategy is employed, based on spatial first-differences. Economic activity is proxied by satellite data on nightlights. Drawing on climate science, the study distinguishes between temperature variability on three time scales: day-to-day, seasonal, and interannual variability. The results indicate that day-to-day temperature variability has a statistically significant, negative effect on economic activity, while seasonal variability has a smaller but also negative effect. The effect of interannual variability is positive at low temperatures, but negative at high temperatures. Furthermore, the results suggest that daily temperature levels have a non-linear effect on economic activity with an optimal temperature around 15 degrees Celsius. However, most of the estimated effects of variability cannot be explained with this non-linearity and instead seem to be due to larger uncertainty about future temperature realisations. The empirical effects can be found in both urban and rural areas, and they cannot be explained by the distribution of agriculture. The results indicate that projected changes of temperature variability might add to the costs of anthropogenic climate change especially in relatively warm and currently relatively poor regions. © 2023 The Author(s)","Climate; Day-to-day variability; Interannual variability; Nightlights; Seasonal variability; Temperature; Temperature variability","Climate change; Economic analysis; Economic and social effects; Uncertainty analysis; Climate; Day-to-day variability; Economic activities; Economic development; Effects of temperature; Interannual variability; Longest run; Nightlight; Seasonal variability; Temperature variability; annual variation; climate change; economic activity; economic development; nature-society relations; nonlinearity; satellite data; temperature; Temperature","Article","Final","All Open Access; Green Open Access; Hybrid Gold Open Access","Scopus","2-s2.0-85166216239"
"Dallmann I.; Millock K.","Dallmann, Ingrid (57200109317); Millock, Katrin (6603310506)","57200109317; 6603310506","Climate variability and inter-state migration in India","2017","CESifo Economic Studies","63","4","","560","594","94","10.1093/cesifo/ifx014","https://www.scopus.com/pages/publications/85039752573?origin=resultslist","We match climate data to migration data from the 1991 and 2001 Indian Censuses to investigate the impact of climate variability on internal migration. The article makes four contributions to the existing literature on macro-level migration flows. First, use of census data allows us to test and compare the effect on migration of climatic factors prior to migration. Second, we introduce relevant meteorological indicators of climate variability, to measure the frequency, duration, and magnitude of drought and excess precipitation based on the Standardized Precipitation Index. Third, we estimate the total effect (direct and indirect effects) of climate variability on bilateral migration rates. Fourth, we examine three possible channels through which climate variability might induce migration: average income, agriculture, and urbanization. The estimation results show that drought frequency in the origin state increases inter-state migration in India. This effect is stronger in agricultural states, and in such states the magnitude of drought also increases inter-state migration significantly. Drought frequency has the strongest effect on rural-rural inter-state migration. © The Author 2017. Published by Oxford University Press on behalf of Ifo Institute, Munich. All rights reserved.","Climate variability; Drought; Excess precipitation; India; Internal migration; PPML; SPI","India; census; climate effect; climate variation; drought; estimation method; internal migration; precipitation (climatology)","Article","Final","All Open Access; Bronze Open Access","Scopus","2-s2.0-85039752573"
"Rite A.; Abnave V.","Rite, Arvind (59496242100); Abnave, Vikas (59496168400)","59496242100; 59496168400","Rainfall Variability, Risk, and Resilience: A Comparative Study of Insured vs. Non-Insured Farmers in Maharashtra, India","2024","Research on World Agricultural Economy","5","4","1138","1","15","4","10.36956/rwae.v5i4.1138","https://www.scopus.com/pages/publications/85213795530?origin=resultslist","This paper examines the risks involved in Maharashtra’s agriculture and investigates the mitigation strategies adopted by insured and non-insured farmers in Latur and Pune districts. By using a multi-stage sampling method, 400 sample households were selected from two districts. These households comprise 268 insured farmers and 134 non-insured farmers. The results reveal that both rainfall variability and reductions in crop prices significantly impact agricultural revenues. However, the specific risk that carries the most significant weight may vary depending on an individual’s insurance status. Insured farmers are most vulnerable to the unpredictable nature of rainfall, as insurance typically protects against yield losses but not necessarily against market fluctuations. Conversely, noninsured farmers face a constant threat from declining crop prices, even with a good harvest, as they lack the financial buffer provided by crop insurance. This study suggests that the government should integrate pricing risk with crop insurance to reduce risk in agricultural production. Additionally, the farmers should adopt an integrated approach to pest and disease management. The implementation of a comprehensive crop insurance program is needed to ensure equitable coverage for farmers, facilitating widespread benefits. Additionally, more efforts should focus on mitigation of identified risks such as input costs, market fluctuations, and production uncertainties. © 2024 by the author(s). Published by Nan Yang Academy of Sciences Pte. Ltd.","Crop insurance; Maharashtra; Non-insured farmers; Risk in agriculture","","Article","Final","All Open Access; Gold Open Access","Scopus","2-s2.0-85213795530"
"Mulama O.N.; Kariuki C.W.","Mulama, Olga Nekesa (58163659400); Kariuki, Caroline Wanjiru (57385730100)","58163659400; 57385730100","Panel Analysis of the Relationship Between Weather Variability and Sectoral Output in Kenya","2021","African Handbook of Climate Change Adaptation: With 610 Figures and 361 Tables","","","","947","963","1","10.1007/978-3-030-45106-6_77","https://www.scopus.com/pages/publications/85151227216?origin=resultslist","Climate change and economic growth are closely connected. Climate change has the potential to reduce economic growth in developing countries due to their limited ability to respond to the negative impacts of a changing climate. A better understanding of weather variability can enhance climate change policies, which would help to support economic growth in these countries. As such, this research sought to examine if there is a long-run relationship between sectoral output and weather variables (temperature and rainfall) and to analyze the effect of weather variability on sectoral output using a panel of 13 sectors in Kenya. A Pedroni cointegration test was carried out to find out if there exists a long-run relationship among the variables and thereafter, a fully modified ordinary least squares regression was conducted to establish the effect of weather variability on sectoral output. The results indicate that there is a long-run relationship between temperature and sectoral output. Moreover, temperature has a larger effect on sectoral output compared to rainfall. With the evidence gathered from this research, it can be concluded that weather variability has an economic effect on sectoral output in Kenya. Given this, the Kenyan government needs to take a keen interest in understanding the effect of weather variability on the economy and in the broader picture, take steps to mitigate climate change. © The Editor(s) (if applicable) and The Author(s) 2021.","Climate change; Cointegration; Economic growth; Fully modified OLS; Kenya; Panel data; Rainfall; Sectoral output; Temperature; Weather variability","","Book chapter","Final","All Open Access; Gold Open Access","Scopus","2-s2.0-85151227216"
"Khalifa J.","Khalifa, Jihène (59497214300)","59497214300","The Impacts of Climate Change, Agricultural Productivity, and Food Security on Economic Growth in Tunisia: Evidence from an Econometrics Analysis","2025","Research on World Agricultural Economy","6","1","1457","577","599","13","10.36956/rwae.v6i1.1457","https://www.scopus.com/pages/publications/105000302383?origin=resultslist","This study investigates the effects of climate change, agricultural productivity, and food security on economic growth in Tunisia from 1990 to 2022. Employing an Autoregressive Distributed Lag (ARDL) model, the findings reveal that lagged agricultural productivity significantly contributes to economic growth, underscoring agriculture’s pivotal role in the national economy. Analysis with a Vector Autoregressive (VAR) model highlights the detrimental effect of rainfall variability on economic growth, emphasizing the vulnerability of Tunisia’s rain-fed agriculture to climate change. With its semi-arid and arid climate, Tunisia already faces scarce and irregular rainfall, a challenge intensified by climate change through reduced precipitation and altered seasonal patterns, resulting in prolonged droughts and sporadic, intense rainfall events. Granger causality tests reveal unidirectional relationships from economic growth to agricultural productivity, food security, and temperature variation, as well as from temperature changes to crop production. Additionally, a bidirectional relationship between crop production and food security underscores their interdependence. These findings highlight the pressing need for adaptive strategies to address the adverse effects of climate variability. Suggested measures include the implementation of climate-smart agricultural practices, such as efficient irrigation systems, resilient crop varieties, and sustainable soil management. Investments in sustainable agricultural practices and enhanced food systems are crucial to fostering economic re- silience and stability. This study offers valuable insights into the interplay between climate change, agriculture, and economic growth, contributing to the broader discourse on sustainable development and providing actionable policy recommendations to fortify Tunisia’s agricultural and economic systems against escalating climate challenges. © 2025 by the author(s).","Agricultural Productivity; ARDL; Climate Change; Economic Growth; Food Security; Granger Causality; VAR","","Article","Final","All Open Access; Gold Open Access","Scopus","2-s2.0-105000302383"
"Kabbori A.; Guezzaz A.; Benkirane S.; Azrour M.","Kabbori, A. (57216784442); Guezzaz, A. (57194492918); Benkirane, S. (36518236400); Azrour, M. (57193500437)","57216784442; 57194492918; 36518236400; 57193500437","Errachidia’s Arid Climate Under AI Lens: 14-Year Trends and Insights","2026","Integration of Advanced Systems in Environmental Science and Water Desalination","","","","262","269","0","10.1201/9781003647263-26","https://www.scopus.com/pages/publications/105027621881?origin=resultslist","Arid regions serve as critical sentinels of climate change, yet high-resolution, long-term meteorological datasets from such areas remain scarce, hindering precise adaptation strategies. Here, we present a comprehensive analysis of a unique 14-year hourly weather data set (2010–2024) from Errachidia, a semi-arid city in southeastern Morocco, leveraging advanced time series decomposition and long short-term memory (LSTM) modeling to uncover climate change signals and their implications. Mean annual temperature increased by 0.1142°C per year (p < 0.001, 95% CI: 0.098–0.130°C), totaling ~1.6°C, with seasonal decomposition confirming a robust trend of 0.1290°C per year (p < 0.001). Fall exhibited the most pronounced warming at 0.1666°C per year (p = 0.0002, CI: 0.142–0.191°C), while summer temperatures reached ~35°C in 2022–2024, indicating an extended hot season. Extreme high-temperature events (95th percentile) persisted at ~500 annually, whereas low events (5th percentile) declined significantly post-2020, reflecting a non-significant reduction in cold spells (–9.29 events per year, p = 0.1688). Wind patterns shifted toward northern dominance (25.7%–30.4%, 2011–2023), correlating with temperature anomalies (r = 0.4), though wind speed remained stable (0.0064 units per year, p = 0.8589). These findings, surpassing global warming averages, underscore Errachidia's vulnerability to an extended hot season, increased climate variability, and deteriorating air quality, offering critical insights for agriculture, urban planning, and public health in arid regions. By integrating high-resolution data with AI-driven methods, this study sets a scalable framework for climate resilience, addressing data scarcity in North Africa and supporting global adaptation strategies under Sustainable Development Goal 13 (Climate Action). © 2026 selection and editorial matter, Jamal Mabrouki, individual chapters, the contributors.","","Arid regions; Long short-term memory; Public health; Sustainable development; Time series analysis; Urban planning; Wind; Adaptation strategies; Arid climates; Comprehensive analysis; Data set; High resolution; Meteorological datasets; Semi arid; Short term memory; Time series decomposition; Weather data; Global warming","Book chapter","Final","","Scopus","2-s2.0-105027621881"
"Ouédraogo M.; Barry S.; Zougmoré R.B.","Ouédraogo, Mathieu (7003466627); Barry, Silamana (57192373473); Zougmoré, Robert B. (6602362794)","7003466627; 57192373473; 6602362794","HOW USING WEATHER AND CLIMATE INFORMATION SERVICES MAY IMPACT FARM PRODUCTIVITY AND TECHNICAL EFFICIENCY: EVIDENCE FROM COWPEA AND SESAME PRODUCERS IN BURKINA FASO","2023","Climate Change Economics","14","2","2350011","","","8","10.1142/S2010007823500112","https://www.scopus.com/pages/publications/85147523110?origin=resultslist","Weather and climate information services (WCIS) are recognized as a powerful tool to support the management of climate risk in the context of climate variability. However, the picture of its value for agriculture is not yet well evaluated. This study used the Average Treatment Effect (ATE) framework to assess the impact of WCIS use on yield, income and technical efficiency of cowpea and sesame production in Burkina Faso. The study involved 170 farmers from 17 villages including 11 experimental villages exposed to WCIS and 6 control villages not exposed. The study found that farmers exposed to WCIS changed their crop management's practices. A significant number of farmers used forecasts of the rainy season' length and the onset date to choose which crop and variety to grow, which location and size of plots to crop. Daily forecast information was used for farm crop operations (choosing the date of land preparation, sowing, fertilizing, weeding, etc.), while the seasonal forecast was used for strategic decision (selection of crop and production site location). The use of farm inputs and labor requirements are different between climate-informed farmers and non-exposed farmers, the latter farmers tending to use more labor. The study showed that cowpea producers using WCIS obtained significantly higher yields (848kg/ha on an average compared to 675kg/ha for non-WCIS users); higher gross margin (34% higher than non-users). However, the impact of WCIS was not significant for sesame production. This may translate the strong linkage and dependence of the effectiveness of using WCIS with other factors than just climate variability, particularly the ability of the farmer to understand and apply relevant agro-met-advisories and crop-soil-water attributes.  © 2023 The Author(s).","average treatment effect (ATE); Burkina Faso; farm productivity; technical efficiency; Weather and climate information services","","Article","Final","All Open Access; Green Open Access; Hybrid Gold Open Access","Scopus","2-s2.0-85147523110"
"Christou T.; Goutte S.; Konstantakis K.N.; Michaelides P.G.; Psyllou M.","Christou, Tryfonas (57330783500); Goutte, Stephane (55536067100); Konstantakis, Konstantinos N. (56019212900); Michaelides, Panayotis G. (8516554600); Psyllou, Maria (58928577100)","57330783500; 55536067100; 56019212900; 8516554600; 58928577100","Cities, climate & growth: Evidence from Athens, Greece","2025","International Review of Economics and Finance","104","","104740","","","0","10.1016/j.iref.2025.104740","https://www.scopus.com/pages/publications/105023476728?origin=resultslist","Urban economies are increasingly shaped by climate variability, making it essential to understand how environmental factors interact with economic drivers to influence output growth. This study examines the determinants of urban economic performance in Athens, Greece, focusing on labor growth, gross fixed capital formation, and climate variables such as temperature and precipitation. Using an extensive dataset spanning the period 2000–2022, we employ robust econometric techniques to quantify the impact of these factors on regional output growth. Our findings highlight the critical role of climate conditions (temperature and precipitation) in shaping economic trajectories, stressing the necessity for climate-conscious urban policies. The results emphasize the importance of integrating climate resilience strategies into economic planning, as cities face mounting environmental uncertainties. By bridging economic modeling with climate science, this study provides actionable insights for policymakers, urban planners, and economists, contributing to the broader discourse on sustainable urban development in the face of climate change. © 2025 The Authors.","Athens; Attica; Climate; Growth; Precipitation; Temperature; Weather","","Article","Final","All Open Access; Gold Open Access; Green Open Access","Scopus","2-s2.0-105023476728"
"Kirungi D.; Wesana J.; Sseguya H.; Gellynck X.; De Steur H.","Kirungi, Diana (58729859000); Wesana, Joshua (56688521300); Sseguya, Haroon (35362862500); Gellynck, Xavier (7801685759); De Steur, Hans (57218184122)","58729859000; 56688521300; 35362862500; 7801685759; 57218184122","Smallholder coffee farmers’ perceptions of climate variability and the adoption intensity of climate-smart agriculture technologies in Uganda","2025","International Journal of Agricultural Sustainability","23","1","2531727","","","3","10.1080/14735903.2025.2531727","https://www.scopus.com/pages/publications/105013746362?origin=resultslist","The current adoption intensity of Climate-Smart Agriculture Technologies (CSATs) among smallholder farmers is below the desired level despite the increasing climate change challenges. This study analysed the perceptions of smallholder coffee farmers towards climate variability and how these influence the adoption intensity of CSATs. A survey was conducted with 226 randomly selected coffee farming households in Luweero district, Uganda. Multivariate regression, Multivariate probit and Poisson regression were used to assess the determinants of farmers’ perceptions of climate variability, the determinants of adoption among the different CSATs and the influence of farmers’ perceptions of climate variability on the adoption intensity of CSATs, respectively. The findings show that smallholder farmers are aware of climate variability, as their perceptions about the increase in temperature and decrease in rainfall align with the available meteorological data. Additionally, farmers’ perceptions of changes in rainfall and temperature, credit access, interaction with an extension worker and access to climate information positively influence their adoption intensity of CSATs. The study recommends that efforts to enhance the adaptive capacity of smallholder farmers should consider enhancing farmers’ climate variability awareness through the provision of climate information, enhancing farmers’ access to credit facilities, and strengthening extension service delivery to support farmers in implementing multiple healthy and environmentally friendly CSATs. © 2025 The Author(s). Published by Informa UK Limited, trading as Taylor & Francis Group.","Adoption intensity; climate variability; climate-smart agriculture; perceptions; regenerative agriculture; smallholder farmers; Uganda","Luwero; Uganda; climate change; climate variation; coffee; perception; smallholder; technology adoption","Article","Final","All Open Access; Gold Open Access; Green Open Access","Scopus","2-s2.0-105013746362"
"Nath M.","Nath, Maanik (57222427189)","57222427189","Credit risk in colonial India","2022","Economic History Review","75","2","","396","420","7","10.1111/ehr.13108","https://www.scopus.com/pages/publications/85113697402?origin=resultslist","Credit was scarce and expensive in colonial India. Existing explanations assume a lack of market competition let moneylenders charge high interest rates. The article challenges this view and constructs a novel framework to explain the rationality and strategies of lenders. Using new evidence from the Madras Presidency, the study finds that the interconnected issues of climate volatility and enforcement costs shaped the supply and prices of credit. Climate volatility and uncertain seasonal incomes led to high default rates. Enforcement of contracts through courts was expensive and not appropriate where there was no wilful breach of contract. Moneylenders responded to risk in innovative ways. They rationed credit and imposed inflexible enforcement terms in the dry regions that faced higher climatic risk, but used contracts and flexible pricing strategies in the irrigated zones where risks were lower. © 2021 The Authors. The Economic History Review published by John Wiley & Sons Ltd on behalf of Economic History Society.","climate; colonialism; India; institutional change; rural credit","India; colonialism; credit provision; income; risk assessment; rural economy","Article","Final","All Open Access; Green Open Access; Hybrid Gold Open Access","Scopus","2-s2.0-85113697402"
"Sabzevari Y.; Eslamian S.","Sabzevari, Yaser (58142820600); Eslamian, Saeid (15724845200)","58142820600; 15724845200","An Introduction to Hydrologic Resilient and Blockchain","2026","Smart Water Management: Blockchain in Sustainability and Efficiency","","","","1","14","0","10.1201/9781003686026-1","https://www.scopus.com/pages/publications/105045458658?origin=resultslist","Hydrologic systems are increasingly exposed to pressures from climate variability, population growth, and intensifying water demand. Ensuring resilience, defined as the capacity of water systems to withstand, adapt to, and recover from disruptions, has therefore become a central objective in modern water resources management. At the same time, emerging digital technologies such as blockchain offer new opportunities for secure, transparent, and decentralized data management within the hydrologic sector. This paper provides an introductory overview of hydrologic resilience and explores the potential role of blockchain technology in enhancing system reliability, decision-making, and stakeholder coordination. Key concepts such as system vulnerability, adaptive capacity, decentralized ledgers, smart contracts, and transparent data-sharing frameworks are discussed. By connecting principles of hydrologic science with innovative digital infrastructures, this work highlights pathways for integrating blockchain into water monitoring, allocation, and governance systems to strengthen long-term resilience. © 2027 Yaser Sabzevari, Saeid Eslamian and Faezeh Eslamian.","","Data Sharing; Decision making; Information management; Population statistics; Water management; Block-chain; Climate variability; Decentralised; Digital technologies; Exposed to; Hydrologic systems; Population growth; Water demand; Water resources management; Water system; Blockchain","Book chapter","Final","","Scopus","2-s2.0-105045458658"
"Skokanova D.","Skokanova, Dagmar (59294910200)","59294910200","HOW DIGITIZATION AND AI ARE TRANSFORMING AGRICULTURAL MANAGEMENT FOR RESILIENCE AND SUSTAINABILITY","2024","IDIMT 2024: Changes to ICT, Management, and Business Processes through AI - 32nd Interdisciplinary Information Management Talks","","","","455","464","1","10.35011/IDIMT-2024-455","https://www.scopus.com/pages/publications/85201818784?origin=resultslist","The Food and Agriculture Organization of the United Nations projects that the global population will surpass 9 billion by 2050. With shrinking farmland, depleting natural resources, unpredictable climate shifts, and evolving market demands, the agricultural production system faces a transformative phase. To meet these challenges, agriculture must boost productivity, enhance efficiency, adapt to climate variability, and prioritize sustainability. However, artificial intelligence (AI) emerges as a promising tool to tackle these demands head-on. The current study aims at presenting the contemporary Czech young generation and its interest and attitude towards food security, development of Czech agriculture and the impact of agriculture on the environment. The study uses a structured questionnaire and analyzes the primary data to verify the hypothesis. The study finds out that current younger generation in the Czech Republic displays minimal interest in topics such as food security, contemporary trajectory of Czech agriculture, and environmental effects of agricultural practices, and thereby the hypothesis is confirmed. The practical value of the study lies in the empirical assessment of the awareness about the Food Security in the Czech Republic and in the world and the awareness of food self-sufficiency in the Czech Republic, which proves the need for increased awareness. On the other hand, the recognition of hunger as a pivotal issue within the UN's Sustainability Goals is widespread. It reflects a collective understanding of the urgency to address food insecurity as a fundamental aspect of sustainable development. © IDIMT 2024.All rights reserved.","Agricultural management; AI ethics; artificial intelligence; food security; food waste reduction; precision agriculture; sustainability","'current; Agricultural management; Artificial intelligence ethic; Czech Republic; Food security; Food waste; Food waste reduction; Precision Agriculture; Waste reduction; Younger generations","Conference paper","Final","","Scopus","2-s2.0-85201818784"
"Pullen J.L.; Colby B.G.","Pullen, Jennifer L. (26026658400); Colby, Bonnie G. (7004002488)","26026658400; 7004002488","Influence of climate variability on the market price of water in the Gila-San Francisco basin","2008","Journal of Agricultural and Resource Economics","33","3","","473","487","20","","https://www.scopus.com/pages/publications/59549084742?origin=resultslist","Emerging water markets in the western United States have slowly developed as usage patterns have changed over time. This article develops an econometric model for the Gila-San Francisco Basin. Results indicate the market price of water has risen in response to drought and market conditions. Analysis shows a statistically significant relationship between the price and quantity of water transferred, year the transaction occurred, location where the transaction occurred, new use of the water right, and whether the transaction occurred during a drought year. Using the Standard Precipitation Index, we find negotiated prices are higher during dry years. Copyright 2008 Western Agricultural Economics Association.","Drought; Econometric; Hedonic; Market price; Palmer hydrological drought index; Standard precipitation index; Water; Western United States","","Article","Final","","Scopus","2-s2.0-59549084742"
"Barrett C.B.; Santos P.","Barrett, Christopher B. (7201943246); Santos, Paulo (55360796600)","7201943246; 55360796600","The impact of changing rainfall variability on resource-dependent wealth dynamics","2014","Ecological Economics","105","","","48","54","37","10.1016/j.ecolecon.2014.05.009","https://www.scopus.com/pages/publications/84902333523?origin=resultslist","Climate change is widely expected to lead to changing rainfall variability and thus to changing frequency of drought. In places where drought is a major driver of agroecosystem dynamics, as in the extensive livestock grazing systems that dominate Africa's sprawling arid and semi-arid lands, changing rainfall variability can fundamentally alter human wealth dynamics. We use subjective livestock herd growth expectations data elicited from Boran pastoralists in southern Ethiopia to generate estimates of herd dynamics conditional on rainfall state. The climate state-conditional estimates permit simulation of herd dynamics under different rainfall patterns. The multiple herd size equilibria observed in multiple pastoralist household data sets from the region appear sensitive to climate regimes. Reduced rainfall variability that significantly reduces drought frequency would eliminate, in expectation, the poverty trap equilibrium that presently exists only for households with herd sizes beneath a threshold level. Conversely, if the drought frequency more than doubles relative to recent patterns, then the whole system becomes a poverty trap, in expectation. © 2014 Elsevier B.V.","Climate change; Drought; Ethiopia; Livestock; Pastoralism; Poverty traps","Ethiopia; agricultural ecosystem; climate change; drought; environmental economics; grazing; livestock farming; pastoralism; poverty; rainfall","Article","Final","","Scopus","2-s2.0-84902333523"
"Li K.; Dawei Z.; Yanan H.; Jianyong M.; Yinlong X.; Wilkes A.; Opitz-Stapleton S.; Lair K.; Nadin R.","Li, Kuo (55488102900); Dawei, Zheng (40961861800); Yanan, Hu (57225288304); Jianyong, Ma (55487162500); Yinlong, Xu (24924082400); Wilkes, Andreas (7006341411); Opitz-Stapleton, Sarah (16744981600); Lair, Krystal (57163573600); Nadin, Rebecca (57144521500)","55488102900; 40961861800; 57225288304; 55487162500; 24924082400; 7006341411; 16744981600; 57163573600; 57144521500","Feeding China","2015","Climate Risk and Resilience in China","","","","129","155","0","10.4324/9781315744988-18","https://www.scopus.com/pages/publications/85086199960?origin=resultslist","Just how climate change will impact agriculture and animal husbandry is a primary concern for the Chinese government. Sustaining the careful balance necessary to feed a growing population in the face of climatic and other shocks will require careful long-term planning and improvement in China’s capacity to adapt to climate change in agriculture. Key to this is investigating the vulnerability of regional agricultural to climate change and developing measures and policies to reduce those vulnerabilities while exploring new opportunities, such as ecological restoration and organic farming opportunities (described below) that build livelihoods and ecological resilience. Yang Fei is chairman of the Zhongwei Modern Desert Agricultural Company, composed of more than 650 hectares of cropland and greenhouses protected by a ring of date and poplar trees and ‘grass grid’ sand abatement barriers. In the mixed-use farm, pollution-free groundwater filtered by the desert sands is piped through a trickle-irrigation network to sustain a vast array of organic fruit and vegetables, from aubergines eggplants to muskmelons and tomatoes. Alfalfa cultivated in the grass barriers is used to feed cattle, which in turn produce dung to fertilise the date trees. Yang grows what the market demands and reaps a premium for delivering certified-organic produce. As a businessman, Yang’s daily focus is on the financial bottom line of his operation. As a resident, however, he is also grateful for the difference in the landscape and lives made by the revegetation push. ‘Farming the desert brings more job opportunities to the local community. Each greenhouse creates two jobs. It brings them good financial benefits,’ he says. ‘It also changes the desert and the environment. In recent years, we’ve seen fewer sandstorms in Zhongwei after we planted the forest. Rainwater has become clear and the ecosystem has recovered.’ This chapter provides an overview of China’s efforts to date in developing long-term measures to adapt to the effects of climate change in agriculture. The adaptation choices China makes will have broad-scale impacts not only on the viability of the sector and on the livelihoods and business ventures of farmers like Yang Fei, but also far beyond China’s borders in terms of its influence on regional and global agricultural markets and international water negotiations (e.g. water management on the Lancang/Mekong River). The chapter first examines the impacts of climate variability and change on agriculture and food security in China, including a case study that examines some of China’s recent work in developing biophysical impact assessments for three crops critical to China’s food supply – maize, rice and wheat – using climate projections developed under the Adapting to Climate Change in China I (ACCC I) programme.1 It then goes on to outline some of the measures that the government has been taking to support adaptation in the agriculture sector. © 2016 Rebecca Nadin, Sarah Opitz-Stapleton and Xu Yinlong.","","","Book chapter","Final","","Scopus","2-s2.0-85086199960"
"Chagumaira C.; Rurinda J.; Nezomba H.; Mtambanengwe F.; Mapfumo P.","Chagumaira, Christopher (56520295100); Rurinda, Jairos (46461738100); Nezomba, Hatirarami (25723530900); Mtambanengwe, Florence (56024741600); Mapfumo, Paul (6507087326)","56520295100; 46461738100; 25723530900; 56024741600; 6507087326","Use patterns of natural resources supporting livelihoods of smallholder communities and implications for climate change adaptation in Zimbabwe","2016","Environment, Development and Sustainability","18","1","","237","255","23","10.1007/s10668-015-9637-y","https://www.scopus.com/pages/publications/84957435718?origin=resultslist","Declining crop and livestock production due to a degrading land resource base and changing climate among other biophysical and socio-economic constraints, is increasingly forcing rural households in Zimbabwe and other parts of Southern Africa to rely on common natural resource pools (CNRPs) to supplement their household food and income. Between 2011 and 2013, we combined farmer participatory research approaches, remote sensing and geographic information systems (GIS) to (1) understand the contribution of CNRPs to household food and income in Dendenyore and Ushe smallholder communities in Hwedza District, eastern Zimbabwe and (2) assess changes of the CNRPs in both space and time, and their implications on climate change adaptation. Across study sites, wetlands and woodlands were ranked as the most important CNRPs. Extraction and use patterns of products from the different pools differed among households of different resource endowment. Resource-constrained households (RG3) sold an average of 183 kg household−1 year−1 of wild loquats fruits (Uapaca kirkiana), realising about US$48, while resource-endowed farmers (RG1) had no need to sale any. The RG3 households also realised approximately US$70 household−1 year−1 from sale of crafts made from water reeds (Phragmites mauritianus). Empirical data closely supported communities’ perceptions that CNRPs had declined significantly in recent years compared with two to three decades ago. More than 60 % of the respondents perceived that the availability of natural resources drawn from wetlands and woodlands, often used for food, energy and crafts, has decreased markedly since the 1980s. Classification of land cover in a GIS environment indicated that CNRPs declined between 1972 and 2011, supporting farmers’ perceptions. Overall, woodlands declined by 37 % in both communities, while the total area under wetlands decreased by 29 % in Ushe, a drier area and 49 % in Dendenyore, a relatively humid area. The over-reliance in CNRPs by rural communities could be attributed to continued decline in crop yields linked to increased within-season rainfall variability, and the absence of alternative food and income sources. This suggests limited options for rural communities to adapt to the changing food production systems in the wake of climate change and variability and other challenges such as declining soil fertility. There is therefore a need to design adaptive farm management options that enhance both crop and livestock production in a changing climate as well as identifying other livelihood alternatives outside agriculture to reduce pressure on CNRPs. In addition, promotion of alternative sources of energy such as solar power and biogas among rural communities could reduce the cutting of trees for firewood from woodlands. © 2015, Springer Science+Business Media Dordrecht.","Climate change and variability; Declining natural resource base; Ecosystem productivity; Farmer resource endowment; Wetlands; Woodlands","Hwedza; Mashonaland East; United States; Zimbabwe; Phragmites mauritianus; Uapaca kirkiana; climate change; cost analysis; crop production; crop yield; energy resource; food production; fruit; GIS; grass; household income; land cover; livestock farming; natural resource; net ecosystem production; participatory approach; perception; remote sensing; seasonal variation; smallholder; soil fertility; wetland; woodland","Article","Final","","Scopus","2-s2.0-84957435718"
"Chibamba D.; Nyanga P.H.; Muvundika A.B.; Shitima E.M.; Sambo P.T.; Nyambe A.","Chibamba, Douty (26324780100); Nyanga, Progress H. (55531559500); Muvundika, Alick B. (59388210700); Shitima, Ephraim Mwepya (59388216100); Sambo, Pamela Towela (57332099600); Nyambe, Akabiwa (59388206900)","26324780100; 55531559500; 59388210700; 59388216100; 57332099600; 59388206900","The climate change-sustainable development nexus in Zambia","2024","The Oxford Handbook of the Zambian Economy","","","","231","250","0","10.1093/oxfordhb/9780192864222.013.12","https://www.scopus.com/pages/publications/85207689184?origin=resultslist","The aim of this chapter is to unpack Zambia's climate change-sustainable development nexus. This nexus links environmental concerns with social equity and poverty issues, as well as being intrinsically connected to issues such as biodiversity, deforestation, income generation, and health. For example, severe droughts, frequent late onset or early cessation of rain seasons, or frequent and prolonged dry spells within a growing season have led to increased shortage of water resources in Zambia. This has negatively impacted food production and food security, and disrupted livelihoods for 70% of the country's rural population who depend on rain-fed agriculture, with limited capacity to cope with the consequences of climate variability. Moreover, the droughts' frequency and magnitude have significantly increased in recent years, bringing to the fore the consequences of relying heavily on hydroelectricity, epitomized by the debilitating power cuts that have stagnated economic growth and disrupted urban and rural livelihoods. To alleviate these problems, a sustained gross domestic product growth rate of about 10% per annum for at least a decade is urgently needed. This entails burning more fossil fuels to supply energy for generating electricity for powering agricultural production, industrial production processes, transportation, domestic heating, and cooling. However, these processes inadvertently produce greenhouse gases that are responsible for climate change. The challenge for Zambia, like any other developing country, is how to manage the trade-offs that simultaneously maximize benefits and minimize undesirable outcomes in the pursuit of sustainable economic development under a changing climate. © Oxford University Press 2024. All rights reserved.","Adaptation; Climate change; Greenhouse gases; Impact; Mitigation; Sustainable developments","","Book chapter","Final","","Scopus","2-s2.0-85207689184"
