"Authors","Author full names","Author(s) ID","Title","Year","Source title","Volume","Issue","Art. No.","Page start","Page end","Cited by","DOI","Link","Abstract","Author Keywords","Index Keywords","Document Type","Publication Stage","Open Access","Source","EID"
"Elgahry B.A.","Elgahry, Baher Ahmed (57221095404)","57221095404","Floating versus fixed: How exchange rate regimes affect business cycles comovement between advanced and emerging economies","2022","Cogent Economics and Finance","10","1","2116789","","","0","10.1080/23322039.2022.2116789","https://www.scopus.com/pages/publications/85137919632?origin=resultslist","This article investigates the effects of the different exchange rate regimes on business cycles comovement between advanced and emerging countries. We use the Granger Causality test (VAR model) on panel data to examine the causal relationships. Our findings show the existence of a bidirectional causal relationship between output comovement and the exchange rate regimes. We check the robustness of our results by applying Dumitrescu-Hurlin (2012) panel causality test that confirms our findings. Furthermore, the impulse response functions illustrate that business cycles comovement between advanced and emerging economies responds positively and significantly to the exchange rate regimes of these two groups of countries in the short term. However, the positive effect begins to wane before being negative from the third quarter and the fifth quarter for emerging economies and developed economies, respectively. © 2022 The Author(s). This open access article is distributed under a Creative Commons Attribution (CC-BY) 4.0 license.","advanced economies; Business cycle; E32; E42; emerging economies; exchange rate regime; F15; F31; F44; synchronization","","Review","Final","All Open Access; Gold Open Access; Green Open Access","Scopus","2-s2.0-85137919632"
"Zhang N.; Deng J.; Ahmad F.; Draz M.U.; Abid N.","Zhang, Na (57209662638); Deng, Jinqian (57209660607); Ahmad, Fayyaz (57209790728); Draz, Muhammad Umar (55266693500); Abid, Nabila (57218176655)","57209662638; 57209660607; 57209790728; 55266693500; 57218176655","The dynamic association between public environmental demands, government environmental governance, and green technology innovation in China: evidence from panel VAR model","2023","Environment, Development and Sustainability","25","9","","9851","9875","38","10.1007/s10668-022-02463-8","https://www.scopus.com/pages/publications/85131538254?origin=resultslist","Public demand for environmental protection and environmental governance has a profound impact on enterprises’ innovation behavior. Based on the panel data of 30 provinces in China from 2001 to 2018, this study uses a unit root to co-integration approach and the Panel Data Vector Autoregression model to empirically test the two-way dynamic relationship among green technology innovation, public environmental demands, and government environmental governance. The results show that both public environmental demands and environmental governance stimulate enterprises’ green technology innovation; the estimated coefficient of government environmental governance and public environmental demands is 0.6681 and 0.0337, respectively. The incentive effect of environmental governance was more significant than that of public demands. Public environmental demands and green technology innovation have a bidirectional link, while environmental governance and green technology innovation share a two-way causality; meanwhile, environmental governance and public environmental demands share a unidirectional causal link. This study uses Impulse Response Function and Variance Decomposition to validate the outcomes, which shows that environmental governance’s positive effect is more direct, while the effect of public demand has a time-lag impact, and the relationship among the three main variables is stable after the tenth period. The largest contribution to green technology innovation is environmental governance, with an explanation degree of 22.01%, followed by institutional quality (13.30%), and then public environmental demands (4.8%). These conclusions are not only significant for China to deal with the relationship among the public, government, and enterprises in the process of environmental governance, but also a valuable reference for other countries. © 2022, The Author(s), under exclusive licence to Springer Nature B.V.","Environmental governance; Green technology innovation; Panel VAR; Public environmental demands","China; advanced technology; environmental economics; environmental planning; environmental protection; incentive; innovation; panel data","Article","Final","All Open Access; Green Open Access","Scopus","2-s2.0-85131538254"
"Yoshimori M.","Yoshimori, Masaaki (59516409700)","59516409700","Shadow puppets of monetary policy: A historical reassessment of US transmission mechanisms","2026","Development and Sustainability in Economics and Finance","10","","100134","","","0","10.1016/j.dsef.2026.100134","https://www.scopus.com/pages/publications/105036528110?origin=resultslist","This paper reexamines the transmission of US monetary policy in an environment characterized by frequent encounters with the effective lower bound (ELB) and increasing reliance on unconventional policy tools. Using quarterly data from 2004 to 2025, the analysis estimates a six-variable vector autoregression with the Wu–Xia shadow rate as the policy indicator and complements it with state-dependent local projections to test for differences in propagation across policy regimes. The results show that shadow-rate shocks generate sizable and precisely estimated effects on output, house prices, and fiscal aggregates, whereas comparable shocks identified using the federal funds rate produce much weaker responses. The impulse responses also suggest that once policy stance is measured using the shadow rate, the marginal propagation of monetary shocks appears broadly similar inside and outside the ELB. These findings highlight the growing importance of long-term yields, credit spreads, and balance-sheet channels in modern US monetary transmission. Future work should measure the stance of monetary policy using term-structure-based indicators —such as shadow rates, in order to accurately characterize policy transmission in environments where the effective lower bound is frequently binding. © 2026 Elsevier B.V.","Effective Lower Bound (ELB); Macro-Financial Linkages and Transaction; Shadow Rate; Term Structure; Unconventional Monetary Policy","","Article","Final","","Scopus","2-s2.0-105036528110"
"Choi S.; Shin J.","Choi, Sangyup (55635460700); Shin, Junhyeok (57225953837)","55635460700; 57225953837","Household indebtedness and the macroeconomic effects of tax changes","2023","Journal of Economic Behavior and Organization","209","","","22","52","6","10.1016/j.jebo.2023.02.022","https://www.scopus.com/pages/publications/85150782333?origin=resultslist","This study investigates whether household indebtedness influences the macroeconomic effects of U.S. tax changes. By applying a state-dependent local projection method to the exogenous tax shock series, we find that a tax cut is more effective in stimulating output when the economy is characterized by higher household indebtedness. The household debt-dependent tax policy is primarily driven by (i) the response of private consumption, not private investment; (ii) changes in personal income tax, not corporate income tax, suggesting the relevance of a higher MPC of constrained households in understanding the documented state dependence. In response to a tax cut, labor supply also increases more during a high-debt state, which is consistent with the micro-level evidence on the labor supply of constrained households, thereby contributing to higher tax multipliers. Our findings are robust to a battery of sensitivity checks, especially controlling for the additional states of the economy considered in the literature. © 2023 Elsevier B.V.","Borrowing constraints; Household debt; Local projections; Marginal propensity to consume; Nonlinearity; Tax policy","","Article","Final","","Scopus","2-s2.0-85150782333"
"Coskun Y.; Apergis N.; Alp Coskun E.","Coskun, Yener (57183932200); Apergis, Nicholas (6701803017); Alp Coskun, Esra (57217234092)","57183932200; 6701803017; 57217234092","Nonlinear responses of consumption to wealth, income, and interest rate shocks","2022","Empirical Economics","63","3","","1293","1335","10","10.1007/s00181-021-02171-8","https://www.scopus.com/pages/publications/85122533171?origin=resultslist","Nonlinear adjustments of consumption to housing prices, stock prices, income, and interest rates were investigated by employing panel data from 25 countries, spanning the period 2000 to 2016. This is the first study which STAR family models and nonlinear impulse response functions based on the local projections employed alternatively. We present three main pieces of evidence: (1) housing prices, stock prices, interest rates, and income exposures of consumption show time-varying and asymmetric behaviours across all countries, (2) housing wealth effects show stronger persistency and are generally larger than financial wealth effects in most of the countries, and (3) time-varying housing and financial wealth effects are high (low) during expansionary (recessionary) periods across all countries. We suggest to consider both monetary and fiscal policies, as well as the asymmetric and time-varying nature of house prices, stock prices, income, and interest rates on the top of any potential impact of the level of transition in these variables. © 2021, The Author(s), under exclusive licence to Springer-Verlag GmbH Germany, part of Springer Nature.","Behavioural wealth effect; Consumption asymmetry; Nonlinear impulse response functions; STAR family models; Wealth effect heterogeneity","consumption behavior; heterogeneity; housing conditions; housing market; income distribution; interest rate; nonlinearity; stock market","Article","Final","All Open Access; Bronze Open Access; Green Open Access","Scopus","2-s2.0-85122533171"
"Dolores Gadea M.; Mayoral L.","Dolores Gadea, M. (6505756007); Mayoral, Laura (55900472000)","6505756007; 55900472000","Aggregation is not the solution: The PPP puzzle strikes back","2009","Journal of Applied Econometrics","24","6","","875","894","14","10.1002/jae.1078","https://www.scopus.com/pages/publications/70349814604?origin=resultslist","Recently, Imbs, Mumtaz, Ravn and Rey (2005, hereinafter IMRR) have argued that much of the purchasing power parity (PPP) puzzle is due to upwardly biased estimates of persistence. According to them, the source of the bias is the existence of heterogeneous price adjustment dynamics at the sectoral level that established time series or panel data methods fail to control for. This paper re-examines this claim in two steps. Firstly, we demonstrate that IMRR's measures of sectoral persistence are systematically downwardly biased because they are based on an inaccurate definition of the 'average' impulse response function (IRF). We then show that standard estimates of shock persistence are recovered after this bias is corrected. Secondly, building on the results in Mayoral (2008), which prove that aggregate and micro models induce the same shock persistence behavior, we show that estimates based on aggregate and sectoral exchange rates are, in fact, highly consistent. Thus, aggregation is not the solution to the PPP puzzle. © 2009 John Wiley & Sons, Ltd.","","","Article","Final","All Open Access; Green Open Access","Scopus","2-s2.0-70349814604"
"Gallas S.; Bouzgarrou H.; Zayati M.","Gallas, Salma (58890914800); Bouzgarrou, Houssam (55572552400); Zayati, Montassar (57190164963)","58890914800; 55572552400; 57190164963","Balancing financial stability and economic growth: a comprehensive analysis of macroprudential regulation","2024","Eurasian Economic Review","14","4","","1005","1033","6","10.1007/s40822-024-00283-x","https://www.scopus.com/pages/publications/85199359357?origin=resultslist","The purpose of this study is to explore the influence of macroprudential measures on financial stability in both advanced and emerging economies, considering key endogenous variables such as banking crises and economic growth. Our analysis covers 66 countries over the period 2000–2017 and focuses on two effects: the direct stabilizing effect, which reduces the likelihood of banking crises, and the indirect destabilizing effect, which may slow down the GDP growth. Employing Generalized Impulse Response Function modeling, we assess the efficacy of macroprudential policy tools. Our findings suggest that macroprudential tightening is more effective in reducing the likelihood of banking crises than in stimulating economic growth, particularly when the impact of macroprudential tools is positive. Ultimately, our study highlights the interplay between the probability of banking crises and financial stability, demonstrating the importance of macroprudential regulation in promoting a stable and resilient financial system. © The Author(s) under exclusive licence to Eurasia Business and Economics Society 2024.","Banking crises; Economic growth; Financial stability; Macroprudential policy tools; Panel data","","Article","Final","","Scopus","2-s2.0-85199359357"
"Fuinhas J.A.; Silva N.; Duarte J.","Fuinhas, José Alberto (58552830000); Silva, Nuno (56146087500); Duarte, Joshua (57896492700)","58552830000; 56146087500; 57896492700","On the interdependencies between mortgage, credit card and auto loans delinquency rates: evidence from the US states plus the District of Columbia","2023","Studies in Economics and Finance","40","3","","467","486","0","10.1108/SEF-08-2022-0405","https://www.scopus.com/pages/publications/85145670488?origin=resultslist","Purpose: This study aims to explain how delinquency shocks in one type of debt contaminate the others. That is, the authors aim to shed light on the time pattern of delinquencies in different debt types. Design/methodology/approach: This study analyzes the interdependencies between mortgage, credit card and auto loans delinquency rates in the USA from 2003 to 2019, using a panel VAR-X, the panel Granger causality tests and the Geweke linear dependence measures. The authors also compute the impulse response functions of a shock to one kind of debt on the others and decompose the variance of the forecast errors. Findings: The authors find a statistically significant bidirectional Granger causality between the delinquencies. The Geweke measures of linear dependence and the Dumitrescu and Hurlin Granger non-causality tests support that mortgage predominantly causes credit card and auto loan delinquencies. Auto loans also cause credit card delinquencies. The impulse response functions confirm this pattern. This scenario aligns with a sequence where debtors consider rational first to default on credit cards, second on auto loans and only on mortgages in the last instance. Indeed, credit card delinquencies Granger-cause delinquencies in other debts when it occurs. Originality/value: To the best of the authors’ knowledge, this is the first study to focus on the temporal pattern of delinquency rates for all the US states, using panel data. Furthermore, the results call for policymakers to design regulations to break the transmission channel from debt delinquencies. © 2022, Emerald Publishing Limited.","Auto loans; Credit card; Delinquency rates; Mortgage; Panel of US states; VAR-X","","Article","Final","","Scopus","2-s2.0-85145670488"
"Cho D.; Rhee D.-E.","Cho, Dooyeon (55427688300); Rhee, Dong-Eun (54884703100)","55427688300; 54884703100","Government debt and fiscal multipliers in the era of population aging","2024","Macroeconomic Dynamics","28","5","","1161","1181","15","10.1017/S1365100523000421","https://www.scopus.com/pages/publications/85175461235?origin=resultslist","Over the past decade, the most salient changes in macroeconomic conditions in developed economies have included rising government debt and population aging, which are strongly correlated with each other. This paper investigates fiscal multipliers by disentangling the effects of population aging from those of government debt. Our analysis, which uses heterogeneous panel data from 24 OECD economies, shows that while fiscal policy is ineffective for economies with high-debt levels, it is effective for economies with low-debt levels. Furthermore, the estimation results reveal that fiscal policy is ineffective for aged economies, regardless of the level of government debt. However, for nonaged economies, while fiscal policy leads to negative effects on output in times of high debt, its positive effects are more pronounced in times of low debt. Our results suggest that, for the effective implementation of fiscal stimulus policies, policy-based stimulation of employment in the labor market is essential. © The Author(s), 2023.","Fiscal policy; Government debt; Local projections; Population aging","","Article","Final","All Open Access; Hybrid Gold Open Access","Scopus","2-s2.0-85175461235"
"Ahmad A.U.; Jeevan J.; Ruslan S.M.M.","Ahmad, Ali U. (57201430967); Jeevan, Jagan (56582272000); Ruslan, Siti Marsila M. (57203875340)","57201430967; 56582272000; 57203875340","Evaluating Key Drivers of Green Logistics Performance During Economic Growth in African Countries","2024","Economy: strategy and practice","19","2","","6","19","1","10.51176/1997-9967-2024-2-6-19","https://www.scopus.com/pages/publications/105018592545?origin=resultslist","This study evaluates the key drivers of green logistics performance and their impact on economic growth in African countries. The study employs a quantitative approach using panel data analysis for African countries from 2007 to 2022. Impulse Response Function and Variance Decomposition methods are utilized to examine the dynamic relationships among variables, including economic growth, Logistics Performance Indicators (LPI), fossil fuel consumption, and greenhouse gas emissions. The findings reveal significant positive relationships between green logistics performance indicators, such as the ability to track and trace consignments, logistics service quality, and trade infrastructure, with economic growth. Conversely, fossil fuel consumption and greenhouse gas emissions exhibit negative associations with economic growth and environmental sustainability. The results underscore the importance of embracing green logistics practices and sustainable development strategies in African economies. By improving logistics infrastructure, enhancing service quality, and reducing environmental impacts, countries can foster economic growth while mitigating adverse effects on the environment. Future research could explore region-specific factors influencing green logistics adoption and examine the role of policies and regulations in promoting sustainable practices. The findings have implications for policymakers, industry stakeholders, and regulatory bodies in developing targeted strategies to align economic progress with environmental responsibility in African nations. © 2024, Institute of Economics Committee of Science MSHE RK. All rights reserved.","Africa; Economic Growth; Green Logistics Performance; Impulse Response Function; Sustainable Growth; Variance Decomposition Function","","Article","Final","All Open Access; Gold Open Access; Green Open Access","Scopus","2-s2.0-105018592545"
"Kollias C.; Papadamou S.","Kollias, Christos (6701847502); Papadamou, Stephanos (7801638298)","6701847502; 7801638298","PEACE and TOURISM: A NEXUS? EVIDENCE from DEVELOPED and DEVELOPING COUNTRIES","2019","Singapore Economic Review","64","2","","323","339","6","10.1142/S0217590817470038","https://www.scopus.com/pages/publications/85035799173?origin=resultslist","The paper empirically examines the nexus between tourism and peace. To do so, it uses in the analysis the recently developed composite Global Peace Index. The sample employed consists of 113 countries and covers the period 2008-2014. The methodology adopted includes PVAR Granger causality tests and impulse response functions. The sample was split into two income groups to allow for the possibility that the nexus differs between developed and developing countries. Findings reported herein indicate a temporary, very short-term adverse effect on tourism as a result of worsening levels of peacefulness only for the former group of countries. A peace promoting effect by tourism is established in the case of the latter group. © 2019 World Scientific Publishing Company.","Panel VAR; peace; tourism","developing world; Granger causality test; panel data; peacekeeping; time series analysis; tourism","Article","Final","","Scopus","2-s2.0-85035799173"
"Tian F.; Weng G.; Tang Y.","Tian, Feifei (59333925500); Weng, Gangmin (56038193400); Tang, Yibo (58682558900)","59333925500; 56038193400; 58682558900","Disruption and symbiosis: Bidirectional interactions and spatiotemporal evolution in the synergistic integration of digital economy and tourism","2026","Journal of Destination Marketing and Management","42","","101146","","","0","10.1016/j.jdmm.2026.101146","https://www.scopus.com/pages/publications/105045095980?origin=resultslist","The rapid growth of the digital economy has rendered its integration with the tourism sector crucial for industrial competitiveness and regional transformation. However, existing studies often emphasize the digital economy's unidirectional impact on tourism, overlooking how tourism itself can challenge and reshape digital development, and neglecting the construction of a synergistic integration ecosystem. Drawing on synergy theory and panel data from 262 Chinese cities (2011-2022), this study constructs a conceptual model of synergistic integration to examine interactions, spatiotemporal dynamics, and key influencing factors between the two systems. Results reveal strong economic inertia in both systems, with impulse responses showing “strong pulse-gradual decay.” The transmission of cross-system shocks displays notable heterogeneity, while mutual integration and positive feedback mechanisms between the two systems continue to intensify. Meanwhile, endogenous contributions from each system exhibit a declining trend. The synergistic integration index follows a “sustained growth-disturbance adjustment” trajectory over time. Regional development diverges: eastern and central-southern regions lead, northern China aligns with the national trend, while southwestern, northwestern, and northeastern regions catch up. Core urban agglomerations' synergy strengthens over time, deepening hierarchical gaps. Spatially, the degree of synergistic integration exhibits strong dependence and path-locking, with notable positive spillovers. Among the influencing factors, foreign direct investment and technological innovation boost integration locally and in neighboring areas. Conversely, tourism market structure, urbanization, and government support enhance local synergy but suppress neighbors. Digital talent reserves positively impact adjacent regions but inhibit local integration. This study provides practical implications for promoting regional tourism development. © 2026 Elsevier Ltd","Bidirectional interactions; Digital economy; Sustainable development; Synergistic integration; Tourism industry","","Article","Final","","Scopus","2-s2.0-105045095980"
"Vera L.; Guijarro J.C.; Pérez B.","Vera, Leonardo (9338367100); Guijarro, John Cajas (57163739200); Pérez, Bryan (57832179400)","9338367100; 57163739200; 57832179400","Testing the global extent of the endogenous-money hypothesis: a panel vector autoregression approach*","2022","Review of Keynesian Economics","10","3","","316","347","4","10.4337/roke.2022.03.02","https://www.scopus.com/pages/publications/85135466127?origin=resultslist","This paper examines the endogenous-money hypothesis using a panel-data set of 144 countries over the period 2001–2017. Its empirical analysis is conducted in a panel vector autoregressive framework, a hybrid econometric methodology that offers the advantage of jointly accounting for endogeneity issues (as in traditional vector autoregressive modeling) and individual/coun-try-level heterogeneity associated with a panel-data structure. A panel version of the Granger non-causality test and an examination of orthogonalized impulse-response functions and fore-cast error variance decompositions are applied to test the causal ordering among loans, the money base, broad money, output, and prices. The empirical findings support causation running from loans to broad money and from broad money to the monetary base. A causal link running from loans, output, and broad money to total reserves is strongly supported and, in all cases, the causality is unidirectional from these variables to the money base. Beyond that, a complex interaction among prices, production, credit, and money is found, suggesting that the best approach to understanding the endogeneity/exogeneity issue is to rely on the hypothesis of endogenous money as reflected in the ‘liquidity preference’ interpretation. © 2022 The Author and 2022 Edward Elgar Publishing Ltd.","bank loans; endogenous money; panel Granger causality; PVAR","","Article","Final","","Scopus","2-s2.0-85135466127"
"Siwela W.; Ngwakwe C.C.","Siwela, Witness (59147720900); Ngwakwe, Collins C. (36698325300)","59147720900; 36698325300","Effect of Corporate Environmental Performance on Banks’ Loan Pricing","2024","International Journal of Economics and Financial Issues","14","3","","178","191","3","10.32479/ijefi.15865","https://www.scopus.com/pages/publications/85194424645?origin=resultslist","Capital lenders of money such as banks are perceived to be environmentally sensitive in contemporary times. This sensitivity is evidenced by the advent of new concepts such as green financing in the context of environmental catastrophes which are exacerbated by the climate change crisis. Thus, financial institutions such as banks face a dilemma in deciding whether to prioritise sustainability financing or seek after profit maximisation. To this end, little is known if corporate environmental performance lures support of key stakeholders such as banks. The study renders empirical evidence on this phenomenon by investigating short run and long run dynamics between corporate environmental performance and banks’ loan pricing. Archival data were collected from the FTSE/JSE RII listed companies. A sample of 21 companies generated a short panel data set of 6 years per cross-section totalling 126 observations. The study adopted first differenced econometric models in statistical panel data analyses namely Panel Vector Error Correction Model (VECM), and subsequently Panel Least Squares (PLS), Wald Test, and Impulse Response Functions (IRF). Findings revealed a statistically significant positive impact, both in the short run and long run, between environmental performance predictors and banks’ loan pricing. While the study makes immense contribution to literature, it renders new assertions in understanding stakeholders’ current environmental practices and initiate a new agenda for future research. © 2024, Econjournals. All rights reserved.","Capital Lenders; Cost of Debt; Environmental Performance; Stakeholder; Sustainability","","Article","Final","All Open Access; Gold Open Access","Scopus","2-s2.0-85194424645"
"Araç A.; Hasanov M.","Araç, Ayşen (35789837600); Hasanov, Mübariz (23977832700)","35789837600; 23977832700","Asymmetries in the dynamic interrelationship between energy consumption and economic growth: Evidence from Turkey","2014","Energy Economics","44","","","259","269","36","10.1016/j.eneco.2014.04.013","https://www.scopus.com/pages/publications/84900332961?origin=resultslist","In this study we examine possible nonlinearities in dynamic interrelationship between energy consumption and economic growth in Turkey for the 1960-2010 period by using a smooth transition vector autoregressive model. In order to trace the effects of one variable on another, we calculate Generalized Impulse Response Functions (GIRFs). The computed impulse response functions demonstrate asymmetric effects of positive versus negative and small versus large energy consumption shocks on output growth and vice versa. Specifically, we find that negative energy shocks have a greater effect on output growth than positive energy shocks, and that big negative energy shocks affect output much more than small negative energy shocks. Similarly, we find that positive output shock has a greater effect on energy consumption whereas negative shocks have almost no effect on energy consumption. The results of this study have clear and important implications for energy economists and policymakers in Turkey. © 2014 Elsevier B.V.","Energy; Nonlinearity; Output growth","Turkey; Economics; Asymmetric effects; Economic growths; Energy; Energy economists; Impulse response functions; Nonlinearity; Positive energies; Smooth transitions; economic growth; energy policy; energy use; nonlinearity; policy making; regression analysis; Energy utilization","Article","Final","","Scopus","2-s2.0-84900332961"
"Davari A.; Sefidbari L.; Khazaei M.; Sakhdari K.; Jahromi Y.M.","Davari, Ali (36835243500); Sefidbari, Leila (57935072400); Khazaei, Mehdi (56608907700); Sakhdari, Kamal (57189033253); Jahromi, Yeganeh Mousavi (57935072500)","36835243500; 57935072400; 56608907700; 57189033253; 57935072500","Causal Relationships Between Entrepreneurship, Unemployment And Economic Growth In Selected Countries","2022","Journal of Developmental Entrepreneurship","27","3","2250020","","","5","10.1142/S1084946722500200","https://www.scopus.com/pages/publications/85140207764?origin=resultslist","While the aggregate positive effects of entrepreneurship are assumed in many studies, there is a lack of empirical support for such assumptions. This study investigates the causal relationship between entrepreneurship, economic growth and unemployment. We also examine how a shock in one variable may influence other variables and the length of the effect. The findings of panel data from 39 countries collected between 2006 and 2016 using the Granger-causality test indicate a unidirectional causal effect of economic growth on entrepreneurship and unemployment. However, despite their correlation, no causal link was found between entrepreneurship and unemployment. The analysis of impulse-response functions also shows that only shocks from the entrepreneurship indicator are permanent in the model. Variance decomposition results reveal that the most important factor causing changes in entrepreneurship is the entrepreneurship indicator itself, implying that only specific entrepreneurial policies can affect the entrepreneurship indicator's components and improve this indicator.  © 2022 World Scientific Publishing Company.","economic growth; Entrepreneurship; impulse response function; unemployment","","Article","Final","","Scopus","2-s2.0-85140207764"
"Ubilava D.","Ubilava, David (26421832000)","26421832000","On the relationship between financial instability and economic performance: Stressing the business of nonlinear modeling","2019","Macroeconomic Dynamics","23","1","","80","100","4","10.1017/S1365100516001127","https://www.scopus.com/pages/publications/85020636370?origin=resultslist","The recent global financial crisis and the subsequent recession have revitalized the discussion on causal interactions between financial and economic sectors. In this study, I apply the financial stress and the national activity indices-respectively developed by Federal Reserve Banks of Kansas City and Chicago-to investigate the impact of financial uncertainty on an overall economic performance. I examine nonlinear dynamics in a vector smooth transition autoregressive framework, and illustrate regime-dependent asymmetries in the financial and economic indices using the generalized impulse-response functions. The results reveal more amplified dynamics during the stressed conditions. I further evaluate benefits of nonlinear modeling in an out-of-sample setting. The forecasting exercise brings out the important advantages that nonlinear modeling provides in the identification of the causal effect of financial instability on overall economic performance. © 2017 Cambridge University Press.","Business Cycles; Financial Stress; Forecast Evaluation; Vector STAR Models","","Review","Final","","Scopus","2-s2.0-85020636370"
"Mahardhika M.R.; Ariefianto M.D.","Mahardhika, Mohammad Rifqi (60229466300); Ariefianto, Moch Doddy (56595199400)","60229466300; 56595199400","QUALIFYING DECENTRALIZED FINANCE AS A FINANCIAL ASSET: A MULTIPLE FREQUENCY ANALYSIS","2025","Risk Governance and Control: Financial Markets and Institutions","15","4","","122","133","0","10.22495/rgcv15i4p11","https://www.scopus.com/pages/publications/105024190493?origin=resultslist","We examine the qualifying attributes of decentralized finance (DeFi) as a financial asset class. To achieve this objective, we perform analysis on the relationship (using both level and percentage-change data) between DeFi valuation and selected influencing variables, namely total value locked (TVL), Bitcoin (BTC) value, and market variables. A suite of long-panel data econometric methods is employed on a multi-frequency (daily, weekly, and monthly) panel dataset comprising 16 major DeFi protocols from January 2022 to December 2023. Our empirical design aims to be a comprehensive assessment and triangulation. There are several key findings. First, while there is evidence of cointegration suggesting a possible long-run relationship, this relationship is found to be inconsistent across different variables and time frequencies. However, the impulse response analysis suggests that shocks from the influencing variables do not have a permanent impact. Second, Bitcoin value is found to be the most important influencing factor (positive and highly significant), reflecting strong cryptocurrency market sentiment and aligning with previous research on spillover effects from major cryptocurrencies (Șoiman et al., 2022; Yousaf et al., 2022). © 2025 The Authors.","Bitcoin; Decentralized Finance; Financial Assets; Market Variables; Panel Data Econometrics; Total Value Locked","","Article","Final","All Open Access; Gold Open Access","Scopus","2-s2.0-105024190493"
"Bakas D.; Mendieta-Muñoz I.","Bakas, Dimitrios (55786960600); Mendieta-Muñoz, Ivan (57188623629)","55786960600; 57188623629","Financial crises and economic recovery: Cross-country heterogeneity and cross-sectional dependence","2020","Economics Letters","195","","109435","","","4","10.1016/j.econlet.2020.109435","https://www.scopus.com/pages/publications/85088641461?origin=resultslist","This paper estimates the impulse responses of output to financial crises using a local projections panel estimator that accounts for cross-country heterogeneity and cross-sectional dependence. Using a long span of data (1870–2016) for a group of 17 advanced economies we show that once we control for unobserved common factors and parameter heterogeneity in the panel, there is strong evidence of economic recovery within the first 10 years after a financial crisis. © 2020 Elsevier B.V.","Cross-sectional dependence; Financial crisis; Impulse responses; Panel data; Parameter heterogeneity; Recessions","","Article","Final","","Scopus","2-s2.0-85088641461"
"Giannellis N.; Tzanaki M.-A.","Giannellis, Nikolaos (16480707300); Tzanaki, Maria-Anna (59451907100)","16480707300; 59451907100","Macroeconomic responses to financial stress shocks: Evidence from the US and the Eurozone","2025","International Economics","181","","100573","","","3","10.1016/j.inteco.2024.100573","https://www.scopus.com/pages/publications/85210605034?origin=resultslist","This paper investigates the macroeconomic effects of an unexpected financial stress shock in the United States and the Eurozone, focusing mainly on the effect on unemployment and the response of monetary policy. First, we estimate Impulse Response Functions (IRFs) based on a Structural Vector Autoregression (SVAR) model with short-run restrictions according to economic theory. Next, we perform panel data analysis shedding light on the factors that affect unemployment in the two regions. Our findings indicate a significant impact of financial stress shocks on the macroeconomic environment, but with different policy responses from the Federal Reserve (Fed) and the European Central Bank (ECB). The impact of higher financial stress on economic activity and employment is negative in both regions, but the duration of the impact on unemployment is shorter in the US, suggesting a quicker recovery in the US labor market compared to the Eurozone. The faster recovery of the US labor market is primarily due to the superior institutional and regulatory performance in the US. These findings provide policymakers with valuable lessons about the importance of continuous monitoring and quick action to mitigate the negative effects of financial instability on economic activity. © 2024 CEPII (Centre d'Etudes Prospectives et d'Informations Internationales), a center for research and expertise on the world economy","Eurozone; Financial stress; Structural VAR; Unemployment; US; Zero-bound rates","","Article","Final","","Scopus","2-s2.0-85210605034"
"Demirel U.D.","Demirel, Ufuk Devrim (26433257600)","26433257600","The short-term effects of tax changes: The role of state dependence","2021","Journal of Monetary Economics","117","","","918","934","18","10.1016/j.jmoneco.2020.07.002","https://www.scopus.com/pages/publications/85088801206?origin=resultslist","This study evaluates how the state of the economy, as measured by the rate of unemployment, influences the short-term effects of tax changes on output and employment. I examine the effects of narratively identified tax changes by adopting two alternative approaches to estimating state-dependent impulse response functions that have been widely used in the recent literature. Both approaches suggest that short-term effects of tax changes on output and employment are smaller during times of higher unemployment. I argue that increased labor market slack and tighter credit conditions in contractionary periods can reduce the responsiveness of labor supply to changes in labor income taxes, resulting in smaller effects on output from tax changes. © 2020","Credit Constraints; Fiscal Policy; Labor Market Frictions; State Dependence; Tax Policy","","Article","Final","","Scopus","2-s2.0-85088801206"
"Jalles J.T.; Campmas A.","Jalles, João Tovar (34869694600); Campmas, Alexandra (57203060244)","34869694600; 57203060244","Environmental tax shocks and economic growth: Global evidence from local projections","2026","Energy Economics","161","","109488","","","0","10.1016/j.eneco.2026.109488","https://www.scopus.com/pages/publications/105043765797?origin=resultslist","This paper examines the macroeconomic effects of environmental tax shocks on economic growth using a panel of 76 advanced and developing economies over 1995–2021. We combine local projections with a novel identification strategy based on large, discretionary deviations in cyclically adjusted environmental tax revenues to isolate plausibly exogenous policy shocks. The validity of this approach is supported by Granger non-causality tests, predictability regressions, and pre-trend analyses. The results reveal heterogeneous and state-dependent effects. On average, environmental tax shocks generate modest but positive medium-term growth effects, becoming statistically significant after several years. These effects are stronger in emerging markets and developing economies (EMDEs), where revenues help relax fiscal constraints and support structural transformation, while remaining muted in advanced economies. Disaggregated results indicate that pollution and resource taxes drive the positive effects, whereas energy and transportation taxes have limited impact. Overall, the findings highlight the importance of context-sensitive policy design in aligning environmental taxation with growth objectives. © 2026 Elsevier B.V. All rights are reserved, including those for text and data mining, AI training, and similar technologies.","C32; E62; Environmental fiscal policy; H23; Local projections; Nonlinearities; O44; Panel data; Q43; Q58; Sustainable development","Data mining; Economic analysis; Environmental protection; Taxation; C32; E62; Environmental fiscal policy; Fiscal policies; H23; Local projections; Nonlinearity; O44; Panel data; Q43; Q58; developing world; economic growth; environmental economics; environmental policy; environmental tax; fiscal policy; macroeconomics; nonlinearity; panel data; sustainable development; Sustainable development","Article","Final","","Scopus","2-s2.0-105043765797"
"Alsalman Z.; Rangaraju S.K.","Alsalman, Zeina (56730912200); Rangaraju, Sandeep Kumar (57188717653)","56730912200; 57188717653","The Macroeconomic Effects of Oil Shocks in the Oil and Non-Oil Producing States","2026","Energy Journal","47","2","","255","288","1","10.1177/01956574251399526","https://www.scopus.com/pages/publications/105031109588?origin=resultslist","We examine the effect of structural shocks in the crude oil market on the US state-level economic activity in slack and non-slack periods, using linear and state-dependent models. We find that oil supply shocks produce a persistent and significant drop in employment, while the decline in personal income appears ten quarters after the shock. In contrast, economic activity shocks lead to a substantial and consistent increase in employment and personal income. Analyzing these responses across oil and non-oil producing states, we observe that non-oil states are more sensitive to the state of the economy, particularly in response to oil supply shocks. Further analysis shows that variations in the dynamic responses across states exhibit a regional pattern. To identify the factors contributing to these variations between states, we regress the responses on a set of state-level covariates. Our results show that industry composition and demographic factors, including educational attainment and income concentration, shape states’ sensitivity to oil shocks, underscoring the role of economic structure in mediating the effects of oil price fluctuations. © IAEE 2025","employment; local projection; non-oil states; oil prices; oil states; personal income; state-dependence","","Article","Final","","Scopus","2-s2.0-105031109588"
"Everaert G.; Pozzi L.","Everaert, Gerdie (6602589028); Pozzi, Lorenzo (56261630700)","6602589028; 56261630700","Financial development in the aftermath of banking crises","2025","Journal of International Money and Finance","157","","103395","","","0","10.1016/j.jimonfin.2025.103395","https://www.scopus.com/pages/publications/105012097816?origin=resultslist","This paper examines the dynamic impact of systemic banking crises on financial development. Causal effects are identified using a propensity-score-based method for time series and panel data. Specifically, to address the non-random nature of banking crisis onsets, we apply inverse propensity score weighting to create a quasi-random distribution of crisis and non-crisis episodes. The appropriate weights are derived from a banking crisis prediction model that accounts for financial development in the run-up to crises. Using data on banking crises and a comprehensive set of financial development indicators for 174 countries from 1980 to 2019, we present novel evidence demonstrating that banking crisis shocks have a persistent negative effect on financial development. This finding holds across multiple dimensions of financial development. © 2025 The Author(s)","Banking crises; Financial development; Inverse probability weighting; Local projections; Panel data","","Article","Final","All Open Access; Green Open Access; Hybrid Gold Open Access","Scopus","2-s2.0-105012097816"
"Yin H.-T.; Tang K.","Yin, Hua-Tang (57407276300); Tang, Kai (56857100600)","57407276300; 56857100600","Unlocking AI growth in emerging economies: The role of cross-border venture capital","2026","Pacific Basin Finance Journal","98","","103189","","","3","10.1016/j.pacfin.2026.103189","https://www.scopus.com/pages/publications/105037482247?origin=resultslist","AI-investment growth remains constrained by technical complexity and information incompleteness. Leveraging the complementarities of AI venture capital (VC) across broader scopes proves crucial for the AI industry's expansions. We design a state-dependent local projection strategy to investigate the dynamic interplay between cross-border and domestic AI VC in emerging economies, based on a panel dataset spanning 2015–2025. While emerging economies' AI VC is vulnerable to frequent exogenous shocks, it exhibits a symbiotic relationship with cross-border AI VC over the long run. They reinforce and complement each other, but the dynamic impact of cross-border AI VC on domestic AI VC is more pronounced than the reverse in the short and medium run. Improved AI governance, enhanced AI-training dataset accessibility, and relaxed FDI restrictions in fabricated metal industries push the dynamic path of the response difference between non-China emerging economies and China toward zero. Moreover, the response paths triggered by positive and negative changes of cross-border AI VC exhibit asymmetry. Accordingly, we provide policy implications to foster growth in AI VC for emerging economies. © 2026 Published by Elsevier B.V.","Cross-border venture capital; Domestic AI sector; O33; R33; State-dependent local projections","","Article","Final","","Scopus","2-s2.0-105037482247"
"Lin H.-Y.; Hsiao Y.-H.; Yen Y.-M.","Lin, Hsin-Yi (56128899000); Hsiao, Yu-Hsiang (58773902500); Yen, Yu-Min (55831648900)","56128899000; 58773902500; 55831648900","State-dependent local projections– the dynamic effects of regime transitions","2025","Econometric Reviews","44","6","","745","769","1","10.1080/07474938.2025.2456520","https://www.scopus.com/pages/publications/85218692576?origin=resultslist","This article proposes using state-dependent local projections (SDLP) to forecast the dynamically asymmetrical effects of political regimes or policy transitions. By conditioning on the ex ante status, the SDLP method estimates first-differenced local projections that depend on the previous regime type, allowing for asymmetric regime transitions and reversals. Monte Carlo simulation results demonstrate that the SDLP estimator involves a smaller bias than existing local projections and performs well with small samples. We apply the proposed SDLP method to examine the effects of democratization and autocratization on economic growth. Our empirical results suggest that the accumulated impacts of democratization on economic growth are positive and increase over time, while the negative effects of autocratization are more substantial and increase over time. These findings suggest that democracy promotes economic growth, whereas reversals to autocracy have an even greater detrimental impact on growth. © 2025 Taylor & Francis Group, LLC.","Democracy; economic growth; impulse responses; local projections","","Article","Final","","Scopus","2-s2.0-85218692576"
"Beenstock M.; Felsenstein D.; Xieer D.","Beenstock, Michael (7003436977); Felsenstein, Daniel (6603965048); Xieer, Dai (57192747797)","7003436977; 6603965048; 57192747797","Spatial econometric analysis of spatial general equilibrium","2018","Spatial Economic Analysis","13","3","","356","378","17","10.1080/17421772.2018.1403645","https://www.scopus.com/pages/publications/85037974299?origin=resultslist","A structural spatial econometric model for nine regions of Israel is estimated using non-stationary spatial panel data during 1987–2015. The model focuses on the relation between regional markets in labour, housing and capital when there is imperfect internal migration between regions, when capital is imperfectly mobile between regions, and when building contractors operate across regions. Since the regional panel data are non-stationary, the econometric methodology is based on spatial panel cointegration. The estimated model is used to simulate the temporal and spatial propagation of regional shocks induced, for example, by regional policy (land for housing, regional investment grants). Impulse responses are temporally and spatially state dependent. They are also highly persistent because of longevity in housing and capital. © 2017, © 2017 Regional Studies Association.","internal capital mobility; regional housing markets; regional labour markets; spatial econometrics; spatial general equilibrium (SGE)","","Article","Final","","Scopus","2-s2.0-85037974299"
"Al-Majali A.A.; Al-Oshaibat S.D.; Al-Sarayreh A.A.; Al-Manaseer S.R.","Al-Majali, Ahmad A. (57191204137); Al-Oshaibat, Sulieman D. (57191197416); Al-Sarayreh, Ahmad A. (59197912900); Al-Manaseer, Sufian Radwan (57984458000)","57191204137; 57191197416; 59197912900; 57984458000","THE EFFECT OF DIGITAL FINANCIAL LITERACY ON FINANCIAL DEVELOPMENT AND GOVERNANCE: USING PANEL VECTOR AUTOREGRESSIVE MODEL","2024","Journal of Governance and Regulation","13","2 Special issue","","465","473","5","10.22495/jgrv13i2siart21","https://www.scopus.com/pages/publications/85197259555?origin=resultslist","The study examined the impact of digital financial literacy on financial development utilizing a panel vector autoregressive (PVAR) model and panel data encompassing 108 countries from 2017 to 2021. In addition, Panel Granger causality tests were employed. The findings of the estimation indicated that enhancing digital financial literacy leads to an increase in financial development. The panel Granger causality tests strongly support the existence of a causal relationship between the Composite Digital Financial Literacy Index (CDFLI) and the Financial Development Index (FDI). Furthermore, the panel impulse response function demonstrated a significant and time-varying relationship between CDFLI and FDI. The variance decomposition revealed that variations in the FDI can be explained by changes in the CDFLI. Overall, digital financial literacy plays a crucial role in fostering financial. Given the continuous technological advancements in the financial industry, individuals must possess essential skills and knowledge to make well-informed decisions and effectively manage their finances. Policymakers bear the responsibility of promoting financial education and ensuring the accessibility and usability of digital financial services. This study contributes to the existent studies on the effect of digital financial literacy on financial development, building upon the works of Basha (2023) and Muat et al. (2024). © 2024 The Authors.","Digital Financial Literacy; Financial Development; Panel Vector Autoregressive","","Article","Final","All Open Access; Gold Open Access","Scopus","2-s2.0-85197259555"
"Hao Y.; Wang L.-O.; Lee C.-C.","Hao, Yu (56430318800); Wang, Ling-Ou (57200962636); Lee, Chien-Chiang (8601620600)","56430318800; 57200962636; 8601620600","Financial development, energy consumption and China's economic growth: New evidence from provincial panel data","2020","International Review of Economics and Finance","69","","","1132","1151","92","10.1016/j.iref.2018.12.006","https://www.scopus.com/pages/publications/85059039377?origin=resultslist","In recent years, China has experienced a period of rapid economic transition to the sustainable style of economic development, which is termed as the “new normal”. Although the extant literature has verified that investment and foreign business are two main growth engines of China's economy, investigations on the impacts of financial development and energy consumption on economic growth using a comprehensive framework are still scarce. This paper examines the dynamic interrelationship between financial development, energy consumption and economic development using the data on 29 Chinese provinces covering the period from 1995 to 2014. The empirical results indicate that energy consumption is the Granger cause of GDP, while financial development is not the Granger cause of GDP. Additionally, according to the estimation results of the impulse response function, financial development has a negative effect on GDP, while energy consumption could foster economic growth. Among the control variables, capital stock contributes significantly to economic growth. Further reforming the financial system and accelerating the transition of the economic structure are vital for China's sustainable economic growth as the pressure of controlling the excessive growth of energy consumption and improving environmental quality accumulates over time. © 2018 Elsevier Inc.","China; Economics growth; Energy consumption; Financial development","","Article","Final","","Scopus","2-s2.0-85059039377"
"Chen Z.","Chen, Ziwen (60340042900)","60340042900","Monetary policy surprises and the distribution of art-market returns: evidence from panel quantile local projections","2026","Finance Research Letters","92","","109539","","","0","10.1016/j.frl.2026.109539","https://www.scopus.com/pages/publications/105029236342?origin=resultslist","How do monetary policy shocks affect the distribution of art-market returns? This paper addresses the question using Artprice hedonic indices for fourteen segments over 1998Q1- 2023Q4. Panel mean local projections show that the average response of realized auction returns to a one-standard-deviation contractionary surprise is modest and briefly positive. Panel quantile local projections, combined with Bauer and Swanson (2023b) orthogonalized surprises, indicate pronounced asymmetry: the same shock lowers the 10th percentile of realized auction returns by 2.9 percentage points while raising the 90th percentile by 4.6 percentage points at the one-quarter horizon. The 90–10 spread thus widens by roughly 7.5 percentage points. Tail widening is concentrated in high-liquidity regimes measured by the Fed balance sheet-to-GDP ratio and financial conditions. The pattern is consistent with selection and within-segment flight to quality, rather than a uniform increase in art valuations. Placebo and randomization exercises provide supporting evidence that the estimated tail responses are unlikely to be generated by chance timing. Overall, art returns display state-dependent tail exposure to monetary shocks. © 2026 Elsevier Inc. All rights are reserved.","Alternative investments; Art markets; High-frequency identification; Liquidity; monetary policy; Panel quantile local projections","","Article","Final","","Scopus","2-s2.0-105029236342"
"Lee S.; Park J.","Lee, Seungyoon (57205457716); Park, Jongwook (57221693527)","57205457716; 57221693527","Business Cycles, Monetary Policy Stance, and Monetary Policy Transmission in Korea","2025","B.E. Journal of Macroeconomics","25","2","","799","824","2","10.1515/bejm-2024-0127","https://www.scopus.com/pages/publications/105010952804?origin=resultslist","This paper investigates the asymmetric transmission of monetary policy across business cycles in Korea during the period following the global financial crisis. Utilizing a smooth transition-local projection regression method, we explore the asymmetric responses of output and prices to monetary policy shocks during economic booms and recessions. Monetary policy innovations are identified by orthogonalizing changes in the policy rate with respect to economic forecast information that policymakers consider in their decision-making processes. Our findings reveal that the impact of monetary policy on output and prices is substantial during recessions, whereas it is minimal and statistically insignificant during booms. By examining asymmetries arising from both business conditions and monetary policy stance, we show that the pronounced transmission effects during recessions are primarily driven by tightening monetary policy, while expansionary measures during recessions have limited effectiveness. These results suggest the need to reevaluate previous empirical findings which do not simultaneously consider the possibility of asymmetric transmission stemming from both business cycles and monetary policy stance. © 2025 the author(s), published by De Gruyter, Berlin/Boston.","asymmetric monetary policy transmission; business cycles; smooth transition-local projection","","Article","Final","All Open Access; Hybrid Gold Open Access","Scopus","2-s2.0-105010952804"
"Chen R.; Li Y.","Chen, Rundong (59412791800); Li, Ying (58167544500)","59412791800; 58167544500","Financial uncertainty, monetary policy and business cycle","2026","Applied Economics","","","","","","0","10.1080/00036846.2026.2645233","https://www.scopus.com/pages/publications/105033279939?origin=resultslist","Using quarterly data for 20 OECD countries from 1999 to 2020, this paper examines the state-dependent effects of financial uncertainty shocks and the role of monetary policy over the business cycle. We employ a panel threshold VAR (PTVAR) to identify business-cycle asymmetries and transmission mechanisms, and a local projection quantile regression (LPQR) framework to assess growth-at-risk. The results show that financial uncertainty shocks exert significantly larger negative effects on output during recessions than expansions. Counterfactual analysis indicates that this asymmetry operates primarily through a market confidence channel: shutting down this channel reduces peak output losses by about 37% during recessions. Moreover, expansionary monetary policy is more effective in downturns, as it dampens financial uncertainty and mitigates downside risks to growth. Overall, the findings highlight the importance of confidence-sensitive monetary policy responses when financial uncertainty is elevated. © 2026 Informa UK Limited, trading as Taylor & Francis Group.","business cycle; Financial uncertainty; market confidence; monetary policy","","Article","Article in press","","Scopus","2-s2.0-105033279939"
"Sezgin V.; Doruk Ö.T.; Barak A.Y.; Ertuğrul H.M.","Sezgin, Volkan (57499184900); Doruk, Ömer Tuğsal (57209262105); Barak, Ahmet Yasir (59675317300); Ertuğrul, Hasan Murat (55900474000)","57499184900; 57209262105; 59675317300; 55900474000","Idiosyncratic risk and international trade: New evidence","2025","Finance Research Letters","78","","107173","","","3","10.1016/j.frl.2025.107173","https://www.scopus.com/pages/publications/86000333415?origin=resultslist","In this empirical study, the relationship between idiosyncratic volatility and international sales of a sample of non-financial firms traded in the S&P 500, over 40 years is investigated by means of regression analysis and local projections method in a dynamic framework based on panel fixed effects. The results show that idiosyncratic volatility discourages international sales significantly. Moreover, according to the results of the local projections method, idiosyncratic volatility gradually reduces international sales and has a long-term effect. The results are robust to various robustness checks. © 2025 Elsevier Inc.","Dynamic analysis; Idiosyncratic volatility; International sales; Local projections methodology; Panel data analysis","","Article","Final","","Scopus","2-s2.0-86000333415"
"Jordà Ò.; Schularick M.; Taylor A.M.","Jordà, Òscar (57193663493); Schularick, Moritz (14042326300); Taylor, Alan M. (57108793100)","57193663493; 14042326300; 57108793100","The effects of quasi-random monetary experiments","2020","Journal of Monetary Economics","112","","","22","40","113","10.1016/j.jmoneco.2019.01.021","https://www.scopus.com/pages/publications/85061637206?origin=resultslist","The trilemma of international finance explains why interest rates in countries that fix their exchange rates and allow unfettered cross-border capital flows are outside the monetary authority's control. Based on this exogenous source of variation, we show that monetary interventions have large and significant effects using historical panel data since 1870. The causal effect of these interventions depends on whether: (1) the economy is above or below potential; (2) inflation is low; and (3) there is a credit boom in mortgage markets. Several novel control function adjustments account for potential spillover effects. The results have important implications for monetary policy. © 2019","Fixed exchange rates; Instrumental variables; Interest rates; Local average treatment effect; Local projections; Monetary experiments; Trilemma","","Article","Final","","Scopus","2-s2.0-85061637206"
"Lee Y.; Hur J.","Lee, Yeil (60242638500); Hur, Joonyoung (56808796900)","60242638500; 56808796900","Effects of government spending shocks by household indebtedness: An OECD panel analysis","2026","Journal of International Money and Finance","162","","103515","","","0","10.1016/j.jimonfin.2025.103515","https://www.scopus.com/pages/publications/105027065842?origin=resultslist","This paper examines how the macroeconomic effects of government spending shocks vary with different levels of household indebtedness, using a state-dependent panel local projection method for 26 OECD economies. Our findings indicate that the stimulative effects of government spending are more pronounced when household debt levels are low. We further classify the countries into two groups—those with international currencies and those without—and analyze how the state-dependent effects of government spending vary between these groups. The empirical results show that the impact of government spending shocks is significantly influenced by household indebtedness levels in countries with non-international currencies, whereas this dependency is much weaker in countries with international currencies. This disparity can be attributed to the interplay between consumption patterns and debt deleveraging pressures, with long-term interest rates also playing a partial role. These results also underscore a potential policy paradox, wherein the effectiveness of fiscal interventions in stimulating aggregate demand may diminish at times when elevated household indebtedness renders stimulus most necessary. © 2026 Elsevier Ltd","Fiscal policy; Household debt; Local projection","","Article","Final","","Scopus","2-s2.0-105027065842"
"Ahmed M.I.; Cassou S.P.","Ahmed, M. Iqbal (60085536700); Cassou, Steven P. (6602305858)","60085536700; 6602305858","Does consumer confidence affect durable goods spending during bad and good economic times equally?","2016","Journal of Macroeconomics","50","","","1339","1351","57","10.1016/j.jmacro.2016.08.008","https://www.scopus.com/pages/publications/84987940128?origin=resultslist","Recent econometric analysis shows consumer confidence innovations have long lasting effects on economic activities like consumption. Using US data, we show this conclusion is more nuanced when considering an economy that has different potential states. We investigate regime-switching models which use the National Bureau of Economic Research US business cycle expansion and contraction data to create an indicator series that distinguishes bad and good economic times and use this series to investigate impulse responses and variance decompositions. We show the connection between consumer confidence to some types of consumer purchases is important during good economic times, but is relatively unimportant during bad economic times. We also use this type of model to investigate the connection between news and consumer confidence and this connection is also shown to be state dependent. In the context of the animal spirits versus news debate, our findings show that during economic expansions, consumer confidence shocks likely reflect news, while during economic contractions, consumer confidence shocks are consistent with animal spirits. These findings also have important implications for recent policy debates which consider whether confidence boosting policies, like raising inflation expectations on big-ticket items such as automobiles or business equipment, would lead to a faster recovery. © 2016 Elsevier Inc.","Animal spirits; Consumer confidence; Local projections; News; Regime switching models","","Article","Final","","Scopus","2-s2.0-84987940128"
"Ayadi E.; Ben Jedidia L.; Ben Mbarek N.","Ayadi, Ezer (59654409100); Ben Jedidia, Lotfi (60418978300); Ben Mbarek, Noura (59654681900)","59654409100; 60418978300; 59654681900","Inflation Shocks and Equity Vulnerability: Regime, Sign, and Cross-Country Asymmetries in the G7","2026","Economies","14","2","55","","","1","10.3390/economies14020055","https://www.scopus.com/pages/publications/105031261645?origin=resultslist","This paper investigates the nonlinear and state-dependent relationship between inflation surprises and real equity returns across G7 economies. Using monthly data from January 1998 to May 2025, we employ nonlinear local projection models to estimate the dynamic responses of the equity market to domestic inflation shocks. While linear estimates reveal modest but persistent average losses, once regime dependence and sign asymmetry are jointly considered, three critical findings emerge. First, equity responses are strongly regime-dependent: inflation shocks occurring in high-inflation environments produce losses two to four times larger than those in low-inflation regimes. Second, the direction of the shock matters: positive inflation surprises are associated with deeper and longer-lasting equity declines than the gains generated by negative surprises. Third, these effects exhibit pronounced cross-country heterogeneity, with distinct vulnerability profiles that remain invisible in linear or pooled models. To systematically assess these differences, we develop a Sensitivity–Volatility–Vulnerability (SVV) assessment that synthesizes regime-dependent and sign-asymmetric responses into market vulnerability profiles. Our results underscore that inflation risk in equity markets is not only nonlinear and regime-dependent but also fundamentally country-specific, implying that conventional linear models materially understate downside equity exposure. These findings carry important implications for monetary policy, financial regulation, and international portfolio diversification. © 2026 by the authors.","asymmetric effects; G7 countries; inflation shocks; local projections; state dependence; stock market returns; vulnerability","","Article","Final","All Open Access; Gold Open Access","Scopus","2-s2.0-105031261645"
"Lin H.","Lin, Haitao (56128980100)","56128980100","Evidences of the asymmetric effects from China's monetary policy in the period after the financial crisis","2011","Proceedings of the 2011 International Conference on Business Computing and Global Informatization, BCGIn 2011","","","6003873","270","273","0","10.1109/BCGIn.2011.76","https://www.scopus.com/pages/publications/80052875318?origin=resultslist","This paper investigates whether there are asymmetric effects of monetary policy in China economy. We use logistic smooth transition vector autoregression (LSTVAR) model to focus on the nonlinearity of the whole system varying over the transition variables. The results of estimation and generalized impulse response function imply that the effects of output and inflation vary with the sign of monetary shocks, the size of monetary shocks, and the phase of the business cycle. © 2011 IEEE.","Asymmetric effects; LSTVAR model; Monetary policy","Impulse response; Regression analysis; Asymmetric effects; Business cycles; Financial crisis; Impulse response functions; Monetary policies; Monetary policy; Non-Linearity; Smooth transitions; Economics","Conference paper","Final","","Scopus","2-s2.0-80052875318"
"Darbandi E.; Radmehr R.; Saghaian S.H.","Darbandi, Elham (57216565358); Radmehr, Riza (57210610315); Saghaian, Sayed H. (6506120278)","57216565358; 57210610315; 6506120278","The Impact of Consumer Beef Safety Awareness on U.S. Beef Exports","2021","International Trade Journal","35","2","","135","156","9","10.1080/08853908.2020.1742255","https://www.scopus.com/pages/publications/85083880156?origin=resultslist","We quantified the impact of consumer awareness about beef safety on U.S. beef exports. An index to reflect consumer awareness is constructed based on publicized reports in the media. Results showed a 0.8% reduction in U.S. beef exports arose from foodborne-disease news. In addition, using impulse response functions derived from a panel vector autoregressive model (panel VAR with the system GMM estimator), we found that the negative impact of a shock in food safety news intensified after three quarters and then diminished. Investing in any scheme that minimizes the impact of food safety events, such as quality labeling, is suggested. © 2020 Taylor & Francis Group, LLC.","beef safety; Consumer awareness; panel data; U.S. beef exports","","Article","Final","","Scopus","2-s2.0-85083880156"
"Neri S.","Neri, Stefano (57977801900)","57977801900","Energy prices, inflation, and the ECB’s monetary policy during the 2021–22 energy crisis","2026","European Economic Review","189","","105438","","","0","10.1016/j.euroecorev.2026.105438","https://www.scopus.com/pages/publications/105047509414?origin=resultslist","This paper quantifies the effects of energy price shocks in the euro area and examines the role of ECB monetary policy during the energy crisis. Using a Bayesian VAR identified with sign and narrative restrictions, local projections, and counterfactuals, I show that energy shocks induce persistent and broad-based inflationary pressures while reducing real activity. The pass-through to inflation is state-dependent: it is sizeable and persistent only when inflation is already elevated and when the shock originates from gas and electricity prices. A counterfactual exercise shows that an earlier and more forceful monetary policy tightening would have reduced inflation only at the cost of a sizeable output loss. © 2026 Elsevier B.V.","Bayesian VAR; Energy price shocks; Local projections; Monetary policy; Policy counterfactuals","electricity industry; energy market; inflation; monetary policy","Article","Final","All Open Access; Green Open Access","Scopus","2-s2.0-105047509414"
"Bredin D.; Fountas S.; Tzika P.","Bredin, Don (6602240497); Fountas, Stilianos (6701430769); Tzika, Paraskevi (57224167993)","6602240497; 6701430769; 57224167993","Economic Policy Uncertainty and Income Inequality Across Europe","2026","International Journal of Finance and Economics","","","","","","0","10.1002/ijfe.70161","https://www.scopus.com/pages/publications/105029021998?origin=resultslist","This paper investigates the impact of Economic Policy Uncertainty (EPU) on income inequality across a broad set of European countries from 1995 to 2022, with a particular focus on the core-periphery divide. Applying both time series and panel data methodologies—including Vector Autoregressions (VAR), panel VAR and local projections—we assess how economic uncertainty influences inequality dynamics. Our findings reveal three key insights. First, uncertainty shocks significantly affect income inequality in nearly all countries, and the effect is time-varying. Second, the effect is heterogeneous across countries but varies: uncertainty tends to reduce inequality in core European countries such as Belgium, Germany, Ireland and the Netherlands, while mainly increasing it in periphery and intermediate countries like France, Greece, Italy and Spain. Third, panel analysis confirms this asymmetry, showing more persistent and positive inequality effects in periphery countries. These results suggest that income inequality in Europe's periphery is more vulnerable to economic uncertainty, underscoring the importance of stable policy environments and targeted fiscal responses. © 2026 John Wiley & Sons Ltd.","economic uncertainty; income inequality; panel LP; rolling impulse response functions; VAR models","","Article","Article in press","","Scopus","2-s2.0-105029021998"
"Honda J.; Miyamoto H.","Honda, Jiro (57221746452); Miyamoto, Hiroaki (59811465200)","57221746452; 59811465200","How does population aging affect the effectiveness of fiscal stimulus over the business cycle?","2021","Journal of Macroeconomics","68","","103288","","","20","10.1016/j.jmacro.2021.103288","https://www.scopus.com/pages/publications/85100055719?origin=resultslist","What is the impact of population aging on the effectiveness of fiscal stimulus over the business cycle? We address this question by estimating state-dependent fiscal multipliers in member countries of the Organisation for Economic Co-operation and Development (OECD). A government spending shock is identified as a forecast error of government spending and its output effect is estimated by using the local projection method. We find that there is no effect of population aging on output effects of fiscal spending shocks in expansionary times, whereas in recessions the output effects of fiscal spending shocks are weakened as population ages. This result points to important policy implications in that population aging would call for a larger fiscal stimulus to support aggregate demand during recession. Thus, this requires a larger fiscal space to allow for a wider swing of the fiscal position without creating concerns for fiscal sustainability. © 2021 Elsevier Inc.","Business cycles; Fiscal multipliers; Fiscal policy; Population aging","","Article","Final","","Scopus","2-s2.0-85100055719"
"Wang P.; Wen Y.; Xu Z.","Wang, Pengfei (55782789500); Wen, Yi (35786757100); Xu, Zhiwei (57144882100)","55782789500; 35786757100; 57144882100","What inventories tell us about aggregate fluctuations-A tractable approach to (S,s) policies","2014","Journal of Economic Dynamics and Control","44","","","196","217","8","10.1016/j.jedc.2014.05.003","https://www.scopus.com/pages/publications/84901933719?origin=resultslist","We estimate a DSGE model with (S,s) inventory policies. We find that (i) taking inventories into account can significantly improve the empirical fit of DSGE models in matching the standard business-cycle moments (in addition to explaining inventory fluctuations); (ii) (S,s) inventory policies can significantly amplify aggregate output fluctuations, in contrast to the findings of the recent general-equilibrium inventory literature; and (iii) aggregate demand shocks become more important than technology shocks in explaining the business cycle once inventories are incorporated into the model. An independent contribution of our paper is that we develop a solution method for analytically solving (S,s) inventory policies in general equilibrium models with heterogeneous firms and a large aggregate state space, and we illustrate how standard log-linearization methods can be used to solve various versions of our inventory model, generate impulse response functions, and estimate the model's deep structural parameters. © 2014 Elsevier B.V.","(S,s) inventories policy; Heterogeneous-agent models; Perturbation methods; State-dependent decisions","","Article","Final","","Scopus","2-s2.0-84901933719"
"Scott Davis J.; Zlate A.","Scott Davis, J. (7405963449); Zlate, Andrei (55014618500)","7405963449; 55014618500","Monetary policy divergence and net capital flows: Accounting for endogenous policy responses","2019","Journal of International Money and Finance","94","","","15","31","8","10.1016/j.jimonfin.2019.01.016","https://www.scopus.com/pages/publications/85061358087?origin=resultslist","This paper measures the effect of monetary tightening in key advanced economies on net capital flows around the world. Measuring this effect is complicated by the fact that the domestic monetary policies of affected economies respond endogenously to the foreign tightening shock. Using a structural VAR framework with quarterly panel data we estimate the impulse responses of domestic policy variables and net capital flows to a foreign monetary tightening shock. We find that the endogenous response of domestic monetary policy depends on each economy's capital account openness and exchange rate regime. We use a method to compute counterfactual impulse responses for net capital outflows under the assumption that the domestic policy rate does not respond to foreign monetary tightening. Our results suggests that failing to account for the endogenous response of domestic monetary policy biases down the estimated elasticity of net capital flows to foreign interest rates by as much as one-third for countries with open capital accounts. © 2019 Elsevier Ltd","Counterfactual VAR; Exchange rates; Net capital inflows; Structural VAR; Trilemma","","Article","Final","All Open Access; Green Open Access","Scopus","2-s2.0-85061358087"
"Alves J.; Jalles J.T.; Menescal L.","Alves, José (57189576670); Jalles, João Tovar (34869694600); Menescal, Lucas (57751325100)","57189576670; 34869694600; 57751325100","When austerity pays off: fiscal consolidations and public sector efficiency in emerging markets","2025","Journal of International Money and Finance","157","","103380","","","0","10.1016/j.jimonfin.2025.103380","https://www.scopus.com/pages/publications/105007985318?origin=resultslist","This paper explores the impact of fiscal consolidations on public sector efficiency in emerging market economies. We examine how efforts to reduce government deficits and debt influence the efficiency of public sector operations. Using the local projections method on a panel of 41 emerging markets from 1997 to 2019, we estimate the dynamic effects of consolidation shocks. Results indicate that expenditure-based consolidations improve public sector efficiency, especially when consolidations are large, occur during downturns, or when initial debt levels are high. Tax-based consolidations show no significant impact. These findings suggest that well-structured expenditure cuts can enhance operational efficiency, making fiscal adjustments more effective. Our paper contributes to the literature on fiscal policy by highlighting the role of consolidation composition in shaping efficiency outcomes. The results provide valuable insights for policymakers designing fiscal strategies in emerging economies, balancing fiscal sustainability with efficient public service delivery. © 2025 Elsevier Ltd","Consolidation; Local projections; Nonlinearities; Panel data analysis; Public sector efficiency","","Article","Final","","Scopus","2-s2.0-105007985318"
"Miyazaki T.; Hiraga K.; Kozuka M.","Miyazaki, Tomomi (55453234800); Hiraga, Kazuki (55555667700); Kozuka, Masafumi (55556705200)","55453234800; 55555667700; 55556705200","Stock market response to public investment under the zero lower bound: Cross-industry evidence from Japan","2024","Journal of the Japanese and International Economies","71","","101302","","","2","10.1016/j.jjie.2023.101302","https://www.scopus.com/pages/publications/85182871995?origin=resultslist","This study examines the effects of public investment on the stock market between the zero lower bound (ZLB) and the non-ZLB periods using Japanese sectoral panel data. The empirical results first show that while public investment shocks have stimulating effects on stock returns during the ZLB period, this is not the case outside of the ZLB. Furthermore, the impulse responses for the manufacturing industry are estimated to be positive and significant regardless of model specification. Our results suggest that the government is recommended to increase public investment under the ZLB to prop up the stock market but cut back once the economy is no longer in a liquidity trap. © 2023 Elsevier Inc.","factor-augmented VAR; local projection method; public investment; Stock market; zero lower bound","","Article","Final","All Open Access; Green Open Access","Scopus","2-s2.0-85182871995"
"Daher N.","Daher, Nabil (59723019700)","59723019700","Is growth at risk from natural disasters? Evidence from quantile local projections","2026","Ecological Economics","243","","108933","","","3","10.1016/j.ecolecon.2026.108933","https://www.scopus.com/pages/publications/105034542104?origin=resultslist","This paper investigates the heterogeneous and state-dependent effects of natural disasters on GDP per capita growth in developing countries. Using a panel of 67 countries, I apply the Quantile Local Projection (QLP) method to estimate Quantile Impulse Response Functions (QIRFs) following different types of disasters—floods, droughts, storms, and earthquakes. By focusing on the conditional distribution of growth rather than its average, the analysis captures how disasters distort growth distribution at the tails. Results reveal that natural disasters represent a growing downside risk, significantly amplifying the likelihood and depth of recessions at the lower tail of the distribution. In contrast, responses at the upper tail are often expansionary in some contexts, suggesting asymmetric effects. These patterns are shaped by countries’ income levels, institutional quality, and sectoral structure. Overall, the findings highlight the importance of distribution-sensitive approaches to better understand and manage the macroeconomic consequences of climate and disaster shocks. © 2026 The Author. Published by Elsevier B.V. This is an open access article under the CC BY license. http://creativecommons.org/licenses/by/4.0/","C23; Developing economies; E32; Natural disasters; O11; O57; Q54; Quantile local projections","asymmetry; developing world; economic growth; Gross Domestic Product; growth; natural disaster; risk assessment","Article","Final","All Open Access; Green Open Access; Hybrid Gold Open Access","Scopus","2-s2.0-105034542104"
"Bhowmik D.","Bhowmik, Debesh (58718978800)","58718978800","Nexus Between Growth and Inflation Rate in ASEAN-10 During 1980–2021","2025","Economic Slowdown, Unemployment, and Inflation: a Global Outlook","","","","1","31","0","10.1201/9781779643469-1","https://www.scopus.com/pages/publications/105015797626?origin=resultslist","The chapter examined the growth-inflation nexus in ASEAN-10 coun tries using panel data from 1980 to 2021. Panel cointegration techniques, including the Pedroni, Kao, and Johansen models, were applied. The study found a positive relationship in fixed-effects panel regression and a long-run cointegrating relationship without any short-run causality. The cointegrating equation significantly approached equilibrium, while the vector error correc tion model (VECM) was non-stationary but stable, and impulse response functions (IRFs) were diverging. The threshold limit for the inflation rate was identified as ranging between 3.35% and 4.65% per year. All countries exhibited positive growth rates for both the inflation rate and GDP per capita during 1980–2021. The relationships between inflation and economic growth in each country were also found to be positive. Additionally, the structural breaks and cyclical patterns of both inflation and growth rates were observed. © 2026 by Apple Academic Press, Inc.","cyclical trend; GDP per capita; growth; inflation; log run causality; panel cointegration; seasonal variation; short run causality; structural breaks; threshold inflation","Economics; Growth rate; Cyclical trend; GDP per caput; Log run causality; Panel cointegration; Per capita; Seasonal variation; Short run causality; Short runs; Structural break; Threshold inflation; Inflation","Book chapter","Final","","Scopus","2-s2.0-105015797626"
"Öncel A.; Kabasakal A.; Kutlar A.; Acar S.","Öncel, Abidin (57784629300); Kabasakal, Ali (36816256500); Kutlar, Aziz (55308131800); Acar, Samet (57566479300)","57784629300; 36816256500; 55308131800; 57566479300","Energy consumption, economic growth and Ecological footprint relationship in the top Russian energy importers: a panel data analysis","2024","Environment, Development and Sustainability","26","8","","21019","21052","17","10.1007/s10668-023-03517-1","https://www.scopus.com/pages/publications/85164150231?origin=resultslist","This study examines the relationship between renewable and non-renewable energy consumption, economic growth, and ecological footprint for the top 14 Russian-energy-importing countries in 2000–2018. Through PVAR analysis, this study calculates the long-term correlation between variables using a VEC model. The VAR approach addresses the endogeneity issue by including endogenous interactions between the variables in the model. Additionally, the impulse response functions and the influence of various variables on certain lags are evaluated. Cointegration between variables was assessed using DOLS and FMOLS panel analysis to investigate the long-term link further. Our findings demonstrate that there is a cointegration relationship between all series. According to the impulse response analysis results, an energy shock from Russia will negatively affect the countries' economic growth and decrease the ecological footprint. Increasing renewable and non-renewable energy consumption domestically increases ecological footprint, but the effect of renewable energy consumption on ecological footprint seems to be less. According to DOLS findings, a 10 percent increase in Russian fuel exports increases the elasticity of economic growth by 0.61%. In contrast, FMOLS findings indicate that a 10% increase in Russian fuel export increases the elasticity of economic growth by 1%. However, the direction of the relationship is positive when the ecological footprint is considered the dependent variable: While the non-renewable energy consumption elasticity coefficient was 0.030 in the DOLS model, it was found to be 0.023 in the FMOLS model. The elasticity value of the economic growth variable was found to be 0.69 in the FMOLS model. © The Author(s), under exclusive licence to Springer Nature B.V. 2023.","C59; Ecological footprint; Economic growth; Non-renewable and renewable energy; O13; O44; PVAR; Q56","Russian Federation; alternative energy; ecological footprint; economic growth; response analysis","Article","Final","","Scopus","2-s2.0-85164150231"
"Kloosterman R.; Bonam D.; van der Veer K.","Kloosterman, Roben (58021084700); Bonam, Dennis (57204545431); van der Veer, Koen (55558331100)","58021084700; 57204545431; 55558331100","The effects of monetary policy across fiscal regimes","2024","Journal of Macroeconomics","81","","103616","","","5","10.1016/j.jmacro.2024.103616","https://www.scopus.com/pages/publications/85195545031?origin=resultslist","How do the effects of monetary policy depend on the fiscal policy stance? We aim to answer this question using a panel smooth transition local projection model for the euro area. We find that an expansionary monetary policy shock raises inflation and output, but only when fiscal policy is also expansionary. In a regime of contractionary fiscal policy, the responses to a monetary easing are insignificant or negative. Similarly, a monetary tightening only reduces inflation and output when accompanied by contractionary fiscal policy. These results are robust to several alternative model specifications and underline the importance of the fiscal stance for the effects of monetary policy. © 2024 Elsevier Inc.","Fiscal policy regimes; Local projections; Regime-dependent effects of monetary policy","","Article","Final","All Open Access; Bronze Open Access; Green Open Access","Scopus","2-s2.0-85195545031"
"Delgado-Téllez M.; Gordo E.; Kataryniuk I.; Pérez J.J.","Delgado-Téllez, Mar (57214801560); Gordo, Esther (36170359600); Kataryniuk, Iván (57201724741); Pérez, Javier J. (35450739500)","57214801560; 36170359600; 57201724741; 35450739500","The decline in public investment: ``social dominance’’ or too-rigid fiscal rules?","2022","Applied Economics","54","10","","1123","1136","19","10.1080/00036846.2021.1990841","https://www.scopus.com/pages/publications/85122777683?origin=resultslist","Public investment in advanced economies is at historical lows, following a declining trend since the 1980s. Two main hypotheses have been posed to explain this evolution: (i) the ‘social dominance hypothesis’, whereby increased public social spending has been displacing investment from government’s budgets, despite the upward trend witnessed in tax burdens and debt; (ii) fiscal rules’ frameworks, that would have forced governments to reduce investment in their quest for compliance. In this paper, we jointly test the validity of these two duelling explanations using two empirical approaches (panel data models; local projections) for a sample of advanced economies comprising data for the past six decades. We find that both factors are relevant to explain the observed downward trend in investment, with social spending acting as a structural driver, whereas fiscal rules contributed mainly when applied in fiscal consolidation episodes. © 2021 Informa UK Limited, trading as Taylor & Francis Group.","budget limit; fiscal rules; public investment; Social dominance","debt; fiscal policy; hypothesis testing; investment; public spending","Article","Final","All Open Access; Green Open Access","Scopus","2-s2.0-85122777683"
"Barci G.","Barci, Giovanni (59256524200)","59256524200","The effects of monetary policy on macroeconomic downside risk: state-dependence matters","2025","Journal of Economic Dynamics and Control","180","","105201","","","2","10.1016/j.jedc.2025.105201","https://www.scopus.com/pages/publications/105020753604?origin=resultslist","I study the dynamic causal relationship between monetary policy and macroeconomic downside risk, focusing on structural asymmetries in recessions and expansions. I find that a monetary easing during economic slowdowns reduces downside risk by about twice as much as a monetary tightening during booms increases it. If this asymmetry is not properly accounted for, it could lead to an overly cautious behaviour by policymakers when tightening during booms; the conclusion also holds when considering monetary contractions occurring during highly-leveraged expansions. Results align with theoretical models that include a financial accelerator mechanism. I obtain evidence by building downside risk indicators as linear combinations of relevant quantiles of the conditional forecast density of output growth. Generalised state-dependent impulse response functions to structural shocks of quantiles linear combinations are recovered using a novel econometric framework that mixes structural VAR and quantile regressions, both adapted to accommodate smooth-transition parameters. © 2025 Elsevier B.V.","Downside risk; Monetary policy; Quantile regression; State-dependence; SVAR","","Article","Final","All Open Access; Hybrid Gold Open Access","Scopus","2-s2.0-105020753604"
"Ha J.","Ha, Jongrim (57215875180)","57215875180","Nonlinear transmission of U.S. monetary policy shocks to international financial markets","2020","International Finance","23","3","","350","369","6","10.1111/infi.12371","https://www.scopus.com/pages/publications/85082330170?origin=resultslist","Using local projection and event studies, this paper investigates the nonlinear effects of U.S. monetary policy shocks on financial-asset prices in 10 advanced economies from 1990 to 2014. The international asset prices show evidence of the asymmetric or state-dependent propagation of U.S. monetary shocks. Moreover, the results indicate that the nature of the nonlinearity in the propagation of the shocks differs across two asset classes, bond yields, and equity prices. Contractionary U.S. monetary policy shocks are quite influential in sovereign bond markets, while their impacts are largely insignificant in stock markets; the opposite is true for expansionary monetary policy shocks. These results are typical across open economies and suggest that U.S. monetary announcements and the subsequent reactions of international risk premiums may play a critical role in international shock propagation. © 2020 John Wiley & Sons Ltd.","bond yields; equity price; local projection; monetary policy transmission; nonlinearity; open economy","","Article","Final","","Scopus","2-s2.0-85082330170"
"Rezitis A.N.","Rezitis, Anthony N. (6603596783)","6603596783","Empirical analysis of price relations along the Finnish supply chain of selected meat, dairy, and egg products: A dynamic panel data approach","2018","Agribusiness","34","3","","542","561","6","10.1002/agr.21536","https://www.scopus.com/pages/publications/85035140631?origin=resultslist","This study uses a panel cointegration and Error Correction Vector Autoregressive (EC-VAR) approach to examine the long- and short-run dynamics as well as the direction of causality between agricultural product prices, producer prices and consumer prices along the Finnish meat (i.e., beef, pork, and poultry), dairy (i.e., fresh milk, other milk products, cheese, and yoghurt) and egg supply chains for the period of 2005:01–2014:12. This study also examines the “cost-push” and “demand-pull” theories. The results indicate the presence of cointegration among the three price series for each of the eight food chains. The “demand-pull” factors are found to have a stronger impact along the food supply chain than the “supply-push” factors. The short-run causality results show bidirectional causal relations among the three prices, whereas the long-run causality findings support the assertion that consumer prices dominate the other two prices, implying an attempt by retailers to exert control over the pricing mechanisms along the Finnish food supply chain. The impulse response functions show that the agricultural product prices experience higher and more prolonged fluctuations around the long-run equilibrium than the other two prices. [EconLit citations: Q11, C32, C33]. © 2017 Wiley Periodicals, Inc.","","","Article","Final","","Scopus","2-s2.0-85035140631"
"Hong W.-H.; Kim W.","Hong, Woo-Hyung (57204879469); Kim, Wongi (57208745665)","57204879469; 57208745665","The effects of weather shock on income inequality: evidence from Asia-Pacific Economic Cooperation (APEC) member economies","2024","Asian-Pacific Economic Literature","38","2","","75","101","3","10.1111/apel.12420","https://www.scopus.com/pages/publications/85196646526?origin=resultslist","This study empirically investigates the dynamic effects of weather shock on within-country income inequality. Using panel data of 17 Asia-Pacific Economic Cooperation (APEC) member economies, we estimate impulse responses via the local projection method. Moreover, temperature and precipitation shocks, defined as deviations of temperature and precipitation from their historical norms, are exploited to measure country-specific weather shocks. The empirical results reveal the following. First, temperature and precipitation shocks deteriorate income inequality measured by the Gini index; these effects are long-lasting. Moreover, asymmetric effects exist: heat waves and droughts more significantly increase income inequality than cold waves and floods. Lastly, current redistribution policies do not seem to effectively mitigate those adverse effects. © 2024 Crawford School of Public Policy, The Australian National University and John Wiley & Sons Australia, Ltd.","","","Article","Final","","Scopus","2-s2.0-85196646526"
"Shashidhar Yadav J.; Saiprasad D.; Druvakumar M.; Venkatesh S.N.; Jagadeesha G.T.; Mahanthesh H.B.","Shashidhar Yadav, J. (59294908800); Saiprasad, D. (59304276000); Druvakumar, Madhu (58162763000); Venkatesh, S.N. (59424408300); Jagadeesha, G.T. (59294478300); Mahanthesh, H.B. (59424774400)","59294908800; 59304276000; 58162763000; 59424408300; 59294478300; 59424774400","Interconnected Dynamics of Gold, Nifty, Crude Oil, and USD/INR: Insights from a Panel Data VAR Analysis","2025","Studies in Systems, Decision and Control","555","","","63","77","0","10.1007/978-3-031-67890-5_7","https://www.scopus.com/pages/publications/85210156400?origin=resultslist","This study utilizes a panel data vector autoregression (PVAR) model to examine the relationships between Gold, Nifty, Crude Oil, and USD/INR, drawing from 3105 observations sourced from Yahoo Finance. Descriptive statistics reveal notable volatility, particularly in Gold and Crude Oil. Unit root tests confirm stationarity, crucial for time series analysis. Optimal lag selection recommends a lag order of 2, balancing model accuracy and complexity. Granger causality tests indicate limited predictive power, with gold influencing USD/INR unidirectionally. Impulse response function analysis and variance decomposition underscore Gold’s relative independence. Robustness tests affirm stability, highlighting USD/INR’s endogeneity. This study enhances understanding of financial dynamics, offering insights for risk management, portfolio diversification, and monetary policy. © The Author(s), under exclusive license to Springer Nature Switzerland AG 2025.","Granger causality; Lag order; Panel data vector autoregression; Stationarity; USD/INR","","Book chapter","Final","","Scopus","2-s2.0-85210156400"
"Ciaffi G.; Deleidi M.; Capriati M.","Ciaffi, Giovanna (58195096400); Deleidi, Matteo (57196049258); Capriati, Michele (57193651837)","58195096400; 57196049258; 57193651837","Government spending, multipliers, and public debt sustainability: an empirical assessment for OECD countries","2024","Economia Politica","41","2","","521","542","10","10.1007/s40888-024-00335-0","https://www.scopus.com/pages/publications/85195555621?origin=resultslist","This paper aims to quantify the linear and non-linear effects of government expenditure on output and public debt sustainability using the Local Projections (LP) approach on a dataset of 14 OECD countries considered for the 1981–2017 period. By employing the Blanchard and Perotti strategy to identify fiscal policy shocks, we show that government spending multipliers are close to one in linear models and that expansionary fiscal policy stimuli reduce the public debt-to-GDP ratio. When considering non-linearities using the smooth transition LP model, findings show that a fiscal policy shock leads to higher multipliers and a stronger reduction in the public debt-to-GDP ratio in economic phases characterised by a high rather than a low debt-to-GDP ratio. All results are confirmed even when government spending expectations are considered. © The Author(s) 2024.","C33; E62; Fiscal multipliers; Government expenditure; H50; H60; Local projections; Non-linearities; OECD countries; Public debt sustainability","","Article","Final","All Open Access; Green Open Access; Hybrid Gold Open Access","Scopus","2-s2.0-85195555621"
"Tutar H.; Štreimikienė D.; Mutlu H.T.","Tutar, Hasan (56685213800); Štreimikienė, Dalia (57195415199); Mutlu, Hakan Tahiri (57194172626)","56685213800; 57195415199; 57194172626","REVISITING CARBON-INDUCED GLOBAL WARMING: A VECM-BASED DYNAMIC CAUSALITY APPROACH","2025","Singapore Economic Review","","","","","","1","10.1142/S0217590825470046","https://www.scopus.com/pages/publications/105023312658?origin=resultslist","Purpose: This study empirically examines the causal and dynamic links between per capita CO2 emissions and average near-surface temperature. It evaluates both short- and long-term effects and provides evidence-based guidance for carbon management and sustainability. Method: We utilize annual panel data for 92 countries across Africa, the Americas, Asia, Europe, and Oceania from 1980 to 2024. Temperatures are from NOAA; per-capita CO2 from the World Bank’s WDI. After unit-root and cointegration tests, we estimate a VECM, perform Granger causality, impulse-response analysis, and forecast error variance decomposition. Findings: Emission shocks cause gradual and persistent warming, confirming a significant long-run effect on temperature. The reverse channel - temperature affecting emissions - is weaker and short-lived. Causality is bidirectional yet asymmetric. Variance decomposition shows emissions which explain a rising share of temperature variability at longer horizons. Conclusion: Long-run emission dynamics dominate short-term fluctuations in shaping global temperature paths. Policies must pair durable emission reductions with targeted adaptation. Implications: The study makes a significant contribution by combining broad temporal and spatial coverage with rigorous time-series modeling. Policymakers should accelerate the deployment of renewable energy, establish credible pathways to climate neutrality, and implement zero-emission programs to mitigate the persistent effects of global warming. © World Scientific Publishing Company.","average temperature; Carbon emissions; climate change; Granger causality; vector error correction model","","Article","Article in press","","Scopus","2-s2.0-105023312658"
"Žihala P.; Brixová B.; Siničáková M.; Šuliková V.","Žihala, Patrik (59949671100); Brixová, Barbara (60145685000); Siničáková, Marianna (45161578700); Šuliková, Veronika (45161891600)","59949671100; 60145685000; 45161578700; 45161891600","Heterogeneous macroeconomic effects of interplay in recent fiscal and monetary policies","2025","Economic Change and Restructuring","58","6","93","","","1","10.1007/s10644-025-09931-x","https://www.scopus.com/pages/publications/105019053733?origin=resultslist","In this paper, using panel data from 19 euro area countries over the period 2010–2022, we examine the nature of monetary and fiscal policies in the context of developments and changes in inflation, public debt, and mutual integration. Using a panel vector autoregressive model, impulse response functions and forecast error variance decomposition, we analyse the economic dynamics of countries that joined the euro area before and after 2004, and the study also examines differences in countries with high and low public debt. Our results highlight the negative inflationary pressures of fiscal deficits in both old and new member countries and the positive effects of quantitative easing in old member countries. We highlight the interplay and impact of fiscal and monetary policy and emphasize the interrelationship between fiscal discipline, debt sustainability and economic growth in the euro area, pointing to the need for up-to-date fiscal strategies that take into account the specific economic conditions for euro area countries’ debt levels. © The Author(s) 2025.","Eurozone; Fiscal policy; Indebtedness; Monetary policy; PVAR model","debt; economic growth; fiscal policy; macroeconomics; monetary policy; sustainability; vector autoregression","Article","Final","All Open Access; Hybrid Gold Open Access","Scopus","2-s2.0-105019053733"
"Xiao Q.; Cao H.; He Y.; Oxley L.","Xiao, Qiang (59512383400); Cao, Honghong (59512696500); He, Yongda (57194243601); Oxley, Les (7003336774)","59512383400; 59512696500; 57194243601; 7003336774","State-dependent pricing of monetary policy nonlinearities and inflation at risk for China","2025","Research in International Business and Finance","75","","102761","","","1","10.1016/j.ribaf.2025.102761","https://www.scopus.com/pages/publications/85214945053?origin=resultslist","As global uncertainty rises and inflationary pressures increase, understanding the transmission mechanisms through which monetary policy affects the economy is crucial for formulating policies that promote economic growth and stabilize inflation. This study specifically focuses on the nonlinear effects of monetary policy on inflation and output. Grounded in state-dependent pricing theory, we employ a smoothed local projection method to analyze the nonlinear responses of macroeconomic variables to monetary policy shocks of different scales and in high and low inflation regimes. Additionally, quantile regression is utilized to measure inflation at risk. Our findings affirm the role of state-dependent pricing in China's monetary policy transmission mechanism. Notably, inflation responds more significantly to price-based monetary policy, whereas output exhibits a stronger reaction to quantity-based monetary policy, particularly in high inflation scenarios. The inflation forecast distribution conditioned on exchange rates indicates that rising inflation levels are associated with increased risks, with higher inflation volatility heightening the upside risks of inflation. This research deepens our understanding of the dynamic monetary policy transmission mechanism in China and provides valuable policy insights for effectively managing inflation and promoting economic growth. © 2025 Elsevier B.V.","Inflation at risk; Monetary policy; Smooth local projection; State-dependent pricing","","Article","Final","","Scopus","2-s2.0-85214945053"
"Dembélé M.; Coulibaly I.; Moreira E.P.; Hao X.","Dembélé, Moustapha (58898056000); Coulibaly, Issiaka (55249907200); Moreira, Emmanuel Pinto (35878615800); Hao, Xiao (56377185900)","58898056000; 55249907200; 35878615800; 56377185900","On the effects of persistent negative terms-of-trade shocks on growth: new evidence from Sub-Saharan Africa","2026","Applied Economics","","","","","","0","10.1080/00036846.2026.2716383","https://www.scopus.com/pages/publications/105047716892?origin=resultslist","This article examines the effects of persistent negative terms-of-trade (ToT) shocks on economic performance in Sub-Saharan Africa (SSA) using a local projections difference-in-differences (LP-DiD) approach. This methodology allows for flexible estimation of dynamic treatment effects while controlling for GDP dynamics and contemporaneous shocks. The results show that persistent negative ToT shocks generate delayed but economically meaningful reductions in GDP per capita, with effects accumulating gradually and lasting up to 9 years. The estimated contractions are significantly larger in SSA than in the rest of the world. This heightened vulnerability reflects the region’s structural characteristics–high commodity dependence, low economic diversification, limited financial development, and weaker institutional quality. Heterogeneity analyses further reveal that countries with deeper financial systems and stronger institutions experience smaller and less persistent losses. Overall, the findings underscore the importance of financial development, institutional strengthening, and export diversification in enhancing resilience to persistent adverse ToT shocks in SSA. © 2026 Informa UK Limited, trading as Taylor & Francis Group.","growth; panel data; SSA; Terms-of-trade","","Article","Article in press","","Scopus","2-s2.0-105047716892"
"Mendoza-Velázquez A.; Rubio-García M.; Conde-Cortés L.D.","Mendoza-Velázquez, Alfonso (57195052574); Rubio-García, Mónica (57324458500); Conde-Cortés, Luis D. (57221376345)","57195052574; 57324458500; 57221376345","Fiscal decentralization and regional economic growth: Evidence from Mexico since the 2000s","2022","Public Budgeting and Finance","42","1","","45","65","5","10.1111/pbaf.12305","https://www.scopus.com/pages/publications/85118573114?origin=resultslist","This study aims to examine whether decentralization causes regional economic growth for the states of Mexico in the period 1998–2016. We employ Granger causality tests and a Panel data Vector Autoregression model to account for the dynamics of fiscal federalism and endogeneity of federal transfers and economic growth. Impulse responses and variance decomposition are also employed to examine the time path of economic growth after unitary fiscal shocks from transfers. Among the results, we find federal transfers positively affect economic growth. The slim response of growth and its puzzling response to investment shocks possibly signal a soft budget problem. © 2021 Public Financial Publications, Inc","","","Article","Final","","Scopus","2-s2.0-85118573114"
"Tong E.","Tong, Eric (57191442936)","57191442936","Repercussions of the Russia–Ukraine war","2024","International Review of Economics and Finance","89","","","366","390","64","10.1016/j.iref.2023.07.064","https://www.scopus.com/pages/publications/85167411454?origin=resultslist","Using the heteroscedasticity-based estimator of Rigobon and Sack (2005) to identify daily shocks of the Russia–Ukraine war, I assess and quantify the dynamic impact of the conflict on 86 open economies from January 2021 to November 2022. Within local projections, I show that war shocks caused considerable effects on macroeconomic conditions, financial markets, and global financial stability. Following a shock, weekly GDP fell significantly while inflation expectations and commodity prices soared, verifying the war's nature as a contractionary supply shock. While global stock prices fell, the long-term government bond yields remained stable, implying the crisis had not triggered a flight of capital to the US, and governments remained able to borrow at the pre-war costs of funding. More concerning, a range of indicators – implied volatility, credit default swap spread, cross-currency basis – suggest a significant and sustained increase in systemic financial stress. Through a state-dependent model, I show that energy importers and nations that share borders or have close trade and military ties with the belligerents were more affected by war shocks. Taken together, these findings may inform policy responses and assist households and firms in preparing for possible contingencies arising from the war. © 2023 Elsevier Inc.","Commodity prices; Financial stability; Heteroscedasticity; Inflation; War","","Article","Final","","Scopus","2-s2.0-85167411454"
"Gabreyohannes E.","Gabreyohannes, Emmanuel (35091195800)","35091195800","A nonlinear approach to modelling the residential electricity consumption in Ethiopia","2010","Energy Economics","32","3","","515","523","34","10.1016/j.eneco.2009.08.008","https://www.scopus.com/pages/publications/77950519216?origin=resultslist","In this paper an attempt is made to model, analyze and forecast the residential electricity consumption in Ethiopia using the self-exciting threshold autoregressive (SETAR) model and the smooth transition regression (STR) model. For comparison purposes, the application was also extended to standard linear models. During the empirical presentation of both models, significant nonlinear effects were found and linearity was rejected. The SETAR model was found out to be relatively better than the linear autoregressive model in out-of-sample point and interval (density) forecasts. Results from our STR model showed that the residual variance of the fitted STR model was only about 65.7% of that of the linear ARX model. Thus, we can conclude that the inclusion of the nonlinear part, which basically accounts for the arrival of extreme price events, leads to improvements in the explanatory abilities of the model for electricity consumption in Ethiopia. © 2009 Elsevier B.V.","Asymmetry; Generalized impulse response function; Nonlinearity; SETAR model; STR model","Ethiopia; Impulse response; Timing circuits; Auto-regressive; Electricity-consumption; Ethiopia; Impulse response functions; Linear ARX model; Linear autoregressive model; Linear model; Non-Linearity; Nonlinear approach; Nonlinear effect; Residential electricity; Residual variance; Sample point; Self-exciting; SETAR model; Smooth transitions; commodity price; electrical power; energy use; forecasting method; numerical model; regression analysis; residential energy; Electric load forecasting","Article","Final","","Scopus","2-s2.0-77950519216"
"Berdiev A.N.; Pasquesi-Hill C.; Saunoris J.W.","Berdiev, Aziz N. (41760935000); Pasquesi-Hill, Cullen (56724107800); Saunoris, James W. (36127875000)","41760935000; 56724107800; 36127875000","Exploring the dynamics of the shadow economy across US states","2015","Applied Economics","47","56","","6136","6147","31","10.1080/00036846.2015.1064081","https://www.scopus.com/pages/publications/84942198078?origin=resultslist","This article examines the dynamics of the shadow economy using data for 50 US states over the period 1998–2008. Using a panel VAR model, we analyse the impulse response of the shadow economy to an orthogonal shock in capital tax rates, educational attainment, union participation and gross state product. We find evidence of significant dynamics underlying the relationship between the shadow economy and its determinants. The results remain robust to alternate measures of the determinants of the shadow economy, alternate causal ordering of the variables in the system and conditioning on the level of income in each state. © 2015 Taylor & Francis.","panel VAR; shadow economy; US states","United States; black market; informal sector; panel data; vector autoregression","Article","Final","","Scopus","2-s2.0-84942198078"
"Rubaszek M.; Stenvall D.; Uddin G.S.","Rubaszek, Michal (6508176894); Stenvall, David (57402475500); Uddin, Gazi Salah (37082267000)","6508176894; 57402475500; 37082267000","Rental market structure and housing dynamics: An interacted panel VAR investigation","2025","International Journal of Finance and Economics","30","1","","781","802","3","10.1002/ijfe.2937","https://www.scopus.com/pages/publications/85184207674?origin=resultslist","This article uses the interacted panel VAR method to analyse how institutional factors related to the structure of the housing market explain cross-country heterogeneity in responses to macroeconomic shocks. While the previous literature focused on the stabilizing role of the mortgage market, we argue that housing tenure structure also plays an important role. In the baseline, we use data for nine OECD members to investigate how the size and regulations of the rental market affect the response of the housing market to interest rate shocks. As a reference, we also conduct a similar analysis with the mortgage market structure as the institutional factor. We find that both the rental market size and maximum loan-to-value ratios are important in explaining heterogeneity of housing market responses to macroeconomic shocks. © 2024 The Authors. International Journal of Finance & Economics published by John Wiley & Sons Ltd.","housing dynamics; impulse response function; monetary policy shock; panel data; rental market structure; vector autoregression","housing market; macroeconomics; monetary policy; OECD; panel data; rental sector; vector autoregression","Article","Final","All Open Access; Hybrid Gold Open Access","Scopus","2-s2.0-85184207674"
"Jalles J.T.; Medas P.","Jalles, João Tovar (34869694600); Medas, Paulo (24335452400)","34869694600; 24335452400","The economic aftermath of surges in public and private debt: Initial conditions and channels","2024","Economic Systems","48","3","101194","","","8","10.1016/j.ecosys.2024.101194","https://www.scopus.com/pages/publications/85184931193?origin=resultslist","Debt levels, both private and public, were already at record highs before the Covid-19 pandemic and surged further in 2020. The high indebtedness raises concern that it will undermine future economic prospects. Contributing to the ongoing debate, we use the local projection method to dynamically study the behavior of economic activity and its main components after public and private debt surges. A new dataset on debt surges in 190 countries between 1970 and 2020 is used. Debt surges are followed by persistently weaker economic growth. However, this negative relationship does not always hold, as it depends on the type of debt surge: rapid increases in public debt have the most negative impact, particularly when an economy operates with a large positive output gap. Debt surges also tend to be followed by worse economic performance if the initial total debt levels are high. Public debt surges lead to weaker private and public investment. Surges in nonfinancial corporate debt are followed by lower private and public investment. © 2024 Elsevier B.V.","Economic growth; Investment; Local projection; Nonlinearity; Panel data; Potential GDP; Private debt; Public debt","","Article","Final","","Scopus","2-s2.0-85184931193"
"Aruna B.; Acharya H.R.","Aruna, Bhagavatula (57214145025); Acharya, H. Rajesh (58894936800)","57214145025; 58894936800","Do different types of oil price shocks affect the indian stock returns differently at firm-level? A panel structural vector autoregression approach","2020","International Journal of Energy Economics and Policy","10","2","","238","249","2","10.32479/ijeep.8891","https://www.scopus.com/pages/publications/85078331406?origin=resultslist","In this paper, we investigate the dynamic relationship between different oil price shocks and Indian stock returns at firm level, using variable-structural vector autoregression (VAR) approach for the period 1995:01-2018:12. We use large unbalanced panel of 1768 manufacturing energy-intensive and non-manufacturing energy-intensive firms listed in the national stock exchange. The estimation results depict that stock returns of India deteriorate due to disruptions in oil supply. In response to aggregate demand shock, stock returns and oil price move in opposite direction, whereas for speculative demand shock, oil price and stock returns have similar reactions. We also use Generalized Methods of Moments technique since our model suffers from endogeneity, thanks to the use of panel data. Since not all oil price shocks are alike, policy makers and investors should look into all aspects and sources of oil price shocks that impact stock returns, and make appropriate policy and investment decisions. From impulse response function, the effect is again cyclical as one could witness ups and downs in stock returns. This is because domestic oil price is partially dependent upon the status of subsidiaries and taxes. Also, inflation does not depend just upon oil price shocks and its sources, but it depends on other shocks such as inflation shock as well. © 2020, Econjournals. All rights reserved.","Aggregate Demand Shock; Oil Price Shocks; Speculative Demand Shock; Stock Returns; Structural Vector Autoregression","","Article","Final","All Open Access; Gold Open Access","Scopus","2-s2.0-85078331406"
"Wesselbaum D.","Wesselbaum, Dennis (38562639000)","38562639000","Does Temperature affect Income?","2021","Economics Bulletin","41","1","","18","27","2","","https://www.scopus.com/pages/publications/85104809211?origin=resultslist","In this paper, I contribute to the literature on the relationship between temperature and the level of income. I build a panel data set with 198 countries over 36 years. In contrast to the existing literature, I use a Panel Vector autoregression model and identify temperature shocks with volcanic activity. I find that, in line with theory, volcanic activity creates a significant cooling effect. Then, I present estimated impulse response functions and find that the level of log GDP per capita is reduced by about three percent for more than ten years in response to a 1C increase in temperatures. My results support the existence of a direct effect of temperature on income. © 2021. All Rights Reserved.","","","Article","Final","","Scopus","2-s2.0-85104809211"
"Matusche A.; Wacks J.","Matusche, Alexander (58042613900); Wacks, Johannes (58042180500)","58042613900; 58042180500","Does wealth inequality affect the transmission of monetary policy?","2023","Journal of Macroeconomics","75","","103474","","","8","10.1016/j.jmacro.2022.103474","https://www.scopus.com/pages/publications/85145600589?origin=resultslist","We provide evidence that higher wealth inequality between households is associated with stronger real effects of monetary policy. First, we use state-dependent local projections to show that the US and the UK exhibited stronger real effects of monetary policy in times of higher wealth inequality. Second, we measure wealth inequality within US states and document that economic activity responds more strongly to interest rate changes in states where wealth is distributed more unequally. Third, we show that ECB monetary policy has stronger real effects in Euro Area countries with higher wealth inequality. © 2022 Elsevier Inc.","Monetary policy; State dependence; Wealth inequality","","Article","Final","","Scopus","2-s2.0-85145600589"
"Linkevičius D.; Neverauskienė L.O.","Linkevičius, Dominykas (59732054300); Neverauskienė, Laima Okunevičiūtė (36651545900)","59732054300; 36651545900","Building energy performance and housing market regimes: evidence from EU countries","2026","Engineering Management in Production and Services","18","1","","29","41","1","10.2478/emj-2026-0003","https://www.scopus.com/pages/publications/105037420211?origin=resultslist","In assessing developments in the real estate market, the energy efficiency of buildings is increasingly considered important from an environmental and economic perspectives. However, empirical evidence on the relationship between energy performance indicators and house price dynamics at the macro level remains mixed, suggesting that this relationship may vary across countries and contexts. This article examines whether and how building energy performance indicators are related to house price dynamics across European Union countries, focusing on short- and long-term relationships and cross-country heterogeneity. The study is based on panel data for 2010-2023, using house price indices as the dependent variable and several energy efficiency indicators, including final energy consumption in buildings and the share of renewable energy sources. Various econometric methods were applied, including panel cointegration analysis (FMOLS and DOLS), dynamic panel models (Arellano-Bond GMM), Granger causality tests, impulse-response analysis, quantile regression, threshold models, and exploratory country clustering. The results show that energy efficiency indicators are not strongly associated with house prices at the aggregate EU level, and their short-term effects are generally weak. Instead, the findings reveal significant heterogeneity across countries and income regimes, suggesting that the capitalisation of energy efficiency in house prices is highly context-dependent. By combining econometric analysis with exploratory segmentation approaches, the study helps structure heterogeneous energy housing interactions into distinct market environments relevant for investment and policy analysis. These results highlight the limitations of uniform macro-level approaches and underline the importance of differentiated market analysis. © 2026 D. Linkevičius and L. Okunevičiūtė Neverauskienė","energy efficiency; energy-housing linkages; housing prices; market heterogeneity; panel analysis","Commerce; Costs; Economic analysis; Energy policy; Green buildings; Investments; Renewable energy; Building energy performance; Energy; Energy performance indicators; Energy-housing linkage; House's prices; Housing prices; Market heterogeneity; Panel analyze; Price dynamics; Houses","Article","Final","All Open Access; Gold Open Access; Green Open Access","Scopus","2-s2.0-105037420211"
"Le A.H.; Park D.; Beirne J.; Uddin G.S.","Le, Anh H. (58669035500); Park, Donghyun (7403245814); Beirne, John (15822082400); Uddin, Gazi Salah (37082267000)","58669035500; 7403245814; 15822082400; 37082267000","How does disaster risk impact fiscal sustainability and inequality?","2025","Economic Modelling","151","","107220","","","5","10.1016/j.econmod.2025.107220","https://www.scopus.com/pages/publications/105011665029?origin=resultslist","We investigate whether heightened disaster risk increases government debt, undermines fiscal sustainability, and disproportionately affects low-income households. Using panel local projections from 1995 to 2021 across 184 economies, we find that climate vulnerability shocks worsen debt dynamics, reflected in higher debt-to-GDP ratios and deteriorating fiscal balances. These shocks also heighten income inequality, with the income share of low-income groups declining relative to that of high-income groups. A state-dependent analysis reveals that these effects are most severe in high states of climate risks. Motivated by this empirical analysis, we develop a new Keynesian dynamic stochastic general equilibrium model featuring two household types and a fiscal authority employing targeted policies. Disaster shocks induce recessions and intensify consumption inequality. Consumption among hand-to-mouth households declines by a factor of three compared to Ricardian households. Sovereign debt increases sharply as governments implement measures to cushion the economic blow. However, targeted transfers effectively reduce inequality at a lower fiscal cost than progressive income taxes. Our findings suggest that designing climate-resilient budgets and equitable relief measures is essential to preserving both fiscal solvency and social cohesion in the face of growing disaster risk. © 2025 Elsevier B.V.","Climate change; Disaster risk; Fiscal policy; Heterogeneous agents; Physical risk","","Article","Final","","Scopus","2-s2.0-105011665029"
"Kim J.U.","Kim, Ji Uk (7601364957)","7601364957","Technology diffusion, absorptive capacity, and income convergence for Asian developing countries: a dynamic spatial panel approach","2020","Empirical Economics","59","2","","569","598","7","10.1007/s00181-019-01645-0","https://www.scopus.com/pages/publications/85062144635?origin=resultslist","In this paper, we analyze convergence in relative income using a technology diffusion model allowing for spatial interdependence among 11 Asian countries from 1970 to 2014. We compute impulse responses (absolute or conditional convergence) to stochastic productivity shock through sensitivity analysis using a two-country model. We then conduct spatial panel model estimation, decomposing marginal effects into direct (own country) and indirect (spillover) effects for a multicountry empirical model. Technology stock is measured according to the total factor productivity of the Asian country relative to that of the leader country, the USA. Through sensitivity analysis, we find that the results support both the absolute and conditional convergence hypotheses in the technology diffusion model. The dynamic spatial Durbin panel regression results with the Schumpeterian technological diffusion model and the extended neoclassical growth model support the conditional convergence hypothesis among Asian countries since the total effect on the lagged relative income is significant and negative. The total effects of human capital investment rate, total factor productivity, and trade on relative income growth are positive and significant, and most technology shock is transferred by absorption capacity in combination with trade in Asian countries. © 2019, Springer-Verlag GmbH Germany, part of Springer Nature.","Absorptive capacity; Convergence; Dynamic spatial Durbin panel model; Schumpeterian technological diffusion","Asia; convergence; developing world; income distribution; numerical model; panel data; sensitivity analysis; spatial analysis; stochasticity; technology diffusion","Article","Final","","Scopus","2-s2.0-85062144635"
"Neves S.A.; Marques A.C.; Fuinhas J.A.","Neves, Sónia Almeida (57195604008); Marques, António Cardoso (36169680100); Fuinhas, José Alberto (58552830000)","57195604008; 36169680100; 58552830000","The interactions between conventional and alternative energy sources in the transport sector: A panel of OECD countries","2019","The Extended Energy-Growth Nexus: Theory and Empirical Applications","","","","231","252","5","10.1016/B978-0-12-815719-0.00008-5","https://www.scopus.com/pages/publications/85082605398?origin=resultslist","This chapter aims to analyze the extended transport sector (TS) energy-growth nexus. To do that, the interactions between TS energy consumption, CO2 emissions, economic growth, and trade openness were examined, by subdividing the transport energy consumption into both conventional and alternative energy sources. Annual panel data from 1971 to 2015 comprising 19 EU countries were used. The existence of endogeneity makes the use of the panel-vector autoregressive suitable. Granger causality test, impulse response functions, and forecast error variance decomposition were estimated. The results suggest that there is a bidirectional causality between economic growth and both CO2 emissions and TS fossil fuels consumption. There is a unidirectional causality running from economic growth to TS renewable fuels use, and there is no relationship between TS electricity use and both economic growth and trade openness. Energy consumption in the economy, except that which is consumed by the TS as well as TS fossil fuels consumption, is contributing to CO2 emissions. Policymakers should promote changes in the TS energy paradigm, namely by incorporating alternative sources. In this sense, both TS renewable fuels and electricity must be pursued. However, this chapter did not find evidence wherein the TS alternative sources are directly contributing to reducing CO2 emission, but it found that TS renewable fuels promote the reduction of TS fossil fuels use. © 2019 Elsevier Inc. All rights reserved.","Economic growth, co<sub>2</sub> emissions; Extended energy-growth nexus; Panel-vector autoregressive; Transport sector energy consumption","","Book chapter","Final","","Scopus","2-s2.0-85082605398"
"Gefang D.","Gefang, Deborah (25824870800)","25824870800","Investigating nonlinear purchasing power parity during the post-Bretton Woods era - A Bayesian exponential smooth transition VECM approach","2008","Advances in Econometrics","23","C","","471","500","3","10.1016/S0731-9053(08)23014-8","https://www.scopus.com/pages/publications/57349089350?origin=resultslist","This paper proposes a Bayesian procedure to investigate the purchasing power parity (PPP) utilizing an exponential smooth transition vector error correction model (VECM). Employing a simple Gibbs sampler, we jointly estimate the cointegrating relationship along with the nonlinearities caused by the departures from the long-run equilibrium. By allowing for nonlinear regime changes, we provide strong evidence that PPP holds between the US and each of the remaining G7 countries. The model we employed implies that the dynamics of the PPP deviations can be rather complex, which is attested to by the impulse response analysis. © 2008 Emerald Group Publishing Limited.","","","Review","Final","","Scopus","2-s2.0-57349089350"
"Nuru N.Y.","Nuru, Naser Yenus (57211457855)","57211457855","Government spending multipliers over business cycle: What do they tell us in a developing open economy?","2020","African Journal of Economic and Management Studies","11","1","","18","29","8","10.1108/AJEMS-05-2019-0187","https://www.scopus.com/pages/publications/85074049708?origin=resultslist","Purpose: The purpose of this paper is to show the asymmetric effects of government spending shocks for South Africa over the period 1960Q1–2014Q2. Design/methodology/approach: A threshold vector autoregressive model that allows parameters to switch according to whether a threshold variable crosses an estimated threshold is employed to address the objective of this paper. The threshold value is determined endogenously using Hansen (1996) test. Generalized impulse responses introduced by Koop et al. (1996) are used to study the effects of government spending shocks on growth depending on their size, sign and timing with respect to the economic cycle. The author also uses a Cholesky decomposition identification scheme in order to identify discretionary government spending shocks in the non-linear model. Findings: The empirical findings support the state-dependent effects of fiscal policy. In particular, the effects of 1 or 2 standard deviations expansionary or contractionary government spending shock on output are very small both on impact and in the long run; and a bit larger in downturns but has only a very limited effect or no effect in times of expansion. This result gives support to the evidence in the recent literature that fiscal policy in developing countries is overwhelmingly procyclical. Originality/value: It adds to the scarce empirical fiscal literature of the South African economy in particular and developing economies in general by allowing non-linearities to estimate the effect of government spending shocks over economic cycle. © 2019, Emerald Publishing Limited.","Government spending; Non-linear analysis; Threshold model; Vector autoregression","","Article","Final","","Scopus","2-s2.0-85074049708"
"Zhylinska O.; Bazhenova O.; Chornodid I.; Oliskevych M.","Zhylinska, Oksana (57200616055); Bazhenova, Olena (36019971600); Chornodid, Ihor (57202442164); Oliskevych, Marianna (24462153900)","57200616055; 36019971600; 57202442164; 24462153900","Terms of trade and industrialization: Case of economies with manufacturing exports","2020","Scientific Papers of the University of Pardubice, Series D: Faculty of Economics and Administration","28","2","","","","12","10.46585/sp28021087","https://www.scopus.com/pages/publications/85098201221?origin=resultslist","The paper explores the macroeconomic effect of industrialization on terms of trade and economic growth for economies with prevailing manufacturing exports. We tested such hypothesis as influence of terms of trade adjustment annual growth on manufacturing value added annual growth in economies with manufacturing exports and vice versa; influence of terms of trade adjustment annual growth and manufacturing value added annual growth on GDP per capita growth in economies with manufacturing exports. In the research we used annual data of GDP per capita (annual %), manufacturing, value added (annual %) and terms of trade adjustment (annual %) in 2008-2018 for 51 countries with manufacturing exports. For this purpose, we estimated vector autoregression model for panel data. Analysis of impulse response functions shows that the positive shock in manufacturing value added growth leads to slight increase in terms of trade adjustment growth in the second year and further stabilization in the seventh period. In turn, shock in terms of trade adjustment growth provokes smaller upsurge in manufacturing value added growth than in previous case. At the same time, shock in manufacturing value added growth results in gross national product per capita growth increase and its further stabilization in three years term. In addition, gross national product per capita growth reacts to shock in terms of trade adjustment growth by slight rising. © The Author(s) 2020.","Economic growth; Industrialization; Manufacturing value added growth; Panel VAR model; Terms of trade","","Article","Final","All Open Access; Gold Open Access","Scopus","2-s2.0-85098201221"
"Ciżkowicz P.; Rzońca A.; Wojciechowski W.","Ciżkowicz, Piotr (6505482235); Rzońca, Andrzej (6507492255); Wojciechowski, Wiktor (57216287188)","6505482235; 6507492255; 57216287188","Does fiscal devaluation always work? A sectoral and business cycle perspective","2025","Empirica","52","4","","777","810","0","10.1007/s10663-025-09655-1","https://www.scopus.com/pages/publications/105009632588?origin=resultslist","The study verifies effects of fiscal devaluation on a broad set of sector and firm-level macroeconomic variables among European economies in years 1995–2019. Using local projection and panel data models it finds that fiscal devaluation impact on employment is stronger in services and small businesses, where production is most labour intensive. In turn, in manufacturing, where production is capital intensive, firms may substitute capital for labour in response to fiscal devaluation. Lastly, fiscal devaluation favours employment in recessions more than in times of economic expansions, as only in recessions it reduces labour costs in a more lasting way. © The Author(s) 2025.","Business cycle; Fiscal devaluations; Fiscal policy; Local projection; Panel data models","business cycle; capital; employment generation; firm size; fiscal policy; manufacturing; panel data","Article","Final","All Open Access; Hybrid Gold Open Access","Scopus","2-s2.0-105009632588"
"Han Q.; Jin L.; Khan M.A.S.; Vitenu-Sackey P.A.; Obrenovic B.","Han, Qifei (58089535900); Jin, Lifu (57184718600); Khan, Muhammad Aamir Shafique (57199400985); Vitenu-Sackey, Prince Asare (57220923428); Obrenovic, Bojan (57194073660)","58089535900; 57184718600; 57199400985; 57220923428; 57194073660","POVERTY ALLEVIATION IN DEVELOPING AND UNDERDEVELOPED COUNTRIES. DO FOREIGN CAPITAL AND ECONOMIC FREEDOM MATTER?","2022","Technological and Economic Development of Economy","29","1","","45","73","4","10.3846/tede.2022.17691","https://www.scopus.com/pages/publications/85147368995?origin=resultslist","Our study focuses on the role of foreign capital which includes foreign direct invest-ment, foreign aid, and economic freedom in poverty alleviation in developing and underdeveloped countries by using panel data from 1995 to 2018 for 71 countries. In the pursuit of achieving our objective, we employed several econometric techniques such as dynamic ordinary least square, fully modified ordinary least square, dynamic fixed effect, and pooled mean group regression methods. Furthermore, we performed the Granger causality test, impulse response function, and variance decomposition analysis. In our long-run estimations, we found that foreign direct investment could significantly alleviate poverty but increases poverty in the short run. Instead, foreign aid plays no significant role in poverty alleviation. Moreover, economic growth and economic freedom are essential as our findings consistently exhibited that they play a crucial role in poverty alleviation. We also found bidirectional causality between poverty alleviation and population growth, while a unidirectional causal linkage was found from poverty alleviation to foreign aid. We conclude that policymakers should look at a new paradigm of developmental assistance, and governments should also create an aiding environment for foreign investment to support their growth plan. © 2022 The Author(s). Published by Vilnius Gediminas Technical University.","developing countries; economic freedom; foreign aid; foreign direct investment; poverty alleviation; underdeveloped countries","","Article","Final","All Open Access; Gold Open Access; Green Open Access","Scopus","2-s2.0-85147368995"
"Zhang L.","Zhang, Lingxiang (36961489600)","36961489600","Modeling China's inflation dynamics: An MRSTAR approach","2013","Economic Modelling","31","1","","440","446","4","10.1016/j.econmod.2012.12.019","https://www.scopus.com/pages/publications/84872711644?origin=resultslist","This paper examines the nonlinearity of China's inflation rate and models its nonlinear dynamics using the multiple-regime smooth transition autoregressive model. The empirical results show that a four-regime logistic smooth transition autoregressive model can be used to model the nonlinear dynamics of China's inflation rate, and the impulse response analysis shows that the effect of shocks is transient and appears to be asymmetrical between the impulse responses to positive and negative shocks. © 2012 Elsevier B.V.","China inflation rate; Multiple-regime smooth transition autoregressive model; Nonlinear dynamics","","Article","Final","","Scopus","2-s2.0-84872711644"
"Ono S.; Sekiyama T.","Ono, Saori (57939647300); Sekiyama, Takashi (55312398900)","57939647300; 55312398900","Re-Examining the Effects of Official Development Assistance on Foreign Direct Investment Applying the VAR Model","2022","Economies","10","10","236","","","7","10.3390/economies10100236","https://www.scopus.com/pages/publications/85140457345?origin=resultslist","This study re-examined the effect of official development assistance (ODA) of five major donor countries (France, Germany, Japan, the United Kingdom, and the United States) on foreign direct investment (FDI) using panel data from 2003 to 2020. In addition to the system Generalized Method of Moments (GMM) with the gravity model, the Granger causality test and impulse response analysis with the panel VAR model was conducted. It was concluded that ODA did not necessarily have an effect on FDI since the 2000s. It is also suggested that the vanguard effect of Japanese ODA, as indicated by some previous studies, appeared mainly in the 1990s and may not be sustainable. The novelty of this study is to verify the effects of the ODA of major donors on FDI using new data from the 2000s onward, especially to reveal that the vanguard effect of Japanese ODA has not been observed since the 2000s. A limitation of this study is to determine only the presence or absence of a general trend at a statistically significant level. Therefore, further research on individual cases is expected to find how ODA has affected the investment decisions of individual companies. © 2022 by the authors.","foreign aid; foreign direct investment; Granger causality; gravity model; official development assistance; panel data; system GMM; VAR model","","Article","Final","All Open Access; Gold Open Access; Green Open Access","Scopus","2-s2.0-85140457345"
"Jawadi F.; Arouri M.H.; Nguyen D.K.","Jawadi, Fredj (34067685400); Arouri, Mohamed Hedi (25631649000); Nguyen, Duc Khuong (25633212500)","34067685400; 25631649000; 25633212500","Global financial crisis, liquidity pressure in stock markets and efficiency of central bank interventions","2010","Applied Financial Economics","20","8","","669","680","11","10.1080/09603100903493195","https://www.scopus.com/pages/publications/77951180260?origin=resultslist","In this article, we investigate the hypothesis of efficiency of central bank intervention policies within the current global financial crisis. We firstly discuss the major existing interventions of central banks around the world to improve liquidity, restore investor confidence and avoid a global credit crunch. We then evaluate the short-term efficiency of these policies in the context of the UK, the US and the French financial markets using different modelling techniques. On the one hand, the impulse response functions in a Structural Vector Autoregressive (SVAR) model are used to apprehend stock market reactions to central bank policies. On the other hand, since these reactions are likely to be of an asymmetric and nonlinear nature, a two-regime Smooth Transition Regression-Generalized Autoregressive Conditional Heteroscedasticity (STR-GARCH) model is estimated to explore the complexity and nonlinear responses of stock markets to exogenous shifts in monetary policy shocks. As expected, our findings show strong repercussions from interest rate changes on stock markets, indicating that investors keep a close eye on central bank intervention policies to make their trading decisions. The stock markets lead monetary markets, however, when central banks are slow to adjust their benchmark interest rates. © 2010 Taylor & Francis.","","France; United Kingdom; United States; asymmetry; benchmarking; central bank; complexity; efficiency measurement; financial crisis; financial market; interest rate; monetary policy; nonlinearity; numerical model; stock market; vector autoregression","Article","Final","","Scopus","2-s2.0-77951180260"
"Barci G.","Barci, Giovanni (59256524200)","59256524200","Smooth-transition SVAR and external instrument: Insights on the identifying assumptions","2024","Economics Letters","243","","111902","","","1","10.1016/j.econlet.2024.111902","https://www.scopus.com/pages/publications/85200982115?origin=resultslist","Identification of smooth-transition VAR structural parameters using an external instrument requires supplementary assumptions relative to the benchmark linear case. This paper shows that such additional discretion may have relevant implications for impulse response functions estimates. © 2024 Elsevier B.V.","Monetary policy; Shock identification; State-dependence; SVAR-IV","","Article","Final","All Open Access; Hybrid Gold Open Access","Scopus","2-s2.0-85200982115"
"Kamalyan H.","Kamalyan, Hayk (57672455700)","57672455700","Firm-specific factors and the state-dependent effects of monetary policy","2025","Oxford Economic Papers","77","3","","867","884","8","10.1093/oep/gpaf005","https://www.scopus.com/pages/publications/105009386684?origin=resultslist","This article demonstrates that firm-specific capital generates non-linear output responses to monetary policy shocks across the business cycle. The implied concave relationship between desired reset prices and aggregate demand conditions results in stronger output responses to monetary measures in expansionary states. The above mechanism alone explains procyclical output response to monetary policy shocks in a canonical sticky-price model. This model feature is supported by empirical evidence from a smooth transition local projection model.  © 2025 Oxford University Press. All rights reserved. For commercial re-use, please contact reprints@oup.com for reprints and translation rights for reprints. All other permissions can be obtained through our RightsLink service via the Permissions link on the article page on our site - for further information please contact journals.permissions@oup.com. ","expansions; firm-specific factors; new-Keynesian model; real rigidity; recessions; state-dependent transmission mechanism","business cycle; empirical analysis; Keynesian theory; monetary policy","Article","Final","","Scopus","2-s2.0-105009386684"
"Rabbani A.; Hasan M.M.","Rabbani, Atonu (24081227900); Hasan, Md. Mehadi (57221438948)","24081227900; 57221438948","The role of borrowing in crisis coping among ultra-poor households in rural Bangladesh","2021","Journal of Asian Economics","73","","101273","","","3","10.1016/j.asieco.2021.101273","https://www.scopus.com/pages/publications/85099142497?origin=resultslist","In this study, we show how decisions to borrow from different formal and informal sources are associated with different types of disasters. We estimate the associations between loans from different sources using monthly panel data from Northern Bangladesh. Households borrow from different sources to cope with disasters. The cost of loans, however, may vary by the source of funds. MFI loans, while low in terms of interest cost, usually require a savings deposit, loan or application fee, with a longer trip or waiting time. Hence, households resort to loans from informal sources to deal with crises. We estimate the impulse responses of loans from different sources, which clearly show a hump-shape centring for the months of disasters. Pre-emptive loans are associated only with partially anticipated shocks. Aggregate shocks also limit how much households can borrow from their local peers. Our findings rationalise the roles played by both informal and formal micro-loans in crisis coping in Bangladesh, where the market for microfinance is ubiquitous. The development of the emergency credit market and the introduction of insurance services in rural areas will require the non-price costs of such financial products to be lowered. © 2021 Elsevier Inc.","Consumption smoothing; Crisis coping; Informal loans; Microcredit","","Article","Final","","Scopus","2-s2.0-85099142497"
"Huang Y.; Chen C.R.; Camacho M.","Huang, Ying (57206438522); Chen, Carl R. (9045382900); Camacho, Maximo (7102602334)","57206438522; 9045382900; 7102602334","Determinants of Japanese yen interest rate swap spreads: Evidence from a smooth transition vector autoregressive model","2008","Journal of Futures Markets","28","1","","82","107","7","10.1002/fut.20281","https://www.scopus.com/pages/publications/36849027134?origin=resultslist","This study investigates the determinants of variations in the yield spreads between Japanese yen interest rate swaps and Japan government bonds for a period from 1997 to 2005. A smooth transition vector autoregressive (STVAR) model and generalized impulse response functions are used to analyze the impact of various economic shocks on swap spreads. The volatility based on a GARCH (generalized autoregressive conditional heteroskedasticity) model of the government bond rate is identified as the transition variable that controls the smooth transition from a high volatility regime to a low volatility regime. The break point of the regime shift occurs around the end of the Japanese banking crisis. The impact of economic shocks on swap spreads varies across the maturity of swap spreads as well as regimes. Overall, swap spreads are more responsive to the economic shocks in the high volatility regime. Moreover, a volatility shock has profound effects on shorter maturity spreads, whereas the term structure shock plays an important role in impacting longer maturity spreads. Results of this study also show noticeable differences between the nonlinear and linear impulse response functions. © 2008 Wiley Periodicals, Inc.","","","Article","Final","All Open Access; Bronze Open Access","Scopus","2-s2.0-36849027134"
"Zehri C.","Zehri, Chokri (57170678200)","57170678200","Restrictive Policy to Curb Capital Flows Volatility","2021","Journal of International Commerce, Economics and Policy","12","2","2150010","","","0","10.1142/S1793993321500101","https://www.scopus.com/pages/publications/85104492052?origin=resultslist","We examine the role of the restrictive policy, through capital controls, in reducing the capital flows volatility. The study highlights the effects of these controls to dampen international financial shocks. Using quarterly data of 28 emerging economies over the period between 1999 and 2019, three empirical approaches are applied, dynamic panel data, ARDL, and local projections models. Four indexes of capital controls have contributed to the finding that a tighter level of capital controls reduces the sensitivity of capital flows to monetary and exchange rate shocks. These findings on the benefits of capital controls are particularly asymmetric according to the differences between controls on inflows and outflows, and the differences between floating and pegged exchange rate regimes. © 2021 World Scientific Publishing Company.","capital controls; exchange rate; inflows; monetary; shocks; Volatility","","Article","Final","","Scopus","2-s2.0-85104492052"
"Rafiq S.; Salim R.","Rafiq, Shuddhasattwa (48761759300); Salim, Ruhul (7006494520)","48761759300; 7006494520","Does oil price volatility matter for Asian emerging economies?","2014","Economic Analysis and Policy","44","4","","417","441","26","10.1016/j.eap.2014.11.002","https://www.scopus.com/pages/publications/84914813114?origin=resultslist","This article investigates the impact of oil price volatility on six major emerging economies in Asia using time-series cross-section and time-series econometric techniques. To assess the robustness of the findings, we further implement such heterogeneous panel data estimation methods as Mean Group (MG), Common Correlated Effects Mean Group (CCEMG) and Augmented Mean Group (AMG) estimators to allow for cross-sectional dependence. The empirical results reveal that oil price volatility has a detrimental effect on these emerging economies. In the short run, oil price volatility influenced output growth in China and affected both GDP growth and inflation in India. In the Philippines, oil price volatility impacted on inflation, but in Indonesia, it impacted on both GDP growth and inflation before and after the Asian financial crisis. In Malaysia, oil price volatility impacted on GDP growth, although there is notably little feedback from the opposite side. For Thailand, oil price volatility influenced output growth prior to the Asian financial crisis, but the impact disappeared after the crisis. It appears that oil subsidization by the Thai Government via introduction of the oil fund played a significant role in improving the economic performance by lessening the adverse effects of oil price volatility on macroeconomic indicators. © 2014 Economic Society of Australia, Queensland.","Bayesian VAR; Cross-sectional dependence; Generalized impulse response functions; Generalized variance decompositions; Oil price volatility","","Article","Final","All Open Access; Green Open Access","Scopus","2-s2.0-84914813114"
"Liu J.","Liu, Jia (57218628168)","57218628168","The impact of internet development on the development of commercial circulation industry","2020","Proceedings - 2020 International Conference on E-Commerce and Internet Technology, ECIT 2020","","","9134091","292","295","0","10.1109/ECIT50008.2020.00073","https://www.scopus.com/pages/publications/85089943236?origin=resultslist","As the Internet developing, what the impact will be on the commercial circulation industry? This article uses empirical data and methods to test the relationship between them and dynamics effects. Based on provincial panel data from 2002 to 2016 and make use of PAR and Effect of variance to verify the relationship between the two methods. The research finds out that the development of the Internet can promote the development of the commercial circulation industry. The impulse response analysis finds that the Internet has a dynamic fluctuation relationship in the development of the commercial circulation industry. From the first to the fourth period, the impact on the commercial circulation industry from the development of the Internet is continuously strengthened and marginal effect increased too, while this strengthening weakened from the fifth period. We can see that the Internet's influence on the business and trade industry has only a short-term effect, and the long-term promotion effect is weak. The variance decomposition shows that the explaining of Internet can influence the development of commerce and circulation industry is increasing trend. © 2020 IEEE.","Development of business circulation industry; Internet development; Model; Pvar","Impulse response; Empirical data; Impulse response analysis; Internet development; Marginal effects; Panel data; Promotion effects; Short-term effects; Variance decomposition; Electronic commerce","Conference paper","Final","","Scopus","2-s2.0-85089943236"
"Rezitis A.N.; Ahammad S.M.","Rezitis, Anthony N. (6603596783); Ahammad, Shaikh Mostak (56728511900)","6603596783; 56728511900","The relationship between energy consumption and economic growth in South and Southeast Asian countries: A panel vector autoregression approach and causality analysis","2015","International Journal of Energy Economics and Policy","5","3","","704","715","57","","https://www.scopus.com/pages/publications/84937417190?origin=resultslist","This study investigates the dynamic relationship between energy consumption and economic growth in nine South and Southeast Asian countries (i.e., Bangladesh, Brunei Darussalam, India, Indonesia, Malaysia, Pakistan, the Philippines, Sri Lanka, and Thailand) using a panel data framework. The period for the study is 1990-2012, and the World Bank Development Indicators dataset is used. This study applies a panel vector autoregression model to provide impulse response functions (IRFs), which enable the impact of shocks to be examined between real gross domestic product, energy use, real gross fixed capital formation, and total labor force. In addition, panel Granger causality tests are employed to examine the direction of causality between energy consumption and economic growth. The IRFs show that the shocks of all the variables require a long period to reach the long-run equilibrium level and the greatest response of each variable is attributed to its own shock. The panel Granger causality results evidence bidirectional causality effects between energy consumption and economic growth, which supports the feedback hypothesis, meaning that these variables have strong interdependency between each other. Therefore, policy regarding energy consumption should be considered carefully. © 2015, Econjournals. All right resurved.","Association of Southeast Asian nations; Panel granger causality; Panel vector autoregression; Panel İmpulse response functions; SAARC","","Article","Final","","Scopus","2-s2.0-84937417190"
"Cacciatore M.; Ravenna F.","Cacciatore, Matteo (56049869700); Ravenna, Federico (21835035000)","56049869700; 21835035000","Uncertainty, Wages and the Business Cycle","2021","Economic Journal","131","639","","2797","2823","21","10.1093/ej/ueab019","https://www.scopus.com/pages/publications/85143073755?origin=resultslist","We show that limited wage flexibility in economic downturns generates strong and state-dependent amplification of uncertainty shocks. It also explains the cyclical behaviour of empirical measures of uncertainty. In the presence of matching frictions, an occasionally binding constraint on downward wage adjustment enhances the concavity of firms' hiring rule, resulting in an endogenous profit risk-premium. In turn, higher uncertainty increases the profit risk-premium when the economy operates close to the wage constraint, deepening a recession. Non-linear local projections and vector autoregression estimates support the model predictions. In addition, we show that measured uncertainty rises in a recession even without uncertainty shocks.  © 2021 Royal Economic Society. Published by Oxford University Press.","","business cycle; empirical analysis; numerical model; uncertainty analysis; vector autoregression; wage determination","Article","Final","","Scopus","2-s2.0-85143073755"
"Khan N.; Shah S.S.A.; Afridi M.A.","Khan, Naveed (57841171400); Shah, Syed Sadaqat Ali (57215025196); Afridi, Muhammad Asim (57045690600)","57841171400; 57215025196; 57045690600","Medium-Term State-Dependent Fiscal Multipliers in BRICS - Empirical Evidence from a Panel Data Local Projection Model","2026","Chinese Economy","","","","","","0","10.1080/10971475.2026.2676425","https://www.scopus.com/pages/publications/105040145408?origin=resultslist","This study estimates state-dependent fiscal multipliers for BRICS economies over 2000–2020 using Jorda’s (2005) local projection method, offering fresh evidence on fiscal policy effectiveness during recessions and expansions. Results show fiscal policy is more effective in expansion, with more substantial impacts linked to sound fiscal balance, prudent debt management, and investment- and tax-led policies over consumption- or expenditure-led approaches. The study shows that a positive shock to consumption during recessionary times tend to stimulate output growth by approximately 0.1 − 0.22%. The study reveals that strong fiscal balance tend to enhance output growth of the BRICS economy by around 0.1-1%. Furthermore the study observes that investment during recessionary times enhances outpugrowth by about 0.26%. Finally, the study finds that public debt effects on output growth are state-dependent across BRICS economies. These findings remain robust under alternative specifications. The study contributes to academic debate and policymaking by clarifying how fiscal multipliers vary across business cycles and by identifying macroeconomic and fiscal conditions that enhance medium-term growth in emerging economies. © 2026 Taylor & Francis Group, LLC.","BRICS; fiscal policy; local projection Model; output growth; State-dependent fiscal multipliers","","Article","Article in press","","Scopus","2-s2.0-105040145408"
"Ahmed M.I.; Farah Q.F.; Kishan R.P.","Ahmed, M. Iqbal (60085536700); Farah, Quazi Fidia (57216410626); Kishan, Ruby P. (6602928080)","60085536700; 57216410626; 6602928080","Oil price uncertainty and unemployment dynamics: Nonlinearities matter","2023","Energy Economics","125","","106806","","","15","10.1016/j.eneco.2023.106806","https://www.scopus.com/pages/publications/85164727144?origin=resultslist","Using a logistic smooth transition autoregressive process for the monthly U.S. unemployment rate with oil price uncertainty as a transition variable, we investigate the impact of high and low oil price uncertainty states on the unemployment rate. We find that the unemployment rate rises and is more persistent in a high oil price uncertainty state than in a low oil price uncertainty state. Additionally, our analysis of generalized impulse response functions shows that an oil price uncertainty shock increases the unemployment rate in the high oil price uncertainty state but has no significant effect in the low oil price uncertainty state. The asymmetric response of the unemployment rate varies depending on the sign and size of the shocks and is contingent upon the initial history of the economy. Our findings are robust to different specifications and suggest that policymakers should consider these relationships and take a more nuanced approach to policies designed to mitigate the adverse impact of oil price uncertainties on the labor market. © 2023","GIRFs; LSTAR; Oil price uncertainty; Unemployment","United States; Employment; Impulse response; Population statistics; Asymmetric response; Auto regressive process; Dynamic nonlinearities; GIRF; Impulse response functions; LSTAR; Oil price uncertainty; Smooth transitions; Unemployment; Unemployment rates; labor market; oil; uncertainty analysis; unemployment; Uncertainty analysis","Article","Final","","Scopus","2-s2.0-85164727144"
"Yin L.; Feng J.","Yin, Libo (48362101200); Feng, Jiabao (57196464519)","48362101200; 57196464519","Oil market uncertainty and international business cycle dynamics","2019","Energy Economics","81","","","728","740","10","10.1016/j.eneco.2019.05.013","https://www.scopus.com/pages/publications/85066814209?origin=resultslist","This paper sets out to identify the dynamic relationship between oil market uncertainty and international business cycle. Firstly, we implement the Granger causality linear tests and document significant linear causal relation. Then we perform the nonlinear tests, which, on the contrary, do not exhibit significant evidence of nonlinear relation between oil market uncertainty and the business cycle indicators. Further we perform the dynamic panel analysis utilizing the Arellano-Bond GMM procedure and find that oil volatility risk premium (VRP) has a significant leading effect on the output growth even controlling for country specific characters and other classic pricing factors of stock markets. Further, the impulse responses indicate that the shock of innovation in oil market uncertainty can boost the output growth within half a year and this effect will be absorbed gradually over time. Overall, oil market uncertainty does have a linear leading effect on the international business cycle. © 2019 Elsevier B.V.","Business cycle; Heterogeneous panel causality; Linear and nonlinear causality tests; Oil volatility; Volatility risk premium (VRP)","Risk assessment; Business cycles; Nonlinear causality test; Oil volatility; Panel causality; Volatility risks; business cycle; Granger causality test; nonlinearity; oil supply; panel data; uncertainty analysis; Commerce","Article","Final","","Scopus","2-s2.0-85066814209"
"Qiu F.; Zhang W.","Qiu, Feng (56376167800); Zhang, Wenbei (57941816300)","56376167800; 57941816300","Rockets and feathers in the oil and gasoline markets: In-depth analysis of three asymmetries","2026","Journal of Commodity Markets","42","","100557","","","0","10.1016/j.jcomm.2026.100557","https://www.scopus.com/pages/publications/105036512671?origin=resultslist","This study examines asymmetric pass-through from oil to gasoline prices in the United States using weekly data from January 2000 to May 2023. Employing a smooth transition vector error correction model with generalized impulse response functions, we test three sources of asymmetry: the existence of an inaction band—a range of oil price changes too small to trigger any gasoline price adjustment, differences in error-correction speeds, and nonlinear responses to shocks of varying sign and size. The results reveal a clear inaction band with asymmetric thresholds: gasoline prices adjust quickly to small oil price increases but require much larger decreases before price cuts occur. Adjustment speed asymmetry across regimes is not statistically significant. Instead, asymmetry arises primarily through nonlinear impulse responses, where large positive shocks are passed through more rapidly and completely than negative shocks. These effects intensify during crisis episodes such as the COVID-19 pandemic and the early phase of the Russia–Ukraine conflict. © 2026 The Authors.","COVID-19; Gasoline-oil; GIRF; Inaction band; Rockets and feathers; Russia–Ukraine conflict","","Article","Final","All Open Access; Hybrid Gold Open Access","Scopus","2-s2.0-105036512671"
"Mućk J.; Postek Ł.","Mućk, Jakub (57035231700); Postek, Łukasz (57200442208)","57035231700; 57200442208","Supply shortages and inflation in Europe","2025","Economica","92","366","","420","456","5","10.1111/ecca.12573","https://www.scopus.com/pages/publications/86000374796?origin=resultslist","This paper contributes to the literature by quantifying the effects of supply shortages on inflation in 19 European economies. In contrast to many other papers, it focuses on factual country-specific shortages in materials and equipment reported by enterprises in the business surveys conducted by the European Commission rather than supply chain tensions that are measured only globally or for some major economies. We apply the local projections method in a panel framework, and estimate the responses of nine measures of consumer and producer inflation to supply shortages. We find that supply shortages are inflationary for all considered measures of inflation, and a larger effect can be observed for the inflation of prices of goods rather than services. The peak of impulse responses can be observed 4–6 quarters after a shock, while the effect usually dies out after 8–12 quarters. After a year, a one-standard-deviation shock in supply shortages is followed by annual inflation being higher by 0.7–3.4 percentage points, depending on the inflation measure. Interestingly, the inflationary effects of supply shortages seem to be related mainly to periods of intense global supply tensions. © 2025 London School of Economics and Political Science.","inflation; local projections; panel data; supply shortages","Europe; consumption behavior; inflation; panel data; supply chain management","Article","Final","All Open Access; Bronze Open Access","Scopus","2-s2.0-86000374796"
"Zehri C.; Mohammed El Amin B.; kadja A.; Inaam Z.; Sekrafi H.","Zehri, Chokri (57170678200); Mohammed El Amin, Bendahmane (59126570700); kadja, Amina (58974544900); Inaam, Zgarni (57189889951); Sekrafi, Habib (57204207959)","57170678200; 59126570700; 58974544900; 57189889951; 57204207959","Exploring the nexus of decent work, financial inclusion, and economic growth: A study aligned with SDG 8","2024","Sustainable Futures","7","","100213","","","38","10.1016/j.sftr.2024.100213","https://www.scopus.com/pages/publications/85193056678?origin=resultslist","We investigate the potential influence of fair employment practices and financial inclusion on economic growth, focusing on aligning our analysis with the United Nations Sustainable Development Goal 8 (SDG 8). Our study encompasses various countries, including 26 low-income, 20 middle-income, and 15 high-income nations. Utilizing a dynamic fixed-effect panel data approach and employing the Generalized Method of Moments from 2010 to 2021, our findings reveal that conducive environments for decent work and enhanced access to digital financial services positively impact economic growth. This synergistic effect of SDG 8 components is particularly pronounced in high-income countries, suggesting the potential for accelerated economic growth rates. Conversely, our analysis finds no discernible impact on the economic growth of low-income countries. For middle-income countries, nuanced coefficient outcomes provide a more intricate understanding of their economic dynamics. Through extensive impulse-response analysis using a Panel Vector Autoregression model, we illustrate the distinct effects of shocks related to decent work and financial inclusion across various income categories. Our results are robust to multiple sensitivity tests, underscoring their reliability and signaling significant policy implications for acknowledging the critical role of decent work and financial inclusion in fostering economic growth. © 2024 The Author(s)","Decent work; Economic growth; Financial inclusion; Interaction; SDG 8","","Article","Final","All Open Access; Gold Open Access; Green Open Access","Scopus","2-s2.0-85193056678"
"Wang P.","Wang, Peijie (57198930362)","57198930362","Financial Econometrics, Second Edition","2008","Financial Econometrics, Second Edition","","","","1","320","7","10.4324/9780203892879","https://www.scopus.com/pages/publications/84911017437?origin=resultslist","Set against a backdrop of rapid expansions of interest in the modelling and analysis of financial data and the problems to which they are applied, this textbook, now in its second edition, offers an overview and discussion of the contemporary topics surrounding financial econometrics, covering all major developments in the area in recent years in an informative and succinct way. Extended from the first edition of mainly time series modelling, the new edition also takes in discrete choice models, estimation of censored and truncated samples, as well as panel data analysis that has witnessed phenomenal expansion in application in finance and financial economics since the publication of the first edition of the book. Virtually all major topics on time series, cross-sectional and panel data analysis have been dealt with. Subjects covered include: • unit roots, cointegration and other comovements in time series • time varying volatility models of the GARCH type and the stochastic volatility approach • analysis of shock persistence and impulse responses • Markov switching • present value relations and data characteristics • state space models and the Kalman filter • frequency domain analysis of time series •limited dependent variables and discrete choice models • truncated and censored samples • panel data analysis Refreshingly, every chapter has a section of two or more examples and a section of empirical literature, offering the reader the opportunity to practise right away the kind of research going on in the area. This approach helps the reader develop interest, confidence and momentum in learning contemporary econometric topics. Graduate and advanced undergraduate students requiring a broad knowledge of techniques applied in the finance literature, as well as students of financial economics engaged in empirical enquiry, should find this textbook to be invaluable. © 2003, 2009 Peijie Wang. All rights reserved.","","","Book","Final","","Scopus","2-s2.0-84911017437"
"Kapetanios G.; Koutroumpis P.; Tsoukis C.; Glebkina E.","Kapetanios, George (6601944886); Koutroumpis, Panagiotis (57201885445); Tsoukis, Christopher (6507714475); Glebkina, Ekaterina (57895198400)","6601944886; 57201885445; 6507714475; 57895198400","Expansionary and Contractionary Fiscal Multipliers in the United States","2026","International Journal of Finance and Economics","31","2","","2144","2159","0","10.1002/ijfe.70034","https://www.scopus.com/pages/publications/105014031987?origin=resultslist","We estimate the fiscal (spending) multiplier using quarterly US data, 1981Q3–2024Q4. We define government spending shocks as actual minus expected expenditure growth, the latter obtained from the Survey of Professional Forecasters. We employ the Jordà local projections method, coupled with state dependence of parameters, with smooth transition between states. A key testable hypothesis is that the positive and negative spending shocks have numerically (as well as qualitatively) different effects. We find that multipliers of shocks differ qualitatively (in terms of cyclicality) as well as quantitatively. Multipliers are almost always above unity (and often well above). Importantly, we uncover evidence that negative shocks have stronger effects over longer periods of time in the case of the FEC multipliers and likely with the PVIR-FM multipliers, too. Pooled-shock estimation can seriously bias results. Additionally, there is strong evidence that the two types of shock produce almost uniformly significantly different estimated coefficients of our key estimable equation. © 2025 John Wiley & Sons Ltd.","government spending multiplier; local projections and smooth transition estimation; shock identification and decomposition","","Article","Final","","Scopus","2-s2.0-105014031987"
"Rasoulinezhad E.; Taghizadeh-Hesary F.; Yoshino N.","Rasoulinezhad, Ehsan (57190347562); Taghizadeh-Hesary, Farhad (56291956400); Yoshino, Naoyuki (7006313177)","57190347562; 56291956400; 7006313177","Volatility linkages between energy and food prices","2023","The Handbook of Energy Policy","","","","715","738","1","10.1007/978-981-19-6778-8_30","https://www.scopus.com/pages/publications/85170621016?origin=resultslist","In many countries, food and energy are vital in national security. However, in energy policy, the relationship between the prices of food and energy has been debated. This chapter examines the connection between the prices of these two vital commodities. Hence, we review existing literature and attempt to determine the relationship using a theoretical framework and an empirical test. Our findings revealed that energy price significantly impacts food prices. According to the results of impulse response functions, agricultural food prices respond favorably to any oil price increase. Moreover, variance decomposition demonstrates that oil prices are responsible for the largest amount of agricultural food price volatility. Oil price changes account for 6.95% and 64.17% of the variance in food prices during the second and 20th periods, respectively. Because rising crude oil prices adversely affect food security, one viable strategy involves combining renewable sources and fossil fuels in a way that positively impacts both energy and food security. We observed that biofuel costs account for less than 2% of the variance in food prices. Finally, as global biofuel demand increases, rising global prices for agricultural commodities and, consequently, the growing threat to food security may also increase. This could be even more important for small-economy countries that have been negatively affected by COVID-19. © Springer Nature Singapore Pte Ltd. 2023.","Asian economies; Energy security; Food prices; Food security; Oil price shock; Panel data","","Book chapter","Final","","Scopus","2-s2.0-85170621016"
"Lemaire T.; Vertier P.","Lemaire, Thibault (57225207431); Vertier, Paul (57226668722)","57225207431; 57226668722","International Commodity Prices Transmission to Consumer Prices in Africa","2025","World Bank Economic Review","39","3","","522","552","1","10.1093/wber/lhae034","https://www.scopus.com/pages/publications/105012414572?origin=resultslist","In this paper, global commodity prices pass-through to consumer prices are estimated in Africa. The estimation sample includes monthly data for 48 countries over the period 2002m02-2021m04. Sixteen commodity prices are considered separately, rather than aggregate indices that use weights unrepresentative of consumption in Africa. Using local projections in a panel data set, the maximum estimated pass-through is of 23 percent, and the long-run pass-through is of about 20 percent, higher than usually found in the literature. Country-specific regressions are also considered: in the latter, the estimated pass-through is lower for countries with a higher GDP per capita, a lower share of food and energy in the consumption basket, a better quality of transport infrastructure, and a higher openness to trade. Finally, commodity-specific pass-throughs are correlated with the share of corresponding goods in the consumer basket and with the import dependency ratio for this commodity.  © 2024 The Author(s). Published by Oxford University Press on behalf of the International Bank for Reconstruction and Development / THE WORLD BANK.","Africa; commodity prices; energy prices; food prices; inflation","Africa; commodity price; consumption behavior; Gross Domestic Product; inflation; price dynamics","Article","Final","All Open Access; Green Open Access","Scopus","2-s2.0-105012414572"
"Gabriel L.","Gabriel, Luciano (24536648300)","24536648300","Economic growth and manufacturing: An analysis using Panel VAR and intersectoral linkages","2019","Structural Change and Economic Dynamics","49","","","43","61","73","10.1016/j.strueco.2019.03.008","https://www.scopus.com/pages/publications/85065098231?origin=resultslist","This paper aims to investigate how manufacturing affects economic growth over time, especially in developing countries. We apply Panel Vector Autoregression (PVAR) for fixed effects approach, and then we estimate impulse-response functions (IRF) and forecast-error variance decomposition (FEVD) for a sample of 115 countries from 1990 to 2011. Furthermore, we apply Hirschman-Rasmussen (HR)’s Index for 29 countries for 1995, 2000, 2005 and 2010 as well as Field of Influence for this group of countries for 1995 and 2010. The main results indicate that manufacturing industry can work as “engine of growth” in developing countries. Moreover, manufacturing is the only strategic key sector in terms of driving economic growth for most developing countries in all the period analyzed. However, manufacturing has lost its relative importance in developed and developing countries in terms of linkages. © 2019 Elsevier B.V.","Economic growth; Linkages; Manufacturing; Panel VAR","developing world; economic growth; manufacturing; panel data; vector autoregression","Article","Final","","Scopus","2-s2.0-85065098231"
"Shao Q.; Guo J.; Kang P.","Shao, Qinglong (57486634200); Guo, Junjie (57220788465); Kang, Peng (57188623973)","57486634200; 57220788465; 57188623973","Environmental response to growth in the marine economy and urbanization: A heterogeneity analysis of 11 Chinese coastal regions using a panel vector autoregressive model","2021","Marine Policy","124","","104350","","","42","10.1016/j.marpol.2020.104350","https://www.scopus.com/pages/publications/85097635688?origin=resultslist","The effect of urbanization on the environment in coastal regions has been extensively examined in previous studies, but neither the reverse effect nor the role of the marine economy has been investigated. To address this gap, this study uses a panel vector autoregressive model to further explore the interactions between marine economic growth, marine pollution, and urbanization in 11 Chinese coastal provinces/municipalities from 2000 to 2016. The per capita gross ocean product (GOP) and the per capita volume of industrial wastewater discharged directly into the sea decreased during the research period, whereas the urbanization rate increased. The spatial pattern of the main polluted areas showed a shift from north to south. Marine economic growth had a single-direction influence on marine pollution and urbanization in coastal regions, implying that urban expansion did not increase the ocean output. Consistent with previous findings, urban expansion aggravated environmental damage to the ocean. According to both impulse response analysis and variance decomposition, urbanization had a significant role in explaining variation in the three factors examined in this study. In addition, according to heterogeneity analysis, the three factors were most affected in the mid-income regions and southern coastal areas, while the areas with more developed marine services could better resist the negative effects of marine pollution and urban expansion. The policy implications of increasing the proportion of the marine economy and of controlling the acceleration of urbanization are explored. © 2020 Elsevier Ltd","Governmental planning; Heterogeneity analysis; Marine economy; Marine pollution; Panel vector autoregressive model; Urbanization","anthropogenic effect; environmental planning; local government; marine pollution; numerical model; panel data; regression analysis; urbanization","Article","Final","","Scopus","2-s2.0-85097635688"
"Borsi M.T.","Borsi, Mihály Tamás (56075648700)","56075648700","Fiscal multipliers across the credit cycle","2018","Journal of Macroeconomics","56","","","135","151","17","10.1016/j.jmacro.2018.01.004","https://www.scopus.com/pages/publications/85041407646?origin=resultslist","This paper studies the differences between fiscal multipliers in OECD economies across the credit cycle. Impulse responses are obtained using a state-dependent model with direct projections, in which multipliers depend on the state of credit markets. Identification of the effects of fiscal stimulus and austerity measures is achieved by distinguishing between unanticipated increases and decreases in government spending. The empirical results imply that the financial environment matters. Expansionary fiscal policies are associated with large multipliers during credit bust episodes, and spending increases likewise foster economic growth in periods of rapid credit expansion, albeit to a lesser extent. In contrast, the output effect of contractionary fiscal policies is never statistically different from zero. Regime-specific multipliers of the individual components of GDP and the unemployment rate suggest that reductions in public expenditure should help constrain the economy during unsustainable credit booms, whereas spending increases in financial recessions should facilitate the repair of private sector balance sheets in order to revive market confidence and boost economic recovery. © 2018 Elsevier Inc.","Credit cycle; Fiscal multiplier; Fiscal policy; Government spending; State dependence","","Article","Final","","Scopus","2-s2.0-85041407646"
"Sardar N.; Sharma S.","Sardar, Naafey (57223220615); Sharma, Shahil (57195109295)","57223220615; 57195109295","Oil prices & stock returns: Modeling the asymmetric effects around the zero lower bound","2022","Energy Economics","107","","105814","","","22","10.1016/j.eneco.2022.105814","https://www.scopus.com/pages/publications/85123048801?origin=resultslist","This paper aims to investigate the nonlinear relationship between oil prices and stock returns around the zero lower bound. Using state-dependent local projections, we find that oil price shocks cause an increase in stock returns when the economy is operating in the zero lower bound. On the other hand, oil prices and stock returns mostly show a negative relationship when interest rates are higher. Our results are robust to the inclusion of variables that control for the state of the economy, as well as exogenous measures of oil price shocks derived following Kilian (2009) and Känzig (2021). This study, thus emphasizes the need for investors and policy makers to consider asymmetries in the impact of oil price shocks across the zero lower bound when analyzing the aggregate stock market behavior. © 2022 Elsevier B.V.","Asymmetric response; Oil price shocks; Stock returns; Zero lower bound","Costs; Financial markets; Asymmetric effects; Asymmetric response; Low bound; Oil price shocks; Oil Prices; Oil stocks; Price returns; Return models; Stock returns; Zero low bound; asymmetry; investment; oil industry; policy making; price dynamics; stock market; Investments","Article","Final","","Scopus","2-s2.0-85123048801"
"Miyamoto H.; Yoshino N.","Miyamoto, Hiroaki (59811465200); Yoshino, Naoyuki (7006313177)","59811465200; 7006313177","A NOTE ON POPULATION AGING AND EFFECTIVENESS OF FISCAL POLICY","2022","Macroeconomic Dynamics","26","6","","1679","1689","17","10.1017/S1365100520000607","https://www.scopus.com/pages/publications/85098289250?origin=resultslist","This paper examines how population aging affects the output effect of a government spending shock by using a panel data of OECD countries. The government spending shock is identified as a forecast error of government spending, and its output effect is estimated by using the local projection method. We find that population aging affects the output effect of the government spending shock. While in non-aging economies, government spending shock increases output significantly in both short- and medium-terms, in aging economies, output responses are not statistically significant.  © Cambridge University Press 2020.","Fiscal Multipliers; Fiscal Policy; Population Aging","","Article","Final","","Scopus","2-s2.0-85098289250"
"Guvenen F.; Karahan F.; Ozkan S.; Song J.","Guvenen, Fatih (17433808700); Karahan, Fatih (56906870300); Ozkan, Serdar (55337711000); Song, Jae (8927046900)","17433808700; 56906870300; 55337711000; 8927046900","What Do Data on Millions of U.S. Workers Reveal About Lifecycle Earnings Dynamics?","2021","Econometrica","89","5","","2303","2339","127","10.3982/ECTA14603","https://www.scopus.com/pages/publications/85121578352?origin=resultslist","We study individual male earnings dynamics over the life cycle using panel data on millions of U.S. workers. Using nonparametric methods, we first show that the distribution of earnings changes exhibits substantial deviations from lognormality, such as negative skewness and very high kurtosis. Further, the extent of these nonnormalities varies significantly with age and earnings level, peaking around age 50 and between the 70th and 90th percentiles of the earnings distribution. Second, we estimate nonparametric impulse response functions and find important asymmetries: Positive changes for high-income individuals are quite transitory, whereas negative ones are very persistent; the opposite is true for low-income individuals. Third, we turn to long-run outcomes and find substantial heterogeneity in the cumulative growth rates of earnings and the total number of years individuals spend nonemployed between ages 25 and 55. Finally, by targeting these rich sets of moments, we estimate stochastic processes for earnings that range from the simple to the complex. Our preferred specification features normal mixture innovations to both persistent and transitory components and includes state-dependent long-term nonemployment shocks with a realization probability that varies with age and earnings. © 2021 The Econometric Society.","Earnings dynamics; higher-order earnings risk; kurtosis; non-Gaussian shocks; normal mixture; skewness","","Article","Final","All Open Access; Green Open Access","Scopus","2-s2.0-85121578352"
"Zhang S.; Ma X.; Cui Q.","Zhang, Sisi (57369489000); Ma, Xiaoyu (55546614900); Cui, Qi (57370413600)","57369489000; 55546614900; 57370413600","Assessing the Impact of the Digital Economy on Green Total Factor Energy Efficiency in the Post-COVID-19 Era","2021","Frontiers in Energy Research","9","","798922","","","61","10.3389/fenrg.2021.798922","https://www.scopus.com/pages/publications/85120948755?origin=resultslist","Digital transformation in the energy sector is an essential tool for promoting the construction of a clean energy system in the post-COVID-19 era. Under the background of digital China strategy and sustainable energy transformation in the post-COVID-19 era, it is meaningful to investigate the relationship between the digital economy and green total factor energy efficiency (GTFEE) to better drive the development of the digital economy and improve GTFEE. For this purpose, this study estimates deeply the impact of the digital economy on GTFEE by applying ordinary least squares (OLS), panel vector autoregression (PVAR), panel threshold, and mediation effect models based on panel data of 30 Chinese provinces from 2006 to 2018. The statistical results indicate that digital economy is conducive to improving GTFEE. Digital economy can significantly contribute to GTFEE by improving economic growth level, urbanization level, R&D investment, and human capital. The most interesting finding was that there is also a non-linear relationship between digital economy and GTFEE. The effect of digital economy on GTFEE is shown to be first promoted and then inhibited as digital economy level continues to increase. Further, the positive impact of the digital economy on GTFEE is strengthened with increasing levels of economic growth, urbanization, R&D input, and human capital. Finally, A positive correlation was found between digital economy and GTFEE in the eastern and central regions, but insignificantly in other regions. Copyright © 2021 Zhang, Ma and Cui.","digital economy; green total factor energy efficiency; impulse response analysis; mediation effect; threshold effect","Digital storage; Economic and social effects; Economics; Energy efficiency; Impulse response; Investments; Personnel; Regression analysis; Digital economy; Digital transformation; Economic growths; Energy sector; Green total factor energy efficiency; Human capitals; Impulse response analysis; Mediation effect; Threshold effect; Total factor energy efficiencies; COVID-19","Retracted","Final","All Open Access; Gold Open Access; Green Open Access","Scopus","2-s2.0-85120948755"
"Ahmad N.; Rangaraju S.K.","Ahmad, Nazneen (36105276400); Rangaraju, Sandeep Kumar (57188717653)","36105276400; 57188717653","Macroeconomic effects of consumer confidence shock – evidence for state dependence","2019","Journal of Economic Studies","46","7","","1293","1308","3","10.1108/JES-11-2017-0326","https://www.scopus.com/pages/publications/85075162685?origin=resultslist","Purpose: The purpose of this paper is to investigate the impact of a consumer confidence shock on GDP and different types of consumer spending during a slack state as well as a non-slack state of an economy. Design/methodology/approach: The authors use the US quarterly data from 1960Q1 to 2014Q4 and apply Jorda’s (2005) local projection method to compute the impulse responses of macroeconomic variables to a consumer confidence shock. The local projection method allows us to include non-linearities in the response function. Findings: In general, the response of output, following a consumer confidence shock, is similar in slack and non-slack states and indicate that an unfavorable confidence shock is contractionary. However, the intensity and duration of impact of a confidence shock on different components of spending are state dependent. Overall, a negative confidence shock appears to have a stronger impact on non-slack time than on a slack time. Practical implications: Policy makers should be careful about undertaking a policy action that may affect consumer confidence adversely, particularly during an economic good time. An adverse confidence shock can trigger a downfall in a well-functioning economy and the dampening effect may last for several quarters before the economy rebounds. Originality/value: US economy is subject to fluctuations; however, the literature on the impact of confidence shock in different economic states is limited. The incremental contribution of this paper is that it investigates how the consumers respond to the confidence shock in a state-dependent model. Furthermore, the authors use a more robust and alternative estimation method that tackles any non-linear problems. © 2019, Emerald Publishing Limited.","Business cycle; Consumer confidence; Local projection model; State dependence","","Article","Final","","Scopus","2-s2.0-85075162685"
"Salimi S.; Tatay T.; Kazinczy E.; Amini M.","Salimi, Sara (59409378500); Tatay, Tibor (7801658744); Kazinczy, Eszter (55957154000); Amini, Mehran (57238837900)","59409378500; 7801658744; 55957154000; 57238837900","Fiscal and Monetary Dominance in a Small Open Economy: A Markov-Switching VAR Approach to Hungarian Policy","2026","Economies","14","2","42","","","2","10.3390/economies14020042","https://www.scopus.com/pages/publications/105031269506?origin=resultslist","The interplay between fiscal and monetary policy is critical for small open economies exposed to global volatility, yet the regime-dependent nature of this transmission often remains underexplored. This study investigates whether the Hungarian economy operated under fiscal or monetary dominance from 2010 to 2024, a period marked by significant external shocks. Adopting a Markov Regime-Switching VAR (MS-VAR) framework tailored to an open-economy context, the research estimates state-dependent reaction functions and Impulse Response Functions (IRFs) for both the central bank and the fiscal authority. The model explicitly controls for exogenous geopolitical and economic crises and is validated through rigorous stationarity and regime-selection tests. Empirical results reveal that Hungary predominantly operated under fiscal dominance, with the fiscal authority exhibiting non-Ricardian behavior and no significant response to debt accumulation across the sample. Conversely, the Magyar Nemzeti Bank demonstrated regime-switching behavior: a “Passive” stance accommodating fiscal expansion from 2013 to 2019, followed by a forced shift to an “Active” regime in 2022 characterized by aggressive responses to inflation and high-interest rate volatility. These findings suggest that in small open economies, policy dominance is frequently dictated by external constraints, with the burden of macroeconomic stabilization falling disproportionately on monetary policy during crisis episodes. © 2026 by the authors.","fiscal dominance; impulse response analysis; Markov-Switching VAR; monetary policy; small open economy","","Article","Final","All Open Access; Gold Open Access","Scopus","2-s2.0-105031269506"
"Mawejje J.; Odhiambo N.M.","Mawejje, Joseph (56154684700); Odhiambo, Nicholas M. (13607855500)","56154684700; 13607855500","Macroeconomic determinants of fiscal policy in East Africa: a panel causality analysis","2022","Journal of Economics, Finance and Administrative Science","27","53","","105","123","14","10.1108/JEFAS-07-2021-0124","https://www.scopus.com/pages/publications/85125070367?origin=resultslist","Purpose: This study investigates the dynamic causality linkages between fiscal deficits and selected macroeconomic indicators in a panel of five East African Community countries. Design/methodology/approach: The research design is based on panel cointegration tests, panel cross-section dependence tests, panel error correction-based Granger causality tests and panel impulse response functions. Findings: Results show that there is long-run feedback causality among fiscal deficits and each of the variables include gross domestic product (GDP) growth, current account balance, interest rates, inflation, grants and debt service. Short-run Granger causality dynamics indicate that there is feedback causality between fiscal deficits and GDP growth; no causality between fiscal deficits and inflation; no causality between fiscal deficits and current account; no causality between fiscal deficits and interest rates; feedback causality between fiscal deficits and grants; and no causality between fiscal deficits and debt service. Impulse response functions show positive and significant impacts of current account balance, inflation and grants; negative and significant impacts of real GDP growth and lending rates; and insignificant effects of debt service. Research limitations/implications: While the study examines the dynamic causality between fiscal deficits and selected macroeconomic indicators in the East African Community, the analysis excludes South Sudan due to significant data limitations. Practical implications: In light of the East African Community's aspirations to achieve convergence on key macroeconomic targets, including the fiscal deficit, this research provides novel insights on fiscal policy determinants and causality dynamics. Social implications: The dynamic relationships between fiscal policy and macroeconomic variables may have social implications for welfare, equitable growth and distribution of resources. Originality/value: With a focus on the East African Community, this paper contributes to the literature on the macroeconomic determinants of fiscal deficits in regional economic communities. © 2022, Joseph Mawejje and Nicholas M. Odhiambo.","East Africa; Fiscal deficits; Granger causality; Impulse response; Panel data","","Article","Final","All Open Access; Gold Open Access; Green Open Access","Scopus","2-s2.0-85125070367"
"Smoluk B.","Smoluk, Bert (57210552437)","57210552437","Credit cycles, lending shocks, and the business cycle","2026","Journal of Banking Regulation","27","1","12","","","0","10.1057/s41261-026-00310-8","https://www.scopus.com/pages/publications/105029443099?origin=resultslist","This paper studies how bank lending cycles influence macroeconomic fluctuations and evaluates whether a Basel III countercyclical capital buffer (CCyB) could meaningfully stabilize the business cycle in the United States. Using a structural FAVAR, we extract a latent lending-cycle factor from multiple Senior Loan Officer Opinion Survey (SLOOS) series and show that it predicts economic activity and responds more sharply to lending-supply shocks than individual survey or balance-sheet series. We then implement a state-dependent CCyB counterfactual by scaling lending shocks according to the phase of the credit cycle. Using local projections, we reconstruct the business cycle under alternative CCyB intensities. Even during the stable 2010–2019 environment, the CCyB counterfactual reduces business cycle volatility by 1–4%, with diminishing marginal gains across intensities. The findings show that a modest, but economically meaningful improvement in stabilization is achievable even during mild credit cycles and suggests stronger policy effects during periods of credit overheating or financial stress. © The Author(s), under exclusive licence to Springer Nature Limited 2026.","Banking; Countercyclical capital buffer; Credit cycles; Stabilization; VAR","","Article","Final","","Scopus","2-s2.0-105029443099"
"Schmidt T.; Schmidt T.; Müller H.; Rieger J.; Jentsch C.","Schmidt, Torsten (36883722100); Schmidt, Tobias (58029898000); Müller, Henrik (57195034978); Rieger, Jonas (57217701231); Jentsch, Carsten (6507194686)","36883722100; 58029898000; 57195034978; 57217701231; 6507194686","Changing inflation perception and the propagation of news shocks","2026","Empirical Economics","71","3","30","","","0","10.1007/s00181-026-02964-9","https://www.scopus.com/pages/publications/105047780607?origin=resultslist","Based on a previously established text data-based indicator, the Inflation Perception Indicator (IPI), we analyze the information content of inflation-related media coverage. It is argued that media do not report on inflation in a constant or systematic manner but instead react to specific events, which means that reporting is state-dependent. Using a dynamic extension of the Latent Dirichlet Allocation (LDA) topic modeling approach we examine the salience and framing of inflation in a corpus of 50,000 articles published by major German newspapers between 2001 and 2024. This approach allows to decompose the IPI into dynamic topic-specific subindicators. To analyze the information content of these newly constructed indicators, we estimate a threshold Bayesian Vector AutoRegressive (BVAR) model for variables from a New Keynesian macroeconomic model with two inflation regimes. Our results suggest that the topic-specific IPI subindicators contain different information about price developments. Moreover, we find some evidence that households make different use of this information in high- and low-inflation regimes when adjusting their inflation expectations. © The Author(s) 2026.","Attention cycle; Impulse response analysis; Inflation threshold; Media coverage; Text data; Topic modeling","Germany; inflation; macroeconomics; perception","Article","Final","All Open Access; Hybrid Gold Open Access","Scopus","2-s2.0-105047780607"
"Konstantinou P.T.; Partheniou A.","Konstantinou, Panagiotis Th. (19337325400); Partheniou, Andromachi (57212393633)","19337325400; 57212393633","The Effects of Government Spending Over the Business Cycle: A Disaggregated Analysis for OECD and Non-OECD Countries","2021","Quarterly Review of Economics and Finance","80","","","809","822","7","10.1016/j.qref.2019.09.017","https://www.scopus.com/pages/publications/85076555744?origin=resultslist","Using a panel of OECD and non-OECD economies, we estimate the effects of three types of government expenditure (compensation of government employees, government use of goods and services and government investment) and social benefits on output, private consumption and investment. In OECD economies, we find that compensation of government employees and government investment generate significantly positive multipliers, whereas government use of goods and services does not. However, only the multipliers of compensation of government employees are found higher during recessions and only for horizons of up to two years ahead. In non-OECD economies, the multipliers of compensation of government employees and government investment are positive but smaller than those for the OECD group and they do not tend to differ in recessions and in expansions. We also provide evidence that social benefits generate increases of private consumption, for both OECD and non-OECD countries. © 2019 Board of Trustees of the University of Illinois","Fiscal Policy; Government Spending Multipliers; Local Projections; Non-Linear Models; State-Dependent Multipliers","","Article","Final","","Scopus","2-s2.0-85076555744"
"Zhu Z.; Wen Y.; Zhou W.; Liu X.","Zhu, Zixiang (57222658491); Wen, Yake (59275001000); Zhou, Weimin (59405170500); Liu, Xintong (60042266100)","57222658491; 59275001000; 59405170500; 60042266100","The state-dependent effects of oil supply news shocks","2025","Energy Economics","149","","108781","","","0","10.1016/j.eneco.2025.108781","https://www.scopus.com/pages/publications/105013144454?origin=resultslist","We show that the effects of oil supply news shocks are state-dependent. Using a threshold Structural Vector Autoregression (SVAR) model for the U.S. economy, we identify oil supply news shocks and find that their macroeconomic impact is significantly greater and more pronounced during periods of high inflation or following negative shocks. Our results are robust under the state-dependent local projection method and alternative measures of oil supply news shocks. To explain these empirical findings, we integrate oil into a New Keynesian Dynamic Stochastic General Equilibrium (DSGE) model featuring quasi-kinked demand curves in firm pricing. The model captures both the state-dependency between high versus low inflation regimes and the asymmetric responses to positive versus negative shocks. We show that the magnitude of these effects is influenced by the elasticity of substitution between oil and non-oil inputs, as well as the curvature of the demand curve. The model also implies that the monetary policy transmission is state-dependent, suggesting that the central bank faces a more severe trade-off between inflation and output stabilization during periods of high inflation or under negative shocks. Our analysis shows that adopting a more flexible, output-targeting rule can reduce welfare loss in such scenarios. © 2025 Elsevier B.V.","Inflation; Oil supply news shock; Quasi-kinked demand; State-dependent","United States; Economics; Inflation; Public policy; Stochastic models; Stochastic systems; Demand curves; Local projections; Macroeconomic impact; Oil supplies; Oil supply news shock; Quasi-kinked demand; State-dependent; Structural vector autoregression; US economy; Vector autoregression models; central bank; inflation; macroeconomics; mass media; monetary policy; oil supply; state role; vector autoregression; welfare provision; Economic and social effects","Article","Final","","Scopus","2-s2.0-105013144454"
"Zhang Y.; Liu X.; Xu J.; Wang R.","Zhang, Ying (56626194900); Liu, Xiaoxing (55993583800); Xu, Jiaxin (57184603600); Wang, Rui (57184497900)","56626194900; 55993583800; 57184603600; 57184497900","Does military spending promote social welfare? A comparative analysis of the BRICS and G7 countries","2017","Defence and Peace Economics","28","6","","686","702","40","10.1080/10242694.2016.1144899","https://www.scopus.com/pages/publications/84961215426?origin=resultslist","Whether military spending is capable of promoting social welfare is currently a controversial issue. The aim of this paper is to investigate how military spending affects the input and output of social welfare (i.e. social welfare expenditures and social welfare index). A panel cointegration analysis and an impulse response function are conducted with multi-country panel data, over two time periods, 1998–2011 and 1993–2007. In addition, to extend a comparative analysis over different economies, BRICS (i.e. Brazil, Russia, India, China, South Africa) and G7 (i.e. the US, Japan, Germany, the UK, France, Italy, Canada) countries are selected as representatives of emerging economies and developed countries, respectively. The empirical results show that military spending enhances social welfare expenditures in developed countries, while the effect is ambiguous in emerging economies. Also, military spending is capable of promoting the social welfare index based on the FMOLS estimation. The comparative analyses indicate that unlike in the G7, the effect of the growth of military spending on the growth of social welfare expenditures is negative and shorter in the BRICS. © 2016 Informa UK Limited, trading as Taylor & Francis Group.","Comparative analysis; Impulse response function; Military spending; Panel cointegration; Social welfare","","Article","Final","","Scopus","2-s2.0-84961215426"
"Omay T.; Sungur N.C.","Omay, Tolga (23978235900); Sungur, Nazli Ceylan (59147273900)","23978235900; 59147273900","Nonlinearity and Structural Breaks in Oil Prices: Policy Implications and Macroeconomic Interactions","2026","Studies in Nonlinear Dynamics and Econometrics","","","","","","0","10.1515/snde-2024-0121","https://www.scopus.com/pages/publications/105032547829?origin=resultslist","This study examines Brent crude oil price dynamics using an integrated framework of bootstrap sequential break detection and Asymmetric Exponential Smooth Transition Autoregressive (AESTAR) modeling. We demonstrate that oil prices follow an AESTAR process where structural breaks emerge endogenously through dual transition functions, reconciling previously competing explanations in the literature. Analysis of monthly data (1985-2023) identifies major structural shifts coinciding with critical economic events, while revealing these breaks emerge automatically through regime-dependent means. Enhanced testing confirms embedded LSTAR-dominant dynamics with ESTAR components, while skeleton analysis validates the dual equilibrium framework with balanced regime distribution. Generalized Impulse Response Function analysis reveals distinct shock transmission patterns: Tier 1 extreme events (δ max > 1.8) exhibit persistent deviations requiring sustained policy intervention, while Tier 2 events demonstrate mean reversion properties suitable for conventional responses. The framework provides observable threshold levels ($53.62, $37.39) enabling real-time policy intervention, supporting regime-contingent monetary policy and strategic petroleum reserve management protocols. This approach offers policymakers actionable tools for managing oil price volatility through empirically validated intervention strategies.  © 2026 Walter de Gruyter GmbH, Berlin/Boston.","AESTAR model; bootstrap sequential break detection; impulse response functions; nonlinear unit root tests; oil price dynamics; regime-dependent policy","","Article","Article in press","All Open Access; Hybrid Gold Open Access","Scopus","2-s2.0-105032547829"
"El-Shagi M.","El-Shagi, Makram (35434717400)","35434717400","The effect of monetary policy shocks on inequality in the Eurozone","2026","North American Journal of Economics and Finance","84","","102608","","","0","10.1016/j.najef.2026.102608","https://www.scopus.com/pages/publications/105033832154?origin=resultslist","In this paper, we assess the impact of monetary policy shocks on the income distribution in the Eurozone after the Global Financial Crisis, i.e., a time of unconventional monetary policy. Unlike previous papers that focus on the pre-crisis era, where monetary policy was primarily conducted through interest rates, expansionary policy typically increases inequality. This can be mitigated by highly developed financial markets and sound institutions that limit rent-seeking. © 2026 Elsevier Inc. All rights are reserved, including those for text and data mining, AI training, and similar technologies.","D33; E52; Eurozone; Financial crisis; Heterogeneity; Inequality; Monetary policy; State dependent local projections","","Article","Final","","Scopus","2-s2.0-105033832154"
"Qin Y.; Wang X.; Xu Z.; Skare M.","Qin, Yong (57205945371); Wang, Xinxin (57204520948); Xu, Zeshui (55502698400); Skare, Marinko (6506322858)","57205945371; 57204520948; 55502698400; 6506322858","The effects of globalization on family firms' business model in Europe","2023","International Journal of Entrepreneurial Behaviour and Research","29","1","","27","48","10","10.1108/IJEBR-12-2021-0994","https://www.scopus.com/pages/publications/85124715735?origin=resultslist","Purpose: The debate over differences in the behaviors of firms facing globalization is ongoing. This study examines whether globalization impacts the behavior of family firms and if this influence differs between family and non-family firms. Design/methodology/approach: Drawing on panel data from the Amadeus database on 62 family firms and 98 non-family firms in Europe, the authors employ panel vector autoregression estimation and the Wald test of Granger causality to verify our conjecture. Additional impulse response functions and the forecast error variance decomposition technique were applied to illustrate complementary shock dynamics. Additionally, the KOF globalization index is used as a proxy for globalization. Findings: The results show that globalization visibly impacts family and non-family firms, but the polarity and extent of the effect are different. The authors demonstrate that family firms are in a more favorable position regarding globalization and are less vulnerable to the adverse effects of the globalization process. In contrast, non-family firms fare worse, generating adverse effects. Non-family firms take a more open stance toward globalization than family firms' more conservative behaviors. Research limitations/implications: Of course, there are some limitations to the work presented in this paper. On the one hand, the authors’ data span only ten years due to data limitations. This causes the generalizability of the results to be hindered. Therefore, the authors encourage scholars to collect more time series data to increase confidence in the empirical results in future studies. On the other hand, the selection of proxy indicators concerning family firm behavior is mainly focused on financial and employment facets. A multidimensional selection of indicators could make the findings of this study more convincing. Despite its limitations, the study certainly adds to the authors’ understanding of its behavior and globalization activities. Practical implications: The authors’ findings have twofold theoretical and practical implications, as they highlight the necessity of developing specific policies aimed at reducing the gap between family and non-family facing globalization and promoting sustainable operations of non-family firms. Although family firms tend to be more frugal and conservative in their overall decision-making, it should be acknowledged that stockholder and stakeholder interest-oriented corporate management policies have made them more capable of steadily improving corporate performance in the sweep of globalization. Social implications: To this end, this study deepens the authors’ understanding of the theory of global governance of family firms. It also provides possible paths and directions for future theoretical research on family firms. Globalization affects both family and non-family firms, but our results suggest that family firms are better able to withstand the adverse effects of globalization shocks and adopt efficient governance paths and strategic thinking to gain a competitive advantage. In this regard, the authors encourage non-family firms to actively learn from family firms' operational practices and systems to achieve better adaptability. Originality/value: This study provides strong empirical evidence on the effectiveness of family firms' governance patterns and business behavior under globalization. Additionally, this study also reveals that managers can learn from the practical experience of family firms to help them confront business crises and gain a sustainable competitive advantage. © 2022, Emerald Publishing Limited.","Business model; Family firms; Globalization; Impulse response functions; KOF; Panel vector autoregression","","Article","Final","","Scopus","2-s2.0-85124715735"
"De Polis A.; Fernández-Gallardo Á.; Rosas J.N.","De Polis, Andrea (55794835400); Fernández-Gallardo, Álvaro (58722103600); Rosas, José Nicolás (60643847000)","55794835400; 58722103600; 60643847000","Oil supply shocks and inflation tail risks","2026","Economics Letters","267","","113096","","","0","10.1016/j.econlet.2026.113096","https://www.scopus.com/pages/publications/105042272216?origin=resultslist","We analyze the asymmetric transmission of oil supply news shocks to the inflation distribution in the United States, the Euro Area, and the United Kingdom. Using quantile local projections and high-frequency identification, we document a stark asymmetry across these three large advanced economies: while median responses are transitory, the 90th quantile exhibits significant and persistent increases beyond one year. This upside tail sensitivity, consistent with state-dependent pricing, suggests that supply shocks are structural innovations to the skewness of the inflation distribution. Monetary policy should actively monitor such persistent inflation tail risks to keep expectations anchored. © 2026 Elsevier B.V. All rights are reserved, including those for text and data mining, AI training, and similar technologies.","E31; E52; Inflation-at-risk; Non-linearities; Oil supply shocks; Q43; Quantile local projections; State dependence","","Article","Final","","Scopus","2-s2.0-105042272216"
"Ho Quoc T.; Shen W.","Ho Quoc, Tuan (58924878300); Shen, Wenyi (56453745400)","58924878300; 56453745400","The business cycle state-dependent effects of tax news: A joint-state analysis","2026","Economic Inquiry","64","2","","702","723","0","10.1111/ecin.70039","https://www.scopus.com/pages/publications/105027040605?origin=resultslist","This paper examines how the interaction of business cycles with the source of fluctuations and macroeconomic uncertainty shapes the impact of tax news on output. Using tax news from the municipal bond market and a smooth transition local projection, we find anticipated tax cuts are more contractionary in supply-driven than demand-driven recessions, and in high-uncertainty than low-uncertainty recessions. High market congestion in supply-driven recessions and elevated real option values in high-uncertainty recessions contribute to these stronger contractionary effects. The findings suggest that countercyclical tax policies may have unintended impacts during anticipation periods, depending on business cycle sources and uncertainty levels. © 2026 Western Economic Association International.","joint-state analysis; smooth transition local projection; state-dependent effects; tax news","","Article","Final","","Scopus","2-s2.0-105027040605"
"Berdiev A.N.; Saunoris J.W.","Berdiev, Aziz N. (41760935000); Saunoris, James W. (36127875000)","41760935000; 36127875000","On the Relationship Between Income Inequality and the Shadow Economy","2019","Eastern Economic Journal","45","2","","224","249","52","10.1057/s41302-018-0120-y","https://www.scopus.com/pages/publications/85054034425?origin=resultslist","We empirically investigate the linkages between income inequality and the shadow economy. Employing a panel vector autoregression model, we build impulse response functions to study the time path of income inequality following a shock to the shadow economy, and vice versa. Our results using panel data for 144 countries over the period 1960–2009 reveal a bidirectional positive relationship between the two: specifically, higher income inequality promotes the spread of the shadow economy while the development of the shadow economy contributes to income inequality. Overall, these findings withstand a variety of robustness checks. © 2018, EEA.","Income inequality; Panel VAR; Shadow economy","","Article","Final","","Scopus","2-s2.0-85054034425"
"Ahmed H.A.","Ahmed, Haydory Akbar (57211585569)","57211585569","Twin deficits, capacity utilization, and long-term unemployed: a nonlinear analysis","2026","International Economics and Economic Policy","23","4","87","","","0","10.1007/s10368-026-00786-9","https://www.scopus.com/pages/publications/105045277861?origin=resultslist","This study explores the dynamic interactions among the United States’ budget deficit, current account balance, capacity utilization, and long-term unemployment, with a focus on asymmetries across the business cycle. Using quarterly data from 1948 to 2023 and local projection methods, the findings offer limited support for the conventional twin deficits hypothesis. Instead, evidence suggests that during recessions, rising budget deficits are linked to improvements in the current account, aligning with Ricardian equivalence and driven by reduced import demand. Fiscal improvements yield lagged gains in external balance, while external balance gains often coincide with worsening fiscal positions, reflecting counter-cyclical policy. Fiscal expansions are found to boost capacity utilization and reduce long-term unemployment in downturns, suggesting strong government spending multipliers. In contrast, external balance improvements are associated with lower capacity utilization and higher unemployment, particularly during recessions, challenging views that blame trade deficits for job losses. The study also reveals that external balance responses to capacity utilization are state-dependent—positive in recessions but negative in expansions. These results underscore the importance of accounting for business cycle phases and labor market dynamics in evaluating fiscal and external balance interactions, offering a more nuanced perspective on the twin deficits debate. © The Author(s), under exclusive licence to Springer-Verlag GmbH Germany, part of Springer Nature 2026.","Asymmetry; Capacity utilization; Local projection; Long-term unemployment; Twin deficits","","Article","Final","","Scopus","2-s2.0-105045277861"
"Wang Y.; Ren Y.; Zhang B.; Li G.; Zhang F.; Jiang Q.","Wang, Yuxuan (59538629500); Ren, Yufei (57868426200); Zhang, Bitian (57212102276); Li, Guangdong (55911984900); Zhang, Fan (59458099600); Jiang, Qunou (36106732400)","59538629500; 57868426200; 57212102276; 55911984900; 59458099600; 36106732400","Disentangling the intricate nexus among economic growth, urbanization, carbon emission and human well-being: The evidence from 143 countries","2025","Journal of Cleaner Production","523","","146390","","","8","10.1016/j.jclepro.2025.146390","https://www.scopus.com/pages/publications/105013487539?origin=resultslist","Enhancing global human well-being is a core objective of the United Nations Sustainable Development Goals (SDGs). Although often perceived as key drivers of human well-being, the impacts of urbanization, economic growth, and energy consumption remain unclear when assessed under planetary pressure constraints at the global scale. This study employs the novel Planetary Pressures-Adjusted Human Development Index (PHDI) as a metric of human well-being. By integrating Dagum Gini index decomposition, panel cointegration estimation, Granger causality tests, and impulse-response functions, it further investigates global geographical inequality and examines the long-term, short-term, and bidirectional effects of economic growth, urbanization, and carbon emissions on PHDI, using panel data from 143 countries spanning 1995 to 2023. The spatial analyses reveal significant disparities and a catch-up effect, as lower-PHDI regions experienced faster improvements in well-being. The panel cointegration estimation reveals that GDP per capita and urbanization have positive long-term effects on human well-being, while carbon emissions contribute positively in the early stages but exert negative impacts over time. Notably, the bidirectional and dynamic interactions among them were revealed by the Granger causality and impulse-response functions, highlighting that the relative importance and direction of these factors vary substantially across countries with different income levels and stages. These findings underscore the importance of adopting integrated strategies and differentiated policy instruments to mitigate environmental trade-offs and ensure long-term well-being sustainability. © 2025 Elsevier Ltd","Carbon emissions; Global sustainable development; Planetary pressures-adjusted human development index (PHDI); Time-series econometric model; Urbanization","Carbon; Carbon Economy; Economic analysis; Economic and social effects; Energy utilization; Statistical tests; Sustainable development; Sustainable development goals; Time series; Carbon emissions; Econometric modelling; Economic growths; Global sustainable development; Human development index; Planetary pressure-adjusted human development index; Time-series econometric model; Times series; Urbanization; Well being; Impulse response","Article","Final","","Scopus","2-s2.0-105013487539"
"Cevik S.; Jalles J.","Cevik, Serhan (56085736700); Jalles, Joao (34869694600)","56085736700; 34869694600","Eye of the Storm: The Impact of Climate Shocks on Inflation and Growth","2024","Review of Economics","75","2","","109","138","17","10.1515/roe-2024-0005","https://www.scopus.com/pages/publications/85213414152?origin=resultslist","This paper examines the impact of climate-induced natural disasters on inflation and economic growth using a large panel of countries from 1970 to 2020. Employing the local projection method, we analyze how various disasters affect these economic indicators, acknowledging that climate shocks can simultaneously stimulate and suppress demand and supply, leading to complex outcomes. Our findings indicate significant yet varied responses in inflation and GDP growth across different types of disasters and regions. Notably, the economic impact differs starkly between advanced economies and developing countries, influenced by each group’s fiscal capacity and institutional strength to manage recovery. This contrast underscores the role of economic structure and fiscal health in shaping the resilience of nations to climate shocks, highlighting substantial disparities in the effects across income levels and economic conditions. © 2024 De Gruyter Oldenbourg. All rights reserved.","climate change; growth; inflation; local projections; natural disasters; panel data","","Article","Final","","Scopus","2-s2.0-85213414152"
"Ruankham W.; Pongpruttikul P.","Ruankham, Warawut (57015398300); Pongpruttikul, Phoommhiphat (58687158800)","57015398300; 58687158800","Unpacking the interconnectedness between macro economic policies and socioeconomic outcomes: A case of monetary policies and wealth inequality in the ASEAN region","2023","Asian Economic and Financial Review","13","12","","936","948","0","10.55493/5002.v13i12.4891","https://www.scopus.com/pages/publications/85176278360?origin=resultslist","This study aims to link the interconnectedness between the dynamic of macroeconomic policies and the distribution of wealth in the Association of Southeast Asian Nations (ASEAN) context through the lens of monetary policy. Time series and panel data from the World Inequality Database (WID) for six ASEAN countries from 2000 to 2021 and the panel vector autoregression (PVAR) were used to analyze the dynamic interactions between monetary policy and wealth inequality. The results suggest that lowering the policy interest rate, increasing inflation, and economic growth lead to a significant increase in wealth inequality in the short run. The impulse response function of the top 1% and top 10% wealthiest are more noticeable than those of the middle 40% and the bottom 50%. Additionally, the study highlights an interesting temporal dynamic, suggesting that the effects of monetary policy don't manifest instantaneously. Instead, these effects evolve gradually. This time lag indicates the complexity of how monetary interventions interact with economic factors and underscores the importance of patience and careful observation when assessing the outcomes of such policy decisions. The study's implications emphasize the importance for policymakers to consider the distributional effects of monetary policy in the long run policy objective.  © 2023 AESS Publications.","ASEAN; Distribution of wealth; Distributional effect; Monetary policy; Transmission mechanism; Wealth inequality; World inequality database","","Article","Final","All Open Access; Gold Open Access","Scopus","2-s2.0-85176278360"
"Omeje A.N.; Mba A.J.; Obodoechi D.N.; Ukwueze E.R.; Urama C.E.","Omeje, Ambrose Nnaemeka (57191645435); Mba, Augustine Jideofor (57219378545); Obodoechi, Divine N. (57217194511); Ukwueze, Ezebuilo R. (57190019099); Urama, Chinasa E. (57209294186)","57191645435; 57219378545; 57217194511; 57190019099; 57209294186","COVID-19, Environmental Pollution, and Climate Change Nexus in Sub-Saharan Africa","2023","Economic, Environmental and Health Consequences of Conservation Capital: A Global Perspective","","","","241","258","0","10.1007/978-981-99-4137-7_18","https://www.scopus.com/pages/publications/85197082368?origin=resultslist","The spread of coronavirus disease has globally affected all aspects of lives. Its impact on the environment and climate change in particular cannot be over-emphasized. Within a few months of trying to contain the spread of the disease, carbon dioxide emissions across the world decreased drastically to about one billion tons from the recorded 2019 industry and energy emissions of about 37 billion tons. Therefore, the present study utilized secondary high-frequency (quarterly) panel data generated among 40 sub-Saharan African countries and adopted the impulse response function of the panel vector autoregressive model to examine the response of environmental pollution and climate change to coronavirus pandemic. It was found that one standard innovation in environmental pollution and climate change produces significant positive effects on the pandemic. The implication of this result is that with a cumulative continuous rise in pandemic cases by one person, with a continuous observance of lockdown and other protocols, environmental pollution and unfavorable climate change would go down and/or improve by half in the next period. However, the impact of a shock on the pandemic today on future environmental pollution and unfavorable climate change decays or reverts to zero fast. The study therefore recommends that people and governments in SSA should strive to continue observing pandemic protocols and reduce environmental pollution. © The Editor(s) (if applicable) and The Author(s), under exclusive license to Springer Nature Singapore Pte Ltd. 2023.","Climate change; COVID-19; Greenhouse; Pandemic; Panel vector autoregressive; Pollution","","Book chapter","Final","","Scopus","2-s2.0-85197082368"
"Equiza-Goñi J.; Perez de Gracia F.","Equiza-Goñi, Juan (57142428600); Perez de Gracia, Fernando (7801418867)","57142428600; 7801418867","Impact of state-dependent oil price on US stock returns using local projections","2019","Applied Economics Letters","26","11","","919","926","8","10.1080/13504851.2018.1523610","https://www.scopus.com/pages/publications/85053492801?origin=resultslist","In this paper, we investigate the impact of oil prices on both aggregate and industry US real stock returns over the period 1973–2017. The empirical analysis contributes to the related literature introducing a state-dependent oil price (high and low) and the local projections approach. Our main finding is that, depending on the nature of the shock and industry, the negative effects of oil price shocks become exacerbated -and the positive effects get moderated- if oil prices are already high. © 2018, © 2018 Informa UK Limited, trading as Taylor & Francis Group.","economic policy uncertainty; local projections; State-dependent oil price; U.S. stock returns","United States; economic policy; oil trade; price dynamics; state role; stock market; uncertainty analysis","Article","Final","","Scopus","2-s2.0-85053492801"
"Hubrich K.; Teräsvirta T.","Hubrich, Kirstin (35617036500); Teräsvirta, Timo (6603666612)","35617036500; 6603666612","Thresholds and smooth transitions in vector autoregressive models","2013","Advances in Econometrics","32","","","273","326","61","10.1108/S0731-9053(2013)0000031008","https://www.scopus.com/pages/publications/84901426683?origin=resultslist","This survey focuses on two families of nonlinear vector time series models, the family of vector threshold regression (VTR) models and that of vector smooth transition regression (VSTR) models. These two model classes contain incomplete models in the sense that strongly exogeneous variables are allowed in the equations. The emphasis is on stationary models, but the considerations also include nonstationary VTR and VSTR models with cointegrated variables. Model specification, estimation and evaluation is considered, and the use of the models illustrated by macroeconomic examples from the literature. Copyright © 2013 by Emerald Group Publishing Limited.","Common nonlinearity; Impulse response analysis; Linearity testing; Multivariate nonlinear model; Nonlinear cointegration; Threshold estimation","","Review","Final","","Scopus","2-s2.0-84901426683"
"Funashima Y.","Funashima, Yoshito (55578342700)","55578342700","Renewable energy and energy-related uncertainty in the voluntary provision of global public goods","2026","Economics of Governance","27","1","35","","","0","10.1007/s10101-026-00374-2","https://www.scopus.com/pages/publications/105044146501?origin=resultslist","Renewable energy has been promoted globally to mitigate climate change, yet its adoption is often hindered by the free-rider problem inherent in the voluntary provision of global public goods. This paper investigates whether the promotion of renewable energy provides a national-level benefit by functioning as a buffer against energy-related uncertainty. Utilizing a state-dependent model and local projections for a panel of 28 countries from 2000 to 2022, we analyze the dynamic response of the Energy-related Uncertainty Index (EUI) to its own unpredictable shocks. Our empirical results demonstrate that a high share of renewable energy in total final energy consumption effectively offsets fluctuations in energy-related uncertainty. Specifically, in a high renewable energy share regime, the impact of an EUI shock is significantly moderated 1–2 months after the initial disturbance compared to a low-share regime. These findings provide a novel economic rationale for national policy interventions by showing that the stabilizing effects of renewable energy accrue as a private benefit to the domestic economy rather than a purely global, non-excludable gain. By acting as an internal mitigating factor against energy-market shocks, renewable energy use shifts the incentive structure from global altruism to national risk management, offering a practical pathway for countries to accelerate the attainment of Target 7.2 of the Sustainable Development Goals (SDGs). © The Author(s) 2026.","Energy-related uncertainty; Local projections; Renewable energy; Sustainable Development Goals; Uncertainty management","","Article","Final","All Open Access; Hybrid Gold Open Access","Scopus","2-s2.0-105044146501"
"Amendola M.; Ciampa V.; Germani L.","Amendola, Marco (58135752700); Ciampa, Valerio (57217854870); Germani, Lorenzo (59123742000)","58135752700; 57217854870; 59123742000","The distributional effects of labour market deregulation: Wage share and fixed-term contracts","2024","Structural Change and Economic Dynamics","69","","","328","338","7","10.1016/j.strueco.2023.12.013","https://www.scopus.com/pages/publications/85182191248?origin=resultslist","Since the 1980s, most advanced economies have massively ‘flexibilized’ their labour markets by reducing the protection against layoffs and introducing temporary and flexible contracts. Concurrently, a well-established economic stylized fact – the stability of the wage share of income – has been challenged as empirical evidence reveals a substantial decline in labour share across numerous countries. In this study, we aim to empirically investigate the causal link between these two phenomena by examining the impact of changes in the regulation of fixed-term contracts, as measured by variation over time in the temporary contracts EPL index, on the functional distribution of income. We employ Jordà’s local projection method for a panel of 18 advanced countries over the period 1985–2019 and show that reforms that deregulate fixed-term contracts consistently reduce the wage share. © 2023","Income distribution; Labour market reforms; Panel local projections; Temporary employment; Wage share","income distribution; labor market; labor relations; panel data; wage determination","Article","Final","","Scopus","2-s2.0-85182191248"
"Hwang I.; Kim J.; Zhu X.","Hwang, Inwook (57231776200); Kim, Jaebeom (57191681586); Zhu, Xiaoyang (57752749500)","57231776200; 57191681586; 57752749500","Business Cycle State-Dependent Effects of Oil Price Uncertainty on the U.S. Economy","2026","B.E. Journal of Macroeconomics","26","1","","349","384","0","10.1515/bejm-2026-0004","https://www.scopus.com/pages/publications/105042102958?origin=resultslist","This paper investigates how oil price uncertainty shocks affect the U.S. economy asymmetrically during recessions and expansions, using quarterly data from 1969:Q1-2024:Q2. Using a Smooth-Transition Local Projections framework, we find robust evidence that uncertainty shocks significantly reduce output, raise unemployment, and dampen inflation more during recessions. In contrast, non-recessionary periods exhibit muted and shorter-lived effects. Monetary policy responds more aggressively when the economy is already weak, cutting interest rates further. Mechanism analysis reveals that these asymmetries operate through aggregate demand sensitivity, financial constraints, cost pass-through dynamics, and inflation expectations. These findings highlight the importance of accounting for state-dependent mechanisms when designing policies to mitigate the adverse impacts of oil price uncertainty shocks.  © 2026 the author(s), published by De Gruyter, Berlin/Boston.","oil price uncertainty shocks; Smooth Transition Local Projection; state-dependent","","Article","Final","All Open Access; Hybrid Gold Open Access","Scopus","2-s2.0-105042102958"
"Ginn W.","Ginn, William (57202815176)","57202815176","ENSO-Augmented Phillips Curve: Evidence From Panel Local Projections","2026","Oxford Bulletin of Economics and Statistics","88","5","","937","965","2","10.1111/obes.70024","https://www.scopus.com/pages/publications/105019095614?origin=resultslist","This paper presents a state-dependent extension of the Phillips Curve using a local projections (LPs) panel model based on data from 14 countries between January 1999 and December 2023. State dependence arises from the asymmetric effects of the El Niño–Southern Oscillation (ENSO), which alternates between El Niño and La Niña phases. The results reveal two dimensions of this asymmetry. First, the Phillips Curve is steeper during La Niña episodes, with inflation responding more strongly to unemployment gaps. Second, we find evidence of dynamic propagation: La Niña episodes produce stronger and more persistent inflationary effects than El Niño. These findings underscore the importance of incorporating ENSO-related asymmetries into macroeconomic models. © 2025 Oxford University and John Wiley & Sons Ltd.","ENSO; inflation; local projections; Phillips curve","","Article","Final","","Scopus","2-s2.0-105019095614"
"Mierzwa S.","Mierzwa, Sascha (57761410000)","57761410000","Spillovers from tax shocks to the Euro area","2025","Oxford Economic Papers","77","1","","234","255","8","10.1093/oep/gpae024","https://www.scopus.com/pages/publications/85214559220?origin=resultslist","I study the spillover effects of legislated discretionary tax changes in the USA, Germany, and the UK to a panel of eleven Eurozone countries for the period 1980Q1-2018Q4 employing Local Projections. When considering aggregated tax shocks, I find little evidence for significant spillovers. When allowing for state-dependent effects, I find no effects of German or US tax cuts regardless of the state of the business cycle. When allowing for asymmetric effects, there is, in general, evidence for negative (positive) spillovers from US, German, and UK tax hikes (UK tax cuts). US tax hikes always cause adverse spillovers, whereas the effects for Germany and the UK are state dependent. When considering country-specific effects, the effects turn out as heterogeneous across the Eurozone countries. UK tax cuts are generally expansionary, whereas US (German) tax cuts cause positive spillovers mainly during recessionary (non-recessionary) times.  © 2024 Oxford University Press. All rights reserved.","asymmetric effects; Eurozone; fiscal policy; fiscal spillovers; Germany; legislated tax changes; local projections; narrative approach; state dependence; tax policy; UK; USA","Germany; United Kingdom; United States; asymmetry; fiscal policy; spillover effect; state role; tax system","Article","Final","All Open Access; Green Open Access","Scopus","2-s2.0-85214559220"
"Rubia A.; Sanchis-Marco L.","Rubia, Antonio (9250789300); Sanchis-Marco, Lidia (55496811500)","9250789300; 55496811500","Measuring tail-risk cross-country exposures in the banking industry","2017","Revista de Economia Aplicada","25","74","","27","74","2","","https://www.scopus.com/pages/publications/85031495983?origin=resultslist","This paper analyzes the vulnerability of the banking industry in advanced and emerging economic to shocks originated in or transmitted by banks in a foreign area under stressed and non-stressed conditions. The main aim is to measure cross-country sensitivities that feature systemic contagion in the international banking system and characterize how systemic shocks are propagated. To this end, we estimate the sensitivity of the expected-loss function in the local banking industry to contemporaneous shocks in foreign expected- loss functions in a dynamic equation system during the period December 1999 through November 2013, after controlling for global exposures to common factors, and considering stressed and non-stressed economic scenarios. We implement instrumental estimation to ensure robust estimates against endogeneity and characterize impulse-response functions to appraise the expected duration of tail-contagion. Our study reveals that cross-country vulnerabilities exhibit strong state-dependent patterns which largely increase during periods of distress. During tranquil or normal periods, shocks cause minor or no significant impacts are quickly absorbed by the domestic systems. Under stressed market conditions, however, even idiosyncratic shocks can trigger a pronounced response in other areas with effects that tend to last over long periods of time. Our analysis also reveals the existence of directionality in cross-border contagion, with the US banking sector being the greatest source of financial contagion worldwide and, simultaneously, being more resilient than other areas. Furthermore, systematic exposures to Central EMU area are largely significant than Peripheral Europe, being US the most vulnerable country to shocks originating in Central EMU. Finally, US and Eurozone are sensitive to shocks in Emerging banking system. © 2017, Universidad de Zaragoza. All Rights Reserved.","Bank contagion; Expectiles; SDSVaR","","Article","Final","","Scopus","2-s2.0-85031495983"
"Boto-García D.","Boto-García, David (57203872028)","57203872028","The elasticity of tourist arrivals to oil prices","2026","Tourism Economics","32","6","","1335","1346","0","10.1177/13548166251364305","https://www.scopus.com/pages/publications/105012626955?origin=resultslist","This paper employs a novel identification strategy to provide a consistent estimate of the elasticity of tourist arrivals with respect to oil prices. We exploit OPEC announcements about future production as exogenous shocks to oil prices within an instrumental variables’ framework. Using monthly panel data on international and domestic tourist arrivals for 23 European countries from 2005:1 to 2019:12, we estimate an average elasticity of −0.2 for both segments. Auxiliary analyses reveal the existence of relevant heterogeneity across geographical areas. When considering dynamic effects using instrumental panel local projections (LP-IV), we find evidence of long-lasting negative impacts of oil price spikes on both international and domestic tourism inflows. The use of an exogenous instrument for oil prices addresses endogeneity concerns and underscores the importance of isolating supply-driven price changes to obtain unbiased estimates of the transportation cost elasticity of tourism demand. © The Author(s) 2025","instrumental variables; oil prices; panel data; panel local projections; tourism demand","Europe; commodity price; international tourism; oil supply; panel data; tourism economics; travel demand","Article","Final","","Scopus","2-s2.0-105012626955"
"Lyu Y.; Noh E.","Lyu, Yifei (57211316247); Noh, Eul (57224543073)","57211316247; 57224543073","Cyclical variation in US government spending multipliers","2022","Economic Inquiry","60","2","","831","846","0","10.1111/ecin.13046","https://www.scopus.com/pages/publications/85120562910?origin=resultslist","To estimate state-dependent US output multipliers of government spending, we build a Markov-switching fiscal VAR assuming that the economy is subject to unobservable regime shifts. We combine variables in the VAR and external qualitative indicators to infer the regimes and find that they match well with the business cycle. To account for the possibility of regime shifts after a shock, we compute generalized impulse responses using a novel recursive method. We find the multipliers smaller than 1 in both regimes, but statistically larger in recessions than in expansions. We reconcile our results with the main findings in the previous studies. © 2021 Western Economic Association International.","generalized impulse response; government spending multiplier; Markov-switching; VAR","","Article","Final","","Scopus","2-s2.0-85120562910"
"Cancelo J.R.; Mourelle E.","Cancelo, José Ramón (8836161000); Mourelle, Estefanía (8901755200)","8836161000; 8901755200","Modeling cyclical asymmetries in GDP: International evidence","2005","Atlantic Economic Journal","33","3","","297","309","5","10.1007/s11293-005-8172-x","https://www.scopus.com/pages/publications/25144490124?origin=resultslist","This paper models asymmetric behavior in GDP growth in the USA, Germany, France, and Japan. It develops smooth transition autoregressive models and interprets nonlinear dynamics in terms of cyclical asymmetries. A procedure for defining data-based, qualitative cyclical regimes from the estimated models is proposed, and generalized impulse response functions are computed to assess to what extent the response to a shock changes over different phases of the cycle. © International Atlantic Economic Society 2005.","","","Article","Final","","Scopus","2-s2.0-25144490124"
"Qi Y.-Z.; Fang X.; Chen M.; Ma S.; Fang J.-M.","Qi, Yong-Zheng (60020738100); Fang, Xiancang (60020692900); Chen, Mo (60020661000); Ma, Shenglin (58798398300); Fang, Ji-Ming (60156407500)","60020738100; 60020692900; 60020661000; 58798398300; 60156407500","Monetary policy shocks and the dynamic response of bank risk: evidence of nonlinear transmission through interest rate exposure","2026","Applied Economics","","","","","","1","10.1080/00036846.2026.2649389","https://www.scopus.com/pages/publications/105034414240?origin=resultslist","This paper investigates the dynamic and state-dependent transmission of monetary policy shocks to bank risk, focusing on the role of balance sheet interest rate exposure. Using high-frequency identification to construct exogenous monetary policy shocks for China, we combine local projections with local polynomial regression to analyse a comprehensive panel of 229 commercial banks. Results from local projections indicate that contractionary monetary policy shocks significantly increase bank risk, following a hump-shaped pattern over a five-year horizon: an immediate, substantial impact, followed by attenuation and a resurgence in later horizons. The shock effects are asymmetric, being more pronounced under tightening shocks. Local polynomial regression further reveals that the transmission mechanism exhibits highly nonlinear characteristics, reflecting a trade-off between marginal gains and marginal losses. Macroprudential policies are found to partially mitigate these risks. Our findings, robust to extensive endogeneity checks, suggest that balance sheet composition is a critical determinant of monetary policy’s impact on financial stability, offering key insights for risk management and regulatory design in emerging markets. © 2026 Informa UK Limited, trading as Taylor & Francis Group.","bank risk; interest rate exposure; Monetary policy transmission; nonlinear characteristics","","Article","Article in press","","Scopus","2-s2.0-105034414240"
"Rahman S.; Serletis A.","Rahman, Sajjadur (25522639600); Serletis, Apostolos (7003806708)","25522639600; 7003806708","The asymmetric effects of oil price and monetary policy shocks: A nonlinear VAR approach","2010","Energy Economics","32","6","","1460","1466","78","10.1016/j.eneco.2010.06.003","https://www.scopus.com/pages/publications/78149407467?origin=resultslist","In this paper we investigate the asymmetric effects of oil price shocks and monetary policy on macroeconomic activity, using monthly data for the United States, over the period from 1983:1 to 2008:12. In doing so, we use a logistic smooth transition vector autoregression (VAR), as detailed in Terasvirta and Anderson (1992) and Weise (1999), and make a distinction between two oil price volatility regimes (high and low), using the realized oil price volatility as a switching variable. We isolate the effects of oil price and monetary policy shocks and their asymmetry on output growth and, following Koop et al. (1996) and Weise (1999), we employ simulation methods to calculate Generalized Impulse Response Functions (GIRFs) to trace the effects of independent shocks on the conditional means of the variables. Our results suggest that in addition to the price of oil, oil price volatility has an impact on macroeconomic activity and that monetary policy is not only reinforcing the effects of oil price shocks on output, it is also contributing to the asymmetric response of output to oil price shocks. © 2010 Elsevier B.V.","Crude oil; Non linear vector autoregression; Volatility","United States; Crude oil; Gas industry; Impulse response; Regression analysis; Value engineering; Andersons; Asymmetric response; Conditional means; Impulse response functions; Monetary policies; Non-linear; Oil price shocks; Oil price volatility; Oil Prices; Simulation methods; Smooth transitions; Volatility; asymmetry; crude oil; energy market; macroeconomics; monetary policy; oil production; oil supply; price dynamics; vector autoregression; Costs","Article","Final","","Scopus","2-s2.0-78149407467"
"Ziesemer T.H.W.","Ziesemer, Thomas H. W. (6507243744)","6507243744","Public R&D and Growth: A Dynamic Panel Vector-Error-Correction Model Analysis for 14 OECD Countries","2024","Economies","12","8","216","","","4","10.3390/economies12080216","https://www.scopus.com/pages/publications/85202465408?origin=resultslist","This paper addresses the controversial issue of the direct and indirect effects of public R&D on growth. We look at six variables of R&D-driven growth jointly for 14 OECD countries using methods of dynamic systems for panel data analysis: GDP, technical change, domestic and foreign businesses and public R&D. Cointegration tests suggest four long-run relations for the six variables. We estimate these relations using group mean versions of fully modified and dynamic OLS. Domestic public R&D has positive long-run regression coefficients for direct effects on productivity and indirect ones via private R&D. Here, we build a panel vector-error-correction model with these long-term relations. Shocks to domestic public R&D enhance domestic private R&D, technical change and the GDP. Permanent changes in foreign public and private R&D have positive growth effects, which are transitional for foreign public R&D. © 2024 by the author.","growth; impulse response; OECD; panel cointegration; panel VECM; productivity; R&D","","Article","Final","All Open Access; Gold Open Access; Green Open Access","Scopus","2-s2.0-85202465408"
"Zhang Y.; Wang R.; Yao D.","Zhang, Ying (56626194900); Wang, Rui (57184497900); Yao, Dongqi (57191843561)","56626194900; 57184497900; 57191843561","Does defence expenditure have a spillover effect on income inequality? A cross-regional analysis in China","2017","Defence and Peace Economics","28","6","","731","749","11","10.1080/10242694.2016.1245812","https://www.scopus.com/pages/publications/84994099894?origin=resultslist","China’s defence expenditure has been growing rapidly along with GDP growth during the past two decades. Meanwhile, the income gap has continued to increase. There are conflicting views regarding whether the defence expenditure is capable of reducing income inequality. Therefore, this paper investigates the existence of any spillover effect of defence expenditure on income inequality, with a special focus on the regional differences among 31 provinces and 7 military regions in China. We extend panel cointegration and the impulse response function by using panel data during the period of 1997–2012. The empirical results show that the defence expenditure has an impact on income inequality, and the effect varies over different regions in China. The defence expenditure has a spillover effect on income inequality in the full sample panel and the southeastern panel. An increase in the defence expenditure does not crowd out social welfare spending due to the high level of economic development and government expenditure. On the contrary, in the northern panel, the effect is opposite because of the unbalanced economic development levels within the panel. Beijing as the capital of China, benefits more from the expansion of defence expenditure thus widening the income gap. In addition, the impulse response analyses further confirm a stronger effect of the defence expenditure on income inequality in the northern and the southeastern panels over a short period. © 2016 Informa UK Limited, trading as Taylor & Francis Group.","Defence expenditure; Impulse response function; Income inequality; Panel cointegration; Spillover effect","","Article","Final","","Scopus","2-s2.0-84994099894"
"Chen H.; Li R.; Tillmann P.","Chen, Hongyi (55933731500); Li, Ran (56589257800); Tillmann, Peter (6602768235)","55933731500; 56589257800; 6602768235","Pushing on a string: State-owned enterprises and monetary policy transmission in China","2019","China Economic Review","54","","","26","40","60","10.1016/j.chieco.2018.10.005","https://www.scopus.com/pages/publications/85055133301?origin=resultslist","This paper studies whether monetary transmission in China is asymmetric. While researchers have found an asymmetric transmission in the US and other economies, China offers a specific rationale for asymmetries: the presence of state-owned enterprises (SOEs) with preferential access to financing. To study the consequences of SOEs for monetary policy transmission, we differentiate between expansionary and restrictive policy shocks and argue that SOEs generally suffer less from a policy tightening and benefit more from a policy easing. Based on sector-specific macroeconomic time series and a large firm-level data set, we provide evidence of a systematic and sizeable asymmetry in the transmission of monetary policy shocks in China. The nature of the asymmetry is consistent with the notion of explicit or implicit government guarantees of SOEs and has consequences for the adjustment of aggregate variables. In contrast to other central banks, the People's Bank of China seems able to “push on a string”. © 2018 Elsevier Inc.","Financial system; Firm-level data; Monetary transmission; State-dependent local projections; State-owned enterprises; VAR","","Article","Final","","Scopus","2-s2.0-85055133301"
"Jacho D.; Cruz Z.; Carrillo-Maldonado P.","Jacho, Domenica (58718605300); Cruz, Zoe (58508153100); Carrillo-Maldonado, Paul (57193525129)","58718605300; 58508153100; 57193525129","Effect of terms of trade on the Latin American Labor market","2024","International Economics","180","","100552","","","4","10.1016/j.inteco.2024.100552","https://www.scopus.com/pages/publications/85205994050?origin=resultslist","This paper analyzes the effects of terms of trade shocks on the labor market of Latin American countries. We apply the local projections in panel data to estimate the dynamic response of labor variables of 17 sample countries in the period 1980–2019. Our results show that labor indicators respond positively on average in the short term. The labor market, however, deteriorates in the medium term as a consequence of the terms of trade shocks. We also find that the informal rate decreases only in the first year as the ratio to exports–imports prices increases. We identify that the economies with flexible exchange rates, flexible labor rules, and other characteristics mitigate this negative effect of terms of trade in the medium term. © 2024 The Authors","Employment; Informality; Latin american; Local projections; Terms of trade","","Article","Final","All Open Access; Hybrid Gold Open Access","Scopus","2-s2.0-85205994050"
"Han V.; Öcal O.; Elmacıoğlu N.","Han, Volkan (57576500000); Öcal, Oğuz (35763433100); Elmacıoğlu, Nimet (60541296100)","57576500000; 35763433100; 60541296100","Flying Towards Pollution? The Environmental Impacts of Air Cargo, Economic Growth and PM2.5 Emissions in Emerging Asia","2026","Millennial Asia","","","","","","0","10.1177/09763996261427523","https://www.scopus.com/pages/publications/105034083867?origin=resultslist","Environmental sustainability is a central concern in rapidly developing regions. This article investigates dynamic interactions among PM2.5, economic growth, trade, international tourism expenditures and air cargo transport for emerging Asian economies over the period 1990–2023. Using panel data methods with variance decomposition, we show that PM2.5 is predominantly self-driven in the short run but increasingly shaped by external macroeconomic and sectoral forces over time. Air cargo transport has emerged as the most influential external source of variation in PM2.5. International tourism expenditures contribute to additional variations in PM2.5, suggesting that tourism-related mobility and consumption can influence air-quality dynamics through indirect channels. GDP shocks are associated with higher PM2.5, while the non-linear income dynamics captured by GDP and its squared term are broadly consistent with an environmental Kuznets curve–type relationship in the impulse–response patterns. Air cargo transport exhibits a nuanced effect: it is associated with short-run reductions in PM2.5 in the estimated dynamics, while its overall influence remains substantial in explaining longer-horizon fluctuations. Overall, the results indicate strong internal persistence in PM2.5, alongside an increasingly important role for transport-related shocks over longer horizons, motivating cleaner production and sustainable logistics policies. © 2026 Association of Asia Scholars","air pollution; economies; environmental chemistry; Environmental studies; substance and processes","","Article","Article in press","","Scopus","2-s2.0-105034083867"
"Amado C.; Garrón I.; Veiga H.","Amado, Cristina (55934658400); Garrón, Ignacio (57201619158); Veiga, Helena (57200590628)","55934658400; 57201619158; 57200590628","On the relationship of country geopolitical risk on energy inflation","2025","Applied Economics Letters","","","","","","0","10.1080/13504851.2025.2547098","https://www.scopus.com/pages/publications/105013463259?origin=resultslist","This paper addresses the effect of country geopolitical risk on energy inflation by employing a methodology that combines fixed effects panel quantile regressions and local projections. Results show that adverse country-specific geopolitical events are associated with upside risks on energy inflation whereas the analysis provides insufficient evidence for both the median and left tail of the energy inflation distribution. © 2025 Informa UK Limited, trading as Taylor & Francis Group.","energy inflation; fixed effects; Geopolitical risk; panel data; quantile regression","","Article","Article in press","","Scopus","2-s2.0-105013463259"
"Zehri C.; El Amin B.M.; Kadja A.; Inaam Z.; Sekrafi H.","Zehri, Chokri (57170678200); El Amin, Bendahmane Mohammed (58974659300); Kadja, Amina (58974544900); Inaam, Zgarni (57189889951); Sekrafi, Habib (57204207959)","57170678200; 58974659300; 58974544900; 57189889951; 57204207959","Decent work, financial inclusion, and economic growth: Analysis under the SDG 8","2024","Heritage and Sustainable Development","6","1","","197","218","13","10.37868/hsd.v6i1.370","https://www.scopus.com/pages/publications/85189679645?origin=resultslist","We investigate the potential influence of decent work and financial inclusion on economic growth, aligning our analysis with the United Nations Sustainable Development Goal 8 (SDG 8). Analyzing a diverse set of 26 low-income, 20 middle-income, and 15 high-income countries, we utilize a dynamic fixed-effect panel data approach and apply the Generalized Method of Moments from 2010 to 2021. The findings highlight that favorable conditions for decent work and increased access to digital financial services contribute positively to economic growth. The synergistic effect of these SDG 8 components is notably pronounced in high-income countries, with greater potential for elevated economic growth rates. Conversely, no discernible impact is observed on the economic growth of low-income countries. The results for middle-income countries present nuanced coefficient outcomes, offering a more intricate interpretation of their economic dynamics. An extensive impulse-response analysis, conducted using a Panel Vector Autoregression model, demonstrates distinct impacts of shocks related to decent work and financial inclusion across various income categories of countries. Our findings pass various robustness checks, affirming their reliability and suggesting significant policy implications for recognizing the crucial role of decent work and financial inclusion in fostering economic growth. © The Author 2024.","Decent work; Digital; Economic growth; Financial inclusion; SDG 8","","Article","Final","All Open Access; Gold Open Access; Green Open Access","Scopus","2-s2.0-85189679645"
"Chrysanthakopoulos C.; Konstantakopoulou I.; Petrakis P.E.","Chrysanthakopoulos, Christos (57199519362); Konstantakopoulou, Ioanna (36124985200); Petrakis, Panagiotis E. (6701675059)","57199519362; 36124985200; 6701675059","Lifelong Learning and Income Inequality: Panel Evidence from 30 Countries","2026","Journal of the Knowledge Economy","","","","","","0","10.1007/s13132-026-03434-4","https://www.scopus.com/pages/publications/105047216380?origin=resultslist","Recent developments in technology direct us to a rapid restructuring of labor market skill requirements, which situates lifelong learning at the center of policies whose aim is to respond to increasing inequality. Although interest is growing, the macroeconomic association between lifelong learning and income inequality is still largely unexplored at the cross-country level. The present paper presents the necessary evidence regarding this relationship through panel data for 30 countries covering the period of 2004–2022. Using panel local projections with instrumental variables, to address endogeneity, we discovered that a 1 p.p. increase in lifelong learning participation led to a progressive reduction in the Gini coefficient of 0.26 points. The effects are more pronounced in both periphery countries and individuals with lower levels of formal education. The findings indicate that to reduce inequality a successful policy instrument is focused investment in lifelong learning, particularly in less developed economies and for low-skilled workers. © The Author(s) 2026.","Education policy; Income inequality; Lifelong learning; Panel data; Skill development","","Article","Article in press","All Open Access; Hybrid Gold Open Access","Scopus","2-s2.0-105047216380"
"Zurita J.","Zurita, Juan (57578611400)","57578611400","Does household debt affect the transmission mechanism of monetary policy?","2026","Macroeconomic Dynamics","30","","e40","","","0","10.1017/S1365100526101163","https://www.scopus.com/pages/publications/105042519655?origin=resultslist","We investigate the aggregate effects of household debt on a monetary policy easing shock using a smooth transition vector autoregression model. Using generalized impulse response functions, we measure whether the effect of a reduction in interest rate on output is conditioned by different levels of household debt in Australia, Sweden and Norway, three developed economies with high levels of household indebtedness, and in the world’s seven largest economies. Our findings show that the short-term effects of a reduction in interest rates are generally stronger during periods of high household debt. On average, the monetary stimulus (on impact) is 0.06% (percent of GDP) larger in Norway and the United States during periods of high household debt. Our findings also suggest high levels of household debt may diminish the persistence of monetary policy shocks in the medium term (4–8 quarters). © The Author(s), 2026. Published by Cambridge University Press.","Bayesian; household debt; Monetary policy; non-linear dynamics","","Article","Final","All Open Access; Green Open Access; Hybrid Gold Open Access","Scopus","2-s2.0-105042519655"
"Çerçil İ.; Aksaray G.","Çerçil, İrfan (59980202800); Aksaray, Gorkem (57202134095)","59980202800; 57202134095","Monetary policy and inequality: Distributional effects of asset purchase programs","2025","Journal of International Money and Finance","157","","103384","","","1","10.1016/j.jimonfin.2025.103384","https://www.scopus.com/pages/publications/105010102760?origin=resultslist","Income and wealth inequality have been steadily rising in developed countries since the 1970s. Unconventional monetary policy has recently come under increasing scrutiny for its role in exacerbating this trend. In response to the 2008 global financial crisis, central banks in many developed countries have started to engage in large-scale asset purchase programs (APPs), also known as quantitative easing (QE), to stimulate their economies. This paper investigates how these programs have influenced inequality. Using panel data from 49 countries between 1999 and 2019, we apply local projections (LP) method to estimate the average treatment effect (ATE) of APPs on income and wealth inequality. To address endogeneity, we use propensity scores and the augmented inverse probability weighting (AIPW) estimator. Our results reveal a discernible relationship between APPs and increased inequality. Specifically, we find that while the impact of APPs on income inequality fades over time, their effect on wealth inequality is more pronounced and persistent. Our research contributes to the ongoing debate about the distributional consequences of monetary policy, offering practical insights for policymakers. © 2025 The Author(s)","Asset purchase programs; Income and wealth inequality; Local projections; Monetary policy; Panel data methods; Propensity scores; Quantitative easing","","Article","Final","All Open Access; Hybrid Gold Open Access","Scopus","2-s2.0-105010102760"
"Wang J.; Jia L.","Wang, Jia (57204957488); Jia, Li (24178778600)","57204957488; 24178778600","Research on the relationship between China’s forestry fixed asset investment and forestry economic growth in the construction of ecological civilization","2018","Paper Asia","2018","COMPENDIUM 6","","27","31","0","","https://www.scopus.com/pages/publications/85058128740?origin=resultslist","Forestry is the main body of ecological civilization construction and the basic industry of the national economy. The development of the forestry industry plays an important role in promoting the growth of the national economy and protecting the national ecological security. This paper adopts measurement techniques such as unit root test, Johanson co-integration test and impulse response of panel data, and uses VAR model and data of 2013 - 2016 of forestry fixed assets investment and forestry economic growth to investigate and study the balance and short-term dynamic relationship between forestry fixed assets investment and forestry economic growth. Through research, it has been found that the total output value of forestry and the time series of forestry fixed asset investment have the same order monotony, and there is a long-term stable equilibrium relationship and a causal relationship between two-way interaction. From the VAR test results, the two have a strong degree of mutual influence. © 2018, STS Science Centre Ltd. All rights reserved.","Collective forest rights; Forestry economic growth; Forestry fixed asset investment; VAR model","Construction; Construction; Data; Data; Ecology; Ecology; Equilibrium; Equilibrium; Forestry; Forestry; Growth; Growth; Investment; Investment; Test Methods; Test Methods; Ecology; Forestry; Impulse response; Investments; Timber; Value engineering; Causal relationships; Co-integration tests; Ecological security; Economic growths; Fixed asset investments; Forest rights; Measurement techniques; VAR models; Industrial economics","Article","Final","","Scopus","2-s2.0-85058128740"
"Akitoby B.; Honda J.; Miyamoto H.","Akitoby, Bernardin (25421291800); Honda, Jiro (57221746452); Miyamoto, Hiroaki (59811465200)","25421291800; 57221746452; 59811465200","Countercyclical fiscal policy and gender employment: Evidence from the G-7 countries","2022","IZA Journal of Labor Policy","12","1","20220005","","","6","10.2478/izajolp-2022-0005","https://www.scopus.com/pages/publications/85135906079?origin=resultslist","Would countercyclical fiscal policy during recessions improve or worsen the gender employment gap? We answer this question by exploring the state-dependent impact of fiscal spending shocks on employment by gender in the G-7 countries. Using the local projection method, we find that, during recessions, a positive fiscal spending shock increases female employment more than male employment, contributing to gender employment equality. Our findings are driven by disproportionate employment changes in female-friendly industries, occupations, and part-time jobs in response to fiscal spending shocks. The analysis suggests that fiscal stimulus, particularly during recessions, could achieve the twin objectives of supporting aggregate demand and improving gender gaps.  © 2022 Bernardin Akitoby et al., published by Sciendo.","employment; fiscal policy; Gender gap","","Article","Final","All Open Access; Green Open Access; Hybrid Gold Open Access","Scopus","2-s2.0-85135906079"
"Klein M.; Winkler R.","Klein, Mathias (56496047100); Winkler, Roland (54416717900)","56496047100; 54416717900","Austerity, inequality, and private debt overhang","2019","European Journal of Political Economy","57","","","89","106","12","10.1016/j.ejpoleco.2018.08.003","https://www.scopus.com/pages/publications/85052312982?origin=resultslist","Using panel data of 17 OECD countries for 1980–2011, we find that the distributional consequences of fiscal consolidations depend significantly on the level of private indebtedness. Austerity leads to a strong and persistent increase in income inequality during periods of private debt overhang. In contrast, there are no discernible distributional effects when private debt is low. This result is robust to alternative identifications of fiscal consolidations, to different ways of defining periods of private debt overhang, and to controlling for the state of the business cycle and the level of government debt. We explore different channels through which our findings can be rationalized. © 2018 Elsevier B.V.","Austerity; Fiscal policy; Inequality; Local projections; Private debt","","Article","Final","","Scopus","2-s2.0-85052312982"
"Carrera J.; Montes-Rojas G.; Solla M.; Toledo F.","Carrera, Jorge (33467588600); Montes-Rojas, Gabriel (14833342900); Solla, Mariquena (59988380200); Toledo, Fernando (57203843607)","33467588600; 14833342900; 59988380200; 57203843607","Unanticipated Shocks to the Fed and Exchange Rate Market Pressures","2026","Open Economies Review","37","1","","155","174","0","10.1007/s11079-025-09818-4","https://www.scopus.com/pages/publications/105010440182?origin=resultslist","We analyze the impact of different unanticipated monetary policy shocks in the United States on other countries’ exchange rate market pressure index. Using the local projection method, we estimate a quarterly panel vector autoregressive model for 38 advanced and developing economies for 1997–2018 and calculate cumulative impulse response functions. We find that forward guidance shocks and the central bank information content of monetary policy are more important than conventional monetary policy shocks in explaining the increase in this indicator. When examining the exchange rate market pressure index in developing economies, its increasing response is more pronounced in the case of the unanticipated monetary policy shock series. These findings are important for determining how policymakers could adopt macroprudential regulations to dissociate their monetary and exchange rate policies from unanticipated monetary policy shocks in the United States. © The Author(s), under exclusive licence to Springer Science+Business Media, LLC, part of Springer Nature 2025.","Exchange rate market pressures; Monetary policy; Panel data models; Unanticipated shocks","United States; developing world; exchange rate; market conditions; monetary policy; policy analysis","Article","Final","All Open Access; Green Open Access","Scopus","2-s2.0-105010440182"
"Siwela W.","Siwela, Witness (59147720900)","59147720900","Does Corporate Environmental Performance Influence Investors’ Share Ownership? Evidence from the FTSE/JSE Responsible Investment Index","2025","International Journal of Economics and Financial Issues ","15","4","","248","258","0","10.32479/ijefi.17445","https://www.scopus.com/pages/publications/105008821584?origin=resultslist","A plethora of recent studies posit high relevance to the investigation of the impact that environmental, social and governance (ESG) has on investors’ economic decisions. Notwithstanding the notable contribution that these prior studies have brought to the fore, the extant literature reviewed points to gaps emanating from disjointed literature and scanty results. To this end, there is no doubt from emerging research that capital lenders tend to expect a higher return premium for substandard corporate environmental performance. Such demands are exacerbated by environmental risks and hefty litigations linked to poor ESG ratings. However, this paper becomes imperative given the prevailing need to clarify the position of equity holders regarding ESG disclosures. This paper is presented in the context of investors having to make investment decisions amid questionable credibility of ESG disclosures. Therefore, we seek to establish the short run and long run dynamics between corporate environmental performance (hereafter named as CEP) and investors’ share ownership (hereafter named as InvSO). We target companies listed in the FTSE/JSE Responsible Investment Index (hereafter named as FTSE/JSE RII) to draw a sample of 21 companies using purposive sampling technique. In addition to that, archival data were collected to compute a short panel data set. Thus, panel data set employed for statistical analysis comprised of 21 cross sections of 6 years totalling 126 observations. Thereafter, the paper adopted first differenced econometric models in data analyses namely panel vector error correction model (VECM), and subsequently panel least squares (PLS), Wald Test, and impulse response functions (IRF). The results indicated that a statistically significant positive relationship exist in the long run between corporate environmental performance and investors’ share ownership. On the contrary, the same endogenous variables produced a statistically significant negative relationship in the short run. The paper contributes new insights to the prevailing debate regarding investors’ perceptions on ESG practices, renders clarity to extant literature on the subject and equips companies on best practices for luring prospective equity investors. © 2025, Econjournals. All rights reserved.","Capital Lenders; Environmental Performance; Equity Holders; Investors’ Share Ownership; Statistical Diagnostic Test; Vector Error Correction; Wald Test","","Article","Final","All Open Access; Gold Open Access","Scopus","2-s2.0-105008821584"
"Saidi Y.; Ochi A.; Maktouf S.","Saidi, Yosra (57223300967); Ochi, Anis (57190408055); Maktouf, Samir (55965088000)","57223300967; 57190408055; 55965088000","FDI inflows, economic growth, and governance quality trilogy in developing countries: A panel VAR analysis","2023","Bulletin of Economic Research","75","2","","426","449","36","10.1111/boer.12364","https://www.scopus.com/pages/publications/85134561728?origin=resultslist","This study provides evidence of the triangular relationship between governance quality, foreign direct investment, and economic growth. Unlike previous studies in the governance—foreign direct investment—growth literature, this study employed the panel vector autoregressive model to examine the impact of governance quality and foreign direct investment on economic growth. Moreover, we used the impulse response function tool, which was developed in the same context, to better understand the reaction of the two main variables of interest, foreign direct investment, and economic growth, after shocks to the governance quality variable. Finally, the analysis was completed by the variance decomposition of all variables. These analyses were conducted for 102 developing countries from 1996 to 2014. Overall, the results show that inward foreign direct investment has a significant impact and can strongly encourage economic growth. These results indicate that the quality of governance in developing countries does not affect foreign direct investment and economic growth. © 2022 Board of Trustees of the Bulletin of Economic Research and John Wiley & Sons Ltd.","economic growth; foreign direct investment; governance; panel VAR","developing world; economic growth; foreign direct investment; panel data; variance analysis; vector autoregression","Article","Final","","Scopus","2-s2.0-85134561728"
"Fang Y.; Wang Y.; Zhao Y.","Fang, Yi (57206196278); Wang, Yanru (57695621900); Zhao, Yingyu (57695867100)","57206196278; 57695621900; 57695867100","Risk Spillover of Global Treasury Bond Markets in the Time of COVID-19 Pandemic","2022","Emerging Markets Finance and Trade","58","15","","4309","4320","7","10.1080/1540496X.2022.2069488","https://www.scopus.com/pages/publications/85130183962?origin=resultslist","We employ the state-dependent local projection method to identify the dynamic risk aggravation effects on Treasury market volatilities and risk spillovers under both local and global COVID-19 pandemic shocks. We find that emerging markets suffer more instability as risk receivers during the pandemic. Local pandemic shock sharpens the risk spillover mainly in the short run, especially when global risk is high, while global pandemic shock aggravates spillover in the medium run led by economic depression expectations. The results are not only helpful to encourage governments to deepen cooperation in combating the pandemic but also alert authorities to pay more attention to imported financial risk. © 2022 Taylor & Francis Group, LLC.","COVID-19 pandemic; F3; G15; I1; risk spillover; state-dependent local projections","","Article","Final","","Scopus","2-s2.0-85130183962"
"Norman S.","Norman, Stephen (36089392200)","36089392200","How well does nonlinear mean reversion solve the PPP puzzle?","2010","Journal of International Money and Finance","29","5","","919","937","14","10.1016/j.jimonfin.2010.01.009","https://www.scopus.com/pages/publications/77953288645?origin=resultslist","This paper addresses the degree to which models which exhibit nonlinear mean reversion (NMR) present a resolution to the Purchasing Power Parity Puzzle. This paper develops a method of estimating a representative distribution of half lives which is based upon the observed distribution of shocks in a given time series rather than choosing shock sizes arbitrarily which is the current practice in the literature. This approach is implemented with data on five real exchange rates. The empirical analysis shows that half lives shorter than the consensus are observed frequently enough to support the proposition that NMR is a solution to the PPP puzzle. © 2010 Elsevier Ltd.","Half life; Nonlinear impulse response analysis; Purchasing power parity; Real exchange rates; Smooth transition autoregressive model","","Article","Final","","Scopus","2-s2.0-77953288645"
"Jalles J.T.; Battersby B.; Lee R.","Jalles, João Tovar (34869694600); Battersby, Bryn (7003939349); Lee, Rachel (58684868100)","34869694600; 7003939349; 58684868100","Effectiveness of Fiscal Announcements: Early Evidence from COVID-19","2024","Open Economies Review","35","3","","623","658","1","10.1007/s11079-023-09735-4","https://www.scopus.com/pages/publications/85175972708?origin=resultslist","This paper empirically examines the effectiveness of announced government fiscal measures in the context of the COVID-19 pandemic. First, we build a new panel dataset of fiscal announcements by type, such as above-the line, below-the-line, and contingent liabilities for a wide sample of 136 advanced and developing countries between January 2020 and May 2021. Then, using this newly constructed dataset, we show, using both static and dynamic panel analyses, how various types of fiscal announcements affect alternative proxies of economic activity and across different income groups. We also evaluate how these effects vary depending on the country’s initial conditions (degree of public indebtedness or the business cycle positioning). Fiscal announcements also matter in terms of external credibility since they have an effect on government bond spreads. Ultimately, our findings suggest why it might be critical to consider the “news” effect of a fiscal measure by type rather than at the aggregated level. © The Author(s) 2023.","Below-the-line operations; Covid-19; Fiscal announcements; Government expenditure; Local projections; Panel data","COVID-19; data set; developing world; fiscal policy; governance approach; panel data","Article","Final","All Open Access; Green Open Access; Hybrid Gold Open Access","Scopus","2-s2.0-85175972708"
"Bäurle G.; Kaufmann D.; Kaufmann S.; Strachan R.","Bäurle, Gregor (36665826800); Kaufmann, Daniel (57206205859); Kaufmann, Sylvia (15764880600); Strachan, Rodney (7004976327)","36665826800; 57206205859; 15764880600; 7004976327","Constrained interest rates and changing dynamics at the zero lower bound","2020","Studies in Nonlinear Dynamics and Econometrics","24","2","","685","720","1","10.1515/snde-2017-0098","https://www.scopus.com/pages/publications/85069751451?origin=resultslist","The interaction of macroeconomic variables may change as nominal short-term interest rates approach zero. In this paper, we propose to capture these changing dynamics with a state-switching parameter model which explicitly takes into account that the interest rate might be constrained near the zero lower bound by using a Tobit model. The probability of state transitions is affected by the lagged level of the interest rate. The endogenous specification of the state indicator permits dynamic conditional forecasts of the state and the system variables. We use Bayesian methods to estimate the model and to derive the forecast densities. In an application to Swiss data, we evaluate state-dependent impulse-responses to a risk premium shock identified with sign-restrictions. We provide an estimate of the latent rate, i.e. the rate lower than the constraint on the interest rate level which would be state- and model-consistent. Additionally, we discuss scenario-based forecasts and evaluate the probability of exiting the ZLB region. In terms of log predictive scores and the Bayesian information criterion, the model outperforms a model substituting switching with stochastic volatility and another including intercept switching only combined with stochastic volatility. © 2020 Walter de Gruyter GmbH, Berlin/Boston 2020.","constrained variable; regime switching; stochastic volatility; time-varying probability; Tobit model","","Article","Final","All Open Access; Green Open Access","Scopus","2-s2.0-85069751451"
"Guo J.; Gong P.; Kennedy P.L.","Guo, Jinggang (57190021536); Gong, Peichen (7102704138); Kennedy, P. Lynn (60259116800)","57190021536; 7102704138; 60259116800","Inventory conditions and tariff pass-through: evidence from U.S. softwood lumber","2026","Applied Economics Letters","","","","","","0","10.1080/13504851.2026.2715038","https://www.scopus.com/pages/publications/105046761417?origin=resultslist","Using 25 years of monthly U.S.–Canada softwood lumber data and state-dependent local projections, we find that marginal tariff pass-through at six months declines monotonically with the pre-existing inventory-to-shipments ratio, from 1.8% per percentage point at the 10th percentile to approximately zero at the 90th. The gradient is statistically distinguishable from zero at and below the 25th percentile and indistinguishable above the median. Duty-exclusive Canadian export prices do not fall after duty increases, so pass-through at the border is at least complete and the inventory gradient arises downstream, in the U.S. market price. Regime-specific impulse responses align with this short-run gradient and are consistent with the qualitative prediction of the competitive storage model, though the interaction coefficient is imprecisely estimated given the 18 tariff shocks in the sample. © 2026 Informa UK Limited, trading as Taylor & Francis Group.","inventory; local projections; softwood lumber; state dependence; Tariff pass-through","","Article","Article in press","","Scopus","2-s2.0-105046761417"
"Golitsis P.; Gkasis P.; Bellos S.K.","Golitsis, Petros (57200792831); Gkasis, Pavlos (55328024200); Bellos, Sotirios K. (51061166700)","57200792831; 55328024200; 51061166700","Dynamic spillovers and linkages between gold, crude oil, S&P 500, and other economic and financial variables. Evidence from the USA","2022","North American Journal of Economics and Finance","63","","101785","","","39","10.1016/j.najef.2022.101785","https://www.scopus.com/pages/publications/85135942801?origin=resultslist","This paper focuses on the price determinants of gold, and on the challenges associated with gold's safe haven property. Specifically, it analyses the interlinkages and the return spillover effect among gold, crude oil, S&P 500, dollar exchange rate, Consumer Price Index (CPI), economic policy uncertainty and Treasury bills, by employing a Vector Autoregression (VAR) and the spillover index of Diebold and Yilmaz (2012), Diebold and Yılmaz (2014). Monthly realized return series, covering the period from 2nd of January 1986 to 31st of December 2019 are used to examine the short-run linkages, and the return spillovers rolling-window estimates in analyzing the transmission mechanism in a time-varying fashion, respectively. Our findings identify gold as a strong dollar hedge, while crude oil and Treasury bills appear to drive inflation; they also indicate strong spillover effects between exchange rate and gold returns. In general, co-movement dynamics display state-dependent characteristics. Both total and directional spillovers increase significantly during market turbulence caused by severe financial crises such as the Global Financial Crisis (GFC) of 2007–2009 and the European Sovereign Debt Crisis of 2010–2012. Net spillovers switch between positive and negative values for all these markets, implying that the recipient/transmitter position changes drastically with market events. Economic policy uncertainty, stock market returns, and crude oil price returns are the main transmitters, while Treasury bills and CPI are the main return shock recipients. Gold and exchange rate act both as receivers and transmitters over the sample period. © 2022 Elsevier Inc.","Diebold and Yilmaz spillover index; Dynamic spillovers; Generalized forecast error variance decompositions (GFEVDs); Generalized impulse response functions (GIRFs); Vector autoregression model","","Article","Final","","Scopus","2-s2.0-85135942801"
"Niu S.; Chen Y.; Zhang R.; Luo R.; Feng Y.","Niu, Shuhai (58097097700); Chen, Yidong (58097177700); Zhang, Ruiwen (58096927500); Luo, Renfu (19934244200); Feng, Yanchao (57205027694)","58097097700; 58097177700; 58096927500; 19934244200; 57205027694","Identifying and assessing the global causality among energy poverty, educational development, and public health from a novel perspective of natural resource policy optimization","2023","Resources Policy","83","","103770","","","36","10.1016/j.resourpol.2023.103770","https://www.scopus.com/pages/publications/85160716253?origin=resultslist","With the gradual depletion of natural resources and the rapid development of renewable energy, reducing energy poverty will inevitably have a crucial impact on public health and educational development. However, the long-term cointegration link and the two-way causality among them at the global level, especially in developing countries, remain a black box, which was the initial incentive for this study. Based on annual panel data from 50 developing countries between 2000 and 2017, this study initially adopted second-generation unit root and cointegration tests to eliminate pseudo-regression. It then utilized impulse response function and Granger causality test to clearly demonstrate causality and its direction. In emerging economies and nations with high energy poverty rates, public health is positively influenced by educational development. In contrast, in non-emerging economies and countries with lower energy poverty rates, public health is negatively influenced by educational development. Thus, it is important to optimise natural resource policies to suit the local conditions. In summary, our empirical findings have implications for decreasing energy poverty, promoting educational development, and improving public health in developing countries; and for their natural resource policy formulation, especially in the post COVID-19 pandemic era. © 2023","Educational development; Energy poverty; Natural resource policy; Public health; Two-way causality","Energy policy; Impulse response; Natural resources; Public health; Cointegration; Educational development; Emerging economies; Energy poverties; Natural resource policy; Policy optimization; Renewable energies; Resource policy; Two ways; Two-way causality; alternative energy; cointegration analysis; developing world; educational development; Granger causality test; natural resource; optimization; panel data; poverty; public health; Developing countries","Article","Final","","Scopus","2-s2.0-85160716253"
"Auer S.; Bernardini M.; Cecioni M.","Auer, Simone (57226103253); Bernardini, Marco (57201692096); Cecioni, Martina (57192653846)","57226103253; 57201692096; 57192653846","Corporate leverage and monetary policy effectiveness in the euro area","2021","European Economic Review","140","","103943","","","17","10.1016/j.euroecorev.2021.103943","https://www.scopus.com/pages/publications/85118552297?origin=resultslist","We study the relationship between corporate leverage and the sensitivity of industrial production to monetary policy shocks within the euro-area manufacturing sector. Using polynomial state-dependent local projections, we document a non-linear association. More indebted industries tend to adjust their production more strongly in response to a monetary policy shock, consistently with a financial accelerator framework. At high leverage ratios, this positive relation weakens until it reaches a point where additional leverage is associated with a decrease in sensitivity to monetary policy. We show that this dampening effect is particularly intense within the short-term horizon and in recessions; it emerges with both expansionary and contractionary shocks. Our results are consistent with recent studies analyzing the role of default risk in dampening the financial accelerator mechanism. © 2021 Elsevier B.V.","Financial heterogeneity; Monetary policy; Polynomial state-dependent local projections","Europe; finance; heterogeneity; industrial production; manufacturing; monetary policy","Article","Final","All Open Access; Green Open Access","Scopus","2-s2.0-85118552297"
"Cacciatore M.; Duval R.; Furceri D.; Zdzienicka A.","Cacciatore, Matteo (56049869700); Duval, Romain (24281258400); Furceri, Davide (11739408600); Zdzienicka, Aleksandra (36524423400)","56049869700; 24281258400; 11739408600; 36524423400","Fiscal multipliers and job-protection regulation","2021","European Economic Review","132","","103616","","","18","10.1016/j.euroecorev.2020.103616","https://www.scopus.com/pages/publications/85099137706?origin=resultslist","We study, both theoretically and empirically, how labor market regulation affects fiscal multipliers. We focus on the stringency of employment protection legislation, a prominent source of rigidity in European labor markets. First, using a small-open economy model that features labor-market search-and-matching frictions and nominal rigidities, we show that an increase in government spending has larger output effects when firing costs are lower. The importance of layoff costs for the public spending multiplier is larger in the absence of exchange rate adjustment and in a recession. Second, we confirm these findings empirically using a panel of 26 advanced countries over the period 1970–2013. The effect of job protection on fiscal multipliers is both statistically and economically significant. © 2020 Elsevier B.V.","Employment protection; Fiscal multipliers; Local projections; Structural reforms","Europe; empirical analysis; exchange rate; fiscal policy; labor policy; panel data; public spending; regulatory framework; theoretical study","Article","Final","","Scopus","2-s2.0-85099137706"
"Kwon J.","Kwon, Janghan (57248098100)","57248098100","Monetary policy credibility and state-dependent exchange rate pass-through in Asia-Pacific countries","2025","Economic Modelling","151","","107203","","","2","10.1016/j.econmod.2025.107203","https://www.scopus.com/pages/publications/105009438605?origin=resultslist","This paper investigates how exchange rate pass-through (ERPT) varies across monetary policy regimes in a panel of 11 Asia-Pacific countries. Monetary policy credibility is proxied by the dispersion of professional inflation forecasts. By identifying the monetary policy credibility regimes using the Hansen (1999) threshold test, I examine the nonlinear ERPT through state-dependent local projections. The results show that the magnitude of ERPT is considerably larger in times of lowered credibility. The results also highlight that central banks may face heightened ERPT, regardless of their monetary policy regime or level of economic development, especially in the short run. In particular, ERPT nonlinearities tend to be more pronounced in emerging market economies and during periods without an inflation targeting regime. I find evidence of asymmetric ERPT following currency appreciation and depreciation, with a higher pass-through rate observed when credibility weakens. © 2025 Elsevier B.V.","Exchange rate pass-through; Monetary policy credibility; Nonlinearities","","Article","Final","","Scopus","2-s2.0-105009438605"
"Jo Y.; Kim M.J.; Yoon Y.-S.; Hall C.M.","Jo, Yunkyoung (58312905700); Kim, Myung Ja (7406088313); Yoon, Yoo-shik (7402126530); Hall, C. Michael (55017070000)","58312905700; 7406088313; 7402126530; 55017070000","Tourism green growth through technological innovation","2026","Journal of Sustainable Tourism","34","2","","313","335","11","10.1080/09669582.2025.2482675","https://www.scopus.com/pages/publications/105002045182?origin=resultslist","The work seeks to assess the effect of technological innovation on the green growth of tourism across five continental regions using the STochastic estimation of Impacts by Regression on Population, Affluence, and Technology (STIRPAT) model. Employing panel Granger causality tests, panel vector autoregression, impulse response functions, and forecast error variance decomposition, the research reveals the bidirectional causal relationship between green growth and technological innovation, emphasizing the importance of technological innovation for tourism. The study utilizes panel data from 126 countries spanning from 2010 to 2021 and employs a range of econometric techniques. These methods allow for a thorough examination of the causal relationships, short and long term impacts, and the relative importance of different variables on tourism related green growth. The findings further highlight the contribution of green growth to developing a sustainable economy and emphasize the significance of sustainable tourism as a significant factor in green growth policies. The study expands the application of STIRPAT to the green growth and tourism relationship and provides practical implications for stakeholders. © 2025 The Author(s). Published by Informa UK Limited, trading as Taylor & Francis Group.","econometric analysis; Green growth; STIRPAT; sustainability; technological innovation; tourism","decomposition analysis; econometrics; Granger causality test; innovation; sustainability; technological development; tourism management; vector autoregression","Article","Final","All Open Access; Hybrid Gold Open Access","Scopus","2-s2.0-105002045182"
"Elhorst J.P.; Emili S.","Elhorst, J. Paul (6602073267); Emili, Silvia (57210788061)","6602073267; 57210788061","A spatial econometric multivariate model of Okun's law","2022","Regional Science and Urban Economics","93","","103756","","","37","10.1016/j.regsciurbeco.2021.103756","https://www.scopus.com/pages/publications/85123196959?origin=resultslist","A system of two dynamic spatial panel data model equations is developed in which output growth and the change in the unemployment rate are interdependent. The parameters of the model are estimated by recently developed maximum likelihood techniques for multivariate spatial econometric models, using data of twelve provinces in the Netherlands over the period 1974–2018, covering four major economic downturns of the Dutch economy. By using time-cumulative marginal effects derived from the impulse response function of this model, it is found that Okun's law is dominated by the relationship that runs from output growth to unemployment. The amount of growth that is needed to reduce unemployment by one percentage point is shown to depend on the extent to which spillover effects to neighboring regions and output multiplier effects are accounted for. © 2021 The Authors","GDP growth; Impulse responses; Region; Spatial econometrics; Unemployment","Netherlands; econometrics; economic growth; Gross Domestic Product; input-output analysis; maximum likelihood analysis; model test; panel data; spatial analysis; spillover effect; theoretical study; unemployment","Article","Final","All Open Access; Green Open Access; Hybrid Gold Open Access","Scopus","2-s2.0-85123196959"
"SenGupta S.; Atal A.","SenGupta, Swapnanil (57744752600); Atal, Aakansha (58632889900)","57744752600; 58632889900","Women’s empowerment and climate resilience: global evidence","2026","Humanities and Social Sciences Communications","13","1","665","","","2","10.1057/s41599-026-07440-4","https://www.scopus.com/pages/publications/105039470304?origin=resultslist","Despite sustained global economic growth, climate change remains a critical challenge. As global energy demand is projected to rise by about 43% between 2020 and 2035, the question of how to reduce climate vulnerability and strengthen climate readiness remains urgent. Thus, the question, of how to mitigate the adverse climate impacts is of paramount importance. This study investigates whether empowering women can reduce climate vulnerability, and enhance nations’ resilience, readiness and adaptability to climate change. Using panel data from 185 countries (1995–2022), we measure climate vulnerability and readiness through the ND-GAIN vulnerability and readiness indices and capture women’s empowerment via three core indicators: women’s labour force participation, the “Women, Business and the Law” index, and the women’s political empowerment index. A series of advanced estimation techniques provide consistent evidence of a positive link between women’s empowerment and climate outcomes. Specifically, a 1% rise in women’s labour force share is associated with up to a 0.11% reduction in climate vulnerability, while enhancing resilience by 0.08–0.35%. Improvement in the “Women, Business and the Law” indicator reduces vulnerability by up to 0.17% and increases readiness by 0.05 to 0.2 %. Notably, women’s political empowerment is found to have the strongest effect, decreasing vulnerability by 0.02–0.2% and boosting readiness by up to 41% across specifications. The relationships are statistically significant at 1–10% levels. Local Projections confirm that these impacts persist in both the short and long run. We further develop a theoretical framework (and empirically test it) that systematically links women’s empowerment to climate resilience through well-defined mechanisms and sub-mechanisms, for enhanced understanding of the subject. © The Author(s) 2026.","","","Article","Final","All Open Access; Gold Open Access; Green Open Access","Scopus","2-s2.0-105039470304"
"Sun J.; Wu H.; Shi S.","Sun, Jiahui (58286318300); Wu, Hechun (58286318400); Shi, Song (57222709352)","58286318300; 58286318400; 57222709352","Research on the Relationship Between Higher Education, Technological Innovation, and Green Economy—Analysis Based on Chinese Data from 2011 to 2020","2025","Journal of the Knowledge Economy","16","2","","8546","8587","8","10.1007/s13132-024-02226-y","https://www.scopus.com/pages/publications/85200268285?origin=resultslist","Higher education (HE) and technological innovation (TI) are increasingly crucial for green economic (GE) development. The provincial panel data of China from 2011 to 2020 were sorted out to explore the relationship between higher education, technological innovation, and the green economy. The coupling coordination and PVAR models were used to empirically analyze the coupling coordination and impulse response status of higher education, technological innovation, and green economy. The current research found that, firstly, the comprehensive development level of higher education, technological innovation, and green economy in Eastern China, Inner China, and Western China is on an upward trend as time passes. Secondly, in terms of time, the coupling coordination level among higher education, technological innovation, and green economy in Eastern China, Inner China, and Western China is on an upward trend as time passes. Thirdly, regarding space, the development of coupling coordination levels among higher education, technological innovation, and green economy in Eastern China, Inner China, and Western China is uneven. Among the regions, it shows the spatial distribution of “high in Eastern China, low in Inner, and Western China.” Within the regions, there is a spatial distribution pattern centering on “Beijing-Tianjin-Guangdong,” “Jiangsu-Zhejiang-Shanghai,” and “Shaanxi-Hubei-Chongqing,” and spreading to the surrounding areas. Finally, there are interactive and dynamic effects among higher education, technological innovation, and green economy in Eastern China, Inner China, and Western China. However, the interactive effects among the three have short-term effects, and the effects are minor, and most effects are not significant. © The Author(s), under exclusive licence to Springer Science+Business Media, LLC, part of Springer Nature 2024.","Coupling coordination; Green economy; Higher education; PVAR model; Technological innovation","","Article","Final","","Scopus","2-s2.0-85200268285"
"Damette O.; Mathonnat C.; Thavard J.","Damette, Olivier (23134455800); Mathonnat, Clément (57203151914); Thavard, Julien (58937995600)","23134455800; 57203151914; 58937995600","Climate and sovereign risk: The Latin American experience with strong ENSO events","2024","World Development","178","","106590","","","9","10.1016/j.worlddev.2024.106590","https://www.scopus.com/pages/publications/85187676749?origin=resultslist","Using monthly panel data over the period 2007–2019 for seven Latin American countries, we empirically test the impact of climate shocks, here strong ENSO events (El Niño Southern Oscillations), on sovereign risk. Local Projections are computed to assess the dynamic response of sovereign spreads to ENSO events. Results show that strong El Niño and La Niña shocks lead to a significant increase in sovereign spreads, but with different timing. Strong El Niño shocks are associated with a significant short-term increase in sovereign spreads, while strong La Niña events are associated with a delayed but significant increase in sovereign spreads after a short-term decrease. Thus, our results suggest a potential asymmetry in the effect of these strong ENSO events on sovereign risk. We also highlight high volatility in the dynamics of sovereign spreads, which may reflect an overreaction of investors faced with the high degree of uncertainty generated by the economic and financial consequences associated with strong ENSO events. Complementary time-series estimates suggest that Costa Rica and Peru are especially subject to these effects. Overall, our results provide a warning about the fact that, in the case of Latin American countries, weather shocks associated with strong ENSO events have adverse macroeconomic and financial consequences that can lead to an increase in sovereign risk, hinder their government's ability to act as a ‘climate rescuer’ of last resort, and may be aggravated in the future by climate change. © 2024 Elsevier Ltd","Climate finance; Climate macroeconomy; ENSO; Local projections; Sovereign spreads","Costa Rica; Peru; climate change; climate effect; El Nino-Southern Oscillation; finance; macroeconomics; sovereignty","Article","Final","All Open Access; Green Open Access","Scopus","2-s2.0-85187676749"
"Henni M.D.; Abdelkader S.B.; Si Mohammed K.","Henni, Mohamed Djafar (60351504800); Abdelkader, Salim Bourchid (58765356200); Si Mohammed, Kamel (56539941800)","60351504800; 58765356200; 56539941800","Green finance, innovation, and firm resilience: Econometric evidence from global data","2026","International Review of Economics and Finance","108","","105274","","","1","10.1016/j.iref.2026.105274","https://www.scopus.com/pages/publications/105035717676?origin=resultslist","This study examines the role of green finance and green innovation in strengthening firm resilience using global data and a distribution sensitive econometric framework. The analysis employs quantile regressions, instrumental variable methods, local projections, and nonlinear threshold models to capture heterogeneous, dynamic, and state-dependent effects. The results indicate that green finance significantly enhances firm resilience, with the strongest effects observed among financially fragile firms. Green innovation emerges as a key transmission channel through which green finance improves adaptive capacity and shock absorption. Dynamic estimates indicate that resilience gains are persistent over time, while nonlinear evidence reveals that the effects intensify during periods of elevated financial stress. These findings indicate that green finance functions as a stabilizing mechanism rather than merely a performance enhancer. The study contributes to the sustainable finance literature by highlighting the resilience and financial stability implications of green finance and innovation. © 2026 The Authors.","Financial stress; Firm resilience; Green finance; Green innovation; Quantile regression; Sustainable finance","","Article","Final","All Open Access; Gold Open Access","Scopus","2-s2.0-105035717676"
"Bejarano W.","Bejarano, Willian (60567589000)","60567589000","The nonlinear effects of interbank market frictions on monetary policy transmission mechanism","2026","Latin American Journal of Central Banking","","","100211","","","0","10.1016/j.latcb.2026.100211","https://www.scopus.com/pages/publications/105035237008?origin=resultslist","We investigate the role of interbank market frictions in the monetary policy transmission mechanism in the U.S. in 1990–2007, employing a state-dependent local projection model. We find that under a high liquidity premium (reflecting high interbank market frictions), the standard effects of a monetary tightening on industrial production and the price level are amplified. Under a low liquidity premium, they are muted. Our findings empirically support the theoretical proposition in Bianchi and Bigio (2022) that when banks are not satiated with reserves, an open market operation (OMO) that decreases reserves will increase the liquidity premium, affecting bank lending and price level. When banks are satiated with reserves, OMO does not affect the economy. © 2026 The Author","Credit channel; Interbank market; Local Projections; Monetary policy; State-dependence","","Article","Article in press","All Open Access; Gold Open Access","Scopus","2-s2.0-105035237008"
"Geweke J.; Horowitz J.; Pesaran H.","Geweke, John (6701567319); Horowitz, Joel (7201833855); Pesaran, Hashem (56580592100)","6701567319; 7201833855; 56580592100","Econometrics","2018","The New Palgrave Dictionary of Economics, Third Edition","","","","3199","3242","0","10.1057/978-1-349-95189-5_188","https://www.scopus.com/pages/publications/105011015853?origin=resultslist","As a unified discipline, econometrics is still relatively young and has been transforming and expanding very rapidly. Major advances have taken place in the analysis of crosssectional data by means of semiparametric and nonparametric techniques. Heterogeneity of economic relations across individuals, firms and industries is increasingly acknowledged and attempts have been made to take it into account either by integrating out its effects or by modelling the sources of heterogeneity when suitable panel data exist. The counterfactual considerations that underlie policy analysis and treatment valuation have been given a more satisfactory foundation. New time-series econometric techniques have been developed and employed extensively in the areas of macroeconometrics and finance. Nonlinear econometric techniques are used increasingly in the analysis of cross-section and time-series observations. Applications of Bayesian techniques to econometric problems have been promoted largely by advances in computer power and computational techniques. The use of Bayesian techniques has in turn provided the investigators with a unifying framework where the tasks of forecasting, decision making, model evaluation and learning can be considered as parts of the same interactive and iterative process, thus providing a basis for ‘real time econometrics’. © The Editor(s) (if applicable) and The Author(s) 2018.","Acceptance sampling; Adaptive expectations hypothesis; ARMA processes; Asset pricing models; Asset return volatility; Auctions; Bachelier, L.; Bayesian computation; Bayesian econometrics; Bayesian inference; Benini, R.; Binary logit and probit models; Bootstrap; Building cycle; Bunch maps; Causality in economics and econometrics; Censored regression models; Central limit theorems; Cointegration; Common factors; Conditional hazard functions; Conditional mean functions; Conditional median functions; Confluence analysis; Convexity; Correlation analysis; Cowles Commission; Curse of dimensionality; Davenant, C.; Diagnostic tests; Discrete choice models; Discrete response models; Distributed lags; Douglas, P.H.; Duhem-Quine thesis; Duration models; Dynamic decision models; Dynamic specification; Dynamic stochastic general equilibrium models; Econometric Society; Econometrics; Economic distance; Economic laws; Edgeworth expansions; Edgeworth, F. Y.; Efficient market hypothesis; Engel curve; Error correction models; Euler equations; Experimental economics; Financial econometrics; Fisher, I.; Fisher, R. A.; Fixed effects and random effects; Forecast error variances; Forecast evaluation; Forecasting; Frisch, R. A. K.; Full information maximum likelihood; Galton, F.; Gaussian quadrature; Generalized method of moments; Geometric distributed lag model; Gibbs sampling; Haavelmo, T.; Habit persistence; Hastings-Metropolis algorithm; Hedonic prices; Homogeneity; Hooker, R.H.; Identification; Impulse response analysis; Indirect utility function; Inference; Instrumental variables; Integration; Inventory cycle; Joint hypotheses; Juglar cycle; Juglar, C.; K-class estimators; Kernel estimators; King, G.; Kitchin, J.; Kondratieff, N.; Koopmans, T. C.; Kuznets, S.; Labour market search; Lagrange multiplier; Latent variables; Least absolute deviations estimators; Likelihood ratio; Limited information maximum likelihood; Linear models; Local linear estimation; Logit models; Long waves; Longitudinal data; Lucas critique; Macroeconometric models; Markov chain Monte Carlo methods; Maximum likelihood; Measurement; Measurement errors; Method of simulated moments; Microeconometrics; Microfoundations; Misspecification; Mitchell, W. C.; Model evaluation; Model selection; Model testing; Model uncertainty; Monotonicity; Monte Carlo simulation; Moore, H.L.; Multicollinearity; Multinomial probit model; National Bureau of Economic Research; Nonlinear simultaneous equation models; Nonnested tests; Nonparametric models; Observed variables; Ordinary least squares; Parameter uncertainty; Pearson K.; Petty, W.; Phillips curve; Policy evaluation; Political arithmeticians; Probability; Probability calculus; Probability distribution; Purchasing power parity; Quantile functions; Random assignment; Random utility models; Random variables; Random walk theory; Rational expectations; Real time econometrics; Regional migration; Regression analysis; Revealed preference theory; Saddlepoint expansions; Sampling theory; Schultz, H.; Semiparametric estimation; Sensitivity analysis; Series estimators; Significance tests; Simulated method of moments; Simulation methods; Simultaneous equations models; Simultaneous linear equations; Social experimentation in economics; Spatial econometrics; Specification tests; Splines; Spurious correlation; State dependence; State space models; Statistical inference; Statistics and economics; Stochastic models; Stock return predictability; Structural change; Structural estimation; Structural VAR; Survival models; Three-stage least squares; Time-series analysis; Tinbergen, J.; Tobit models; Treatment effect; Truncated regression models; Uncovered interest parity; Unit roots; Value distribution; Vector autoregressions (VAR); Vining, R.; Waugh, F.; Weibull hazard model; Working, H.","","Book chapter","Final","","Scopus","2-s2.0-105011015853"
"Chu S.; Chen L.","Chu, Shaner (57205627006); Chen, Limei (59364933300)","57205627006; 59364933300","Can the opening of high-speed rail help reduce corporate carbon emissions? Evidence from China","2025","International Review of Economics and Finance","103","","104584","","","3","10.1016/j.iref.2025.104584","https://www.scopus.com/pages/publications/105015187937?origin=resultslist","This study is the first to examine the relationship between the opening of high-speed rail (HSR) and corporate carbon emissions. Using the panel data of Chinese listed industrial firms between 2007 and 2019 and employing a multi-period difference-in-difference (DID) method, we find evidence that the opening of HSR significantly reduces corporate carbon emissions. Corporate green innovation and easing of financial constraints alike act to amplify the carbon reduction effect of HSR. Moreover, the carbon reduction effect of HSR is more pronounced in non-state-owned firms, heavy-polluting firms, firms located in regions with stricter environmental regulations, and those located in central China. Furthermore, the carbon reduction effect of HSR strengthens as HSR speed increases. The key findings remain robust across a series of tests, including parallel trend test, placebo effect test, interference from other policies, propensity score matching-DID (PSM-DID), and local projection-DID (LP-DID). Overall, this study provides promising evidence that HSR construction contributes to lower corporate carbon emissions, and corporate green innovation as well as finance resources also play a critical role in enhancing this environmental benefit. © 2025 The Authors","Corporate carbon emissions; Financial constraints; Green innovation; High-speed rail opening","","Article","Final","All Open Access; Gold Open Access; Green Open Access","Scopus","2-s2.0-105015187937"
"Hao Y.","Hao, Yuanyuan (57226742889)","57226742889","Effect of Economic Indicators, Renewable Energy Consumption and Human Development on Climate Change: An Empirical Analysis Based on Panel Data of Selected Countries","2022","Frontiers in Energy Research","10","","841497","","","64","10.3389/fenrg.2022.841497","https://www.scopus.com/pages/publications/85127423073?origin=resultslist","Global warming is mainly influenced by factors such as energy consumption, human development, and economic activities, but there is no consensus among researchers and there is relatively little research literature on less developed countries. Therefore, this study attempts to explore the impact of renewable energy consumption, human development and economic growth on climate change from a macroeconomic perspective for 105 countries worldwide over the period 1990–2019 by constructing a panel vector autoregressive (PVAR) model and using generalized method of moments (GMM) and panel impulse response analysis. The analysis includes four panels of high-income, upper-middle-income, lower-middle-income, and low-income countries. The results of the study find that economic growth, FDI, trade openness, industrialization, renewable energy consumption and HDI have different impacts on climate change (CO2 emissions) in different regions during the sample period. Specifically, in the four panels, economic growth, industrialization, FDI, and trade openness all play a varied role in aggravating environmental pollution (CO2 emissions). In high-income and upper-middle-income countries, industrialization has a positive effect on CO2 emissions, while FDI has a negative impact, which supports the pollution halo hypothesis. However, both have a positive impact on CO2 emissions in lower-middle-income and low-income countries. The results also found that except for upper-middle-income countries, trade openness and renewable energy consumption help reduce CO2 emissions, while renewable energy consumption has little effect on suppressing CO2 emissions in low-income countries. In addition, HDI has promoted CO2 emissions in upper-middle-income and lower-middle-income countries, but has curbed CO2 emissions in high-income countries. Therefore, under the premise of not affecting economic growth and HDI, those empirical results will not only help decision-makers formulate appropriate renewable energy policies, but also are of great significance to the realization of a healthy and sustainable global environment. Copyright © 2022 Hao.","CO2 emissions; economic growth; GMM estimation; human development; panel impulse response; PVAR model; renewable energy consumption","Carbon dioxide; Climate models; Commerce; Decision making; Economic analysis; Economic and social effects; Energy utilization; Global warming; Impulse response; Pollution; CO2 emissions; Economic growths; Generalized method of moment estimation; Generalized method of moments; Human development; Moment estimation; Panel impulse response; Panel vector autoregressive model; Renewable energy consumption; Vector autoregressive model; Method of moments","Article","Final","All Open Access; Gold Open Access; Green Open Access","Scopus","2-s2.0-85127423073"
"Alvarez F.; Lippi F.; Passadore J.","Alvarez, Fernando (36781806900); Lippi, Francesco (57204297971); Passadore, Juan (57194328313)","36781806900; 57204297971; 57194328313","Are state- and time- dependent models really different?","2016","NBER Macroeconomics Annual","31","1","","379","457","23","10.1086/690243","https://www.scopus.com/pages/publications/84991817949?origin=resultslist","Yes, state- and time-dependent models are really different, but only for large monetary shocks. In particular, we show that in a broad class of models where shocks have continuous paths, the propagation of a monetary impulse is independent of the nature of the sticky price friction when shocks are small. The propagation of large shocks instead depends on the nature of the friction: the impulse response of inflation to monetary shocks is independent of the shock size in time-dependent models, while it is nonlinear in state-dependent models. We use data on exchange rate devaluations and inflation for a panel of countries froM1974 to 2014 to test for the presence of state-dependent decision rules. We present some evidence of a nonlinear effect of exchange rate changes on prices in a sample of flexible exchange rate countries withlow inflation. We discuss the dimensions in whichthis finding is robust and the ones in whichit is not. © 2017 by the National Bureau of Economic Research. All rights reserved.","","","Article","Final","All Open Access; Green Open Access","Scopus","2-s2.0-84991817949"
"Iacoviello M.; Navarro G.","Iacoviello, Matteo (6603668801); Navarro, Gaston (55599035200)","6603668801; 55599035200","Foreign effects of higher U.S. interest rates","2019","Journal of International Money and Finance","95","","","232","250","150","10.1016/j.jimonfin.2018.06.012","https://www.scopus.com/pages/publications/85051374741?origin=resultslist","This paper analyzes the spillovers of higher U.S. interest rates on economic activity in a large panel of 50 advanced and emerging economies. We allow the response of GDP in each country to vary according to its exchange rate regime, trade openness, and a vulnerability index that includes current account, foreign reserves, inflation, and external debt. We document large heterogeneity in the response of advanced and emerging economies to U.S. interest rate surprises. In response to a U.S. monetary tightening, GDP in foreign economies drops about as much as it does in the United States, with a larger decline in emerging economies than in advanced economies. In advanced economies, trade openness with the United States and the exchange rate regime account for a large portion of the contraction in activity. In emerging economies, the responses do not depend on the exchange rate regime or trade openness, but are larger when vulnerability is high. © 2018 Elsevier Ltd","Foreign spillovers; Local projection; Macroeconomic transmission; Panel data; U.S. monetary policy","","Article","Final","All Open Access; Hybrid Gold Open Access","Scopus","2-s2.0-85051374741"
"Kuo C.-H.; Miyamoto H.","Kuo, Chun-Hung (56506026700); Miyamoto, Hiroaki (59811465200)","56506026700; 59811465200","Public investment and labor market flexibility","2023","Economics Bulletin","43","2","","1122","1132","3","","https://www.scopus.com/pages/publications/85196317257?origin=resultslist","This paper examines how labor market flexibility affects the output effect of a public investment shock by using panel data from OECD countries. We identify the public investment shock as a public investment spending forecast error and employ the local projection method to estimate its effect on output. Our empirical analysis shows that labor market flexibility affects the output effect of the public investment shock. While a positive public investment shock boosts output significantly in economies with flexible labor markets, output responses are not statistically significant in economies with rigid labor markets. © (2023), (Economics Bulletin). All Rights Reserved.","","","Article","Final","","Scopus","2-s2.0-85196317257"
"Syaharuddin Y.; Purwadi P.; Sampeliling A.","Syaharuddin, Yijo (57880374700); Purwadi, Purwadi (57907401700); Sampeliling, Alexander (57880374800)","57880374700; 57907401700; 57880374800","Attention of economic growth and oil prices: Evidence from indonesia","2021","International Journal of Energy Economics and Policy","11","5","","425","433","5","10.32479/ijeep.11538","https://www.scopus.com/pages/publications/85125784265?origin=resultslist","Oil is a commodity that can cause turmoil for the global economy. This study attempts to examine the relationship between oil prices and economic growth together with the exchange rate and inflation rate in Indonesia. The time span covered by this series is from 2000 (Q1) to 2019 (Q4), providing 80 observations. Tests carried out in this study included unit root testing through augmented Dickey-Fuller (ADF) testing, Phillips-Perron (PP) testing, Kwiatkowski-Phillips-Schmidt-Shin (KPSS) testing, Johansen and Juselius cointegration test, Granger-based causality test. Vector error correction model (VECM) to determine long-term and short-term relationships, and variance decomposition and Impulse Response Function to investigate relationships outside the sample. The empirical findings show that there is a relationship between variables, oil prices not only affect economic growth but also have an impact on the exchange rate and inflation rate. Furthermore, the results of the short-run Granger causality for the tested variables indicate a unidirectional causality that runs from all independent variables, namely oil prices, exchange rates, and the rate of inflation on GDP. In addition, there is a causal relationship between GDP and other determinants outside the sample. The addition of time-frames and variables can add to the variance of the sustainability of these findings in the future. © 2021, Econjournals. All rights reserved.","Economic growth; Indonesia; Oil price shocks; Panel data; Regression method","","Article","Final","All Open Access; Gold Open Access","Scopus","2-s2.0-85125784265"
"Omay T.; Iren P.","Omay, Tolga (23978235900); Iren, Perihan (56495457700)","23978235900; 56495457700","Behavior of foreign investors in the Malaysian stock market in times of crisis: A nonlinear approach","2019","Journal of Asian Economics","60","","","85","100","24","10.1016/j.asieco.2018.11.002","https://www.scopus.com/pages/publications/85058696754?origin=resultslist","This study investigates the response to crisis of foreign investors versus domestic investors in the Malaysian stock market. The econometric-modeling involves a nonlinear approach which allows for investor responses to differ in up and down markets. Specifically, the smooth-transition autoregressive (STAR-STGARCH) family of models and generalized impulse response function (GIRF) analysis are employed. The 1997 Asian Crisis is analyzed using daily data for the period 1995–2003, and the 2008 Global Financial Crisis for a period extended to 2015 with allowance for structural breaks. The results indicate that foreign investors exhibited herding behavior during the Asian Crisis and responded to the shock more quickly than domestic investors, but that foreigners did not act differently from their domestic counterparts during the Global Financial Crisis. These findings suggest that even as foreign capital flows may be desirable for economic growth, they can be unstable and may increase volatility during crises that are locally rooted. © 2018 Elsevier Inc.","1997 Asian crisis; 2008 global financial crisis; Foreign investors; Generalized impulse response function; Malaysian stock exchange; STAR-STGARCH","","Article","Final","","Scopus","2-s2.0-85058696754"
"Zhao Y.; Deng L.; Ke J.","Zhao, Yiwen (57224324358); Deng, Liurui (56459424600); Ke, Jiafeng (60248600200)","57224324358; 56459424600; 60248600200","Carbon reduction strategies and firm value: evidence from China’s carbon quota allocation policies","2025","Applied Economics Letters","","","","","","0","10.1080/13504851.2025.2602818","https://www.scopus.com/pages/publications/105025374795?origin=resultslist","This study examines how carbon trading prices, under government-imposed quota constraints, affect firms’ value and investment behaviour. We develop a theoretical model to analyse the optimal allocation of capital between productive investment and emission-reduction investment. Using panel data from seven pilot carbon markets in China (2013Q4-2021Q1), we find that carbon prices significantly increase firm value in high-emission industries, while low-emission firms may suffer adverse effects. In the short run, carbon prices simultaneously compress the shares of both productive capital and abatement investment in total investment. The restraining effect on productive capital is more pronounced for high-emission firms, while the suppressing effect on abatement investment is stronger for low-emission firms. The moderating role of state-owned enterprises further suggests that SOEs in high-emission sectors amplify the positive impact of carbon pricing on firm value. Local impulse-response analysis shows that carbon price shocks raise the value of high-emission firms, with delayed but persistent effects, while inducing only short-lived valuation declines for low-emission firms. © 2025 Informa UK Limited, trading as Taylor & Francis Group.","Carbon quota allocation schemes; firm value; Herfindahl-Hirschman Dictionary”>index; optimal carbon investment strategy","","Article","Article in press","","Scopus","2-s2.0-105025374795"
"Lim C.T.N.","Lim, Cristina Teresa N. (58824306300)","58824306300","Empirical Analysis of Rice Prices, Production, and Consumption in the Philippines: Implications for Self-Sufficiency Policy","2024","Review of Integrative Business and Economics Research","13","2","","19","37","3","","https://www.scopus.com/pages/publications/85188457480?origin=resultslist","The Philippines’ level of rice self-sufficiency remains an integral aspect of food security. To formulate self-sufficiency policy directions, this study empirically analyzed factors affecting rice production, consumption, and prices using fixed effects model estimation of an unbalanced panel data of fifteen rice-producing regions from 2003 to 2020. Further, this study utilized a vector autoregressive (VAR) approach on time series data of rice self-sufficiency, production, consumption, and prices from 1998 to 2020 to explore and understand the dynamics of the relationship between these variables. The research findings suggest that the area of production and cost of irrigation are significant factors affecting rice production volumes. Fertilizer costs, while statistically significant, exert virtually no impact on price levels of regularly milled rice. The Granger causality tests revealed that consumption Granger-cause rice self-sufficiency. Further, rice self-sufficiency, consumption, and prices were found to Granger-cause production. The researcher also performed forecast error variance decomposition through the impulse response function test to determine the impact of shocks among the study variables and derived implications for rice self-sufficiency policy in the Philippines. Copyright © 2024 GMP Press and Printing.","agricultural policy; Food security; rice self-sufficiency; VAR","","Article","Final","","Scopus","2-s2.0-85188457480"
"de Chaisemartin C.; D’Haultfœuille X.","de Chaisemartin, Clément (41961120200); D’Haultfœuille, Xavier (26666689600)","41961120200; 26666689600","Difference-in-Differences Estimators of Intertemporal Treatment Effects","2026","Review of Economics and Statistics","108","4","","863","880","120","10.1162/rest_a_01414","https://www.scopus.com/pages/publications/105038445936?origin=resultslist","We study treatment-effect estimation using panel data. The treatment may be nonbinary, nonabsorbing, and the outcome may be affected by treatment lags. We make a parallel-trends assumption and propose event-study estimators of the effect of being exposed to a weakly higher treatment dose for ℓ periods. We also propose normalized estimators that estimate a weighted average of the effects of the current treatment and its lags. We also analyze commonly used two-way fixed-effects regressions. Unlike our estimators, they can be biased in the presence of heterogeneous treatment effects. A local-projection version of those regressions is biased even with homogeneous effects. © 2024 The President and Fellows of Harvard College and the Massachusetts Institute of Technology.","","","Article","Final","All Open Access; Green Open Access","Scopus","2-s2.0-105038445936"
"Choi S.; Yoon C.","Choi, Sangyup (55635460700); Yoon, Chansik (57212492993)","55635460700; 57212492993","Uncertainty, Financial Markets, and Monetary Policy over the Last Century","2022","B.E. Journal of Macroeconomics","22","2","","397","434","9","10.1515/bejm-2020-0013","https://www.scopus.com/pages/publications/85107314465?origin=resultslist","What has been the effect of uncertainty shocks in the U.S. economy over the last century? What are the roles of the financial channel and monetary policy channel in propagating uncertainty shocks? Our empirical strategies enable us to distinguish between the effects of uncertainty shocks on key macroeconomic and financial variables transmitted through each channel. A hundred years of data further allow us to answer these questions from a novel historical perspective. This paper finds robust evidence that financial conditions captured by both borrowing costs and the availability of credit have played a crucial role in propagating uncertainty shocks over the last century. However, heightened uncertainty does not necessarily amplify the adverse effect of financial shocks, suggesting an asymmetric interaction between uncertainty and financial shocks. Interestingly, the monetary policy stance seems to play only a minor role in propagating uncertainty shocks, which is in sharp contrast to the recent claim that binding zero-lower-bound amplifies the negative effect of uncertainty shocks. We argue that the contribution of constrained monetary policy to amplifying uncertainty shocks is largely masked by the joint concurrence of binding zero-lower-bound and tightened financial conditions.  © 2021 Walter de Gruyter GmbH, Berlin/Boston.","counterfactual VARs; financial channel; state-dependent local projections; uncertainty shocks; zero-lower-bound","","Article","Final","All Open Access; Green Open Access","Scopus","2-s2.0-85107314465"
"Franta M.; Gambacorta L.","Franta, Michal (8356489200); Gambacorta, Leonardo (6508213204)","8356489200; 6508213204","On the effects of macroprudential policies on Growth-at-Risk","2020","Economics Letters","196","","109501","","","37","10.1016/j.econlet.2020.109501","https://www.scopus.com/pages/publications/85089840914?origin=resultslist","The Growth-at-Risk (GaR) measure for financial stability indicates how severe a recession could become in an extreme situation where future output growth falls into the 5th percentile of the distribution. In this letter, we estimate the effects of macroprudential policies on GaR by combining quantile regressions with local projections in a panel data setting. Our results indicate that the effect of macroprudential measures on GaR could be significant in the medium term. Tightening the loan-to-value limit narrows the whole GDP distribution, while doing the same to loan-loss provisions just moves the left tail of the distribution upward, reducing only the intensity of a potential crisis. © 2020 Elsevier B.V.","Financial stability; Growth-at-Risk; Local projections; Macroprudential policy","","Article","Final","","Scopus","2-s2.0-85089840914"
"Ramsauer F.; Min A.; Lingauer M.","Ramsauer, Franz (57213502284); Min, Aleksey (23976534500); Lingauer, Michael (57210290413)","57213502284; 23976534500; 57210290413","Estimation of FAVAR models for incomplete data with a Kalman filter for factors with observable components","2019","Econometrics","7","3","31","","","3","10.3390/econometrics7030031","https://www.scopus.com/pages/publications/85070200263?origin=resultslist","This article extends the Factor-Augmented Vector Autoregression Model (FAVAR) to mixed-frequency and incomplete panel data. Within the scope of a fully parametric two-step approach, the alternating application of two expectation-maximization algorithms jointly estimates model parameters and missing data. In contrast to the existing literature, we do not require observable factor components to be part of the panel data. For this purpose, we modify the Kalman Filter for factors consisting of latent and observed components, which significantly improves the reconstruction of latent factors according to the performed simulation study. To identify model parameters uniquely, the loadings matrix is constrained. In our empirical application, the presented framework analyzes US data for measuring the effects of the monetary policy on the real economy and financial markets. Here, the consequences for the quarterly Gross Domestic Product (GDP) growth rates are of particular importance. © 2019 by the authors. Licensee MDPI, Basel, Switzerland.","Expectation-maximization algorithm; Factor-augmented vector autoregression model; Forecast error variance decomposition; Impulse response function; Incomplete data; Kalman Filter","","Article","Final","All Open Access; Gold Open Access; Green Open Access","Scopus","2-s2.0-85070200263"
"Yilmazkuday H.","Yilmazkuday, Hakan (15125322400)","15125322400","Stock market development and economic growth: The role of institutional quality","2026","Borsa Istanbul Review","26","","100711","","","3","10.1016/j.bir.2025.07.018","https://www.scopus.com/pages/publications/105012586694?origin=resultslist","This paper investigates the dynamic relationship between stock market development and economic growth, explicitly examining how institutional quality conditions this link and whether effects differ between advanced economies versus emerging and developing countries. Employing the local projections method, we analyze annual panel data for 96 countries from 2003 to 2022, utilizing six dimensions of institutional quality. Results show that there are positive effects of stock market development on economic growth in a statistically significant way, but these effects are profoundly conditional on the institutional environment and vary significantly across country groups. Strong administrative and legal institutions enhance this effect in advanced economies, whereas weak institutions across all measures are associated with larger relative positive effects in emerging and developing countries. Important policy suggestions follow. © 2025 Borsa İstanbul Anonim Şirketi.","Development; Economic growth; Institutional quality; Stock market","","Article","Final","All Open Access; Gold Open Access","Scopus","2-s2.0-105012586694"
"Kotz H.-H.; Semmler W.; Tahri I.","Kotz, Hans-Helmut (23110873200); Semmler, Willi (35611527900); Tahri, Ibrahim (56042041900)","23110873200; 35611527900; 56042041900","Financial fragmentation and the monetary transmission mechanism in the euro area: A smooth transition VAR approach","2018","Studies in Nonlinear Dynamics and Econometrics","22","5","20170097","","","1","10.1515/snde-2017-0097","https://www.scopus.com/pages/publications/85054353910?origin=resultslist","This paper investigates the effect of financial fragmentation on the monetary transmission mechanism in different Euro area economies, categorized into two groups: Countries considered as ""core"" economies and countries characterized as ""peripheral"" economies. We analyze the effects of financial fragmentation on the monetary transmission mechanism through the traditional interest rate channel. To gauge the impact of changes in policy rates on the behavior of real variables such as aggregate output and employment we use a Smooth Transition VAR (VSTAR) model. Employing a nonlinear multivariate time series approach helps us capture the regime-dependent dynamics of the variables under study. The results obtained show that money market rates targeted by the central bank do not completely pass through to banks' lending rates to firms, particularly in a financially fragmented environment. This finding supports the hypothesis of an impairment of the monetary transmission mechanism as a result of financial fragmentation. Given this impairment in some sectors and regions an accompanying credit volume policy might have been appropriate. © 2018 Walter de Gruyter GmbH, Berlin/Boston.","financial crisis; generalized impulse response analysis; interest rate pass-through; monetary policy transmission mechanism; multivariate nonlinear model","","Article","Final","","Scopus","2-s2.0-85054353910"
"De Santis R.A.; Stein M.","De Santis, Roberto A. (35614691000); Stein, Michael (22735435800)","35614691000; 22735435800","Financial indicators signaling correlation changes in sovereign bond markets","2015","Journal of Banking and Finance","56","","","86","102","9","10.1016/j.jbankfin.2015.02.018","https://www.scopus.com/pages/publications/84937915037?origin=resultslist","We use a Smooth Transition Conditional Correlation GARCH (STCC-GARCH) model applied to the euro area monetary policy rates and sovereign yields of Italy, Spain and Germany at 5-year maturity to estimate the threshold level of the signals above which the sovereign bond market moves to a crisis regime. We show that the threshold to a crisis regime for Italy and Spain is reached when (i) their 5-year sovereign yield spreads amount to about 90 basis points; (ii) their 5-year CDS spreads amount to about 155 basis points or (iii) the 5-year spread between the Kreditanstalt für Wiederaufbau (KfW) bond and the German Bund amounts to about 30-40 basis points. Using impulse responses, we find that the STCC-GARCH with the KfW-Bund spread has leading properties, a feature corroborated by the fact that this indicator suggested a shift to a crisis regime already in August 2007 and has been signaling an improvement of the situation already in the autumn of 2012. An out-of-sample forecast of the STCC-GARCH model is also provided, which is both a novelty and a further robustness check for the stability of the model. © 2015 Elsevier B.V.","Correlation breakdowns; F36; G12; G15; Government bonds; Monetary policy; Multivariate GARCH; Regime changes","","Article","Final","","Scopus","2-s2.0-84937915037"
"Valera H.G.; Balié J.; Magrini E.","Valera, Harold Glenn (56682791400); Balié, Jean (55910248900); Magrini, Emiliano (56452849000)","56682791400; 55910248900; 56452849000","Is rice price a major source of inflation in the Philippines? A panel data analysis","2022","Applied Economics Letters","29","16","","1528","1532","9","10.1080/13504851.2021.1946470","https://www.scopus.com/pages/publications/85108828511?origin=resultslist","We estimate a panel vector auto-regression model using monthly prices for 17 regions in the Philippines from 2007 to 2019. Our results suggest that the effect of rice price on inflation is larger than the effect of fuel price and remittances. The results obtained are robust to various model specifications, different sub-periods, and inflation proxies. The impulse response functions for sub-samples of regions show two remarkable results. First, the response of inflation to a rice price shock varies according to poverty incidence by region. Second, the magnitude and persistence of this effect are larger for regions with high poverty rates. These results suggest that the Central Bank should keep alert in monitoring and assessing key developments in rice prices and supply. © 2021 Informa UK Limited, trading as Taylor & Francis Group.","Inflation; Philippines; remittance; rice price","Philippines; data set; inflation; panel data; price determination; price dynamics; rice; supply chain management","Article","Final","","Scopus","2-s2.0-85108828511"
"Ahmad B.; Sivasundaram S.","Ahmad, Bashir (56956443200); Sivasundaram, S. (8948418800)","56956443200; 8948418800","Instability criteria for impulsive hybrid state dependent delay integrodifferential systems","2010","Nonlinear Analysis: Real World Applications","11","2","","750","758","6","10.1016/j.nonrwa.2009.01.011","https://www.scopus.com/pages/publications/70449640895?origin=resultslist","In this paper, we present the sufficient conditions ensuring the instability of the zero solution of an impulsive state dependent delay integrodifferential system for different conditions on the delay function. We assume the instability of the associated linear impulsive system and apply the idea of dichotomies together with Schauder-Tychonoff theorem to establish the sufficient conditions for the unstable solution of the problem. © 2009 Elsevier Ltd. All rights reserved.","(h, k)-dichotomies; Impulsive integrodifferential system; State dependent delay","Trajectories; Delay function; Hybrid state; Instability criterion; Integro-differential system; Linear impulsive; State dependent delay; Sufficient conditions; Unstable solutions; Zero solutions; Impulse response","Article","Final","","Scopus","2-s2.0-70449640895"
"Zhang Y.; Cheng Z.; He Q.","Zhang, Yilin (57211716223); Cheng, Zhenyu (57211711966); He, Qingsong (37074596400)","57211716223; 57211711966; 37074596400","Time lag analysis of FDI spillover effect: Evidence from the Belt and Road developing countries introducing China’s direct investment","2020","International Journal of Emerging Markets","15","4","","629","650","36","10.1108/IJOEM-03-2019-0225","https://www.scopus.com/pages/publications/85074892194?origin=resultslist","Purpose: For the developing countries involving in the Belt and Road Initiative (BRI) with China as the main source of foreign development investment (FDI) and development as the top priority, it appears to attract more and more attention on how to make the best use of China’s outward foreign development investment. However, the contradictory evidence in the previous studies of FDI spillover effect and the remarkable time-lag feature of spillovers motivate us to analyze the mechanism of FDI spillover effect. The paper aims to discuss this issue. Design/methodology/approach: The mechanism of FDI spillovers and the unavoidable lag effect in this process are empirically analyzed. Based on the panel data from the Belt and Road developing countries (BRDCs) and China’s direct investments (CDIs) from 2003 to 2017, the authors establish a panel vector autoregressive model, employing impulse response function and variance decomposition analysis, together with Granger causality test. Findings: Results suggest a dynamic interactive causality mechanism. First, CDI promotes the economic growth of BRDCs through technical efficiency, human capital and institutional transition with combined lags of five, nine and eight years. Second, improvements in the technical efficiency and institutional quality promote economic growth by facilitating the human capital with integrated delays of six and eight years. Third, China’s investment directly affects the economic growth of BRDCs, with a time lag of six years. The average time lag is about eight years. Originality/value: Based on the analysis on the mechanism and time lag of FDI spillovers, the authors have shown that many previous articles using one-year lagged FDI to examine the spillover effect have systematic biases, which contributes to the research on the FDI spillover mechanism. It provides new views for host countries on how to make more effective use of FDI, especially for BRDCs using CDIs. © 2019, Emerald Publishing Limited.","BRI developing countries; China’s direct investment; FDI spillover effect; Granger causality; Panel vector autoregression","","Article","Final","","Scopus","2-s2.0-85074892194"
"Zehri C.; Madjd-Sadjadi Z.","Zehri, Chokri (57170678200); Madjd-Sadjadi, Zagros (27267788000)","57170678200; 27267788000","The distributional impacts of capital controls","2023","International Review of Applied Economics","37","1","","138","167","0","10.1080/02692171.2021.1965550","https://www.scopus.com/pages/publications/85113226696?origin=resultslist","The study examines the distributional implications of capital account restrictions on three important welfare measurements of concern for policymakers: income inequality, poverty, and external debt. Two approaches are followed, the Autoregressive Distributed Lag (ARDL), and the local projections regression with impulse response functions (IRFs), and applied to a panel data for 102 countries from 1995 to 2019. First, we identify the capital control periods, and second, we follow behavior of these three measurements after these periods. The results show a decline in income inequality and poverty and a decline in external debt. However, four pathways can affect the intensity of capital controls impacts, the financial development and the strength of the financial institutions, the financial crisis probability, the bargaining power of the labor market, and the cost of international debt. The study highlights that additional policies may be needed to redistribute some of the gains of capital controls. © 2021 Informa UK Limited, trading as Taylor & Francis Group.","Capital controls; external debt; financial liberalisation; inequality; macroeconomics; poverty","capital; debt; financial crisis; financial system; income; income distribution; macroeconomics; panel data; poverty; probability","Article","Final","","Scopus","2-s2.0-85113226696"
"Rana R.H.; Alam K.; Gow J.","Rana, Rezwanul Hasan (57202980023); Alam, Khorshed (56695471300); Gow, Jeff (56123640200)","57202980023; 56695471300; 56123640200","Health expenditure and gross domestic product: causality analysis by income level","2020","International Journal of Health Economics and Management","20","1","","55","77","52","10.1007/s10754-019-09270-1","https://www.scopus.com/pages/publications/85070761990?origin=resultslist","The empirical findings on the relationship between gross domestic product (GDP) and health expenditure are diverse. The influence of income levels on this causal relationship is unclear. This study examines if the direction of causality and income elasticity of health expenditure varies with income level. It uses the 1995–2014 panel data of 161 countries divided into four income groups. Unit root, cointegration and causality tests were employed to examine the relationship between GDP and health expenditure. Impulse-response functions and forecast-error variance decomposition tests were conducted to measure the responsiveness of health expenditure to changes in GDP. Finally, the common correlated effects mean group method was used to examine the income elasticity of health expenditure. Findings show that no long-term cointegration exists, and the growth in health expenditure and GDP across income levels has a different causal relationship when cross-sectional dependence in the panel is accounted for. About 43% of the variation in global health expenditure growth can be explained by economic growth. Income shocks affect health expenditure of high-income countries more than lower-income countries. Lastly, the income elasticity of health expenditure is less than one for all income levels. Therefore, healthcare is a necessity. In comparison with markets, governments have greater obligation to provide essential health care services. Such results have noticeable policy implications, especially for low-income countries where GDP growth does not cause increased health expenditure. © 2019, Springer Science+Business Media, LLC, part of Springer Nature.","Causality analysis; Common correlated effects; Gross domestic product; Health expenditure; Impulse response function; Westerlund cointergration","Causality; Global Health; Gross Domestic Product; Health Expenditures; Humans; Income; Models, Economic; article; decomposition; economic development; elasticity; global health; government; gross national product; high income country; human; income group; low income country; market; causality; economic model; economics; health care cost; income","Article","Final","","Scopus","2-s2.0-85070761990"
"Love I.; Zicchino L.","Love, Inessa (6602194874); Zicchino, Lea (60447696200)","6602194874; 60447696200","Financial development and dynamic investment behavior: Evidence from panel VAR","2006","Quarterly Review of Economics and Finance","46","2","","190","210","1304","10.1016/j.qref.2005.11.007","https://www.scopus.com/pages/publications/33646892264?origin=resultslist","We apply vector autoregression (VAR) to firm-level panel data from 36 countries to study the dynamic relationship between firms' financial conditions and investment. By using orthogonalized impulse-response functions we are able to separate the 'fundamental factors' (such as marginal profitability of investment) from the 'financial factors' (such as availability of internal finance) that influence the level of investment. We find that the impact of financial factors on investment, which indicates the severity of financing constraints, is significantly larger in countries with less developed financial systems. Our finding emphasizes the role of financial development in improving capital allocation and growth. © 2006 Board of Trustees of the University of Illinois.","Dynamic investment behavior; Financial development; Vector autoregression","","Article","Final","","Scopus","2-s2.0-33646892264"
"Nguyen T.B.; Le C.V.","Nguyen, Trung Ba (57201388744); Le, Chon Van (57199327684)","57201388744; 57199327684","Impacts of monetary policy on housing prices in five emerging economies during the Covid-19 pandemic","2025","International Journal of Housing Markets and Analysis","18","1","","48","69","5","10.1108/IJHMA-04-2023-0057","https://www.scopus.com/pages/publications/85165515068?origin=resultslist","Purpose: This paper aims to examine the dynamic impacts of the COVID-19 pandemic and government policy on real house price indices in five emerging economies, namely, Brazil, China, Thailand, Turkey and South Africa. Design/methodology/approach: The authors use the local projection method with a panel data set of these countries spanning from January 2020 to July 2021. Findings: The number of COVID-19 confirmed positive cases raised housing prices, whereas government containment measures reduced them. Both conventional and unconventional monetary policy implemented by central banks to cope with the COVID-19 helped increase housing prices. These effects were strengthened by the US monetary policy via globalized financial markets. Originality/value: First, while previous researches typically concentrated on developed countries, the authors investigate emerging economies where proportionally more people were badly affected by the pandemic. Second, a panel data set of five emerging economies enabled the authors to examine the dynamic effects of the COVID-19 crisis on housing prices. Third, to the best of the authors’ knowledge, this is the first study evaluating the influences of easing monetary policy on housing prices in emerging economies during the pandemic. © 2024, Emerald Publishing Limited.","COVID-19 pandemic; Emerging economies; Housing prices; Monetary policy","","Article","Final","","Scopus","2-s2.0-85165515068"
"Tiwari A.K.; Eapen L.M.; Nair S.R.","Tiwari, Aviral Kumar (57204698496); Eapen, Leena Mary (55171599300); Nair, Sthanu R (55169604200)","57204698496; 55171599300; 55169604200","Electricity consumption and economic growth at the state and sectoral level in India: Evidence using heterogeneous panel data methods","2021","Energy Economics","94","","105064","","","74","10.1016/j.eneco.2020.105064","https://www.scopus.com/pages/publications/85098634363?origin=resultslist","The demand for energy has been increasing over the years in India, which may be the result of its rapid economic growth trajectory. In this context, this study examines the direction of the Granger-causal relationship between electricity consumption and economic growth at the state and sectoral levels in India. In doing so, the panel cointegration tests with the structural break, the heterogeneous panel causality test, and the panel VAR based impulse-response model are employed. The study covers overall economic growth and growth in agricultural and industrial sectors for eighteen major Indian states for the period 1960–61 to 2014–15. The results provide evidence in support of a long-term relationship between economic growth and electricity consumption only in the agriculture sector. Further, the results provide evidence for the presence of unidirectional Granger-causality flowing in the direction of overall economic growth to electricity consumption at the aggregate state level. However, at the sectoral level, there is a unidirectional causal relationship running from electricity consumption to economic growth for the agriculture sector, and economic growth to electricity consumption for the industrial sector. © 2020 Elsevier B.V.","Economic growth; Electricity consumption; Panel cointegration; Panel-granger causality; States, India","India; Agricultural robots; Agriculture; Economic analysis; Economic and social effects; Electric power utilization; Impulse response; Agriculture sectors; Causal relationships; Electricity-consumption; Granger Causality; Impulse response model; Industrial sector; Long-term relationships; Panel co integrations; cointegration analysis; economic growth; electricity supply; Granger causality test; panel data; vector autoregression; Industrial economics","Article","Final","","Scopus","2-s2.0-85098634363"
"Jalles J.T.; Park D.; Qureshi I.; Tian S.","Jalles, João Tovar (34869694600); Park, Donghyun (7403245814); Qureshi, Irfan (57210387100); Tian, Shu (59272892800)","34869694600; 7403245814; 57210387100; 59272892800","Rethinking nonlinear fiscal multipliers in Asia: efficiency, infrastructure, and institutions","2026","Applied Economics Letters","33","12","","2147","2153","0","10.1080/13504851.2025.2466743","https://www.scopus.com/pages/publications/86000005951?origin=resultslist","This paper analyzes the impact of public investment shocks on economic growth in emerging and developing economies (EMDEs), with a focus on Asia. Using a novel approach to identify investment shocks and employing the local projection method, we find that public investment significantly enhances growth, particularly in countries with high public investment efficiency, low infrastructure quality, and low corruption levels. The results underscore the importance of efficient resource allocation and strong institutions in maximizing the effectiveness of public spending, demonstrating its potential to bolster overall economic growth in EMDEs. © 2025 Informa UK Limited, trading as Taylor & Francis Group.","local projections; nonlinearities; panel data; Public investment","Asia; economic growth; efficiency measurement; fiscal policy; infrastructure; institutional framework; investment; nonlinearity; panel data","Article","Final","","Scopus","2-s2.0-86000005951"
"Kulu E.; Sebu J.; Osei B.","Kulu, Evans (57395724700); Sebu, Joshua (55366208200); Osei, Bismark (57884940800)","57395724700; 55366208200; 57884940800","Effect of financial stability on new business establishments in Africa: does ease of doing business matter?","2024","Journal of Financial Economic Policy","16","2","","205","225","2","10.1108/JFEP-07-2023-0202","https://www.scopus.com/pages/publications/85178316018?origin=resultslist","Purpose: Given the relevance of entrepreneurship in nation-building, studies geared towards the promotion of new businesses are crucial. This study aims to contribute to the finance and entrepreneurship literature by providing empirical evidence on the role ease of doing business plays in promoting new business establishments amidst financial stability. Design/methodology/approach: The study used the fixed and random effect estimation techniques as well as the impulse response function to analyse annual panel data covering 53 African countries. Findings: The results indicate that regulatory quality and access to electricity promote new business establishments. Also, to experience the direct effect of financial stability on new business establishments or entrepreneurship in Africa, the role of the ease of doing business cannot be isolated. The policy implication is that the creation of an enabling business environment is crucial for new business establishments. Research limitations/implications: The sample only includes countries in Africa. Future or further studies may want to expand the sample size and also consider a comparative analysis where this analysis will be done plus another region so that the differences in findings can be known. Originality/value: To the best of the authors’ knowledge, this is the first study to investigate the role of ease of doing business on new business establishments in the presence of financial stability in Africa. © 2023, Emerald Publishing Limited.","Africa; Ease of doing business; Financial institutions; Stability","","Article","Final","","Scopus","2-s2.0-85178316018"
"Ahmed M.I.; Cassou S.P.; Kishan R.P.","Ahmed, M. Iqbal (60085536700); Cassou, Steven P. (6602305858); Kishan, Ruby P. (6602928080)","60085536700; 6602305858; 6602928080","State of broker-dealer leverage and the transmission of monetary policy","2023","Macroeconomic Dynamics","69","6","","","","3","10.1017/S1365100523000081","https://www.scopus.com/pages/publications/85150342013?origin=resultslist","This paper investigates how responses of US macroeconomic activities to monetary policy shocks depend on the state of broker-dealer leverage. The analysis makes use of leverage data to create an indicator series that distinguishes above and below-trend leverage states for the economy which is then integrated into switching econometric models. Using state-dependent local projection methods, we find that during the below-trend leverage state, monetary policy affects the economy in a traditional fashion. However, during the above-trend leverage state, expansionary monetary policy is problematic for stimulating the economy. Additionally, during the above-trend leverage state, we find that a policy rate cut raises counterparty risks in financial markets, which in part accounts for the weaker effectiveness of the monetary policy. These findings are robust to several alternative modeling specifications and suggest that monetary policy authorities should monitor the leverage cycle when determining their policy stance on macroeconomic stability.  © The Author(s), 2023. Published by Cambridge University Press.","Broker-dealer leverage; local projection; monetary policy asymmetries","","Article","Final","All Open Access; Hybrid Gold Open Access","Scopus","2-s2.0-85150342013"
"Breitenlechner M.; Scharler J.","Breitenlechner, Max (57212061501); Scharler, Johann (22836608300)","57212061501; 22836608300","Private Sector Debt, Financial Constraints, and the Effects of Monetary Policy: Evidence from the US","2020","Oxford Bulletin of Economics and Statistics","82","4","","889","915","5","10.1111/obes.12349","https://www.scopus.com/pages/publications/85088704955?origin=resultslist","We characterize the response of U.S. real GDP to monetary policy shocks conditional on the level of private sector debt and the degree to which financial constraints are binding. To incorporate state-dependent effects of monetary policy, we use the local projection framework. We find that although the amount of private sector debt potentially weakens the monetary policy transmission mechanism, policy shocks exert substantially larger effects on output when high private debt coincides with binding financial constraints. © 2019 The Authors. Oxford Bulletin of Economics and Statistics published by Oxford University and JohnWiley & Sons Ltd.","","","Article","Final","All Open Access; Green Open Access; Hybrid Gold Open Access","Scopus","2-s2.0-85088704955"
"Jalles J.T.; Karras G.","Jalles, João Tovar (34869694600); Karras, Georgios (7004460641)","34869694600; 7004460641","Pandemics and Trade in the 21st Century: Evidence from five Pre-Covid Pandemics","2023","Open Economies Review","34","4","","895","918","3","10.1007/s11079-022-09687-1","https://www.scopus.com/pages/publications/85139128313?origin=resultslist","Early evidence suggests that COVID-19 caused a sharp decrease in international trade and a widening of current account imbalances. This paper shows that (qualitatively) similar responses have characterized the effects of previous pandemics. Using data from a sample of 170 countries, we find that a pandemic shock is typically followed by a sizable decrease in output and trade volumes, but an uneven current account response: balances improve in developed (or surplus) economies but deteriorate in developing (or deficit) ones. We also explore potential mechanisms for this asymmetry, and our evidence is pointing to national saving and the business cycle phase as the main reasons behind the divergent current account dynamic responses. © 2022, The Author(s), under exclusive licence to Springer Science+Business Media, LLC, part of Springer Nature.","Current account; Local projection; Nonlinearities; Pandemics; Panel data; Recessions","business cycle; COVID-19; international trade; nonlinearity; panel data; twenty first century","Article","Final","All Open Access; Bronze Open Access; Green Open Access","Scopus","2-s2.0-85139128313"
"Rao H.; Wang Z.","Rao, Huiting (60080151300); Wang, Zifei (60080551700)","60080151300; 60080551700","Research on the Interactive Relationship between Digital Economic Development Level and High-Quality Economic Development Level in Guangdong Province","2025","Proceedings of the 2nd Guangdong-Hong Kong-Macao Greater Bay Area International  Conference on Digital Economy and Artificial Intelligence, DEAI 2025","","","","1450","1456","0","10.1145/3745238.3745465","https://www.scopus.com/pages/publications/105014740348?origin=resultslist","The paper makes a comprehensive evaluation of digital economy development level (DEL) and high-quality economic development level (HQL) by using entropy method in 21 prefecture-level cities in Guangdong Province, which is based on the panel data of 21 prefecture-level cities in Guangdong Province from 2013 to 2022. Moreover, this paper employs the panel vector autoregression (PVAR) model to study the interactive influence relationship between digital economy development level (DEL) and high-quality economic development level (HQL). This paper draws some conclusions, which are as follows: (i) The general trend of DEL and HQL in Guangdong Province and 21 prefecture-level cities is developing steadily and upward. (ii) There is an obvious regional imbalance in the DEL and HQL in Guangdong Province. (iii) The DEL is not the Granger cause of HQL, but HQL is the Granger cause of DEL. There is a positive impulse response relationship between HQL and DEL. The impact of HQL on the DEL is relatively less pronounced, but it is quite remarkable that DEL has an impact on the HQL. © 2025 Copyright held by the owner/author(s).","Digital Economy; Entropy Method; High-quality Economic Development; PVAR Model","Economic and social effects; Human engineering; Digital economy; Economic development; Entropy methods; Guangdong Province; High quality; High-quality economic development; Interactive relationships; Panel vector autoregression model; Quality economics; Vector autoregression models; Entropy","Conference paper","Final","All Open Access; Gold Open Access","Scopus","2-s2.0-105014740348"
"Jalles J.T.; Karras G.","Jalles, João Tovar (34869694600); Karras, Georgios (7004460641)","34869694600; 7004460641","Rethinking tax progressivity: a new look at its role in OECD economic growth","2026","International Tax and Public Finance","33","1","","280","306","0","10.1007/s10797-025-09902-y","https://www.scopus.com/pages/publications/105007897080?origin=resultslist","Compared to the economic effects of tax rates, those of tax progressivity have been both less studied and harder to estimate. In this paper, we show that estimating these effects requires a methodology that pays close attention to the dynamics of the relationship between tax progressivity and output. Using Local Projections and a dataset of 33 OECD economies since 1980, we show that tax progressivity affects the economy in a way that is broadly consistent with the predictions of a standard neoclassical growth model. An increase in tax progressivity is associated with a reduction in the economy’s growth rate temporarily and the level of income per capita permanently. Both effects are sizable, statistically significant, and robust. Our findings also emphasize the importance of including both the tax rate and tax progressivity in the estimation: omitting either can lead to biased results. © The Author(s), under exclusive licence to Springer Science+Business Media, LLC, part of Springer Nature 2025.","Economic growth; Fiscal policy; Income per capita; Local projections; Neoclassical growth model; OECD economies; Panel data analysis; Tax progressivity","","Article","Final","","Scopus","2-s2.0-105007897080"
"Abril-Salcedo D.S.; Melo-Velandia L.F.; Parra-Amado D.","Abril-Salcedo, Davinson Stev (57189660754); Melo-Velandia, Luis Fernando (13612565800); Parra-Amado, Daniel (56449265900)","57189660754; 13612565800; 56449265900","Impacts of weather anomalies on food prices in Colombia; [Impactos de los fenómenos climáticos sobre el precio de los alimentos en Colombia]","2016","Ensayos Sobre Politica Economica","34","80","","146","158","11","10.1016/j.espe.2016.03.003","https://www.scopus.com/pages/publications/84973889760?origin=resultslist","This paper estimates the impacts of weather conditions on Colombian food inflation growth. Generalized impulse response functions were used for a smooth transition non-linear model that includes food inflation and the sea surface temperature index (SST v3.4). In this study, data were obtained from the monthly period between June 1995 and May 2015. Results suggest that the weather shocks are transitory and asymmetric. In particular, a strong and positive shock has a significant effect on the food inflation growth and produces a 72,5 and 100 bases points increment four and five months later, respectively. © 2016 Banco de la República de Colombia","Food prices index; Non-linear smooth transition models; Weather anomalies","","Article","Final","All Open Access; Bronze Open Access","Scopus","2-s2.0-84973889760"
"Brémond V.; Hache E.; Joëts M.","Brémond, Vincent (37080252300); Hache, Emmanuel (37080740300); Joëts, Marc (54406914100)","37080252300; 37080740300; 54406914100","On the link between oil and commodity prices: A panel var approach","2014","Energy Studies Review","20","3","","36","49","0","10.15173/esr.v20i3.554","https://www.scopus.com/pages/publications/84907663569?origin=resultslist","The aim of this paper is to study the relations between the price of oil and a large dataset of commodity prices, relying on panel data settings. Using second generation panel cointegration tests, our findings show that the WTI and commodity prices are not linked in the long term. Nevertheless, considering our results in causality tests, we show that short-run relations exist, mainly from the price of crude oil to commodity prices. We thus implement a panel VAR estimation with an impulse response function analysis. Two main conclusions emerge: (i) fast co-movements are highlighted, while (ii) market efficiency is emphasised.","Causality.; Cointegration; Commodities; Impulse response; Oil prices; Panel VAR","","Review","Final","All Open Access; Gold Open Access; Green Open Access","Scopus","2-s2.0-84907663569"
"Obed M.K.; Hussein H.S.; Fadhel A.M.; Faraj B.A.A.; Battal A.H.; Abd M.K.","Obed, Muhannad Khalifa (59247218800); Hussein, Hanan Shaheen (59958414700); Fadhel, Adel Mansour (60004777300); Faraj, Bha Aldan Abdulsattar (59957549500); Battal, Ahmed Hussein (57348050900); Abd, Muhannad Khamis (57223279008)","59247218800; 59958414700; 60004777300; 59957549500; 57348050900; 57223279008","ENHANCE THE LINK BETWEEN FINANCIAL DEVELOPMENT AND ECONOMIC GROWTH: INSIGHTS FROM A GMM-VAR APPROACH","2024","International Journal of Economics and Finance Studies","16","3","","389","410","2","10.34109/ijefs.202416319","https://www.scopus.com/pages/publications/105011099057?origin=resultslist","This research investigates the complex interplay between financial development and economic growth within the Middle Eastern context, employing an advanced Generalised Method of Moments (GMM) Panel Vector Autoregressive (VAR) approach. Utilising panel data spanning 12 Middle Eastern economies from 2000 to 2018, the study conducts an empirical evaluation of the bidirectional causality between financial markets and economic expansion, incorporating a structural break analysis to assess the impact of the Arab Spring on this relationship. The investigation utilises the Financial Institutions Index (FII), Financial Market Index (FMI), and Broad Money Supply (M3) as key independent variables to examine their effects on real per capita GDP growth (CGDP). Findings indicate that, following 2010, financial institutions exerted a more pronounced negative influence on economic growth compared to financial markets, primarily due to inefficiencies in credit allocation, banking sector concentration, and weak financial intermediation. The Chow Test validates the presence of a structural break post-2010, necessitating a segmented analysis of the pre- and post-Arab Spring periods. Furthermore, the Granger Causality Test identifies a unidirectional causal relationship from financial markets to economic growth before 2010, whereas, in the post-2010 period, a bidirectional link emerges between financial institutions and economic expansion, lending support to the endogeneity hypothesis. The Impulse Response Function (IRF) analysis further highlights the volatility of financial market shocks, which initially stimulate growth but subsequently contribute to instability. The study underscores the imperative of financial sector reform, with particular emphasis on enhancing banking efficiency, optimising credit distribution mechanisms, and expanding capital markets to ensure financial development translates into sustained economic advancement. The research offers policy recommendations for financial regulators, advocating for the reinforcement of financial infrastructure to mitigate systemic risks and strengthen economic resilience. © (2024), (Social Sciences Research Society). All Rights Reserved.","Arab Spring; Economic Growth; Financial Development; Financial Institutions; Financial Markets; GMM Panel VAR; Granger Causality; Impulse Response Function; Structural Break","","Article","Final","","Scopus","2-s2.0-105011099057"
"Qifa H.; Oppong S.; Borah P.S.; Addai-Dansoh S.","Qifa, Huang (58487379200); Oppong, Stephen (57244301800); Borah, Prasad Siba (57224570871); Addai-Dansoh, Stephen (57973309600)","58487379200; 57244301800; 57224570871; 57973309600","Investigating the role of foreign capital inflows and economic freedom in poverty alleviation","2023","Economics and Finance Letters","10","1","","22","43","2","10.18488/29.v10i1.3261","https://www.scopus.com/pages/publications/85164769295?origin=resultslist","Many developing countries are still suffering considerable poverty despite the enormous amounts of international development aid channeled to them. This phenomenon raises the question of what role foreign capital plays in these countries. Our study focused on the role of foreign capital (foreign direct investment and foreign aid) and economic freedom in poverty alleviation in developing and least-developed countries using panel data from 1995 to 2018 for 71 countries. We employed several econometric techniques, such as dynamic ordinary least squares, fully modified ordinary least squares, dynamic fixed effects, and pooled mean group regression methods. Furthermore, we performed the Granger causality test, tested the impulse response function, and conducted variance decomposition analysis. In our long-run estimations, we found that while foreign direct investment could significantly alleviate poverty, it increased poverty in the short run. On the other hand, foreign aid played no significant role in poverty alleviation in either the short or the long run. Moreover, to alleviate poverty, economic growth and economic freedom are essential; our findings consistently demonstrated that they play a crucial role in poverty alleviation. We also found bidirectional causality between poverty alleviation and population growth, while a unidirectional causal linkage was found from poverty alleviation to foreign aid. We conclude that policymakers should develop a new paradigm of developmental assistance, and governments should create an enabling environment for foreign investment to support their growth plan. © 2023 Conscientia Beam. All Rights Reserved.","Developing countries; Economic freedom; Foreign aid; Foreign direct investment; Least developed countries; Poverty alleviation","","Article","Final","All Open Access; Gold Open Access","Scopus","2-s2.0-85164769295"
"Sheng X.; Gupta R.; Çepni O.","Sheng, Xin (57194850772); Gupta, Rangan (18037301200); Çepni, Oğuzhan (57194427831)","57194850772; 18037301200; 57194427831","The effects of climate risks on economic activity in a panel of US states: The role of uncertainty","2022","Economics Letters","213","","110374","","","51","10.1016/j.econlet.2022.110374","https://www.scopus.com/pages/publications/85125229173?origin=resultslist","We analyse the impact of climate risks (temperature growth and its volatility) on the coincident indicator of the 50 US states in a panel data set-up, over the monthly period of March, 1984 to December, 2019. Using impulse response functions (IRFs) from a linear local projections (LPs) model, we show that climate risks negatively impact economic activity to a similar degree, irrespective of whether such risks are due to changes in temperature growth or its volatility. More importantly, using a nonlinear LPs model, the IRFs reveal that the adverse effect of climate risks is contingent on the regimes of economic and policy-related uncertainty of the states, with the impact being significantly much stronger under relatively higher values of uncertainty, rather than lower values of the same. In addition to this, temperature growth volatility is found to contract economic activity nearly five times more compared to when temperature growth increases by a similar magnitude in the higher uncertainty-based regime of the nonlinear model. Understandably, our results have important policy implications. © 2022 Elsevier B.V.","Climate risks; Economic activity; Impulse response functions; Linear and nonlinear local projections; Uncertainty; US states","","Article","Final","All Open Access; Green Open Access; Hybrid Gold Open Access","Scopus","2-s2.0-85125229173"
"Donayre L.; Panovska I.","Donayre, Luiggi (56112602600); Panovska, Irina (56659388900)","56112602600; 56659388900","State-dependent exchange rate pass-through behavior","2016","Journal of International Money and Finance","64","","","170","195","27","10.1016/j.jimonfin.2016.02.018","https://www.scopus.com/pages/publications/84962313425?origin=resultslist","We estimate a Bayesian threshold vector autoregression (TVAR) to study the relationship between exchange rate pass-through and economic activity in Canada and Mexico. Both the model comparison and the analysis of impulse-response functions provide strong evidence of a nonlinear relationship and suggest that the exchange rate pass-through is dependent on the state of the economy. In particular, the pass-through coefficient is higher when the growth rate of output is large, and this difference is statistically significant across regimes for both countries. Furthermore, the results show that the degree of pass-through is complete in the case of import prices and that it falls along the distribution chain of goods. © 2016 Elsevier Ltd.","Asymmetry; Bayesian analysis; Exchange rate pass-through; MCMC methods; Threshold processes; Vector autoregression","","Article","Final","","Scopus","2-s2.0-84962313425"
"Adeniyi O.; Kumeka T.T.; Orekoya S.; Adekunle W.","Adeniyi, Oluwatosin (55583453400); Kumeka, Terver T (57208647459); Orekoya, Samuel (56096336800); Adekunle, Wasiu (14062942300)","55583453400; 57208647459; 56096336800; 14062942300","Impact of tourism development on inclusive growth: A panel vector autoregression analysis for African economies","2023","Tourism Economics","29","3","","612","642","17","10.1177/13548166211061154","https://www.scopus.com/pages/publications/85122080246?origin=resultslist","The persistent debate among policy makers and academics around combating the high rates of poverty and income inequality can be further illuminated by understanding how tourism contributes to inclusive growth, especially in developing economies. Tourism sector can be regarded as one of the key contributors to inclusive growth and where it has the capacity to generate prospects for productive employment. The goal of this article is thus to investigate the link between inclusive growth and tourism in the African context. To do this, we utilized a recent panel vector autoregression (pVAR) and data for 45 African countries spanning the period 1995 to 2019. Thus, by the error variance decomposition and impulse response functions, our results showed a weak positive effect of international tourism arrivals and the composite tourism indicator on inclusive growth, while tourism receipts and tourism expenditure insignificantly decreases inclusive growth in the sampled African economies. Our result is further supported by the panel system generalized method of moments (GMM). We provide some policy implications from our findings. © The Author(s) 2021.","Africa; inclusive growth; panel data analysis; panel vector autoregression; system generalized method of moments; Tourism; tourism composite indicator","Africa; developing world; panel data; tourism development; tourism economics; vector autoregression","Article","Final","","Scopus","2-s2.0-85122080246"
"Ariefianto M.D.; Sutanto T.; Jesslyn C.","Ariefianto, Moch. Doddy (56595199400); Sutanto, Tasha (59152509500); Jesslyn, Cecilia (59152850500)","56595199400; 59152509500; 59152850500","Bank fundamental dynamics: the role of optimal bank management","2024","Journal of Financial Economic Policy","16","6","","825","855","4","10.1108/JFEP-04-2023-0094","https://www.scopus.com/pages/publications/85194934922?origin=resultslist","Purpose: This study aims to investigate the dynamic relationships between profitability, credit risk, liquidity risk and capital in Indonesian banking industry. Design/methodology/approach: The authors use a panel vector autoregression model that incorporates macroeconomic variables: growth, interest rate, foreign exchange. The analysis is based on a monthly panel data set of 88 banks spanning from January 2012 to September 2021, which comprises 10,296 bank-month observations. Findings: Our key findings highlight (i) permanent credit cost and liquidity cost pass through practices, (ii) complementary function of liquidity and capital, (iii) earning management motivated asset write off and (iv) credit risk-liquidity risk neutrality. In addition, the authors observe that the banks demonstrated resilience to macroeconomic shocks. Research limitations/implications: Our study have shown some interesting dynamic patterns of fundamentals; nevertheless, unified theoretical underpinning of the process is still unavailable. This should be an important future reasearch avenue. Practical implications: The study brings significant implications for regulatory and supervisory practices aimed at enhancing the financial stability of banks. Originality/value: We conduct estimation of Indonesian banks system in dynamic perspective and perform impulses responses. © 2024, Emerald Publishing Limited.","Bank; Fundamental dynamics; Panel data; Vector autoregression","","Article","Final","","Scopus","2-s2.0-85194934922"
"Hosen M.E.; Siddik M.N.A.; Miah M.F.; Kabiraj S.","Hosen, Md. Emran (57222550582); Siddik, Md. Nur Alam (58899207600); Miah, Md. Firoze (57222549076); Kabiraj, Sajal (6508289715)","57222550582; 58899207600; 57222549076; 6508289715","Biomass energy for sustainable development: evidence from Asian countries","2024","Environment, Development and Sustainability","26","2","","3617","3637","9","10.1007/s10668-022-02850-1","https://www.scopus.com/pages/publications/85144390775?origin=resultslist","The key purpose of this research is to investigate the nexus between biomass energy consumption and sustainable development. To achieve the objective, panel data of 19 Asian countries for the period of 1990–2019 have been employed. Pedroni and Kao cointegration test, FMOLS, and DOLS approaches along with variance decomposition and impulse response function analysis have been applied to analyze long-run relationships between variables. Empirical results indicate that biomass energy and sustainable development have substantial positive association, specifically utilization of biomass energy upsurges Asian economies’ level of sustainable development. In contrast, non-renewable energy has an adverse influence on sustainable development. Apart from these, each economy’s gross domestic product has positive effects on sustainable development. This study demonstrates the necessity of biomass energy generation for sustainable development. Asian nations should prioritize biomass energy over fossil fuels energy sources in order to achieve the SDGs by 2030. Further, this research can serve as benchmark for other countries' in recognizing the significance of biomass energy generation to accomplish the SDGs by 2030. © The Author(s), under exclusive licence to Springer Nature B.V. 2022.","Biomass energy; Fossil fuels; Impulse response analysis; Panel cointegration test; Sustainable development","Asia; bioenergy; biomass power; cointegration analysis; fossil fuel; panel data; power generation; spatiotemporal analysis; sustainable development","Article","Final","","Scopus","2-s2.0-85144390775"
"Gächter M.; Geiger M.; Stöckl S.","Gächter, Martin (38961312300); Geiger, Martin (57131341500); Stöckl, Sebastian (57191965183)","38961312300; 57131341500; 57191965183","Credit intermediation and the transmission of macro-financial uncertainty: International evidence","2020","Journal of International Money and Finance","108","","102152","","","5","10.1016/j.jimonfin.2020.102152","https://www.scopus.com/pages/publications/85080101229?origin=resultslist","This paper introduces a novel measure of global macro-financial uncertainty and examines the state-dependent transmission of uncertainty to economic activity. We show that global uncertainty shocks have adverse and nonlinear macroeconomic effects, with the nonlinearity being driven by different levels of country-specific banking sector distress. Both macroeconomic and financial market uncertainty are associated with lower economic activity, with the latter exerting stronger effects. The state dependency of the effect is prevalent in both cases. Our findings have important policy implications, highlighting both the state of the banking sector as well as the origin of uncertainty as crucial factors in the transmission of uncertainty. © 2020 Elsevier Ltd","Credit intermediation; Local projection method; State dependency; Uncertainty","","Article","Final","","Scopus","2-s2.0-85080101229"
"Foglia M.; Palomba G.; Tedeschi M.","Foglia, Matteo (57195105681); Palomba, Giulio (24779809000); Tedeschi, Marco (57937247600)","57195105681; 24779809000; 57937247600","Disentangling the geopolitical risk and its effects on commodities. Evidence from a panel of G8 countries","2023","Resources Policy","85","","104056","","","39","10.1016/j.resourpol.2023.104056","https://www.scopus.com/pages/publications/85168800018?origin=resultslist","Geopolitical risk pertains to the potential impact of political, economic, and social factors on the global or regional landscape, giving rise to potential disruptions in the prevailing background. This paper examines the dynamic impact of country-specific geopolitical risk indexes on the G8 countries and commodity market prices. Using a sample of monthly data ranging from January 2001 to October 2022, after estimating a time-varying parameter VAR model, we perform an impulse response analysis that accounts for the major political and economic events that have shaken the past two decades. Our main findings show that geopolitical risk transmission differs from country to country and often depends on geographical proximity, that geopolitical risk appears to affect the energy sector more than metals and food, and that the effects of shocks tend to be absorbed within a year. We also find the magnitude of geopolitical shocks in the US and Russia to be the most relevant, especially after the 2008 global crisis and the Russia–Ukraine conflict in 2022. Our results could provide useful information to financial policymakers and market regulators to face external shocks, thereby achieving greater macroeconomic stability. © 2023 Elsevier Ltd","Commodity markets; G8 countries; Geopolitical risk; Impulse response function; Time varying VAR","Russian Federation; Ukraine; United States; Commerce; Economic and social effects; Impulse response; Value engineering; Commodities market; Economic factors; G8 countries; Geopolitical risks; Impulse response functions; Political factors; Potential impacts; Social factor; Time varying; Time varying VAR; commodity market; energy efficiency; energy policy; geopolitics; panel data; policy making; variance analysis; Financial markets","Article","Final","All Open Access; Green Open Access","Scopus","2-s2.0-85168800018"
"Landry A.","Landry, Anthony (26031509500)","26031509500","Expectations and exchange rate dynamics: A state-dependent pricing approach","2009","Journal of International Economics","78","1","","60","71","8","10.1016/j.jinteco.2009.01.010","https://www.scopus.com/pages/publications/67349090069?origin=resultslist","This paper presents a two-country DSGE model with state-dependent pricing as in Dotsey et al. [Dotsey, M., King, R.G., and Wolman, A.L., 1999. State-dependent pricing and the general equilibrium dynamics of money and output. Quarterly Journal of Economics 114, 655-690] and variable demand elasticity as in Kimball [Kimball, M.S., 1995. The quantitative analytics of the basis neomonetarist model. Journal of Money, Credit, and Banking 27, 1241-1277]. Following a domestic monetary expansion, the model predicts: (i) positive hump-shaped responses of domestic output and consumption, (ii) positive spillover effects on foreign output and consumption, (iii) a high international output correlation relative to consumption correlation, (iv) a delayed increase in domestic and foreign inflation, (v) a delayed nominal exchange rate overshooting, (vi) a deterioration in the terms of trade, and (vii) a J-curve in the trade balance. The model matches the impulse responses from an identified VAR more closely than an otherwise identical model with time-dependent pricing. © 2009 Elsevier B.V. All rights reserved.","Exchange rate dynamics; International business cycle transmission; State-dependent pricing; Variable demand elasticity","balance of trade; business cycle; demand analysis; exchange rate; general equilibrium analysis; modeling; pricing policy; quantitative analysis; spillover effect; terms of trade","Article","Final","","Scopus","2-s2.0-67349090069"
"Lan S.; Yang C.; Tseng M.-L.","Lan, Shulin (55816848900); Yang, Chen (55706689400); Tseng, Ming-Lang (44261803600)","55816848900; 55706689400; 44261803600","Corporate sustainability on causal financial efficiency model in a hierarchical structure under uncertainties","2019","Journal of Cleaner Production","237","","117769","","","17","10.1016/j.jclepro.2019.117769","https://www.scopus.com/pages/publications/85069971659?origin=resultslist","This study contributes to (1) the financial report attributes through the measurement-based algorithm and uses the financial data of the listed firm to test the validity and reliability of the proposed corporate sustainability model; (2) the impulse response relationship of the four first-level indicators and provides a basis for decision-making to improve the efficiency of a firms' financial operations; and (3) this study applies the primary and secondary data from those listed firms. Still, the financial report is the important sources for the public to obtain operations and accounting information. Few studies are presented financial report with hierarchical and causal interrelationship model in considering the corporate financial sustainability in expert preferences and firm's secondary data together. This study is presented the four parts financial reporting are structured as 1. Earning ability; 2. Efficiency; 3. Debt; and 4. Asset management. The authenticity and reliability of financial reports are inevitably affect the quality of accounting information provided and establishes a decision-making index system that affects the quality of the financial efficiency according to the four aspects. This study proposes to apply the decision making trial and evaluation laboratory and analytical network process together to handle the hierarchical and causal interrelationship. In addition, prior studies are lacking to address in built on the score data of different influencing indicators using panel data vector auto regression model. The result shows the asset management capability has a positively impact on the firms' profitability and asset-liability. © 2019 Elsevier Ltd","Analytical network process; Corporate sustainability; Decision making trial and evaluation laboratory; Entropy weights; Financial efficiency; Financial sustainability","Asset management; Decision making; Efficiency; Impulse response; Regression analysis; Sustainable development; Analytical network process; Corporate-sustainability; Decision making trial and evaluation laboratories; Entropy weights; Financial efficiency; Financial sustainability; Finance","Article","Final","","Scopus","2-s2.0-85069971659"
"Swamy V.","Swamy, Vighneswara (55934798200)","55934798200","Debt and growth: Decomposing the cause and effect relationship","2020","International Journal of Finance and Economics","25","2","","141","156","28","10.1002/ijfe.1729","https://www.scopus.com/pages/publications/85065667608?origin=resultslist","This study provides a data-rich analysis of the dynamics of government debt and economic growth for a longer period (1960–2009). It spans across different debt regimes and involves a worldwide sample of countries that is more representative than that of studies confined to advanced countries. This study observes a negative relationship between government debt and growth. The point estimates of the range of econometric specifications suggest that a 10-percentage point increase in the debt-to-gross domestic product ratio is associated with 23 basis point reduction in average growth. The results establish the nonlinear relationship between debt and growth. Further, by employing panel vector autoregressions approach, this study decomposes the cause and effect relationship between debt and growth and offers an answer to the question—Does high debt lead to low growth or low growth leads to high debt? The results derived from the impulse–response functions and variance decomposition show the evidence of the long-term effect of debt on economic growth. The results indicate that the effect is not uniform for all countries but depends mostly on the debt regimes and other important macroeconomic variables like inflation, trade openness, general government final consumption expenditure, and foreign direct investment. © 2019 John Wiley & Sons, Ltd.","Country groupings; economic growth; government debt; nonlinearity; panel data","debt; econometrics; economic growth; foreign direct investment; vector autoregression","Article","Final","","Scopus","2-s2.0-85065667608"
"Hong Vo D.; Van Nguyen P.; Minh Nguyen H.; The Vo A.; Cong Nguyen T.","Hong Vo, Duc (57193902947); Van Nguyen, Phuc (56764117800); Minh Nguyen, Ha (57222277317); The Vo, Anh (57194450231); Cong Nguyen, Thang (57211691113)","57193902947; 56764117800; 57222277317; 57194450231; 57211691113","Derivatives market and economic growth nexus: Policy implications for emerging markets","2020","North American Journal of Economics and Finance","54","","100866","","","25","10.1016/j.najef.2018.10.014","https://www.scopus.com/pages/publications/85059740070?origin=resultslist","The derivatives market plays a crucial role in an economy. However, its link to economic growth and macroeconomic factors seem to be insufficiently covered in academic research despite the publication of many empirical studies on the causality of finance and growth. Recently, many emerging markets, such as Vietnam, have decided to establish a derivatives markets for risk management to ensure stability in the economy. This paper investigates the dynamic relationship among these key variables using up-to-date panel data on 17 countries, for which required data are available until 2017. This study yields various findings. First, bidirectional Granger causality between derivatives markets and economic growth exists internationally. Second, using panel vector autoregression, impulse-response functions, variance decomposition techniques as well as panel econometrics estimations, we find that trade openness and government spending have more effects on the derivatives market than economic growth and inflation. Third, we document that the derivatives market has a more integrated direct relationship with economic growth and macroeconomic factors in high-income countries than their upper-middle-income counterparts. These new findings are essential for consideration by policy makers in emerging markets in relation to the development of their derivatives markets. © 2018 Elsevier Inc.","Derivatives market; Economic growth; Granger-causality tests; Panel VAR","","Article","Final","","Scopus","2-s2.0-85059740070"
"Kopnova E.D.; Rodionova L.A.","Kopnova, Elena D. (36802148900); Rodionova, Lilia A. (57200626408)","36802148900; 57200626408","Modeling the influence of foreign investments on food security based on panel cointegration models","2017","Business Informatics","","3","","20","29","6","10.17323/1998-0663.2017.3.20.29","https://www.scopus.com/pages/publications/85074075056?origin=resultslist","The paper studies the problems of food security as the basis for the stability of the country’s economic development. Despite the economic growth of most countries in the world, the problems of hunger continue to be acute in developing countries. This undermines the food security of these countries and can pose a threat to world peace as a whole. Numerous studies show that foreign investment plays an important role in the creation of food security, but this effect is ambiguous. The most common methods of analysis in recent researchеs are descriptive analysis and panel data models. In this article, our approach to analyzing the impact of foreign investment is based on panel cointegration models; the interpretation of the results uses the impulse response function based on an error correction model. Countries of North Africa are considered as an example of the implementation of this approach. Data from the World Bank and the Food and Agriculture Organization for 1991–2014 for seven countries (Algeria, Egypt, Libya, Morocco, Sudan, Tunisia, Western Sahara) were selected for analysis. In this paper, we have also tested the methodology for selecting the food security indicator based on analysis of the matrix of cointegration relations. The results show that foreign investment has a significant long-term impact on food security, but in the short term no effect was detected. The proposed modeling methodology can be extended to any region of the world to monitor and evaluate the effectiveness of the current economic policy to combat hunger and poverty. © 2020 National Research University, Higher School of Econoimics.","Food security; Foreign investment; Modeling of economic systems; Panel cointegration; Panel tests of unit root; Pedroni panel tests","","Article","Final","All Open Access; Gold Open Access","Scopus","2-s2.0-85074075056"
"Ginn W.; Saadaoui J.","Ginn, William (57202815176); Saadaoui, Jamel (37049293600)","57202815176; 37049293600","Are consumer sentiment shocks state-dependent?","2026","Journal of Macroeconomics","88","","103753","","","1","10.1016/j.jmacro.2026.103753","https://www.scopus.com/pages/publications/105033599434?origin=resultslist","This paper examines the effects of sentiment shocks on economic conditions, with an emphasis on the roles of uncertainty and state dependence, using monthly U.S. data from 1997 to 2024. We first show that Economic Policy Uncertainty (EPU) Granger-causes consumer confidence. Building on this result, we construct a sentiment shock as the innovation in consumer confidence that is orthogonal to EPU and news, ensuring that it captures unexpected movements in sentiment. This orthogonalized shock is then used as an external instrument in a Vector Autoregressive (VAR) Local Projection (VAR-LP) framework. Linear VAR–LP estimates indicate that a sentiment shock leads to modest increases in output and capacity utilization, along with a temporary rise in inflation, while providing no robust evidence of a systematic monetary policy response. Extending the analysis to a state-dependent setting shows that the effects of sentiment shocks are stronger and more immediate during periods of elevated uncertainty, whereas responses in low-uncertainty states are muted and often statistically indistinguishable from zero. Overall, the results suggest that the influence of consumer sentiment on the business cycle is amplified during episodes of heightened uncertainty. © 2026","Animal spirits; Consumer confidence; Local projections; News; Regime switching","","Article","Final","All Open Access; Hybrid Gold Open Access","Scopus","2-s2.0-105033599434"
"Kadochnikova E.; Shaidullin M.; Sunnatov Y.U.; Rastvortseva S.","Kadochnikova, Ekaterina (55849014400); Shaidullin, Marat (60710645000); Sunnatov, Yusuf Usmonovich (58695153300); Rastvortseva, Svetlana (57188713270)","55849014400; 60710645000; 58695153300; 57188713270","Short-Run Costs, Long-Run Gains: Asymmetric Dynamics Between Social and Economic Development","2026","Economies","14","6","193","","","0","10.3390/economies14060193","https://www.scopus.com/pages/publications/105042736070?origin=resultslist","Endogenous growth theory explains the asymmetric dynamic relationship between economic and social development through human capital accumulation and innovation, institutional quality, and demand channels. The objective of this paper is to assess the dynamic relationship between social and economic development in developing countries, where institutional imperfections and development instability create the most pronounced asymmetries. A composite social development index, obtained using the entropy method, operationalizes social development as the expansion of human capabilities in three dimensions: health, education, and material security. A panel vector error correction model (PVECM), estimated using the generalized method of moments (GMM) on panel data from 18 countries in Central Asia, the Middle East, and North Africa for the period 2001–2023, revealed asymmetric dynamic relationships: improved social indicators are associated with a short-term slowdown in economic indicators and more favorable economic dynamics in the medium term. In contrast, economic growth is accompanied by a positive lagged response in social development, although the short-term response may reflect the costs of social adjustment. The influence of control variables confirms the positive role of agglomeration for economic development, revealing the social costs of rapid urbanization and demographic pressure on social development. Estimates of the error correction coefficients indicate a slow adaptation of the system to long-term equilibrium, high inertia, and institutional rigidity of macrosocial processes. Impulse response functions confirm the dynamic and delayed nature of the interaction between economic and social development and positive shocks in the medium term. The obtained empirical results substantiate the need for institutional regulation of policy decisions on human capital accumulation and innovation, as well as social reforms. © 2026 by the authors.","developing countries; economic growth; panel vector error correction model; social development","","Article","Final","All Open Access; Gold Open Access","Scopus","2-s2.0-105042736070"
"Modenesi A.D.M.; Passos N.","Modenesi, ANDRÉ DE MELO (24477689900); Passos, Nikolas (57219650474)","24477689900; 57219650474","Public banks and monetary policy: theory and some results based on state dependent local projections; [Bancos públicos e política monetária: teoria e alguns resultados com base em projeções locais dependentes de estado]","2022","Brazilian Journal of Political Economy","42","3","","697","717","2","10.1590/0101-31572022-3280","https://www.scopus.com/pages/publications/85136238125?origin=resultslist","We test the hypothesis that public banks reduce monetary policy power for Brazilian economy, during the 2000-2018 period. Previous studies have shown that companies with access to government driven credit present smaller fall in investment and production after a contractionary monetary policy shock. Nevertheless, these studies are based on microeconomic data and ignore cost-push effects of monetary policy. We employ state dependent local projections (Jordà, 2005) to compare monetary policy power (defined as the sensibility of inflation to changes in basic interest rate) between periods of high credit of public banks and periods of high credit of private banks. We do not find evidence that monetary policy is less powerful in periods of high credit of public banks. Even though periods of high credit of public banks present a lower effect over output, those periods present less persistent price puzzles than periods of high private credit. We conduct several robustness tests to confirm our results. We attribute those results to lower flexibility in interest rates of credit from public banks, what leads to lower transmission in financial costs, lower reduction in capital stock and lower puzzle in exchange rate. © 2022, UNIV SAOPAULO. All rights reserved.","credit-channel; local projections; monetary policy; public banks","","Article","Final","All Open Access; Gold Open Access; Green Open Access","Scopus","2-s2.0-85136238125"
"Lucidi F.S.; Semmler W.","Lucidi, Francesco Simone (57225217478); Semmler, Willi (35611527900)","57225217478; 35611527900","Supervisory shocks to banks' credit standards and their macroeconomic impact","2022","Journal of Financial Stability","58","","100966","","","2","10.1016/j.jfs.2021.100966","https://www.scopus.com/pages/publications/85121122799?origin=resultslist","Credit standards reported in the Bank Lending Surveys (BLS) of the European Central Bank (ECB) summarize banks’ sentiment about credit market tightness, and they strongly comove with credit growth. This paper introduces a new external instrument that captures an exogenous source of variation in credit standards, allowing us to identify a structural shock that negatively affects the credit supply. The instrument accounts for mandatory rotations of external auditors within credit institutions of nine euro-area countries. By estimating local projections, this paper finds that an unexpected supervisory measure at the banking-system level features significant dynamic causal effects at the macroeconomic level, which are also state-dependent. © 2021 Elsevier B.V.","Banking supervision; Credit supply; Instrumental variables; Local projections","","Article","Final","","Scopus","2-s2.0-85121122799"
"Lee C.-C.; Zou J.","Lee, Chien-Chiang (8601620600); Zou, Jinyang (59249137400)","8601620600; 59249137400","Climate sensitivity of the Energy Security Index in China's prefecture-level cities: Identification and validation of nonlinear impacts from temperature and rainfall","2026","Energy Economics","161","","109494","","","0","10.1016/j.eneco.2026.109494","https://www.scopus.com/pages/publications/105043835006?origin=resultslist","Driven by China's “Dual Carbon” goals and rapid urbanization, climatic factors have become critical uncertainties for energy system stability. Using panel data from 282 Chinese cities (2005–2022) and a Double Machine Learning (DML) model, this paper analyzes the nonlinear impacts of temperature and rainfall on energy security (ES). We further employ impulse response analyses to examine dynamic climatic shocks and use the DML model to investigate the influence of extreme weather. Results show that low temperature and minimal rainfall significantly suppress ES, while moderate conditions exert boosting effects. Since 2015, the expansion of clean energy has intensified the negative shocks of low temperature. Heterogeneity analyses reveal that inland and less-developed cities' ES are more vulnerable; however, rich clean energy endowments and robust natural gas infrastructure mitigate these risks. Impulse response functions indicate that temperature shocks are more persistent than rainfall shocks. Additionally, extreme climate imposes significant inhibitory effects on ES. These findings provide a systematic framework for understanding climate-driven energy risks and offer evidence for building climate-resilient energy governance systems. © 2026 Elsevier B.V. All rights are reserved, including those for text and data mining, AI training, and similar technologies.","Average temperature; C55; Double machine learning; Energy security; Extreme climate; Q43; Q54; Rainfall","China; Climate models; Data mining; Energy policy; Energy security; Extreme weather; Impulse response; Learning systems; Machine learning; Nonlinear analysis; Risk analysis; Risk assessment; System stability; Average temperature; C55; Double machine learning; Energy; Extreme climates; Machine learning models; Machine-learning; Non-linear impact; Q43; Q54; air temperature; energy resource; extreme event; machine learning; rainfall; regional climate; Rain","Article","Final","","Scopus","2-s2.0-105043835006"
"Talwar S.S.J.; Talwar S.J.; Grover N.; Arora N.","Talwar, Supreet S. J. (59328592800); Talwar, Shubhendra Jit (57210595327); Grover, Nidhi (59328469000); Arora, Nitin (55778694900)","59328592800; 57210595327; 59328469000; 55778694900","Trends and possible nexus between profit efficiency and market concentration in Indian leather industry: a panel frontier analysis of major Indian leather-manufacturing states","2025","Journal of Social and Economic Development","27","Suppl 2","","281","302","1","10.1007/s40847-024-00382-0","https://www.scopus.com/pages/publications/85203966421?origin=resultslist","The present study is an empirical investigation to explore the trend in profit efficiency and its components such as cost, revenue, technical, allocative, and scale efficiency scores using data for nine major leather-producing states of India, from 1986 to 2016. The leather industry of India is highly concentrated only in a few states. Therefore, the present study was undertaken to identify the source of profit efficiency as a possible source of market concentration and vice versa. A window-based data envelopment analysis technique has been employed to compute all efficiency scores. At the same time, panel data Bayesian vector autoregressive (BVAR) analysis has been used to investigate the causality of market concentration with profit efficiency and its sources. The results show that there was 76 per cent profit inefficiency in the Indian leather industry which means that the Indian leather industry could have made 76 per cent more profit during the sample period of 36 years. The profit inefficiency was mainly attributed to cost inefficiency. The cost inefficiency is at the tune of 55 per cent and is further attributed to managerial inefficiency. Besides, panel data BVAR model estimation through forecast error variance decomposition and impulse response graphs represents that there is unidirectional causality from market concentration to profit efficiency in general and revenue efficiency in particular. The causality from profit efficiency to concentration is found to be missing. The industrial policy of 1991 has improved PE as both the components: cost and revenue efficiency, have been significantly uplifted. © The Author(s), under exclusive licence to Institute for Social and Economic Change 2024.","Cost efficiency; Data envelopment analysis; Large Bayesian vector autoregressive model; Leather industry; Market concentration; Profit efficiency; Revenue efficiency","","Article","Final","","Scopus","2-s2.0-85203966421"
"Ahmed M.I.; Anaman G.; Cassou S.P.","Ahmed, M. Iqbal (60085536700); Anaman, George (57226880068); Cassou, Steven P. (6602305858)","60085536700; 57226880068; 6602305858","Are Transfer Payments Stimulative?—Sometimes","2025","Manchester School","93","4","","368","387","3","10.1111/manc.12513","https://www.scopus.com/pages/publications/85216994579?origin=resultslist","This paper investigates the stimulative effects of transfer payments on macroeconomic aggregates using impulse response functions, forecast error variance decompositions, and spending multipliers in state-dependent time series econometric models. It is shown that under symmetric response assumptions, positive transfer payment impulses lead to positive effects on gross domestic product, personal income and personal consumption. However, when an asymmetry linked to economic conditions is used, it is found that transfer payment effects are asymmetric and have significant positive effects on macroeconomic variables during economic recessions but are not very stimulative during economic expansions. A deeper analysis shows that the stimulus effects during economic recessions results primarily from the recent special programs undertaken during the Great Recession and the COVID-19 recession. These results indicate that policy which uses transfer payments as economic stimulus for the economy during expansionary economic conditions will not see much benefit. Furthermore, transfer payment policy expansions during recessionary economic conditions do not offer much stimulus except when the programs are unusually large as seen during the Great Recession and the COVID recession. Results for forecast error variance decompositions and spending multipliers reinforce these findings. Transfer payment programs are often motivated by both the benefits to recipients, and the stimulative benefit to the economy. These results show that, outside of the periods where extraordinary transfer payment expansions occur, the economic stimulus effects of transfer payment programs are small and that transfer payments should only be motivated by the benefits to the recipients. © 2025 The Author(s). The Manchester School published by The University of Manchester and John Wiley & Sons Ltd.","local projection; state-dependent time series econometric model; transfer payments","","Article","Final","All Open Access; Hybrid Gold Open Access","Scopus","2-s2.0-85216994579"
"Falck E.; Hoffmann M.; Hürtgen P.","Falck, E. (57210946029); Hoffmann, M. (7402353540); Hürtgen, P. (56015931700)","57210946029; 7402353540; 56015931700","Disagreement about inflation expectations and monetary policy transmission","2021","Journal of Monetary Economics","118","","","15","31","37","10.1016/j.jmoneco.2019.08.018","https://www.scopus.com/pages/publications/85071980130?origin=resultslist","Time-variation in disagreement about future inflation is a stylized fact in survey data, but little is known on how disagreement interacts with the efficacy of monetary policy. We show that a contractionary 100 bps U.S. monetary policy shock leads to a statistically significant increase in inflation and inflation expectations of up to 0.7 percentage points in times of high disagreement, whereas in times of low disagreement it leads to a significant decline in these variables of around 0.8 percentage points. We reconcile these state-dependent effects with a regime-switching dispersed information New Keynesian model, where we calibrate the information structure to match disagreement about inflation expectations in U.S. data. © 2019 Elsevier B.V.","Disagreement; Disanchoring of inflation expectations; Dispersed information; Local projections; Monetary policy transmission; State-dependent effects of monetary policy","","Article","Final","","Scopus","2-s2.0-85071980130"
"Zehri C.; Ammar L.S.B.; Youssef W.A.B.","Zehri, Chokri (57170678200); Ammar, Latifa Saleh ben (58112746700); Youssef, Wissem Ajili Ben (58693542600)","57170678200; 58112746700; 58693542600","Geopolitical risks and global capital flows: divergent vulnerabilities in emerging and advanced economies","2025","Eurasian Economic Review","15","4","","1135","1165","10","10.1007/s40822-025-00326-x","https://www.scopus.com/pages/publications/105009632969?origin=resultslist","Recent geopolitical risk surges marked by conflicts, trade wars, and strategic decoupling have intensified global capital flow volatility, revealing new dynamics in how investors and economies navigate uncertainty. We examine how these risks reshape capital flow dynamics across 55 countries (1990–2023), contrasting vulnerabilities between emerging market economies and advanced economies. Using an autoregressive distributed lag model applied to panel data alongside impulse response analyses, we investigate the asymmetric effects of GPR on debt, equity, and portfolio flows, controlling for global factors (e.g., oil price volatility, U.S. monetary policy) and domestic economic conditions. Results reveal that sustained geopolitical risk increases debt and portfolio inflows (flight to safety) but suppresses equity inflows while amplifying capital outflows. Short-term impacts are muted, reflecting delayed portfolio adjustments. EMEs experience fourfold stronger sensitivity to GPR than advanced economies, driven by structural weaknesses like foreign capital dependence. The post-2008 crisis exacerbates these trends, with impulse response functions showing abrupt equity outflow surges versus gradual debt flow declines post-shock. These findings urge policymakers to prioritize emerging market economies’ resilience and tailor stability measures to capital flow types and global linkages. © The Author(s) under exclusive licence to Eurasia Business and Economics Society 2025.","Capital flows; Geopolitical risks; Uncertainty; Volatility","","Article","Final","","Scopus","2-s2.0-105009632969"
"Pazouki A.; Zhu X.","Pazouki, Azadeh (57222171097); Zhu, Xiaoxian (57207731295)","57222171097; 57207731295","The dynamic impact among oil dependence volatility, the quality of political institutions, and government spending","2022","Energy Economics","115","","106383","","","11","10.1016/j.eneco.2022.106383","https://www.scopus.com/pages/publications/85142455986?origin=resultslist","This paper empirically examines the direct and indirect effect of the role of democracy, and, in turn, the effect of oil dependence volatility on governmental expenditure in oil exporting countries. To achieve this aim, we apply a panel Vector Auto-Regressive (PVAR) model along with panel impulse response functions from the period 1983 to 2016. The findings show that the quality of political institutions, it is observed that in democratic countries an increase in oil volatility leads to an increase in government expenditure. In contrast, in non-democratic countries, governments respond to oil volatility fluctuating between the positive and negative depending on the quality of political institutions; the more some attributes of democracy are seen, the greater the expenditure. This difference in response between them can be attributed to a variation in institutional quality. Therefore, an improvement in strategic risk planning together with greater government transparency could lead to institutional quality improvement. © 2022","Government expenditure; Institutions; Oil volatility; Panel VAR; Regional economics","Economics; Public policy; Regional planning; Dynamic impacts; Government expenditure; Government spending; Indirect effects; Institutional qualities; Oil dependence; Oil volatility; Panel VAR; Political institutions; Regional economic; energy efficiency; institutional framework; local government; oil trade; panel data; regional economy; variance analysis; Impulse response","Article","Final","All Open Access; Green Open Access; Hybrid Gold Open Access","Scopus","2-s2.0-85142455986"
"Romero-Ávila D.; Usabiaga C.","Romero-Ávila, Diego (16032093400); Usabiaga, Carlos (16032201800)","16032093400; 16032201800","Disaggregate evidence on Spanish inflation persistence","2012","Applied Economics","44","23","","3029","3046","6","10.1080/00036846.2011.568412","https://www.scopus.com/pages/publications/80051973173?origin=resultslist","This article investigates the degree of persistence of different inflation rates for the Spanish economy using the Consumer Price Index (CPI) for the aggregate as well as for the regions, provinces and eight groups of goods and services, in addition to the Producer Price Index (PPI) for the aggregate and 24 industrial sectors. For that purpose, we employ: (1) the unit-root tests with good size and power of Ng and Perron (2001) with the small-sample bias correction developed by Perron and Qu (2007); (2) the nonlinear Exponential Smooth Transition Autoregressive (ESTAR) unit-root test proposed by Kapetanios et al. (2003); (3) median-unbiased estimations of the persistence parameter and the respective confidence intervals through the grid-bootstrap method proposed by Hansen (1999) and (4) median-unbiased estimations of the half-life of a shock in addition to the associated confidence intervals through the method based on impulse-response functions proposed by Gospodinov (2004). The results from the application of these techniques indicate that most of the CPI-based inflation rate series clearly contain a unit oot. As regards the results for the PPI-based inflation rate series, we have provided evidence that the aggregate series appears to contain a unit root, while at the industry level the inflation rate series are found to be nonlinear stationary in 13 sectors. On the basis of this robust evidence of high persistence in inflation, policymakers should pay more attention to any shock hitting inflation, since the effects are expected to be long-lasting, particularly for consumer prices. Along these lines, it is essential to implement correcting reforms with the aim of raising price adjustment flexibility if one wants to avoid having to intervene actively in the markets to reach the inflation target. © 2012 Taylor & Francis.","Consumer prices; Inflation; Persistence; Producer prices; Univariate econometric methods","Spain; bootstrapping; consumption behavior; econometrics; economic reform; inflation; price dynamics; public goods","Article","Final","","Scopus","2-s2.0-80051973173"
"Amendola M.","Amendola, Marco (58135752700)","58135752700","Public Consumption Multipliers in Slack and Good Periods: Evidence from the Euro Area","2023","Macroeconomic Dynamics","27","8","","2031","2055","6","10.1017/S136510052200058X","https://www.scopus.com/pages/publications/85188171020?origin=resultslist","The paper estimates public consumption multipliers and whether they vary depending on the slack of the economy. To this aim, linear and smooth-transition panel local projections are applied to a data set composed of quarterly data on nine selected Euro area countries for the period 1999Q1-2018Q4. The results show that the linear multiplier is approximately 1.3 and so above unity. This is, however, an ""average result""as clear evidence is found in favor of state dependency. Particularly, the findings indicate that the multiplier is approximately 2.0 in the slack regime, while it is below 0.5 in the good regime. These results are robust along several dimensions, such as alternative measures of slack and controlling for fiscal foresight. Some linear and state-dependent transmission channels are also investigated. © The Author(s), 2022.","local projections; Public consumption multipliers; state-dependent fiscal multipliers","","Article","Final","","Scopus","2-s2.0-85188171020"
"Amendola M.; Pereira M.C.","Amendola, Marco (58135752700); Pereira, Marcelo C. (57193673128)","58135752700; 57193673128","State-dependent impulse responses in agent-based models: A new methodology and an economic application","2025","Journal of Economic Behavior and Organization","229","","106811","","","2","10.1016/j.jebo.2024.106811","https://www.scopus.com/pages/publications/85208935134?origin=resultslist","The paper delves into the potential of Agent-Based Models (ABM) in analysing phenomena characterized by the non-linear propagation of shocks and system dynamics. Recognizing that state dependency can naturally emerge in complex evolving systems, we present a new methodological framework to evaluate state-dependent (or non-linear) impulse response functions in an ABM setting. Inspired by threshold time series modelling approaches, we propose analysing state-dependent impulse responses by creating alternative controlled states of the system, from which randomized impulse responses can be computed. Furthermore, a data-driven, machine-learning algorithm is proposed to endogenously identify relevant system states for the observed response. To the best of our knowledge, this is the first time such an approach is advanced. An R library implementing all the required methods is also offered to ensure applicability in diverse fields. Finally, the methodology is applied in economics to test for monetary policy shocks in a reference macro ABM, highlighting its effectiveness in mapping the system impulse response to the identified key state variables, as well as showing the importance of state dependence for policy design and systematic identification of critical system states. © 2024 The Authors","Agent-based modelling; Impulse responses; Machine-learning; Monetary policy; State dependence","","Article","Final","All Open Access; Hybrid Gold Open Access","Scopus","2-s2.0-85208935134"
"Hailemariam A.; Sakutukwa T.; Dzhumashev R.","Hailemariam, Abebe (57202440614); Sakutukwa, Tutsirai (57200002163); Dzhumashev, Ratbek (25959563900)","57202440614; 57200002163; 25959563900","Long-term determinants of income inequality: evidence from panel data over 1870–2016","2021","Empirical Economics","61","4","","1935","1958","43","10.1007/s00181-020-01956-7","https://www.scopus.com/pages/publications/85092475468?origin=resultslist","We investigate the major factors which drive income inequality in the OECD countries, using long panel data which span the period from 1870 to 2016. We consider two measures of inequality: the Gini coefficient and the income share of the top 10% of the population. Employing the panel vector auto-regression method, we show that a positive shock to the real interest rate and government spending is negatively and significantly associated with income inequality in the middle, as well as at the top end of the income distribution. An increase in real GDP per capita leads to an increase in income inequality, measured by the Gini coefficient, whereas an advance in financial development reduces it. We find that income inequality responds negatively to positive innovation shocks initially, but this effect becomes positive with some time lag for top-income inequality. Educational attainment significantly reduces top-income inequality. Our results are robust to alternative specifications, including the local projection method and estimations based on different samples. We also capture the time dynamics in our series using a time-varying nonparametric panel data model and show that the real interest rate and financial development are negatively associated with income inequality for most of the period in the post-World War II era, while the effect of real GDP per capita is positive and significant over the same period. © 2020, Springer-Verlag GmbH Germany, part of Springer Nature.","Income inequality; Panel VAR; The Gini coefficient","income distribution; innovation; panel data; post-war; variance analysis; vector autoregression; wage gap","Article","Final","","Scopus","2-s2.0-85092475468"
"van den End J.W.; Konietschke P.; Samarina A.; Stanga I.M.","van den End, Jan Willem (6508190324); Konietschke, Paul (57225944847); Samarina, Anna (57191158902); Stanga, Irina M. (57204788767)","6508190324; 57225944847; 57191158902; 57204788767","Macroeconomic Reversal Rate in a Low Interest Rate Environment","2025","International Journal of Central Banking","21","3","","1","68","0","","https://www.scopus.com/pages/publications/105025970132?origin=resultslist","This paper investigates how the monetary policy transmission changes once the economy is in a low interest rate environment. We estimate a nonlinear model for the euro area and a panel of 10 euro-area countries over the period 1999–2019 and allow for the effects of monetary policy shocks to be state dependent. Using smooth transition local projections (STLPs), we examine the impulse responses of investment, savings, consumption, and the output gap to an expansionary monetary policy shock under normal and low interest rate regimes. We find evidence for changes in the monetary policy transmission across the two interest rate regimes. Expansionary monetary policy shocks are either less effective in stimulating aggregate demand or their impact reverses the sign in a low interest rate regime. © 2025 European Central Bank. All rights reserved.","","","Article","Final","","Scopus","2-s2.0-105025970132"
"Frondel M.; Vance C.; Kihm A.","Frondel, Manuel (6602882351); Vance, Colin (56210480900); Kihm, Alex (56107757000)","6602882351; 56210480900; 56107757000","Time lags in the pass-through of crude oil prices: big data evidence from the German gasoline market","2016","Applied Economics Letters","23","10","","713","717","9","10.1080/13504851.2015.1102836","https://www.scopus.com/pages/publications/84946601096?origin=resultslist","This article investigates the pass-through of global Brent oil notations to fuel prices across the oligopoly of retail majors in Germany. We assemble a high-frequency panel data set that encompasses millions of price observations and allows us to distinguish effects by brand. Upon establishing a cointegrating relationship between fuel and crude oil prices using daily data, we estimate an ECM and find that (1) the pass-through of oil prices critically depends on the number of time lags included in the ECM; (2) strict adherence to classical information criteria for determining lag length yields extremely long pass-through durations and (3) the estimated impulse response functions are virtually identical across brands, irrespective of the lag count, suggesting a high degree of competition among brands. © 2015 Taylor & Francis.","competition; ECM; Retail markets","Germany; competition (economics); crude oil; econometrics; energy market; oil trade; oligopoly; panel data; retailing","Article","Final","","Scopus","2-s2.0-84946601096"
"Min F.; Wen F.; Wu N.","Min, Feng (57204181545); Wen, Fenghua (25639188900); Wu, Nan (57221445967)","57204181545; 25639188900; 57221445967","Assessing the Effectiveness of Monetary and Fiscal Policies on Chinese Investment and Consumption; [货币政策和财政政策对中国消费和投资的有效性评估]","2021","China Journal of Econometrics","1","1","","94","113","7","10.12012/2020-0012-20","https://www.scopus.com/pages/publications/85143331214?origin=resultslist","This paper studies the dynamic effects of monetary and fiscal policy shocks on China's fixed asset investment and total retail sales of consumer goods. The main conclusions are as follows: 1) The results of linear impulse responses of policy shocks shows that only the loan interest rate shock has a significant negative impact on fixed asset investment in the short term, while the effects of monetary supply policy and fiscal spending policy shocks on domestic investment and consumption are statistically insignificant; 2) The results of state dependent impulse responses of policy shocks show that loan interest rate shock has a short-term significant negative effect on fixed asset investment and retail sales of social consumer goods in periods of expansion but the impact is not significant during recessions; 3) money supply and government spending policy have no significant impact on real investment and consumption, no matter whether in expansions or in recessions. Based on these findings, we suggest that large-scale policy stimulus should not be implemented in a recession. © 2021 China Journal of Econometrics. All rights reserved.","consumption; economic stimulus; fiscal policy; investment; monetary policy; policy effectiveness","","Article","Final","","Scopus","2-s2.0-85143331214"
"Renzhi N.; Beirne J.","Renzhi, Nuobu (57218602798); Beirne, John (15822082400)","57218602798; 15822082400","The nexus of peer-to-peer lending and monetary policy transmission: Evidence from the People's Republic of China","2025","Pacific Basin Finance Journal","91","","102770","","","0","10.1016/j.pacfin.2025.102770","https://www.scopus.com/pages/publications/105001796724?origin=resultslist","This paper empirically investigates how the level of peer-to-peer (P2P) lending affects monetary policy transmission in the People's Republic of China (PRC). Using state-dependent local projections, we find that the macroeconomic effects of monetary policy shocks are dampened during the boom phase of the P2P lending market. The impulse responses of industrial production and inflation are significantly negative in the non-boom state. In contrast, the responses of industrial production and inflation are muted in the boom state. Set against the context of stricter regulation on P2P lending since 2017, our results indicate that the significant scaling back of P2P lending activity and its gradual decline in the PRC could enhance the effectiveness of monetary policy transmission. Our paper also suggests that further work is needed on interactions between financial innovation and monetary policy. © 2025 Elsevier B.V.","Fintech; Monetary policy transmission; Peer-to-peer lending; The People's Republic of China","","Article","Final","All Open Access; Hybrid Gold Open Access","Scopus","2-s2.0-105001796724"
"Li K.","Li, Kunpeng (55608915500)","55608915500","Fixed-effects dynamic spatial panel data models and impulse response analysis","2017","Journal of Econometrics","198","1","","102","121","26","10.1016/j.jeconom.2017.02.001","https://www.scopus.com/pages/publications/85015709181?origin=resultslist","Real data often have complicated correlations over cross section and time. Such correlations are of particular interests in empirical studies. This paper considers using high order spatial lags and high order time lags to model complicated correlations over cross section and time. We propose to use the quasi maximum likelihood (QML) method to estimate the model. We establish the asymptotic theory of the quasi maximum likelihood estimator (QMLE), including the consistency and limiting distribution, under large N and large T setup, where N denotes the number of individuals and T the number of time periods. We investigate the problem of estimating impulse response functions and the associated (1−α)-confidence intervals. Average direct, indirect and total impacts are defined along the same spirits of LeSage and Pace (2009) under the dynamic spatial panel data setup. The estimation and inferential theory for the three impacts are studied. Model selection issue is also considered. Monte Carlo simulations confirm our theoretical results and show that the QMLE after bias correction has good finite sample performance. © 2017 Elsevier B.V.","Confidence intervals; Dynamic spatial models; Impulse response analysis; Model selection; Panel data models; Quasi maximum likelihood estimation","Estimation; Impulse response; Intelligent systems; Maximum likelihood; Monte Carlo methods; Sampling; Confidence interval; Dynamic spatial; Impulse response analysis; Model Selection; Panel data models; Quasi-maximum likelihood estimation; Maximum likelihood estimation","Article","Final","","Scopus","2-s2.0-85015709181"
"Choi D.-Y.; Kim B.-H.; Kimc S.-W.","Choi, Doo-Yull (56562260100); Kim, Bong-Han (24335019500); Kimc, See-Won (44861385700)","56562260100; 24335019500; 44861385700","Nonlinear mean-reversion in Southeast Asian real exchange rates","2011","Applied Financial Economics","21","19","","1409","1421","5","10.1080/09603107.2011.572851","https://www.scopus.com/pages/publications/79960929967?origin=resultslist","We find nonlinear mean reverting tendencies in Southeast Asian currencies by applying the newly developed nonlinear unit-root test by Park and Shintani (2005). First, with the US dollar as the numeraire currency, we find that 63% of the real exchange rates of Southeast Asian currencies turn out to be stationary. However, with the Japanese yen as the numeraire currency, we find no evidence in favour of Purchasing Power Parity (PPP) for most currencies in Southeast Asia, except for the Korean won and Taiwanese dollar. These findings imply that Southeast Asian currencies may not form a yen-dominated Asian exchange rate system. Second, when the dollar-based real exchange rates of Southeast Asian countries are nonlinear mean reverting, we find that the mean-reverting process could be well described by the Exponential Smooth Transition Autoregressive (ESTAR) model, rather than the Double Threshold Autoregressive (DTAR) or Double Logistic Smooth Transition Autoregressive (DLSTAR) model. Our results are reinforced by impulse response function and forecasting analysis. © 2011 Taylor & Francis.","Asian real exchange rates; Dollar and yen; Nonlinear unit root test; Purchasing power parity","Southeast Asia; currency; forecasting method; numerical model; purchasing power parity; real exchange rate","Article","Final","","Scopus","2-s2.0-79960929967"
"Bojars R.; Jalles J.T.","Bojars, Rudolfs (60382800400); Jalles, João Tovar (34869694600)","60382800400; 34869694600","Booms, busts, and the shift to renewables","2026","Journal of Environmental Economics and Policy","15","1","","42","72","0","10.1080/21606544.2026.2623407","https://www.scopus.com/pages/publications/105029959147?origin=resultslist","This paper examines how business cycle fluctuations shape renewable energy adoption using a global panel of 178 economies over 1985–2022. Combining local projection methods with nonlinear smooth transition autoregressive (STAR) models, we estimate the dynamic and state-dependent responses of the electricity mix to economic downturns and recoveries. We find that renewable adoption is systematically countercyclical: recessions are associated with significant increases in renewable electricity shares, while expansions temporarily reinforce fossil fuel use. These effects are heterogeneous across countries and depend on income levels, foreign direct investment exposure, trade openness, and energy exporter status. Environmental policy stringency plays a stabilising role. Economies with stronger regulatory frameworks sustain renewable adoption across both downturns and recoveries, whereas weaker policy regimes experience procyclical reversals. The results highlight how macroeconomic conditions, structural characteristics, and policy design jointly shape the resilience of the energy transition. © 2026 Journal of Environmental Economics and Policy Ltd.","economic groups; EPS; impulse response functions; local projection method; recessions; Renewables","","Article","Final","","Scopus","2-s2.0-105029959147"
"Cerqueira V.S.; Ribeiro M.B.; Martinezy T.S.","Cerqueira, Vinícius dos Santos (55971276900); Ribeiro, Márcio Bruno (36651571600); Martinezy, Thiago Sevilhano (56127008400)","55971276900; 36651571600; 56127008400","Propagação assimétrica de choques monetários na economia brasileira: Evidências com base em um modelo vetorial não-linear de transição suave","2014","Revista Brasileira de Economia","68","1","","19","47","1","10.1590/S0034-71402014000100003","https://www.scopus.com/pages/publications/84899097129?origin=resultslist","This paper attempts to extend empirical investigations about the asymmetric effects of monetary shocks in the Brazilian economy. We specify and estimate a nonlinear smooth transition vector autoregressive model including output, inflation, exchange rate and a monetary policy indicator (SELIC rate). Impulse response functions showed that expansionary and contractionary monetary shocks have asymmetric effects on output growth and inflation. Regarding to the business cycle, contractionary monetary shocks showed stronger effects in both low-growth and low-inflation states, while expansionary shocks were stronger in both higher-growth and higherinflation periods. In addition, we found that inflation and output growth are rigid to countercyclical monetary shocks.","Assimetria; Modelos autoregressivos de transição suave; Política monetária","","Article","Final","All Open Access; Gold Open Access; Green Open Access","Scopus","2-s2.0-84899097129"
"Gafarova E.A.","Gafarova, E.A. (57351235400)","57351235400","Heterogeneity of Mortgage Refinancing Channel in Russian Regions; [Гетерогенность канала рефинансирования ипотеки в российских регионах]","2023","Finance: Theory and Practice","27","4","","184","193","2","10.26794/2587-5671-2023-27-4-184-193","https://www.scopus.com/pages/publications/85173055643?origin=resultslist","During the period of monetary policy easing in Russia, mortgage refinancing became popular, which involves the issuance of a new mortgage housing loan to repay an earlier loan on more favorable terms. There is a regionally heterogeneous refinancing of mortgages at lower mortgage rates. The purpose of this paper is to quantify the impact of monetary easing on mortgage refinancing and household consumption for groups of Russian regions. Econometric methods (vector autoregression models on panel data, estimated by Bayesian methods) and multivariate clustering (hierarchical analysis, k-means method) were used in the paper. Based on the impulse response functions, it is shown that during the period of monetary policy easing, the greatest effect of lowering mortgage interest rates on refinancing is typical for groups of regions with high- and middle-income levels, a liquid housing market, and a developed mortgage market. It is proven that refinancing is involved in the transfer of the effects of monetary policy to consumer spending and consumer lending, and this transfer is heterogeneously. Refinancing in low-income regions stimulates consumption and consumer borrowing.In regions with an average and high level of per capita cash income, after refinancing, consumer spending and consumer loans are temporarily reduced. The obtained results can be explained by the different types of financial behavior of borrowers in the use of top-up mortgage refinancing, depending on the level of their cash income. Based on the results of the study, the hypothesis about the heterogeneity of the refinancing channel in the Russian regions was confirmed. The scientific novelty of the study consists in the development of a methodological approach to the study of the refinancing channel and its approbation on Russian regional data. © The Author(s) 2023.","Bayesian vector autoregression; consumption; monetary policy; mortgage; mortgage refinancing; mortgage refinancing channel; panel data; regional heterogeneity","","Article","Final","All Open Access; Gold Open Access; Green Open Access","Scopus","2-s2.0-85173055643"
"Sotoudeh M.A.; Worthington A.C.","Sotoudeh, M. Ali (56396420300); Worthington, Andrew C. (7006747029)","56396420300; 7006747029","Long-term effects of global oil price changes on the macroeconomy and financial markets: a comparative panel co-integration approach","2015","Applied Economics Letters","22","12","","960","966","6","10.1080/13504851.2014.990617","https://www.scopus.com/pages/publications/84929710129?origin=resultslist","In this article, we evaluate the long-term co-integrating relationships between global oil prices (OP) and selected macroeconomic and financial market variables between large net oil-consuming (NOC) and net oil-producing (NOP) countries. Our findings indicate that as opposed to NOP countries, the macroeconomies of NOC countries have long-term co-integrating relationships with OP. However, the financial markets of both country panels exhibit long-term co-integrating relationships with OP. Finally, excluding the case of the consumer price index, the sample economies, whether NOC or NOP, respond to global OP shocks very similarly. © 2014 Taylor & Francis.","impulse-response functions; net oil-consuming/-producing countries; oil price shocks; panel co-integration","cointegration analysis; comparative study; energy market; financial market; macroeconomics; oil production; panel data; price dynamics","Article","Final","All Open Access; Green Open Access","Scopus","2-s2.0-84929710129"
"Alpanda S.; Zubairy S.","Alpanda, Sami (34969092100); Zubairy, Sarah (6504717037)","34969092100; 6504717037","Household Debt Overhang and Transmission of Monetary Policy","2019","Journal of Money, Credit and Banking","51","5","","1265","1307","71","10.1111/jmcb.12548","https://www.scopus.com/pages/publications/85053285202?origin=resultslist","We investigate how the level of household indebtedness affects the monetary transmission mechanism in the U.S. economy. Using state-dependent local projection methods, we find that the effects of monetary policy are less powerful during periods of high household debt. In particular, the impact of monetary policy shocks is smaller on GDP, consumption, residential investment, house prices, and household debt during a high-debt state. We then build a partial equilibrium model of borrower households with financial constraints to rationalize these facts. The model points to the weakening of the home equity loan channel as a possible reason for the decline in monetary policy effectiveness when initial debt levels are high. © 2018 The Ohio State University","E21; E32; E52; home equity loans; household debt; monetary policy","","Article","Final","All Open Access; Green Open Access","Scopus","2-s2.0-85053285202"
"Mussaiyib A.M.; Pradhan K.C.","Mussaiyib, Azharuddin Mohammad (58338486500); Pradhan, Kailash Chandra (35211563800)","58338486500; 35211563800","Examining the Impact of Innovations on Economic Growth in BRICS Countries","2023","Global Business Review","","","","","","4","10.1177/09721509231152032","https://www.scopus.com/pages/publications/85162678078?origin=resultslist","The study investigated the causal nexus between innovations and economic growth of Brazil, Russia, India, China and South Africa (BRICS) countries using panel data for the period 2004–2019. The total number of patent applications, the total number of trademark applications and percentages share of research and development expenditures to GDP are used as a proxy to measure innovations. The study used a panel regression with a fixed and random effect model, panel vector autoregression (VAR) model and impulse response function for the analysis. Further, the study checked both the symmetric and asymmetric impacts of innovations on economic growth using the panel autoregressive distributed lag (ARDL) model. The results from different econometric approaches are consistent and found that innovations positively and significantly impact economic growth. The results have also shown that there is a unidirectional causality running from innovations to per capita GDP in the short run. Finally, the results have shown the asymmetric causal linkage between innovations and economic growth. The study suggests that policymakers must encourage more investments in innovations for high economic growth in BRICS countries. © 2023 IMI.","BRICS countries; economic growth; Innovations; panel ARDL model; panel regression model; panel VAR model","","Article","Article in press","","Scopus","2-s2.0-85162678078"
"Qi Y.-Z.; Fang X.; Chen M.; Ma Y.","Qi, Yong-Zheng (60020738100); Fang, Xiancang (60020692900); Chen, Mo (58524628500); Ma, Yongfan (58094743600)","60020738100; 60020692900; 58524628500; 58094743600","Asymmetric Transmission, NIM Pressure, and SMB Lending: State-Dependent Weakening of the Credit Channel","2026","International Review of Finance","26","3","e70090","","","0","10.1111/irfi.70090","https://www.scopus.com/pages/publications/105045155519?origin=resultslist","Traditional monetary policy transmission theory posits that policy easing enhances credit availability. However, we document a reversal-like attenuation of this channel under net interest margin (NIM) pressure. Using data from 183 small and medium-sized banks (SMBs) in China from 2009 to 2024, we employ high-frequency identification and local projection to conduct empirical tests. We find that lending rates fall significantly faster than deposit rates following monetary easing, leading to a sharp rapid compression of NIMs. State-dependent local projection results indicate that high-NIM banks respond sluggishly to monetary policy and exhibit limited credit growth. By characterizing NIM as an intrinsic equilibrium outcome of cost rigidity and the competitive environment, we employ multiple methods to deconstruct these dual dimensions. The results are consistent with supply-side constraints: cost rigidity emerges as the dominant factor limiting credit expansion, while the competitive environment acts as an amplifier. This paper documents the underlying conditions under which conventional monetary transmission becomes attenuated and state-dependent, offering important implications for economies with similar financial systems. © 2026 International Review of Finance Ltd.","credit channel; liability-side rigidity; monetary policy transmission; net interest margin pressure","","Article","Final","","Scopus","2-s2.0-105045155519"
"Antonio R.J.; Valera H.G.; Mishra A.K.; Pede V.O.; Yamano T.; Vieira B.O.","Antonio, Ronald Jeremy (59393471800); Valera, Harold Glenn (56682791400); Mishra, Ashok K. (35601229700); Pede, Valerien O. (38962025100); Yamano, Takashi (35893596300); Vieira, Bernardo Oliva (59706238900)","59393471800; 56682791400; 35601229700; 38962025100; 35893596300; 59706238900","Rice Price Inflation Dynamics in the Philippines","2025","Australian Journal of Agricultural and Resource Economics","69","2","","440","452","1","10.1111/1467-8489.70012","https://www.scopus.com/pages/publications/105002584100?origin=resultslist","This study examines the monthly regional dynamic relationship between rice price inflation and its key drivers in the Philippines using a panel vector auto-regression model over the period January 1994–March 2023. We find evidence that the effect of a world rice price shock is generally larger and more persistent than the effects of other factors. We also find that movements in rice price inflation are explained by domestic fuel price shocks and, to a lesser extent, by world urea price shocks. The impulse response functions driven by those three shocks vary over the sample, especially before a change in food policy such as the imposition of the rice tariffication in 2019. Further analysis suggests that El Niño Southern Oscillation shocks tend to induce an inflationary effect on rice prices in high-poverty and rice-sufficient regions. Our results have important food policy implications for rice markets and offer timely insights into the desirability of current proposals to help lower and stabilise rice prices for consumers and improve existing support for farmers to boost rice production. © 2025 Australasian Agricultural and Resource Economics Society Inc.","ENSO; fuel price; panel data; rice price inflation; urea price","Philippines; El Nino-Southern Oscillation; fuel consumption; inflation; panel data; price determination; rice; tariff structure","Article","Final","All Open Access; Green Open Access","Scopus","2-s2.0-105002584100"
"Dybczak K.; Melecky M.","Dybczak, Kamil (56012480600); Melecky, Martin (6602656285)","56012480600; 6602656285","EU fiscal stance vulnerability: Are the old members the gold members?","2014","Economic Modelling","38","","","87","101","2","10.1016/j.econmod.2013.12.016","https://www.scopus.com/pages/publications/84892851895?origin=resultslist","This paper investigates the effect of aggregate shocks on the fiscal stance of the EU, and of its old (OMS) and new (NMS) member states over a business cycle. The fiscal stance is measured by the government deficit. To study the impact of aggregate shocks, we use impulse responses derived from a pooled structural vector autoregression model estimated on annual panel data. We find that the fiscal deficits of OMS could be vulnerable to discretionary changes in government expenditures and revenues. In contrast, the fiscal stance of NMS shows vulnerability to GDP shocks, because the increase in revenues after a positive GDP shock is often outpaced by greater expenditure increases in NMS. The estimated fiscal vulnerabilities stem from disproportionate policy responses concerning government expenditures and a lacking discipline to control pro-cyclical fiscal spending. Our findings for the EU thus support application of fiscal rules focused on government expenditure rather than other fiscal variables. © 2014 Elsevier B.V.","European Union; Fiscal stance; Macroeconomic shocks; Panel data analysis; Pooled structural vector autoregression model","","Article","Final","","Scopus","2-s2.0-84892851895"
"Lim H.","Lim, Hyunjoon (56290925200)","56290925200","Responses of Foreign Exchange Market to External Shocks: What Makes Differences?","2025","Open Economies Review","36","3","","981","999","1","10.1007/s11079-024-09785-2","https://www.scopus.com/pages/publications/85202203936?origin=resultslist","This study investigates the role of external shocks on the stability of the foreign exchange(FX) market in a large panel of fifty advanced and emerging economies. I allow each country’s response of FX rate and capital inflows to vary according to institutional and economic factors through local projection methodology with country-level panel data. The results show that the negative impact of external shocks, such as US monetary policy and geopolitical risks, on the small open economies is substantial. Moreover, unanticipated US monetary tightening has a greater impact on exchange rates and capital inflows in emerging market economies compared to advanced economies. Furthermore, I test for state-dependence of the responses and discover that the effects of external shocks on the foreign exchange market are more pronounced in economies with a high sovereign debt ratio, high external debt ratio, or commodity-exporting ones. In addition, an economy with a high degree of trade openness or highly diversified exports is more likely to alleviate the negative spillovers of external shocks to the FX market. © The Author(s), under exclusive licence to Springer Science+Business Media, LLC, part of Springer Nature 2024.","Capital flows; Foreign exchange rate; Geopolitical risk shocks; Local projection methodology; US Monetary policy shocks","United States; capital flow; debt; exchange rate; financial market; geopolitics; monetary policy; panel data; risk assessment; spillover effect; trade openness","Article","Final","","Scopus","2-s2.0-85202203936"
"Boto-García D.; Albert J.F.; Gómez-Fernández N.","Boto-García, David (57203872028); Albert, Juan Francisco (57210313168); Gómez-Fernández, Nerea (57210844417)","57203872028; 57210313168; 57210844417","Carbon price shocks and tourism demand","2024","Annals of Tourism Research","108","","103813","","","19","10.1016/j.annals.2024.103813","https://www.scopus.com/pages/publications/85199129423?origin=resultslist","This article studies the effect of carbon prices on tourism demand. We adopt a novel identification strategy that exploits carbon price shocks induced by policy events on the supply of emission allowances in the European Trading System (EU ETS). Using monthly panel data on tourism arrivals and stays in 26 European countries between 2005 and 2019, and applying panel local projections, we find there is a ‘V’ shaped pattern. Impulse response estimates indicate that there is a transitory drop in arrivals of 2.5 percentage points in the first three months after a carbon price shock, but demand quicky reverts to the trend after six months. Our findings underscore the dynamic responses of tourism arrivals and stays to carbon regulatory policies. © 2024 The Author(s)","Carbon price shocks; Climate change; EU trading system; Local projections; Tourism demand","Europe; climate change; European Union; panel data; pollution tax; price dynamics; tourism development; tourism market","Article","Final","All Open Access; Green Open Access; Hybrid Gold Open Access","Scopus","2-s2.0-85199129423"
"Abdulraheem M.","Abdulraheem, Maytham (59721076900)","59721076900","Fiscal policy at the zero lower bound in emerging economies: evidence from Kuwait’s fixed exchange regime","2026","International Journal of Emerging Markets","","","","1","18","0","10.1108/IJOEM-11-2025-2664","https://www.scopus.com/pages/publications/105041050971?origin=resultslist","Purpose – Although fiscal policy plays a central role in stabilizing emerging economies, little is known about how it interacts with monetary policy. This paper examines fiscal-monetary interactions at the zero lower bound in a small open emerging economy, using evidence from Kuwait. Design/methodology/approach – The paper employs linear and non-linear local projection models using quarterly data from 1982Q4 to 2024Q3. The fiscal multiplier is allowed to vary with the state of monetary policy, distinguishing between normal periods and those when interest rates remain persistently near the zero lower bound. Findings – Fiscal transmission is strongly state dependent. Under normal monetary conditions, government spending multipliers are small and slightly negative, suggesting the presence of import leakages, partial monetary offset, and public-sector inefficiencies. When monetary policy is constrained by the zero lower bound, multipliers become positive but remain below unity. These findings indicate that fiscal policy is stronger at the zero lower bound, but structural factors still limit the size of the multiplier. Originality/value – The paper offers novel evidence on fiscal-monetary interactions at the zero lower bound in a small open emerging economy. Using evidence from Kuwait, it demonstrates that abstracting from monetary policy states can obscure pronounced nonlinearities in fiscal transmission. © Emerald Publishing Limited","Fiscal multiplier; Local projections; Monetary–fiscal interactions; Small open economy; Zero lower bound","","Article","Final","","Scopus","2-s2.0-105041050971"
"Beenstock M.; Felsenstein D.","Beenstock, Michael (7003436977); Felsenstein, Daniel (6603965048)","7003436977; 6603965048","Spatial vector autoregressions","2007","Spatial Economic Analysis","2","2","","167","196","97","10.1080/17421770701346689","https://www.scopus.com/pages/publications/34547604823?origin=resultslist","A spatial vector autoregressive model (SpVAR) is defined as a VAR which includes spatial as well as temporal lags among a vector of stationary state variables. SpVARs may contain disturbances that are spatially as well as temporally correlated. Although the structural parameters are not fully identified in SpVARs, contemporaneous spatial lag coefficients may be identified by weakly exogenous state variables. Dynamic spatial panel data econometrics is used to estimate SpVARs. The incidental parameter problem is handled by bias correction rather than more popular alternatives such as generalised methods of moments (GMM). The interaction between temporal and spatial stationarity is discussed. The impulse responses for SpVARs are derived, which naturally depend upon the temporal and spatial dynamics of the model. We provide an empirical illustration using annual spatial panel data for Israel. The estimated SpVAR is used to calculate impulse responses between variables, over time, and across space. Finally, weakly exogenous instrumental variables are used to identify contemporaneous spatial lag coefficients.","Spatial autocorrelation; Spatial econometrics; Spatial panel data; Vector autoregressions","","Article","Final","All Open Access; Bronze Open Access","Scopus","2-s2.0-34547604823"
"Batsukh K.; Groshenny N.; Javed N.","Batsukh, Khuderchuluun (60776382700); Groshenny, Nicolas (56401913900); Javed, Naveed (59727178200)","60776382700; 56401913900; 59727178200","Monetary Policy Transmission and Household Indebtedness in Australia*","2026","Economic Record","","","","","","0","10.1111/1475-4932.70064","https://www.scopus.com/pages/publications/105046591736?origin=resultslist","We highlight the importance of high and low states of household indebtedness for the transmission of monetary policy in Australia over the period 1994Q1–2019Q3. Working with a state-dependent local projection model, we find that the dynamic effects of monetary policy shocks depend on household-debt conditions: In the low debt state, output, investment, house prices and the household debt-to-GDP ratio strongly react to monetary policy shocks, while the responses of these variables are muted in the high-debt state. Simulations from a stylised theoretical model show that high indebtedness triggers binding collateral constraints that shut off the home equity loan channel, thereby attenuating the consumption response to an interest rate shock. Our results suggest that (i) the home equity channel is active when household debt is moderate, but inactive when debt is high and (ii) this channel played a key role in the transmission of monetary policy in Australia over the sample period, potentially accounting for the diminished effectiveness of monetary policy under high household debt conditions. © 2026 Economic Society of Australia.","","","Article","Article in press","","Scopus","2-s2.0-105046591736"
"Onafowora O.; Owoye O.","Onafowora, Olugbenga (6506271595); Owoye, Oluwole (6506756974)","6506271595; 6506756974","A panel vector AutoRegression analysis of income inequality dynamics in each of the 50 states of USA","2017","International Journal of Social Economics","44","6","","797","815","5","10.1108/IJSE-06-2015-0154","https://www.scopus.com/pages/publications/85020523278?origin=resultslist","Purpose - The purpose of this paper is to investigate the income inequality dynamics in each of the 50 states of USA over the period 1981-2011. Design/methodology/approach - The paper estimates an augmented Kuznets curve panel Vector AutoRegression in per capita income, economic freedom, educational attainment, unemployment, and population ageing along with evaluating generalized impulse responses functions (GIRF) and generalized forecast-error variance decompositions (GFEVD). Findings - All the variables are integrated of order one and are panel cointegrated. Kuznets' hypothesized inverted U-shaped relationship between inequality and growth is not supported by the data. Unemployment and population ageing have statistically significant positive effects on inequality in the long-run; education has statistically significant negative impact; economic freedom has statistically insignificant positive effect. Long-run bidirectional causality exists among the variables. GFEVD show that excluding income inequality itself, variation in income inequality is more influenced by perturbations in per capita income, educational attainment, and unemployment. GIRF corroborate the results of the GFEVD. Originality/value - This paper fulfills an identified need to study the causal relationship between inequality and its determining factors without assuming the a priori exogeneity or endogeneity of the underlying variables. © 2017 Emerald Publishing Limited.","Income distribution; Well-being","United States; cointegration analysis; educational attainment; income distribution; panel data; socioeconomic survey; unemployment; vector autoregression; wage gap","Article","Final","","Scopus","2-s2.0-85020523278"
"Sibande X.; Milne A.","Sibande, Xolani (57207584175); Milne, Alistair (7102807719)","57207584175; 7102807719","The Impact of Basel III Implementation on Bank Lending in South Africa","2025","South African Journal of Economics","93","1","","6","26","1","10.1111/saje.12398","https://www.scopus.com/pages/publications/86000729441?origin=resultslist","This study investigates the impact of the Basel III capital requirement on the supply of bank credit in South Africa. The literature offers greatly varying estimates of the impact of bank capital requirements on loan supply. Using a specification closely modelled on a related study of Peru, we report panel regressions using monthly balance sheet data for the four biggest banks in South Africa. We distinguish between three different categories of bank lending for household and corporate borrowers and report complementary local projection estimates to capture dynamic impacts. We find little evidence that the introduction of higher capital requirements under Basel III has reduced the supply of bank credit in South Africa. We surmise that this is mainly due to the large banks being well capitalised and operating with capital buffers that are larger than regulatory minimum requirements. © 2025 Economic Society of South Africa.","bank capital; bank credit; bank regulation","South Africa; banking; capital; lending behavior; panel data; regression analysis","Article","Final","All Open Access; Green Open Access","Scopus","2-s2.0-86000729441"
"Dong W.; Niu X.; Nassani A.A.; Naseem I.; Zaman K.","Dong, Weiwei (57054694100); Niu, XiaoQin (57155733800); Nassani, Abdelmohsen A. (57192275707); Naseem, Imran (55404889800); Zaman, Khalid (36544506000)","57054694100; 57155733800; 57192275707; 55404889800; 36544506000","E-commerce mineral resource footprints: Investigating drivers for sustainable mining development","2024","Resources Policy","89","","104569","","","2","10.1016/j.resourpol.2023.104569","https://www.scopus.com/pages/publications/85180946806?origin=resultslist","As global economies surge, the escalating demand for precious mineral resources raises environmental concerns regarding mining activities. This study explores factors influencing e-commerce mineral resource footprints in six resource-rich economies from 1996 to 2022. Analyzing relationships between various factors and e-commerce mineral resource footprints, the study identifies key drivers of sustainability in the mining industry, informing policy decisions for responsible resource management. The findings reveal that mining resource incentives, combustible renewable waste, renewable energy demand, and economic growth contribute to increased footprints, while mining resource information has the opposite effect. Causality estimates confirm that resource incentives, combustible renewable waste, and renewable energy cause e-commerce mining footprints. The study corroborates hypotheses, such as mining resource incentives driving green energy development. Impulse response function and variance decomposition analysis predict future trends, offering valuable insights for policy decisions promoting responsible resource management and a sustainable future. © 2023 Elsevier Ltd","Combustible renewable waste; E-Commerce; Mineral resource footprints; Panel cointegration; Renewable energy demand; Resource incentives; Resource information","Decision making; Electronic commerce; Energy management; Impulse response; Minerals; Mining; Mining industry; Resource allocation; Sustainable development; Combustible renewable waste; E- commerces; Energy demands; Mineral resource footprint; Panel cointegration; Policy decisions; Renewable energies; Renewable energy demand; Resource incentive; Resource information; alternative energy; cointegration analysis; demand-side management; electronic commerce; global economy; mineral resource; mining; panel data; resource management; sustainability; Mineral resources","Article","Final","","Scopus","2-s2.0-85180946806"
"George K.S.; Ramachandran M.","George, Keerthana Sunny (59560661700); Ramachandran, M. (7006165409)","59560661700; 7006165409","Making waves in a calm sea: The dual role of uncertainty and reserve adequacy in FX interventions","2025","Finance Research Letters","86","","108948","","","0","10.1016/j.frl.2025.108948","https://www.scopus.com/pages/publications/105022793666?origin=resultslist","This paper examines how the effectiveness of exchange rate interventions in curbing exchange rate volatility is jointly contingent on global financial uncertainty and reserve adequacy. Using double state-dependent local projections, we find that interventions are most effective in turbulent times, especially when the central bank maintains adequate reserves, whereas such interventions seem to trigger volatility during calm periods. Results are robust across alternative proxies of uncertainty, including the financial data-based VIX and the text-based Global Economic Policy Uncertainty (GEPU) Index. While interventions ""make waves in a calm sea"", the results highlight the need to align intervention timing with market stress and ensure adequate reserves.  © 2025 Elsevier Inc.","Exchange market intervention; Foreign exchange reserves; State-dependent Local Projection; Volatility of exchange rates","","Article","Final","","Scopus","2-s2.0-105022793666"
"Tkačevs O.; Staehr K.","Tkačevs, Oļegs (56545766100); Staehr, Karsten (6505876047)","56545766100; 6505876047","The effects of macroeconomic and budget balance shocks on public debt trajectories in the euro area","2026","International Economics and Economic Policy","23","2","51","","","0","10.1007/s10368-026-00751-6","https://www.scopus.com/pages/publications/105037525445?origin=resultslist","This paper examines the effects of macroeconomic and budget balance shocks on public debt trajectories in the euro area. Country-specific SVAR models are used to identify various shocks, which are subsequently incorporated into local projection models that use panel data to estimate the impulse responses. The analysis indicates that a positive GDP shock leads to a persistent decline in the debt-to-GDP ratio, while a positive GDP deflator shock reduces the debt ratio only temporarily. A positive interest rate shock results in a substantial and lasting increase in the debt ratio. A positive primary balance shock lowers the debt ratio considerably, albeit with a lag of around one year. There is evidence of state-dependent and non-linear effects. A positive primary balance shock is more effective in reducing debt after periods of economic expansion than after recessions, and more effective when the initial public debt is low than when it is high. Moreover, a positive GDP shock reduces the debt stock to a larger extent when the debt stock is large than when it is low. © The Author(s), under exclusive licence to Springer-Verlag GmbH Germany, part of Springer Nature 2026.","Euro area; Fiscal policy; Macroeconomic shocks; Public debt","","Article","Final","","Scopus","2-s2.0-105037525445"
"Turuntseva M.Yu.; Zyamalov V.Ye.","Turuntseva, M.Yu. (57193315098); Zyamalov, V.Ye. (57193310333)","57193315098; 57193310333","Stock markets under the changing terms of trade","2016","Zhournal Novoi Ekonomicheskoi Associacii /Journal of the New Economic Association","3","31","","93","109","1","10.31737/2221-2264-2016-31-3-4","https://www.scopus.com/pages/publications/85012898912?origin=resultslist","Stock indices are among the indicators of the state of the economy, that among the first to respond to both the positive and the negative economic phenomena. It makes the understanding of mechanisms influencing them very important. Structural Vector Autoregression model (SVAR) approach is widely used for this purpose. These models allow us to estimate impulse responses of indices to the impact of different economic variables. A slightly different Smooth Transition Autoregression model (STAR) approach that allows identifying differences in responses due to economic conditions is used in this paper for the estimating of responses of stock indices. More specifically we apply Smooth Transition Vector Error Correction model (STVECM) approach. We use oil prices as the characteristic of the Russian economy defining changes in economic conditions and as a proxy defining changes in terms of trade, since oil is one of the major export goods for Russia. Other macroeconomic factors used in the paper are state budget expenses, consumer price index (CPI), the exchange rate of the dollar against the ruble, ratio of the exchange rates of dollar and euro against the ruble, LIBOR interest rate, and the S&P500 index. Obtained results show that the responses differ significantly depending on the level of oil prices. These results are also useful for the design of mechanisms affecting stock market.","Macroeconomics; Stock indices; Stock market; Switching state models","","Article","Final","All Open Access; Gold Open Access","Scopus","2-s2.0-85012898912"
"Afonso A.; Tovar Jalles J.; Venâncio A.","Afonso, António (8698711200); Tovar Jalles, João (59124516300); Venâncio, Ana (55793007500)","8698711200; 59124516300; 55793007500","Fiscal decentralization and public sector efficiency: Do natural disasters matter?","2024","Economic Modelling","137","","106763","","","23","10.1016/j.econmod.2024.106763","https://www.scopus.com/pages/publications/85192910079?origin=resultslist","This paper investigates the impact of fiscal decentralization on public sector efficiency, emphasizing the mediating role of natural disasters, a relevant question in a context of scarce fiscal resources. We analyze data from 36 OECD countries between 2006 and 2019, employing Data Envelopment Analysis to compute efficiency scores and using panel data alongside impulse response methods to estimate the effects of decentralization. Our findings indicate that while tax revenue decentralization generally diminishes public sector efficiency, spending decentralization and higher regional authority indices enhance it. However, in the context of severe natural disasters, these relationships alter: spending decentralization's positive effect on efficiency diminishes, and the adverse impact of tax revenue decentralization intensifies. These results underline the complex dynamics between fiscal decentralization and public sector efficiency, particularly in the face of extreme natural events, indicating that decentralized fiscal responses are less effective during such crises. © 2024 The Authors","Data envelopment analysis; Local projections; Natural disasters; OE; Public sector efficiency; Revenue decentralization; Spending decentralization","","Article","Final","All Open Access; Green Open Access; Hybrid Gold Open Access","Scopus","2-s2.0-85192910079"
"Nose M.; Honda J.","Nose, Manabu (56227498000); Honda, Jiro (57221746452)","56227498000; 57221746452","The digital divide in firm resilience: New evidence from global crises","2026","Economic Modelling","164","","107812","","","0","10.1016/j.econmod.2026.107812","https://www.scopus.com/pages/publications/105050421873?origin=resultslist","Global crises affect firms unevenly, with some remaining resilient while others contract or exit. This paper examines whether digitalization explains this divergence in performance gaps. Using balance sheet data for 1.8 million listed and non-listed firms across 53 countries, combined with OECD input–output linkages, we construct a comparable firm-level measure of digital input intensity and estimate dynamic responses to uncertainty shocks using state-dependent local projections. We find that digitalized firms adjust more resiliently with smaller declines in sales, while less-digitalized firms suffer deeper and more persistent contractions, particularly among SMEs and service firms. In emerging and developing economies, digital leaders even expand as laggards retreat. Digitalization thus acts as a form of insurance against crises. Because this capability is unevenly distributed, however, it also widens a digital divide. This points to a role of fiscal policies that broaden digital access alongside traditional crisis support. © 2026 The Authors.","Digital divide; Digitalization; Emerging markets; Firm resilience; Fiscal policy; Uncertainty shocks","","Article","Final","All Open Access; Hybrid Gold Open Access","Scopus","2-s2.0-105050421873"
"Polania Cerinza Y.T.; Ibáñez-Díaz O.A.; Guerrero-Sierra H.F.; Rojas-Mora J.E.","Polania Cerinza, Yoly Tatiana (60805844200); Ibáñez-Díaz, Osval Armando (60806596900); Guerrero-Sierra, Hugo Fernando (35111133900); Rojas-Mora, Jaime Edison (59660459700)","60805844200; 60806596900; 35111133900; 59660459700","Monetary Policy Tightening, and Banking Concentration: Structural Evidence from an Emerging Economy","2026","Journal of Risk and Financial Management","19","8","593","","","0","10.3390/jrfm19080593","https://www.scopus.com/pages/publications/105048274029?origin=resultslist","This paper analyses the short-run dynamic relationship between monetary policy and banking market structure in Colombia during a period of post-pandemic inflation and aggressive policy tightening. Using monthly credit portfolio data for 2017–2024, we compute several concentration indicators (the Herfindahl–Hirschman Index (HHI), CRk ratios, and a dominance index) and employ three complementary identification strategies to evaluate the causal effect of monetary policy innovations on banking concentration. First, a structural VAR model identified through sign restrictions finds that contractionary shocks are associated with a short-run increase in banking concentration (median peak response: +0.60 HHI points at h = 3; 90% credible set: [+0.12, +1.16]), contrasting with the negative short-run response obtained under recursive reduced-form identification. Second, an extended VAR including credit portfolio growth as a mechanism variable confirms that contractionary shocks compress aggregate lending but do not generate robust, persistent changes in concentration. Third, local projections with regime-interaction terms formally test the nonlinear mechanisms discussed in the literature and find evidence of state-dependent transmission: the concentration response is larger in the low-inflation regime and attenuates during high-inflation episodes. All estimated effects are transitory and horizon-sensitive, reinforcing a cautious interpretation. The paper contributes new evidence from an emerging economy on the structural consequences of monetary policy and highlights the importance of identification assumptions in determining the direction of this effect. © 2026 by the authors.","banking concentration; inflation; monetary policy; VAR models","","Article","Final","All Open Access; Hybrid Gold Open Access","Scopus","2-s2.0-105048274029"
"Ubilava D.","Ubilava, David (26421832000)","26421832000","El Niño, La Niña, and world coffee price dynamics","2012","Agricultural Economics","43","1","","17","26","59","10.1111/j.1574-0862.2011.00562.x","https://www.scopus.com/pages/publications/84855297364?origin=resultslist","Coffee is produced in equatorial and subequatorial regions of the world, which are also most affected by El Niño Southern Oscillation (ENSO). ENSO events have a tendency to amplify weather conditions such as droughts or excess precipitation in the affected regions, resulting in production shortage or excess supply, subsequently impacting agricultural commodity prices. In this research we assess effects of ENSO events on world coffee price dynamics using the monthly data between March 1989 and December 2010. We employ smooth transition autoregression framework to examine nonlinear dynamics of ENSO and coffee prices, and illustrate the results of this research using generalized impulse-response functions. We find that ENSO events indeed have short-term impacts on coffee prices. The research findings are of interest to coffee producers and intermediaries in the coffee markets as well as researchers in the fields of environmental and development economics. © 2011 International Association of Agricultural Economists.","Coffee prices; El Niño Southern Oscillation; Generalized impulse-response functions; Smooth transition autoregression","agricultural price; coffee; commodity price; development economics; El Nino-Southern Oscillation; price dynamics; regression analysis; subtropical region; tropical region; weather","Article","Final","","Scopus","2-s2.0-84855297364"
"Cho D.; Lee K.-W.","Cho, Dooyeon (55427688300); Lee, Kyung-Woo (57201319853)","55427688300; 57201319853","Government size and the effectiveness of fiscal policy: the bigger the better?","2024","Macroeconomic Dynamics","29","","e27","","","5","10.1017/S1365100524000415","https://www.scopus.com/pages/publications/85204902502?origin=resultslist","This study investigates the effect of government size, as measured by the tax revenue to gross domestic product (tax-GDP) ratio, on output responses to increases in government purchases. First, we show that in a standard static neoclassical model, the stimulus effect of fiscal expansion on output increases with the tax-GDP ratio. This finding is quantitatively confirmed using a dynamic neoclassical model with standard functional forms and parameter values. To empirically test the theoretical findings, we analyze the responses of macroeconomic variables to an unanticipated increase in government purchases for 12 Organisation for Economic Cooperation and Development (OECD) countries during 1985–2019 using a state-dependent local projection method. The estimation results reveal that while output responses to an unanticipated fiscal expansion are significantly positive when the tax-GDP ratio is high, they are statistically indistinguishable from zero when the ratio is low. Overall, our findings suggest that fiscal expansion can stimulate output more effectively at high tax rates, unlike the well-known predictions of the traditional Keynesian model. © The Author(s), 2024.","Fiscal multipliers; fiscal policy; government size; output responses","","Article","Final","All Open Access; Hybrid Gold Open Access","Scopus","2-s2.0-85204902502"
"Sova Y.; Lukianenko I.","Sova, Yevgenii (57219597541); Lukianenko, Iryna (57189348551)","57219597541; 57189348551","Empirical evaluation of monetary policy transmission to stock markets and further transfer of macroeconomic shocks to the real sector","2022","Journal of International Studies","15","1","","117","132","3","10.14254/2071-8330.2022/15-1/8","https://www.scopus.com/pages/publications/85128416964?origin=resultslist","The study focuses on revealing key monetary policy instruments that can influence stock market development and elaborating whether shocks from financial markets and other macroeconomic conditions are further transferred to the real sector, as expected under the monetary transmission mechanism. This paper is an extension of our previous theoretical and empirical research expanding to ten developed and eight developing economies for the period of 1999-2020 using panel data and vector autoregressive models, impulse response functions, and scenario analysis. Firstly, it was examined that actions of monetary policymakers were efficient for stimulating the development of stock markets mostly for developed countries, whereas stock indices in most developing countries seemed not to be sensitive to changes in monetary conditions. Using scenario analysis and impulse response functions, it was discovered that in developing countries, including Poland and Ukraine, an expansionary policy focused on increasing money supply would mitigate deceleration and facilitate the growth of stock indices in the next four quarters, whereas, in developed countries, including the USA, a decline in interest rates under expansionary regime would stimulate the development of stock markets. Finally, the evolution of financial markets together with macroeconomic, social, and political conditions was concluded to be a statistically important factor of economic growth, as initially expected. © Foundation of International Studies, 2022 and CSR, 2022.","developed and developing countries; impulse response functions; monetary policy; panel data models; scenario analysis; stock market; vector autoregressive models","","Article","Final","All Open Access; Gold Open Access; Green Open Access","Scopus","2-s2.0-85128416964"
"Intartaglia M.; Antoniades A.; Bhattacharyya S.","Intartaglia, Maurizio (57190013593); Antoniades, Andreas (24477047900); Bhattacharyya, Sambit (7402157352)","57190013593; 24477047900; 7402157352","Unbundled debt and economic growth in developed and developing economies: An empirical analysis","2018","World Economy","41","12","","3345","3358","16","10.1111/twec.12626","https://www.scopus.com/pages/publications/85059644351?origin=resultslist","We unbundle the effect of debt on economic growth using a new panel data set sourced from Vague (2014, The next economic disaster: Why it's coming and how to avoid it. Philadelphia, PA: University of Pennsylvania Press) for 48 countries over the period 1961–2015. We distinguish between public, private, household and nonfinancial corporation (NFC) debt. We use the panel vector autoregressive approach, Granger causality tests and impulse response to establish causality. We also test the heterogeneity in the debt–growth relationship across developed and developing countries. In our full sample of countries, all types of debt appear to be harmful to economic growth. The negative effect of public debt appears to be uniform across developed and developing countries, although the impact is much stronger on developed countries. Household debt appears to be expansionary in developing countries whereas contractionary in developed countries. Nonfinancial corporation debt appears to have no impact on developing countries but negative impact on developed countries. Finally, total debt (i.e., the sum of public, household and NFC debt) has a negative impact on growth in developed countries, but no impact is detected in the case of developing countries. © 2018 John Wiley & Sons Ltd","debt; developing economies; granger causality; growth; household debt","debt; developing world; economic growth; empirical analysis; Granger causality test","Article","Final","All Open Access; Bronze Open Access; Green Open Access","Scopus","2-s2.0-85059644351"
"Bec F.; Zeng S.","Bec, Frédérique (35615261100); Zeng, Songlin (59117435700)","35615261100; 59117435700","Are Southeast Asian real exchange rates mean reverting?","2013","Journal of International Financial Markets, Institutions and Money","23","1","","265","282","12","10.1016/j.intfin.2012.09.010","https://www.scopus.com/pages/publications/84870154088?origin=resultslist","Since the late nineties, both theoretical and empirical analysis devoted to the real exchange rate suggest that their dynamics might be well described by nonlinear models. This paper examines this possibility for post-1970 monthly ASEAN-5 data, extending the existing research in two directions. First, we use recently developed unit root tests which allow for more flexible nonlinear stationary models under the alternative than the commonly used Self-Exciting Threshold or Exponential Smooth Transition AutoRegressions. Second, while different nonlinear models survive the mis-specification tests, a Monte Carlo experiment from generalized impulse response functions is used to compare their relative relevance. Our results (i) support the nonlinear mean-reverting hypothesis, and hence the Purchasing Power Parity, in most of the ASEAN-5 countries and (ii) point to the Multiple Regime-Logistic Smooth Transition and the Exponential Smooth Transition AutoRegression models as the most likely data generating processes of these real exchange rates. © 2012 Elsevier B.V.","Nonlinear Threshold Models; Purchasing Power Parity; Southeast Asian Real Exchange Rates","","Article","Final","","Scopus","2-s2.0-84870154088"
"Joo H.; Park S.; So I.","Joo, Hyundo (58345009400); Park, Seungmoon (58678732800); So, Inhwan (57226490675)","58345009400; 58678732800; 57226490675","Heterogeneous regional effects of monetary policy: Evidence from Korea","2024","Journal of Asian Economics","94","","101779","","","3","10.1016/j.asieco.2024.101779","https://www.scopus.com/pages/publications/85197573637?origin=resultslist","Using regional panel data from Korea, this paper investigates the differential impact of monetary policy on output, consumption, and employment by region. Depending upon distinctive regional characteristics, the effects of monetary policy are heterogeneous across regions. Specifically, regions with a lower share of manufacturing, a lower income level, a higher proportion of the elderly population, and a higher household debt ratio exhibit more pronounced responses in output, consumption, and employment to monetary policy shocks. Further, we show that the share of net exports, the share of small businesses, and the share of non-wage workers are pivotal factors that drive the primary results. These findings imply that vulnerable regions may experience a stronger impact from recent rapid interest rate hikes, underscoring the importance of supplementary fiscal support for the regions. © 2024 Elsevier Inc.","Factor-augmented vector autoregression (FAVAR); Local projection; Monetary policy; Regional effects","","Article","Final","","Scopus","2-s2.0-85197573637"
"Fazzari S.M.; Morley J.; Panovska I.","Fazzari, Steven M. (6603323032); Morley, James (7403144169); Panovska, Irina (56659388900)","6603323032; 7403144169; 56659388900","State-dependent effects of fiscal policy","2015","Studies in Nonlinear Dynamics and Econometrics","19","3","","285","315","123","10.1515/snde-2014-0022","https://www.scopus.com/pages/publications/84930028947?origin=resultslist","We investigate the effects of government spending on US output with a threshold structural vector autoregressive model. We consider Bayesian model comparison and generalized impulse response analysis to test for nonlinearities in the responses of output to government spending. Our empirical findings support state-dependent effects of fiscal policy, with the government spending multiplier larger and more persistent whenever there is considerable economic slack. Based on capacity utilization as the preferred threshold variable, the estimated multiplier is large (1.6) for a low-utilization regime that accounts for more than half of the sample observations from 1967 to 2012 according to the estimated threshold level. © 2015 by De Gruyter.","Bayesian; government spending; impulse-response comparison; nonlinear dynamics; threshold model; vector autoregression","","Article","Final","All Open Access; Green Open Access; Hybrid Gold Open Access","Scopus","2-s2.0-84930028947"
"Can U.","Can, Ufuk (57217425737)","57217425737","Economic policy uncertainty and export dynamics: Evidence from the United States","2026","Economic Systems","50","3","101393","","","0","10.1016/j.ecosys.2026.101393","https://www.scopus.com/pages/publications/105038401393?origin=resultslist","This paper examines how economic policy uncertainty shapes U.S. export dynamics, focusing on energy, food, and industrial exports. Using monthly U.S. data from 1995 to 2025, we first identify structural uncertainty shocks through structural vector autoregressions, then trace their effects using conventional and time-varying parameter local projections models, controlling for trade policy uncertainty, supply chain pressures, and macro-financial factors. Economic, monetary, and fiscal policy uncertainty all reduce exports, but monetary policy uncertainty leads to the deepest and most persistent contractions, while fiscal policy uncertainty has milder effects. Energy, food, and industrial exports display distinct, strongly state-dependent patterns, with responses amplified during the Global Financial Crisis and the Covid-19 pandemic. By jointly analyzing multiple uncertainty dimensions, export aggregates, and time variation in transmission, the paper reveals significant sectoral and regime dependence, offering actionable insights for policymakers, exporting firms, investors, and scholars of open-economy macroeconomics. © 2026 Elsevier B.V.","Economic policy uncertainty; Export dynamics; Local projections","","Article","Final","","Scopus","2-s2.0-105038401393"
"Rosyadi M.I.; Sriyana J.; Shidiq S.","Rosyadi, Muhammad Irfan (60098185400); Sriyana, Jaka (55589316800); Shidiq, Sahabudin (60818938400)","60098185400; 55589316800; 60818938400","Exploring the dynamics of Poverty, Inflation, Inequality and Economic Growth in Indonesia","2026","Economic Research Guardian","16","1","","102","117","1","","https://www.scopus.com/pages/publications/105048883920?origin=resultslist","This study examines the dynamic relationship among economic growth, income inequality, inflation, and poverty across 33 Indonesian provinces over 2011-2024 by extending Bourguignon’s Poverty Triangle Model to include inflation as an additional dimension. Using panel data from Statistics Indonesia and applying the Panel Vector Error Correction Model (P-VECM), the analysis is preceded by cross-sectional dependence, CIPS unit root, and Westerlund cointegration tests. The results reveal significant cross-sectional dependence and confirm a long-run equilibrium relationship among the variables. The P-VECM estimates show that, in the long run, economic growth, inequality, and inflation adjust toward equilibrium, whereas poverty exhibits a positive and significant error correction term, indicating divergence from the long-run path. In the short run, income inequality exerts a strong positive effect on inflation, while lagged poverty contributes positively to economic growth. However, poverty does not respond significantly to short-run changes in the other variables, suggesting the relevance of structural factors beyond the estimated system. Impulse response analysis further indicates that the strongest responses arise from own shocks, while cross-variable transmission remains limited. Overall, the conventional poverty-growth-inequality triangle is not fully supported in the Indonesian provincial context. These findings imply that region-specific policies are needed to promote inclusive and sustainable development. © 2026, Mihai Mutascu. All rights reserved.","Inclusive growth; Indonesian; Inequality-inflation trap; Panel VECM; Poverty quadrangle","","Article","Final","","Scopus","2-s2.0-105048883920"
"Lee H.; Lee J.","Lee, Hyungsuk (58601509700); Lee, Junsang (55567259800)","58601509700; 55567259800","Accounting for the Effects of Fiscal Policy Shocks on Exchange Rates through Markup Dynamics","2024","Federal Reserve Bank of St. Louis Review","106","2","","129","145","0","10.20955/r.106.129-45","https://www.scopus.com/pages/publications/85192108646?origin=resultslist","This study investigates how fiscal policy shocks affect the external sector through markup dynamics in advanced and developing economies. We focus on the role of markup dynamics as a channel through which fiscal policy has a distinct effect on real exchange rates. Using panel data from 32 countries, we employ a local projection to evaluate the impact of expansionary fiscal policy shocks on real exchange rates, markups, and current a ccounts. Our empirical findings show distinct responses to the shocks among advanced and developing countries regarding the real exchange rate, due to different markup d ynamics. Expansionary fiscal measures result in an appreciation of the real exchange rate and an increase in markup for developing countries, whereas advanced economies experience a decrease in markup and a depreciation of the real exchange rate. Markup dynamics vary between advanced and developing economies due to differences in firms’ entry and exit conditions in their institutions. In advanced economies, expansionary fiscal policy shocks promote competition and new firm e ntry, resulting in a reduced m arkup. On the other h and, unfavorable conditions in developing countries maintain or increase existing firms’ market p ower. Our research highlights the heterogeneous effects of fiscal policy shocks on the external sector, emphasizing the need for policymakers to consider institutional and entry conditions while designing and implementing fiscal policies. © 2024, Federal Reserve Bank of St. Louis.","","","Article","Final","All Open Access; Gold Open Access","Scopus","2-s2.0-85192108646"
"Hasanov M.; Araç A.; Telatar F.","Hasanov, Mübariz (23977832700); Araç, AyŞen (35789837600); Telatar, Funda (36884986100)","23977832700; 35789837600; 36884986100","Nonlinearity and structural stability in the Phillips curve: Evidence from Turkey","2010","Economic Modelling","27","5","","1103","1115","21","10.1016/j.econmod.2010.03.009","https://www.scopus.com/pages/publications/77955051397?origin=resultslist","In this paper, we investigate possible nonlinearities in the inflation-output relationship in Turkey for the 1980-2008 period. We first estimate a linear bivariate model for the inflation rate and output gap, and test for linearity of the estimated model against nonlinear alternatives. Linearity test results suggest that the relationship between the inflation rate and output gap is highly nonlinear. We estimate a bivariate time-varying smooth transition regression model, and compute dynamic effects of one variable on the other by generalized impulse response functions. Computed impulse response functions indicate that inflation-output relationship in Turkey during the analyzed period was regime dependent and varied considerably across time. © 2010 Elsevier B.V.","Nonlinearity; Phillips curve; Structural stability","","Article","Final","","Scopus","2-s2.0-77955051397"
"Kim S.-W.; Mollick A.V.; Nam K.","Kim, Sei-Wan (23028335600); Mollick, André V. (6603200531); Nam, Kiseok (55436547300)","23028335600; 6603200531; 55436547300","Common nonlinearities in long-horizon stock returns: Evidence from the G-7 stock markets","2008","Global Finance Journal","19","1","","19","31","11","10.1016/j.gfj.2007.09.002","https://www.scopus.com/pages/publications/45049084358?origin=resultslist","Employing annual returns generated from overlapping monthly price indexes for the G-7 stock markets, this paper examines asymmetry and common nonlinearities in long-horizon stock returns. Identifying widespread nonlinearities based on LSTAR or ESTAR models, we find that the asymmetric nonlinear dynamics induces a substantial portion of predictable variations in long-horizon stock returns. The nonlinear models clearly outperform linear models ""in sample"" and in most of the out of sample forecasting exercises. With nonlinear impulse responses suggesting strong stability of return dynamics, the empirical results of this paper provide useful information in developing annual investment strategies for international stock markets. © 2008 Elsevier Inc. All rights reserved.","Long-horizon stock returns; Nonlinearities; Smooth transition autoregressive model","","Article","Final","","Scopus","2-s2.0-45049084358"
"Beenstock M.; Felsenstein D.","Beenstock, Michael (7003436977); Felsenstein, Daniel (6603965048)","7003436977; 6603965048","Estimating spatial spillover in housing construction with nonstationary panel data","2015","Journal of Housing Economics","28","","","42","58","25","10.1016/j.jhe.2014.10.002","https://www.scopus.com/pages/publications/84920997209?origin=resultslist","A model is proposed in which building contractors have regional preferences so that housing construction in different regions are imperfect substitutes. The model hypothesizes spatial and national spillovers in construction. Although the government does not engage directly in housing construction, it influences regional housing markets by auctioning land to contractors. Contractors are hypothesized to use housing-under-construction as a buffer between starts and completions. Spatial panel data for Israel are used to test the model and investigate the determinants of regional housing construction. Because the spatial panel data are nonstationary, we use spatial panel cointegration methods to estimate the model. The estimated model is used to calculate impulse responses which propagate over time and across space. © 2014 Elsevier Inc.","Elasticity of housing supply; Regional housing construction; Spatial panel cointegration","","Article","Final","","Scopus","2-s2.0-84920997209"
"Msomi T.S.; Olarewaju O.M.; Sibanda M.","Msomi, Thabiso Sthembiso (57222573391); Olarewaju, Odunayo Magret (57200985020); Sibanda, Mabutho (55984832600)","57222573391; 57200985020; 55984832600","Establishing the Relationship Between the Capital Structure, Intellectual Capital, and Financial Performance of SSA Insurance Companies","2025","Journal of Risk and Financial Management","18","9","481","","","2","10.3390/jrfm18090481","https://www.scopus.com/pages/publications/105017400310?origin=resultslist","This research examines the relationship between capital structure, intellectual capital, and financial performance among insurance companies in Sub-Saharan Africa (SSA). Anchored in a positivist paradigm, the study employed descriptive and quantitative methodologies, leveraging secondary panel data spanning from 2010 to 2022 across 122 insurance firms sampled from a population of 178 companies across 46 SSA countries. Utilizing a Panel Vector Error Correction Model (P-VECM), the analysis explored long-term equilibrium relationships and dynamic interactions among variables, including return on assets (ROAs), debt-to-equity ratio (DER), long-term debt (LTD), short-term debt (STD), Value-Added Intellectual Coefficient (VAIC™), and firm size (SIZE). Optimal lag lengths were determined through robust statistical criteria, ensuring model precision. The impulse response analysis revealed significant findings: variations in ROA negatively impacted intellectual capital (VAIC), leverage indicators (DER, LTD, and STD), and positively influenced firm size over a ten-period horizon. Specifically, decreases in ROA were consistently associated with reduced intellectual capital effectiveness and adverse financial liquidity conditions, while increased firm size correlated positively with improved financial performance. © 2025 by the authors.","capital structure; insurance companies; intellectual capital; P-VECM; panel data; ROA; Sub-Saharan Africa; VAIC™","","Article","Final","All Open Access; Hybrid Gold Open Access","Scopus","2-s2.0-105017400310"
"Beirne J.; Renzhi N.; Volz U.","Beirne, John (15822082400); Renzhi, Nuobu (57218602798); Volz, Ulrich (15133083800)","15822082400; 57218602798; 15133083800","LOCAL CURRENCY BOND MARKETS, FOREIGN INVESTOR PARTICIPATION AND CAPITAL FLOW VOLATILITY IN EMERGING ASIA","2024","Singapore Economic Review","69","2","","517","541","6","10.1142/S0217590821410083","https://www.scopus.com/pages/publications/85108244186?origin=resultslist","This paper examines the role of local currency bond markets (LCBMs) and foreign investor participation in these markets in capital flow volatility in emerging Asian economies over the period 1999 to 2020. Using a panel analysis and impulse response functions generated from a panel structural vector autoregression, we show that greater development of LCBMs across 10 Asian emerging economies in terms of capitalization helps to mitigate against the capital flow volatility, while foreign investor participation has the opposite effect, particularly for less developed LCBMs. Our findings have policy implications from a financial stability perspective, whereby continued efforts to enhance LCBMs while reducing reliance on foreign investors should be encouraged. Strengthening the local investor base and mobilizing domestic resources through LCBMs ought to be a priority for raising long-term capital that will enable the financing of sustainable investment and development. Our findings also suggest that greater efforts are needed to enhance foreign exchange hedging arrangements for foreign investors in LCBMs, particularly in times of heightened financial stress.  © 2024 The Author(s).","Capital flow volatility; local currency bond markets","Asia; capital flow; currency market; developing world; financial market; financial system; foreign direct investment; mitigation; panel data; sustainability","Article","Final","All Open Access; Green Open Access","Scopus","2-s2.0-85108244186"
"Mallea F.L.","Mallea, Facundo Luna (60377649300)","60377649300","Climate policy uncertainty and macroeconomic dynamics: Financial amplification and state-dependent effects","2026","Economic Modelling","158","","107523","","","2","10.1016/j.econmod.2026.107523","https://www.scopus.com/pages/publications/105029677096?origin=resultslist","Climate policy uncertainty (CPU) poses growing risks to macroeconomic stability, yet its transmission mechanisms remain understood. While the literature has examined general uncertainty, the state-dependent effects of transition risk through the financial system are underexplored. Using U.S. local projections and a two-sector New Keynesian model, this paper examines how CPU shocks propagate across the business cycle. I find that CPU shocks significantly contract investment and credit during economic expansions, whereas their effects are statistically muted during recessions. These dynamics are driven by a brown collateral channel, where uncertainty about the future value of carbon-intensive assets triggers a financial accelerator mechanism. The findings highlight that transition risk operates as a systemic financial shock, suggesting that macro-prudential frameworks must account for the volatility of brown asset valuations. © 2026 The Author.","Climate policy; DSGE; Local projections; Transition risk; Uncertainty; Volatility","","Article","Final","All Open Access; Hybrid Gold Open Access","Scopus","2-s2.0-105029677096"
"Abdel-Latif H.; David A.C.; Ouedraogo R.; Specht M.","Abdel-Latif, Hany (57190487359); David, Antonio C. (17343255200); Ouedraogo, Rasmane (56673930000); Specht, Markus (59148604600)","57190487359; 17343255200; 56673930000; 59148604600","Echoes across Borders: Macroeconomic Spillover Effects of Conflict in Sub-Saharan African Countries","2025","Journal of African Economies","34","5","","605","638","3","10.1093/jae/ejaf005","https://www.scopus.com/pages/publications/105021124633?origin=resultslist","This paper quantifies the macroeconomic spillover effects of conflict within sub-Saharan African (SSA) countries using a new Foreign Conflict Proximity Index (FCPI), which accounts for conflict intensity and distance from conflict-affected countries. Our results suggest that proximity to conflict significantly and persistently hinders economic growth, while concurrently elevating inflation in the 'home' country. Conflict proximity shocks are also associated with increases in (current) government spending and government debt. Furthermore, the international trade transmission channel of conflict spillovers operates mostly through increased imports, while negative effects on FDI wind down over time. These results are robust to several checks, including alternative definitions of the foreign conflict proximity index. Moreover, state-dependent impulse responses underscore the importance of good governance, fiscal space and foreign aid in attenuating the adverse macroeconomic spillover effects of conflict. The detrimental impact of foreign conflict on output is more severe in environments with weaker governance and limited fiscal space. Government expenditures tend to rise following a conflict proximity shock in contexts of high governmental effectiveness, possibly reflecting the use of policy buffers to respond to shocks. In that context, the paper sheds light on important factors to promote resilience in SSA economies.  © 2025 The Author(s). Published by Oxford University Press on behalf of the Centre for the Study of African Economies, all rights reserved. For Permissions, please email: journals.permissions@oup.com.","conflict; macroeconomic spillovers; sub-Saharan Africa","Sub-Saharan Africa; border region; debt; economic growth; governance approach; international conflict; international trade; macroeconomics; public spending; spillover effect","Article","Final","","Scopus","2-s2.0-105021124633"
"Feasel E.M.; Gollapudi P.; Kumazawa D.","Feasel, Edward M. (6507660844); Gollapudi, Padmapriya (57192810391); Kumazawa, Daiki (57192810402)","6507660844; 57192810391; 57192810402","On the relative importance of demand and supply shocks: a panel VAR study for US states","2017","Applied Economics Letters","24","18","","1340","1345","2","10.1080/13504851.2016.1276266","https://www.scopus.com/pages/publications/85008220575?origin=resultslist","This article is a panel VAR study of demand and supply shocks in the USA using state-level data where structural shocks are decomposed into state idiosyncratic and common components. Decomposition suggests that in all instances, idiosyncratic state shocks rather than common shocks have larger impact and explain most variation in both the state-level unemployment rate and real gross state product. Further, demand shocks are the primary driving force in unemployment rate fluctuations, while both demand and supply are important in output movements to varying degree of impact and importance depending on the use of quarterly or annual data. © 2016 Informa UK Limited, trading as Taylor & Francis Group.","demand; impulse response; Structural panel VAR; supply","United States; demand analysis; economic analysis; panel data; unemployment; vector autoregression","Article","Final","","Scopus","2-s2.0-85008220575"
"Tran O.; Nguyen H.","Tran, Oanh (12545492500); Nguyen, Ha (57222277317)","12545492500; 57222277317","The interdependence of gold, US dollar and stock market in the context of COVID-19 pandemic: an insight into analysis in Asia and Europe","2022","Cogent Economics and Finance","10","1","2127483","","","6","10.1080/23322039.2022.2127483","https://www.scopus.com/pages/publications/85138918316?origin=resultslist","Using the panel data vector autoregression (PVAR) model, this study examines the correlation between the stock market, gold price and USD exchange rate in the context of the COVID-19 pandemic in 55 Asian and 32 European countries from 11 March 2021 to 29 October 2021. The results of Granger causality test show that in Asian countries, there is a bidirectional causality between stock market and gold price. In addition, there is a unidirectional relationship between the stock market and the USD exchange rate, while the gold price and the USD exchange rate are completely independent of each other. Meanwhile, in European countries, stock market, gold price and USD exchange rate have a causal relationship at 1% significant level. The results of the impulse-response function analysis show that, in Asia, the stock market has a negative impact on the gold price and a positive effect on the USD exchange rate. In Europe, the stock market has a negative impact on the other two markets in the short term. The variance decomposition results suggest that, in Europe, the stock market return explains 2.5% for the gold price shock and 6.2% for the USD exchange rate shock from the tenth period. Meanwhile, these figures in the Asian countries are 1.6% and 3.2%, respectively. © 2022 The Author(s). This open access article is distributed under a Creative Commons Attribution (CC-BY) 4.0 license.","COVID-19; gold price; PVAR; stock market; USD exchange rate","","Article","Final","All Open Access; Gold Open Access; Green Open Access","Scopus","2-s2.0-85138918316"
"Cette G.; Lopez J.; Mairesse J.; Nicoletti G.","Cette, Gilbert (16041257000); Lopez, Jimmy (56309352300); Mairesse, Jacques (20434039300); Nicoletti, Giuseppe (56517697400)","16041257000; 56309352300; 20434039300; 56517697400","Economic adjustment during the great recession: the role of managerial quality","2026","Economics of Innovation and New Technology","","","","","","0","10.1080/10438599.2026.2620467","https://www.scopus.com/pages/publications/105029657716?origin=resultslist","This study investigates empirically how managerial practices have affected macroeconomic adjustment during the Great Recession after the 2008 economic crisis. We use the local projection method pioneered by Jordà ([2005]. “Estimation and Inference of Impulse Responses by Local Projections.” American Economic Review 95 (1): 161–182.) on country-industry balanced panel data over the 2007–2015 period for eighteen industries in ten OECD countries. We find that, in countries where management quality is higher, production and employment have been more resilient during the Great Recession. Moreover, this effect on resilience is stronger for industries deeply affected by the 2008 crisis and goes with wage moderation as well as an unchanged labour share. © 2026 Informa UK Limited, trading as Taylor & Francis Group.","Economic adjustment; employment; great recession; local projection cross-country analysis; management quality; wage","","Article","Article in press","All Open Access; Green Open Access","Scopus","2-s2.0-105029657716"
"Alpanda S.; Granziera E.; Zubairy S.","Alpanda, Sami (34969092100); Granziera, Eleonora (56147896100); Zubairy, Sarah (6504717037)","34969092100; 56147896100; 6504717037","State dependence of monetary policy across business, credit and interest rate cycles","2021","European Economic Review","140","","103936","","","48","10.1016/j.euroecorev.2021.103936","https://www.scopus.com/pages/publications/85117840784?origin=resultslist","We study how phases of the business, credit and interest rate cycles affect the transmission of monetary policy using state-dependent local projection methods and data from 18 advanced economies. We find that the impact of monetary policy shocks on output and other macroeconomic and financial variables is weaker during periods of economic downturns, low household debt, and high interest rates. The business cycle state dependence tends to dominate the other documented state dependencies. We build a small-scale theoretical model to rationalize these facts. The model points to the presence of collateral and debt-service constraints on household borrowing and refinancing as potential drivers of state dependence of monetary policy with respect to the business, credit, and interest rate cycles. Our findings bear significant implications for the transmission of monetary policy, and highlight potentially important features to be considered in models used to inform monetary policy decisions. © 2021 Elsevier B.V.","Household debt; Local projections; Monetary policy; State dependence","business cycle; debt; financial crisis; interest rate; monetary policy","Article","Final","","Scopus","2-s2.0-85117840784"
"Jawadi F.; Mallick S.K.; Idi Cheffou A.; Augustine A.","Jawadi, Fredj (34067685400); Mallick, Sushanta K. (15765484600); Idi Cheffou, Abdoulkarim (56401071700); Augustine, Anish (57208482768)","34067685400; 15765484600; 56401071700; 57208482768","Does higher unemployment lead to greater criminality? Revisiting the debate over the business cycle","2021","Journal of Economic Behavior and Organization","182","","","448","471","57","10.1016/j.jebo.2019.03.025","https://www.scopus.com/pages/publications/85064894032?origin=resultslist","A crime epidemic appears to have erupted in many advanced economies, raising questions on whether higher unemployment leads to greater incidence of crime. In this paper, we establish a robust connection between unemployment and crime, considering both violent and non-violent crimes, in a 4 variable time-varying VAR setting in identifying four shocks: unemployment, output, migration fear, and crime shocks. Using data from France and the UK over the time period 1975Q1 to 2013Q4 and 1983Q1 to 2018Q2 respectively, we find significant positive effects of unemployment shocks on crime rates in both countries, particularly so during the times of economic contraction. We also find that crime rates decline during times of economic expansion (in response to a positive shock in GDP growth). Considering shocks in migration fears, we find that migration fears are fuelling higher incidence of crime in France, whereas unemployment shock continues to drive crime rates in the UK. Undertaking further analysis for a single country at quarterly frequency for the UK, and with panel data from 24 countries at annual frequency over the period 1998 to 2016, we support our main hypothesis that higher unemployment rate tends to increase non-violent crime. Our results imply that maintaining stable economic activity is critical in order to stabilize incidence of non-violent crime. These findings have political significance, given the recent unprecedented levels of concern and uncertainty about migration in European countries. © 2019 Elsevier B.V.","Business cycles; Criminality; Immigration; Time-varying impulse responses; Unemployment; Wavelet","","Article","Final","","Scopus","2-s2.0-85064894032"
"Mendonça M.J.; Loureiro P.R.A.; Sachsida A.","Mendonça, Mário Jorge (26667874400); Loureiro, Paulo R.A. (6602665270); Sachsida, Adolfo (7801333614)","26667874400; 6602665270; 7801333614","The dynamics of land-use in Brazilian Amazon","2012","Ecological Economics","84","","","23","36","7","10.1016/j.ecolecon.2012.08.014","https://www.scopus.com/pages/publications/84869103551?origin=resultslist","This paper studies the dynamics of land-use in the Brazilian Amazon using a structural vector autoregressive (SVAR) model. A fixed effect panel data specification is used to control for the heterogeneity in the data. Meanwhile, spatial autocorrelation is also diagnosed by a statistical methodology that allows us to split the model in subsamples (clusters) of more homogenous municipalities. The clustering analysis shows that there are three clusters whose land-use patterns are strongly different in an economical point of view. The first cluster identifies municipalities dedicated to logging, natural resources exploitation and slash-and-burn cultures; the second cluster shows a more diversified agriculture; while the third cluster presents very developed intensive agriculture municipalities. Another contribution of this article relies on the assessment of contemporaneous causal relation among distinct land-uses areas. This new approach allows us to evaluate the dynamics relations arisen from unexpected innovations in the process of soil occupation. The impulse response functions (IRF) and the forecast error variance decompositions (FEVD) generate the following results: (1) in the opposition direction of previous studies, we find that the demand for cropping does not require to clear new areas of forest.; (2) contrary to previous studies we do not find indication that cattle ranching is the primary driver of deforestation; (3) the impact of a shock of pasture land on itself is virtually null at the initial stages, but increases over time, not requiring to clear extra areas of forest land but rather competing with crop land; (4) it seems that if not for all the Amazon Basin, at least in one cluster, cattle ranching and cropping could be competitive activities; and (5) we find out that in the long run pasture innovation is responsible for the major percent of the forecast error concern all land uses. It probably means that the destiny of distinct categories of land, in cluster one, is endogenously determine by activities connected to cattle. © 2012 Elsevier B.V.","Brazilian Amazon; Impulse response functions; Panel data; Spatial autocorrelation; Variance Decomposition; Vector autoregressive","Amazonas [Brazil]; Brazil; Bos; autocorrelation; cluster analysis; deforestation; ecological economics; error analysis; heterogeneity; land use change; natural resource; numerical model; panel data; pasture; ranching; shifting cultivation; sustainability; variance analysis","Article","Final","","Scopus","2-s2.0-84869103551"
"Noguchi T.","Noguchi, Tomoo (60173298300)","60173298300","State-Dependent Effects of Geopolitical Risk on World Trade: Evidence from Network Redundancy","2026","Open Economies Review","","","","","","0","10.1007/s11079-026-09877-1","https://www.scopus.com/pages/publications/105049812269?origin=resultslist","This paper asks whether the transmission of geopolitical risk to world trade depends on the redundancy of the global maritime logistics network. We construct a monthly, system-level proxy for logistics redundancy from UNCTAD liner shipping connectivity by computing the effective number of cross-country connectivity sources. Lower values indicate periods in which maritime connectivity is more concentrated and feasible substitution margins are thinner. We then estimate state-dependent local projections for the Global Supply Chain Pressure Index and the CPB World Trade Monitor over horizons of 0–18 months. The estimates indicate that the propagation of geopolitical risk differs between low- and high-redundancy regimes. The state-contingent differences are most visible for global supply-chain pressure, while the estimated trade-volume responses are less precise and should be interpreted cautiously. We summarise these low-minus-high differences as a Redundancy Amplification Effect and assess their cumulative magnitude using moving-block bootstrap inference. Overall, the results provide suggestive evidence that time variation in maritime connectivity concentration is an economically relevant conditioning state for open-economy shock propagation, while also highlighting the limitations imposed by measurement and sample size. © The Author(s) 2026.","Geopolitical risk; Global supply chains; Network redundancy; Open economy dynamics; State dependence; World trade","","Article","Article in press","All Open Access; Hybrid Gold Open Access","Scopus","2-s2.0-105049812269"
"Sheng G.; Wu H.; Xu X.","Sheng, Gang (59298021300); Wu, Huabin (58638728800); Xu, Xiangdong (58638062800)","59298021300; 58638728800; 58638062800","Research on the influence of the digital economy on the development of China’s small household appliance industry and enhancement countermeasures","2025","Chinese Management Studies","19","4","","1099","1132","2","10.1108/CMS-07-2023-0369","https://www.scopus.com/pages/publications/85202025579?origin=resultslist","Purpose The implementation of the digital economy has had a considerable influence on the manufacturing industry, and this paper aims to address the important issues of how to capture the opportunities presented by digital innovation and promote the transformation and upgrading of the manufacturing industry, as well as the improvement of quality and efficiency. Design/methodology/approach Using panel data from 30 Chinese provinces and cities between 2010 and 2021, this study establishes the panel vector autoregression (PVAR) model and uses impulse response function analysis to evaluate the influence of the digital economy on the high-quality transformation and upgrading of China's small home appliance industry across five dimensions under the digital economy. Findings The development of digital infrastructure has not demonstrated a noteworthy capacity for advancing the transformation and upgrading of the small home appliance industry. Furthermore, digital industrialization has exerted a minimal restraining influence on this process. Nevertheless, digital governance has consistently exhibited a substantial impact on facilitating the transformation and upgrading of the small home appliance industry. While both industrial digitization and digital innovation hold significant potential for promoting the transformation and upgrading of the small home appliance industry, their sustainability remains limited. Practical implications The organization should logically join independent innovation and open innovation, construct an industrial ecosystem for the profound convergence of the digital economy and compact household appliances, use digital-wise science and technology to empower the establishment of brand effects, strengthen the portrayal of the digital standard framework for the intelligent compact household appliance industry, advance the development of a public stage for computerized administrations in the compact household appliance industry and develop a strategy ecosystem for computerized assets in the compact household appliance industry. Originality/value This study offers systematic evidence of the relationship between the digital economy and the development of the small home appliance industry. The results of this research contribute to the literature on the impact of the digital economy on the manufacturing sector and provide a logical explanation for the transformation and upgrading of the small home appliance industry within the context of the digital economy. © 2024 Emerald Publishing Limited","Development of countermeasures; Digital economy; PVAR; Small household appliance industry; Upgrade path","","Article","Final","","Scopus","2-s2.0-85202025579"
"Radić M.N.; Dragičević D.; Sotošek M.B.","Radić, Maja Nikšić (56819930800); Dragičević, Daniel (56461163000); Sotošek, Marina Barkidija (57192717939)","56819930800; 56461163000; 57192717939","Causality between terrorism and FDI in Tourism: Evidence from panel data","2019","Economies","7","2","38","","","11","10.3390/economies7020038","https://www.scopus.com/pages/publications/85067882685?origin=resultslist","The aim of this research was to examine the causal link between terrorism and FDI in tourism on the example of a panel of 50 countries for the period from 2000 to 2016. Other control variables were included in order to ensure the validity of the results-number of international tourist arrivals per capita, the KAOPEN index, the KOF Globalisation Index and GDP per capita. The main goal was to look at this issue from the perspective that terrorism does not affect FDI in tourism. The research employed the Granger causality test in a vector autoregressive model (VAR model), the analysis of variance decomposition and the impulse response function within the panel setting. Based on research results, it was found that terrorism does not Granger cause FDI in tourism. The results are in line with recent research related to the subject matter which indicated that the negative effect of terrorism on FDI in tourism was questionable. © 2019 by the authors.","FDI in tourism; Panel Granger causality test; Panel VAR analysis; Terrorism","","Article","Final","All Open Access; Gold Open Access; Green Open Access","Scopus","2-s2.0-85067882685"
"Borovička J.; Hansen L.P.","Borovička, Jaroslav (36681821000); Hansen, Lars Peter (7401576349)","36681821000; 7401576349","Examining macroeconomic models through the lens of asset pricing","2014","Journal of Econometrics","183","1","","67","90","11","10.1016/j.jeconom.2014.06.010","https://www.scopus.com/pages/publications/84908258875?origin=resultslist","We develop new methods for representing the asset-pricing implications of stochastic general equilibrium models. We provide asset-pricing counterparts to impulse response functions and the resulting dynamic value decompositions (DVDs). These methods quantify the exposures of macroeconomic cash flows to shocks over alternative investment horizons and the corresponding prices or investors' compensations. We extend the continuous-time methods developed in Hansen and Scheinkman (2012) and Borovička et al. (2011) by constructing discrete-time, state-dependent, shock-exposure and shock-price elasticities as functions of the investment horizon. Our methods are applicable to economic models that are nonlinear, including models with stochastic volatility. © 2014 Elsevier B.V. All rights reserved.","Dynamic value decomposition; Markov models; Perturbation methods; Risk premia; Shock elasticities","Continuous time systems; Costs; Decomposition; Economics; Elasticity; Financial markets; Impulse response; Markov processes; Perturbation techniques; Stochastic systems; General equilibrium models; Impulse response functions; Investment horizon; Macro-economic models; Markov model; Perturbation method; Stochastic volatility; Value decomposition; Stochastic models","Article","Final","","Scopus","2-s2.0-84908258875"
"Chrysanthakopoulos C.; Tagkalakis A.O.","Chrysanthakopoulos, Christos (57199519362); Tagkalakis, Athanasios O. (14523671500)","57199519362; 14523671500","A note on the link between NPLs and stock-flow adjustments in 69 countries","2026","Journal of Economic Studies","53","2","","283","296","4","10.1108/JES-01-2025-0017","https://www.scopus.com/pages/publications/86000537422?origin=resultslist","Purpose – The Global Financial Crisis has heightened policymakers' focus on understanding how rising non-performing loans affect fiscal policy, particularly through their effect on stock-flow adjustments. Consequently, there is a growing interest in exploring the interaction between financial instability and public debt dynamics. This research is especially significant as it unveils a new connection between financial sector vulnerabilities and the sustainability of public debt. Design/methodology/approach – Using panel data from 69 countries (2008–2020) and applying the Jordà (2005) local projection methodology. Findings – We find that increasing NPL ratios lead to a significant increase in stock-flow adjustment (SFAs) over the medium-term. This reflects the build-up of public debt that cannot be directly attributed to budget deficits but is due to government measures to prop up a troubled bank or banking system. Originality/value – Our analysis examines for the first time in the literature the dynamic response of SFAs to increases in NPLs over a medium-term horizon. © 2025 Emerald Publishing Limited","E44; G21; G28; H3; Local projections; NPLs; Stock-flow adjustments","","Article","Final","","Scopus","2-s2.0-86000537422"
"Uddin G.S.; Le A.H.; Hasan M.B.; Beirne J.; Park D.","Uddin, Gazi Salah (37082267000); Le, Anh H. (58669035500); Hasan, Md. Bokhtiar (57205463252); Beirne, John (15822082400); Park, Donghyun (7403245814)","37082267000; 58669035500; 57205463252; 15822082400; 7403245814","Public spending and inclusive growth: A cross-country empirical analysis","2026","Journal of International Money and Finance","162","","103528","","","2","10.1016/j.jimonfin.2026.103528","https://www.scopus.com/pages/publications/105028214552?origin=resultslist","We investigate the effects of different components of government spending on inclusive growth. More specifically, we consider the inclusive impact of public spending on environmental protection, health, education, housing, and social protection, all of which can conceivably promote inclusive growth. For our empirical analysis, we apply panel regressions and local projections to a comprehensive database of 191 countries between 1980 and 2023. Our evidence indicates that equity-promoting government spending reduces income inequality, as measured by the Gini index, and improves human development indicators. Moreover, our analysis reveals that poorer households benefit disproportionately, suggesting that targeted fiscal expenditures can promote equity. Notably, the inclusive effects are most pronounced in advanced economies, where robust fiscal frameworks support and amplify such effects. In contrast, emerging and developing economies experience more modest gains. Overall, the findings highlight the importance of well-designed public spending programs for equitable growth. Finally, we conduct state-dependent local projections and a regional sub-sample analysis. © 2026 The Author(s)","Developed and developing countries; Government spending; Inclusive growth; Income inequality","","Article","Final","All Open Access; Green Open Access; Hybrid Gold Open Access","Scopus","2-s2.0-105028214552"
"Karaki M.B.; Safieddine H.","Karaki, Mohamad B. (56966514800); Safieddine, Hadi (58674084700)","56966514800; 58674084700","Do defense news crowd out private investment?","2023","Economics Letters","233","","111421","","","1","10.1016/j.econlet.2023.111421","https://www.scopus.com/pages/publications/85175378788?origin=resultslist","This paper studies the effect of U.S. defense news on private U.S. investment. We estimate linear and state-dependent local projection models and find ample evidence that defense news triggers crowding out effects on investment, especially in times of economic slack. © 2023 Elsevier B.V.","Defense news; Investment; Local projection","","Article","Final","","Scopus","2-s2.0-85175378788"
"Jalles J.T.; Pessino C.","Jalles, João Tovar (34869694600); Pessino, Carola (7801368664)","34869694600; 7801368664","Fiscal consolidations in developing countries with a Latin America focus: The role of inequality, informality and corruption","2025","Journal of Macroeconomics","84","","103675","","","4","10.1016/j.jmacro.2025.103675","https://www.scopus.com/pages/publications/105004039229?origin=resultslist","Widening income disparities, higher corruption and larger informality in many emerging market and developing economies (EMDE) including Latin America, all with pressing and mounting fiscal problems, have rekindled interest in the empirical analysis of the key factors determining the occurrence of fiscal consolidations. Using discrete choice models, this paper examines the drivers of fiscal consolidation episodes in a sample of 148 EMDE between 1980 and 2019 with a focus on Latin America. Inequality does not seem to drive consolidations in Latin America, while more informality (corruption) increases (decreases) the probability of their occurrence. In turn, when examining the drivers of successful consolidations, larger income inequality (informality) seems to act as a boost (hinderance) for successful consolidations. Results are robust to several sensitivity and robustness tests. © 2025 Elsevier Inc.","Binary choice models; Corruption; Filtering; Fiscal adjustments; Local projection; Nonlinearities; Panel data; Shadow economy","","Article","Final","","Scopus","2-s2.0-105004039229"
"Brzozowski M.; Siwińska-Gorzelak J.","Brzozowski, Michał (13003695100); Siwińska-Gorzelak, Joanna (36675793800)","13003695100; 36675793800","Pricing populism: Populist parties, fiscal rules and sovereign bond spreads in euro area countries","2026","European Journal of Political Economy","94","","102866","","","0","10.1016/j.ejpoleco.2026.102866","https://www.scopus.com/pages/publications/105041642442?origin=resultslist","This paper examines how populist governments affect sovereign borrowing costs in the euro area countries and whether national fiscal rules moderate this relationship. Using panel data from 1999 to 2023 for euro area states, we find that the presence of populist parties in government is associated with higher sovereign bond spreads, suggesting that financial markets perceive populist rule as a source of increased fiscal risk. However, this effect is significantly weaker in countries with strict fiscal rules, indicating that credible fiscal frameworks mitigate market concerns. Dynamic analysis using impulse response functions shows that the risk premium associated with populist rule, although decreasing over time, remains elevated over a four-year period and is constrained by fiscal rules. These findings underscore the fiscal costs of populism and the stabilizing role of fiscal institutions in sustaining market confidence. © 2026 Elsevier B.V. All rights are reserved, including those for text and data mining, AI training, and similar technologies.","Euro area countries; Fiscal rules; Populism; Sovereign bond spreads; Sovereign risk","","Article","Final","","Scopus","2-s2.0-105041642442"
"Cao B.; Sun Y.","Cao, Bolong (36458180900); Sun, Yixiao (7406432347)","36458180900; 7406432347","Asymptotic distributions of impulse response functions in short panel vector autoregressions","2011","Journal of Econometrics","163","2","","127","143","9","10.1016/j.jeconom.2011.03.004","https://www.scopus.com/pages/publications/79958267840?origin=resultslist","This paper establishes the asymptotic distributions of the impulse response functions in panel vector autoregressions with a fixed time dimension. It also proves the asymptotic validity of a bootstrap approximation to their sampling distributions. The autoregressive parameters are estimated using the GMM estimators based on the first differenced equations and the error variance is estimated using an extended analysis-of-variance type estimator. Contrary to the time series setting, we find that the GMM estimator of the autoregressive coefficients is not asymptotically independent of the error variance estimator. The asymptotic dependence calls for variance correction for the orthogonalized impulse response functions. Simulation results show that the variance correction improves the coverage accuracy of both the asymptotic confidence band and the studentized bootstrap confidence band for the orthogonalized impulse response functions. © 2011 Elsevier B.V. All rights reserved.","Asymptotic distribution; Bootstrap; Nonorthogonalized impulse response function; Orthogonalized impulse response function; Panel data; Vector autoregressions","Arch bridges; Estimation; Regression analysis; Statistical tests; Structural analysis; Time series; Asymptotic distributions; Bootstrap; Nonorthogonalized impulse response function; Orthogonalized impulse response function; Panel data; Vector autoregressions; Impulse response","Article","Final","","Scopus","2-s2.0-79958267840"
"Albaladejo I.P.; Brida J.G.; González-Martínez M.I.; Segarra V.","Albaladejo, Isabel P. (24280329400); Brida, Juan Gabriel (57269146700); González-Martínez, María Isabel (55905640100); Segarra, Verónica (57211404251)","24280329400; 57269146700; 55905640100; 57211404251","A new look to the tourism and economic growth nexus: A clustering and panel causality analysis","2023","World Economy","46","9","","2835","2856","21","10.1111/twec.13459","https://www.scopus.com/pages/publications/85168381718?origin=resultslist","This paper explores the dynamic relationship between tourism and economic growth using panel data for 144 countries over the period 1995–2019. The study was carried out in two steps. First, the set of countries was classified by considering simultaneously two criteria, tourism and the economic development of the countries over time. Two classifications of homogeneous countries with four clusters each are obtained using a non-parametric methodology and two tourism indicators. Second, the Granger causality was tested for each of the identified groups and the entire sample. The results determined that there were significant differences between clusters and that causality from tourism to economic growth could only be verified for the group of countries with low income and low tourism. This relationship was confirmed by estimating impulse response functions, which showed a positive response of economic growth to innovations in tourism. The tourism sector could, therefore, be a way out of poverty and generate development and prosperity in low-income countries that are in the early stages of tourism development. © 2023 The Authors. The World Economy published by John Wiley & Sons Ltd.","cluster analysis; economic growth; impulse response functions; panel data causality; regime dynamics; TLGH; tourism development","cluster analysis; economic development; economic growth; Granger causality test; innovation; low income population; tourism development","Article","Final","All Open Access; Green Open Access; Hybrid Gold Open Access","Scopus","2-s2.0-85168381718"
"Gulenkov I.","Gulenkov, Ilya (59406496200)","59406496200","Fiscal multipliers, trend inflation, and endogenous price stickiness: Evidence from the U.S.","2025","Journal of Macroeconomics","86","","103728","","","0","10.1016/j.jmacro.2025.103728","https://www.scopus.com/pages/publications/105021266585?origin=resultslist","A remarkably protracted surge in inflation in the U.S. has had a profound impact on the price- and wage-setting behavior. These changes suggest that the economy could have entered a regime characterized by higher trend inflation. While the impact of trend inflation on monetary policy effectiveness is well-studied, the effects on fiscal policy transmission has been largely overlooked. This study analyzes the fiscal transmission under different inflation regimes. The empirical analysis using state-dependent local projections reveals that in the post-WWII U.S. history fiscal multipliers in a high-inflation regime have been larger. This effect is driven by a crowding-in of consumption, which does not happen in the low-inflation state. We rationalize our findings withing a Markov-switching New Keynesian model with endogenous price stickiness and non-separable preferences. The model demonstrates that when different degree of monetary accommodation interacts with the switching mechanism, consumption is crowded-out in a low-inflation regime and crowded-in when trend inflation is high. © 2025 Elsevier Inc.","DSGE model; Fiscal multiplier; Fiscal policy; Regime switching; Trend inflation","","Article","Final","","Scopus","2-s2.0-105021266585"
"Graham J.; Read A.","Graham, James (57226158018); Read, Alistair (58802522500)","57226158018; 58802522500","House Prices, Monetary Policy and Commodities: Evidence from Australia*","2023","Economic Record","99","324","","1","31","6","10.1111/1475-4932.12705","https://www.scopus.com/pages/publications/85143304327?origin=resultslist","Monetary policy and commodity prices are key drivers of Australian house prices, but endogeneity between these variables complicates empirical research. To address this, we use local projection methods and instrumental variables for estimation. We find that one standard deviation expansionary monetary and commodity shocks increase house prices at peak by 1.5 per cent and 1.4 per cent, respectively. Using geographically disaggregated panel data, we exploit the heterogeneity in house price responses to study the different channels through which these shocks affect housing markets. We find that both monetary policy and commodity price shocks have significant effects on housing markets through income channels. © 2022 The Authors. Economic Record published by John Wiley & Sons Australia, Ltd on behalf of Economic Society of Australia.","","Australia; commodity price; housing market; income; monetary policy; price dynamics","Article","Final","All Open Access; Hybrid Gold Open Access","Scopus","2-s2.0-85143304327"
"Wu X.; Xu J.","Wu, Xiangjun (56029734700); Xu, Juan (57216385475)","56029734700; 57216385475","Drivers of food price in China: A heterogeneous panel SVAR approach","2021","Agricultural Economics (United Kingdom)","52","1","","67","79","13","10.1111/agec.12607","https://www.scopus.com/pages/publications/85099068989?origin=resultslist","In this paper, we examine the effects of shocks in agricultural output, production material price and production price on China's food price using panel data of 26 provinces for the period 2004 Q1–2015 Q4. Employing a heterogeneous panel structural vector autoregressive (SVAR) model, we identify the causal flows between the endogenous variables via directed acyclic graphs method. The empirical results from impulse response functions and variance decompositions suggest sizeable cross-province variations. The main driving force of food price is the price inertia shock, rather than the agricultural output or the vertical chain of price transmission shocks. The findings support the view that price expectation is the key shifter of food price. Moreover, the shocks in the vertical chain of price transmission are only weakly linked to food price. Our findings are robust to an alternative panel SVAR model identified via Cholesky decomposition. © 2020 International Association of Agricultural Economists","directed acyclic graphs; heterogeneous panel SVAR; impulse response function; variance decomposition","China; agricultural production; detection method; heterogeneity; panel data; price determination; spatiotemporal analysis","Article","Final","","Scopus","2-s2.0-85099068989"
"Bataineh A.M.; Zehri C.","Bataineh, Ahmad Mwafaq (60437657400); Zehri, Chokri (57170678200)","60437657400; 57170678200","Renewable energy adoption and socio-economic outcomes during economic transition evidence from Saudi firms (2012–2024)","2026","Asian Economic and Financial Review","16","2","","56","74","0","10.55493/5002.v16i2.5905","https://www.scopus.com/pages/publications/105031940846?origin=resultslist","This study examines the micro-level impact of renewable energy transition on key socioeconomic indicators within a resource-dependent economy. Using firm-level panel data from 42 large Saudi firms spanning 2012–2024, we employ Generalized Method of Moments (GMM) estimation and Impulse Response Function (IRF) analysis. Our purpose is to assess the effects of renewable infrastructure investment (RII) and renewable adoption on employment, energy access, and firm revenue growth (FRG). The findings indicate that RII has a short-run positive impact on employment and energy access, a trend that has been accentuated following Saudi Arabia’s Vision 2030 announcement. However, the positive effect of RII on FRG manifests only in the long run and is conditional on oil price volatility. Furthermore, the employment benefits are not distributed equally between large firms and SMEs. Practical implications suggest that the initial policy should focus on infrastructure investment and subsidies to boost short-term job creation and energy access. Subsequently, policy must pivot to foster broader structural transformation through widespread adoption of renewable energy to achieve sustainable, inclusive long-term economic growth. © 2026 AESS Publications. All Rights Reserved.","Economic transition; Employment; Firm revenue growth; Generalized method of moments; Renewable energy","","Article","Final","All Open Access; Gold Open Access","Scopus","2-s2.0-105031940846"
"Ben Cheikh N.; Ben Zaied Y.; Nguyen D.K.","Ben Cheikh, Nidhaleddine (55487228300); Ben Zaied, Younes (56403397200); Nguyen, Duc Khuong (25633212500)","55487228300; 56403397200; 25633212500","Financial inclusion and energy access in sub-Saharan Africa","2025","Research in International Business and Finance","79","","103032","","","7","10.1016/j.ribaf.2025.103032","https://www.scopus.com/pages/publications/105009882658?origin=resultslist","Improving access to adequate forms of energy in sub-Saharan Africa (SSA) is a challenging task, and an ongoing debate has continued regarding policies and interventions that can effectively alleviate energy poverty (EP). This study contributes to the literature by conducting a state-dependent analysis using nonlinear panel data with local projections that allow the dynamics of EP to vary under different regimes. Our findings highlight the influence of financial inclusion and institutional quality on shaping the dynamics of energy affordability in SSA over the period 2004–2019. Specifically, we find that higher quality governance is required for the low-carbon transition to enhance household access to energy infrastructure. We also demonstrate an asymmetric response of EP to institutional quality related to the degree of access to finance. Overcoming governance issues and strengthening the financial system are critical for SSA to combat energy vulnerability and make the low-carbon transition viable. © 2025 The Authors","Energy poverty; Financial inclusion; Low-carbon transition; Sub-Saharan Africa","","Article","Final","All Open Access; Hybrid Gold Open Access","Scopus","2-s2.0-105009882658"
"Rajakaruna I.; Suardi S.","Rajakaruna, Iwanthika (57222195277); Suardi, Sandy (23135470800)","57222195277; 23135470800","The dynamic linkages between current account deficit and budget balance deficit in the South Asian region","2021","Journal of Asian Economics","77","","101393","","","7","10.1016/j.asieco.2021.101393","https://www.scopus.com/pages/publications/85116689824?origin=resultslist","The issue of twin imbalances is at the forefront of fiscal policy concerns in the South Asian region, fuelled by an ever-going budget deficit and current account deficit over the last five decades. A standard approach is to assume a model in which budget balance influences the current account. We relax this assumption by using a panel data vector autoregression model comprising five South Asian countries. The results show that both budget deficit and current account deficit are mutually causative, which contrasts the unidirectional causality running from fiscal deficit to current account deficit found in prior studies. Further, this bi-causality relationship is also demonstrated in the impulse response analyses. Budget balance in South Asian economies responds positively to a one standard deviation positive shock in the current account balance. Likewise, external balance increases to a one standard deviation positive shock in internal balance. Higher fiscal debt impedes economic growth, which in turn impacts negatively on the budget balance. Our findings lead us to reject 'fiscal policy only' recommendations to address the twin deficits. © 2021 Elsevier Inc.","Impulse response function; P-VAR model; Panel Granger causality test; South Asia; Twin deficits","","Article","Final","","Scopus","2-s2.0-85116689824"
"Atems B.; Sardar N.","Atems, Bebonchu (55377307900); Sardar, Naafey (57223220615)","55377307900; 57223220615","Exploring asymmetries in the effects of El Niño-Southern Oscillation on U.S. food and agricultural stock prices","2021","Quarterly Review of Economics and Finance","81","","","1","14","25","10.1016/j.qref.2021.04.013","https://www.scopus.com/pages/publications/85105314789?origin=resultslist","State-dependent local projection methods have become the state-of-the-art technique for investigating asymmetric and/or nonlinear responses to economic (and other) shocks. We apply this methodology to examine whether El Niño-Southern Oscillation (ENSO) has asymmetric impacts on U.S. food and agricultural stock prices. Using weekly data from 1990:1 to 2019:4, we find support for the hypothesis that food and agricultural stock prices respond asymmetrically to ENSO shocks. In particular, we provide evidence that El Niño shocks typically decrease or have no effects on U.S. food and agricultural stock prices, whereas La Niña shocks generally increase prices. We argue that this asymmetric response of stock prices to El Niño and La Niña shocks may in part be explained by the differential impact of these shocks on food and agricultural commodity prices. The analysis, thus, emphasizes the need to consider asymmetries in the impacts of ENSO, as failure to do so might result in misleading conclusions about the effect of ENSO on U.S. food and agricultural stock prices. © 2021 Board of Trustees of the University of Illinois","Agriculture; El Niño-Southern Oscillation; Local projections; Stock prices","","Article","Final","","Scopus","2-s2.0-85105314789"
"Çebi C.; Özdemir K.","Çebi, Cem (55212440900); Özdemir, K.Azim (35234462100)","55212440900; 35234462100","Cyclical variation of the fiscal multiplier in Turkey","2021","Emerging Markets Finance and Trade","57","2","","495","509","7","10.1080/1540496X.2019.1592748","https://www.scopus.com/pages/publications/85063898397?origin=resultslist","This paper investigates the cyclical variation in the government spending multiplier for Turkey from 1990:q1 to 2015:q4. We use a time series model, namely the local projection method, to estimate the variation in the fiscal multiplier under two different regimes: low and high growth regimes with respect to long-term economic growth. Our results confirm that fiscal policy is more effective in times of low growth than high growth. Turning to the components of government spending, we find that the government investment multiplier is larger than the government consumption multiplier in both regimes. This evidence supports the view that an expansionary fiscal policy via public investment has a more profound effect on output than via public consumption. However, we also find evidence that the influence of government consumption on GDP increases substantially in times of low growth. We, therefore, suggest that policymakers use public investment rather than public consumption to stimulate the economy during economic expansion and increase public consumption during economic slowdowns. ©, Copyright © Taylor & Francis Group, LLC.","E62; Fiscal policy; H30; local projection; state-dependent fiscal multipliers","","Article","Final","","Scopus","2-s2.0-85063898397"
"De Schryder S.; Opitz F.","De Schryder, Selien (56730970100); Opitz, Frederic (57218542733)","56730970100; 57218542733","Macroprudential policy and its impact on the credit cycle","2021","Journal of Financial Stability","53","","100818","","","45","10.1016/j.jfs.2020.100818","https://www.scopus.com/pages/publications/85097405907?origin=resultslist","We identify a novel set of macroprudential policy shocks and estimate their effects on credit cycle variables in a panel of 13 EU countries between 1999 and 2018. We find that a typical macroprudential policy tightening shock reduces bank credit-to-GDP by 2.4% points and household credit-to-GDP by 2.2% points over a period of four years. The non-financial corporations and total credit-to-GDP ratios, however, do not react significantly. Using state-dependent local projections, we further find that the effects on the credit-to-GDP ratios are stronger in credit cycle upturns than in downturns. We also detect a sizable leakage of firm credit from the banking to the non-banking sector next to a shift from household to firm credit. © 2020 Elsevier B.V.","Credit cycle; Effectiveness; Macroprudential policy; State dependency","","Article","Final","","Scopus","2-s2.0-85097405907"
"Kopiec P.; Walerych M.","Kopiec, Paweł (57200207440); Walerych, Małgorzata (57220588446)","57200207440; 57220588446","Unemployment Level and the Non-Linear Effects of Monetary Policy in Poland","2026","Studies in Nonlinear Dynamics and Econometrics","","","","","","1","10.1515/snde-2025-0020","https://www.scopus.com/pages/publications/105028672230?origin=resultslist","We investigate whether the transmission of monetary shocks in Poland depends on the level of economic slack. To this end, we estimate smooth transition panel local projections using Poland's regional data and analyze how monetary shocks affect unemployment and prices in regimes of high and low unemployment. Our key finding aligns with economic intuition: the response of unemployment to monetary policy shocks is stronger when economic slack is high, compared to when it is low. Conversely, the adjustment of prices to monetary innovations is more pronounced when idle resources in the economy are scarce, compared to when they are abundant. Our main conclusion is further supported by evidence showing that the difference in the strength of the employment response to monetary shocks, depending on the unemployment level, is more pronounced in sectors producing non-tradable goods than in those manufacturing tradable goods. Moreover, comparing our model with its linear counterpart confirms that monetary transmission in Poland indeed exhibits state-dependence, while the analysis of monetary shock distributions under low and high unemployment shows that our results are not driven by the presence of a regime-dependent pattern in monetary disturbances. © 2026 Walter de Gruyter GmbH, Berlin/Boston 2026.","local projections; monetary policy transmission; state dependence; unemployment","","Article","Article in press","All Open Access; Hybrid Gold Open Access","Scopus","2-s2.0-105028672230"
"Aslan A.; Altinoz B.; Polat M.A.","Aslan, Alper (26654080500); Altinoz, Buket (57215831184); Polat, Melike Atay (57646413400)","26654080500; 57215831184; 57646413400","Investigation of the Sensitivity of EU Countries to Temperature Anomalies in Terms of Economic and Technological Indicators","2024","Journal of the Knowledge Economy","15","1","","2401","2421","4","10.1007/s13132-023-01291-z","https://www.scopus.com/pages/publications/85150238214?origin=resultslist","In this study, the interrelationships between global climate change and EU countries’ GDP, investments, R&D expenditures, innovations, and labor productivity indicators are discussed. Global temperature anomalies are adopted as an indicator of climate change and the relationsgip estimated with the panel vector autoregreesion (PVAR) approach for the period from 1996 to 2018. Results suggest that an increase in atmospheric temperature has negative effect on economic growth, investment, and labor productivity. However, an increase in atmospheric tempetrature increases patent applications by 0.4% in the long run. Moreover, while economic growth and investments trigger temperature anomalies, labor productivity has a negative effect on atmospheric temperature. The long-run coefficient estimation results are confirmed by analysis, and the existence of strong dynamic relationships between the variables is determined. Impulse–response graphs differ from these results and emphasize that the effects caused by shocks should be considered temperature anomalies and EU’s technological and economic developments. © The Author(s), under exclusive licence to Springer Science+Business Media, LLC, part of Springer Nature 2023.","C23; European Union; Innovations; Panel data; Q16; Q54; Technology; Temperature anomalies","","Article","Final","","Scopus","2-s2.0-85150238214"
"Yang Q.; Duan X.; Wang L.; Wang S.; Fan Y.; Zhu G.","Yang, Qingke (57199837868); Duan, Xuejun (26538515000); Wang, Lei (56435553600); Wang, Shen (58882218300); Fan, Yeting (57190021927); Zhu, Gaoli (57192168288)","57199837868; 26538515000; 56435553600; 58882218300; 57190021927; 57192168288","Collaborative measurement and interactive response between regional integration and urban land use efficiency in the Yangtze River Delta; [长三角区域一体化与城市土地利用效率的协同测度及交互响应]","2021","Resources Science","43","10","","2093","2104","23","10.18402/resci.2021.10.13","https://www.scopus.com/pages/publications/85126461014?origin=resultslist","Based on the theoretical analysis of the synergy between regional integration and urban land use efficiency, this study constructed an evaluation index system of integration and efficiency respectively. It first analyzed the characteristics of change of the spatial and temporal patterns of integration and efficiency; then, it verified the collaborative relationship between integration and efficiency by using the grey correlation model; finally, it described the interactive response mechanism between them by using the panel-data vector auto regression (VAR) model. The results show that: (1) From 2000 to 2018, the level of regional integration in the Yangtze River Delta had continuously improved, and the level had been increasing year by year. Spatially, the core-periphery polarization characteristics are obvious, and the overall urban land use efficiency showed an obvious upward trend. At the macro level, there exist some coupling characteristics between urban land use efficiency and the trend of regional integration, but there is a spatial mismatch affected by the heterogeneity of locational conditions, economic development level, and resource elements. (2) The comprehensive grey correlation analysis between regional integration and urban land use efficiency shows that there exists a medium to high level of grey correlation, and the performance is relatively stable, which confirms that there is an interactive relationship. (3) There exists a two- way interactive Granger causality between regional integration and urban land use efficiency in the Yangtze River Delta. Both regional integration and urban land use efficiency have positive self- strengthening effect and inertial growth trend. The nonlinear characteristics of the interaction are obvious, and there is an interaction mechanism of positive or negative fluctuations alternately. The results of impulse response analysis show that regional integration had a sustained negative enhancement effect on the level of land use efficiency, while urban land use efficiency had a small positive response to the first three stages of regional integration, and then the positive enhancement effect gradually weakened and converged to 0 in the later stage. © 2021 Editorial Department of Resource Science. All rights reserved.","interactive response; panel VAR; regional integration; urban land use efficiency; Yangtze River Delta","","Article","Final","All Open Access; Gold Open Access","Scopus","2-s2.0-85126461014"
"Ubilava D.; Holt M.","Ubilava, David (26421832000); Holt, Matt (7103186717)","26421832000; 7103186717","El Niño southern oscillation and its effects on world vegetable oil prices: Assessing asymmetries using smooth transition models","2013","Australian Journal of Agricultural and Resource Economics","57","2","","273","297","37","10.1111/j.1467-8489.2012.00616.x","https://www.scopus.com/pages/publications/84876141560?origin=resultslist","In this research, we examine the effects of El Niño southern oscillation (ENSO) on market dynamics of major vegetable oil prices. We adopt a smooth transition vector error correction modelling framework to analyse the impacts of ENSO events on the vegetable oil prices and, more interestingly, to investigate the asymmetric nature of the ENSO dynamics and price responses to ENSO shocks. The results confirm self-exciting type nonlinearities in the ENSO dynamics, and presence of the so-called transactions cost band in the system of vegetable oil prices. These nonlinearities yield the history-specific asymmetries in the vegetable oil price dynamics, wherein effects of ENSO shocks on the ENSO dynamics and the vegetable oil prices vary considerably between different ENSO regimes. In general, positive deviations, El Niño events, result in the vegetable oil price increase, while negative deviations, La Niña events, result in decrease in the prices. We illustrate these effects using generalised impulse-response functions and the derived asymmetry measures. © 2013 Australian Agricultural and Resource Economics Society Inc. and Wiley Publishing Asia Pty Ltd.","El Niño southern oscillation; Smooth transition vector error correction; Vegetable oil prices","asymmetry; climate effect; commodity price; consumption behavior; El Nino-Southern Oscillation; error correction; La Nina; price dynamics; transaction cost; vegetable oil","Article","Final","All Open Access; Green Open Access","Scopus","2-s2.0-84876141560"
"Fakhrunnas F.; Tumewang Y.K.; Anto M.B.H.","Fakhrunnas, Faaza (57219245766); Tumewang, Yunice Karina (57220184100); Anto, M.B. Hendrie (57189644767)","57219245766; 57220184100; 57189644767","The impact of inflation on Islamic banks' home financing risk: Before and during the COVID-19 outbreak","2021","Banks and Bank Systems","16","2","","78","90","8","10.21511/bbs.16(2).2021.08","https://www.scopus.com/pages/publications/85106974222?origin=resultslist","The COVID-19 outbreak has had a severe impact on nearly all industries, including Islamic banking, which plays a significant role but is exposed to higher risk. This study aims to evaluate the credit risk that Islamic banks in Indonesia have been exposed to related to home financing before and during the COVID-19 outbreak. Panel data are employed covering the period January 2016 to September 2020 on a monthly basis. The data were analyzed using a dynamic panel approach to present a distinct picture of Sharia-compliant property financing before and during the COVID-19 outbreak. In general, the findings show that the macroeconomic variable reflected by regional inflation has had a different influence in the two periods, with Islamic banks having had much more exposure to macroeconomic risk, specifically in home financing, during the epidemic. In addition, the different influences are also shown by the study results, which show that provinces on Java Island face less risk exposure than those outside Java. In terms of impulse response factors and variance decompositions' result, before the outbreak, the response of home financing risk to inflation tended to be more stable. However, during the outbreak, the movement has tended to fluctuate more, especially outside Java Island. The same result for variance decompositions shows a similar trend, with inflation tending to have a larger impact during the outbreak. © Faaza Fakhrunnas, Yunice Karina Tumewang, M. B. Hendrie Anto, 2021","Credit risk; Dynamic panel; Islamic banks; Regional inflation; Sharia-compliant property financing","","Article","Final","All Open Access; Gold Open Access; Green Open Access","Scopus","2-s2.0-85106974222"
"Mengesha L.G.","Mengesha, Lula G. (55771611300)","55771611300","Are there Swift Transitions in the Smooth Transition Regressions of the Exchange Rate Volatility of Dollarized Versus Non-Dollarized Economies¿","2016","Comparative Economic Studies","58","1","","43","59","0","10.1057/ces.2015.28","https://www.scopus.com/pages/publications/84958629559?origin=resultslist","The aim of this paper is to examine the nature of the transitions in the exchange rate volatility of dollarized and non-dollarized economies as a result of global financial stress. Smooth transition regression is applied to the daily data of 16 countries. In the non-linear regime, exchange rate volatility of most non-dollarized economies increases with the increase in global financial stress volatility. On average, there are abrupt transitions in the exchange rate volatility of dollarized economies. Some of the results imply that anchoring a currency to the US dollars requires fast policy reactions, particularly at times of US financial crisis. © 2016 ACES. All rights reserved.","exchange rate volatility; financial crisis and impulse responses; trade","","Article","Final","","Scopus","2-s2.0-84958629559"
"Sen A.; Sensarma R.; Saggar M.K.","Sen, Aariya (58666120000); Sensarma, Rudra (25634738300); Saggar, Mridul Kumar (7801555486)","58666120000; 25634738300; 7801555486","Navigating through the unknown: The uncertainty channel in monetary policy transmission","2026","International Review of Economics and Finance","106","","104943","","","0","10.1016/j.iref.2026.104943","https://www.scopus.com/pages/publications/105028292697?origin=resultslist","The perception of uncertainty surrounding the monetary policy stance of the central bank may disrupt the traditional policy transmission mechanism. This study constructs a news-based monetary policy uncertainty index (MPU) for India and evaluates the role of MPU in monetary policy transmission to financial markets. Results from Interacted and State-Dependent Local Projection models suggest that MPU impedes the policy transmission mechanism. Under monetary tightening, MPU amplifies long term bond yields, reduces 3-month T-bill yields, moderates the recovery of stock prices after exacerbating the initial fall, and causes a longer period of currency depreciation. These findings suggest that MPU has asymmetric effects on the monetary transmission process and a low uncertainty state is conducive for effective transmission of monetary policy to financial markets. The results are shown to be robust to an alternative measure of MPU. The study provides useful insights for monetary authorities on the need for effective communication and forward guidance in managing expectations. © 2026 The Authors.","Financial markets; Interacted local projection; Monetary policy transmission; Monetary policy uncertainty; Textual analysis","","Article","Final","All Open Access; Gold Open Access; Green Open Access","Scopus","2-s2.0-105028292697"
"Abril-Salcedo D.S.; Melo-Velandia L.F.; Parra-Amado D.","Abril-Salcedo, Davinson Stev (57189660754); Melo-Velandia, Luis Fernando (13612565800); Parra-Amado, Daniel (56449265900)","57189660754; 13612565800; 56449265900","Nonlinear relationship between the weather phenomenon El niño and Colombian food prices","2020","Australian Journal of Agricultural and Resource Economics","64","4","","1059","1086","22","10.1111/1467-8489.12394","https://www.scopus.com/pages/publications/85089460306?origin=resultslist","Extreme weather events, like a strong El Niño (ENSO), affect society in many different ways especially in the context of recent globe warming. In the Colombian case, ENSO had a significant impact on consumer food prices during the strongest event in 2015. Our research evaluates the relationship between ENSO and Colombian food inflation growth by using a smooth transition nonlinear model. We estimate the impacts of a strong ENSO on food inflation growth by adopting generalised impulse response functions (GIRFs). The results suggest that the weather shocks are transitory and asymmetric on inflation. A strong El Niño shock has a significant effect on the food inflation growth from five to nine months after the shock, and the accumulated elasticity is close to 730 basic points. We build the GIRFs for eight different episodes associated with a strong El Niño in the period corresponding from March 1962 to December 2018, and there is no evidence of changes in the size of Colombian food inflation growth responses over time. Finally, the negative shock, associated with a strong La Niña, shows an ambiguous effect on food prices. © 2020 Australasian Agricultural and Resource Economics Society Inc.","El Niño Southern Oscillation (ENSO); inflation; nonlinear smooth transition models","Colombia; El Nino; El Nino-Southern Oscillation; food market; inflation; nonlinearity; numerical model; price dynamics; weather","Article","Final","All Open Access; Green Open Access","Scopus","2-s2.0-85089460306"
"Lee W.S.; Ma E.","Lee, Woo Suk (57193664264); Ma, Eunseong (57205196642)","57193664264; 57205196642","Housing market connectedness and transmission of monetary policy","2025","Economic Inquiry","63","3","","961","984","1","10.1111/ecin.13292","https://www.scopus.com/pages/publications/105002716307?origin=resultslist","This paper investigates whether interconnectivity among local housing markets influences the effectiveness of the (United States) U.S. monetary transmission mechanism. We construct measures of housing market connectedness and employ a state-dependent local projection method to estimate nonlinear impulse responses of macroeconomic variables to monetary policy (MP) shocks. The findings show that MP has a greater impact when regional housing markets are more synchronized. Higher interconnectivity amplifies spillover effects across local markets, enhancing MP effectiveness. Additionally, we find that MP is particularly effective when highly connected states experience economic expansion. © 2025 The Author(s). Economic Inquiry published by Wiley Periodicals LLC on behalf of Western Economic Association International.","housing market connectedness; monetary policy; state-dependent model","","Article","Final","All Open Access; Hybrid Gold Open Access","Scopus","2-s2.0-105002716307"
"Kim W.","Kim, Wongi (59600703600)","59600703600","Do government spending multipliers depend on the level of government debt? US historical data evidence","2015","Applied Economics Letters","22","8","","668","672","3","10.1080/13504851.2014.967376","https://www.scopus.com/pages/publications/84925136553?origin=resultslist","This article examines state-dependent effects of government debt on government spending multipliers. For the estimation, a new quarterly US historical debt series is constructed. The empirical findings reveal that effects of government spending on the economy as well as the estimated multipliers significantly differ by the level of debt. © 2014, Taylor & Francis.","government debt; government spending multiplier; local projection; state dependency","United States; debt crisis; financial system; historical perspective; public spending","Article","Final","","Scopus","2-s2.0-84925136553"
"Siami-Namini S.; Lyford C.; Trindade A.A.","Siami-Namini, Sima (57201302278); Lyford, Conrad (6508249946); Trindade, A. Alexandre (8559896300)","57201302278; 6508249946; 8559896300","The Effects of Monetary Policy Shocks on Income Inequality Across U.S. States","2020","Economic Papers","39","3","","204","221","5","10.1111/1759-3441.12279","https://www.scopus.com/pages/publications/85082021331?origin=resultslist","Using a time series cross-state panel data of 50 U.S. states and the District of Columbia (DC) over the period of 1959 through 2015, this article intends to assess the direct and indirect effects of contractionary monetary policy shocks on income inequality through interest rate and consumer price index (CPI) inflation channels. To address this, the authors examine two possible linear and non-linear relationships between inflation and income inequality and between gross domestic product (GDP) and income inequality. Using various measures of income inequality, the results of the pooled model and the individual fixed effect model show that CPI inflation positively and interest rate negatively affect all measures of income inequality in linear regression. The results confirm the existence of the non-linearity relationship between inflation and income inequality as well as the Kuznets inverted “U-shaped” hypothesis between GDP and income inequality. The results of linear and non-linear regressions show that the DC and the state of Ohio are better off and worse off than the state of Alabama as baseline of models, respectively. The impulse response functions (IRFs) for the individual panel vector autoregressive (PVAR) models show that income inequality could be reduced by implementing contractionary monetary policy through interest rate channel in the short run and increased persistently pursuing contractionary monetary policies via inflation channel in the long run. © 2020 The Economic Society of Australia","income inequality; monetary policy; panel VAR model","","Article","Final","","Scopus","2-s2.0-85082021331"
"Wang S.; Zeng Y.; Yao J.; Zhang H.","Wang, Sen (57208547254); Zeng, Yanni (57216125419); Yao, Jiaying (57210323387); Zhang, Hao (57109804600)","57208547254; 57216125419; 57210323387; 57109804600","Economic policy uncertainty, monetary policy, and housing price in China","2020","Journal of Applied Economics","23","1","","235","252","42","10.1080/15140326.2020.1740874","https://www.scopus.com/pages/publications/85082623835?origin=resultslist","This paper analyzes the impact of macroeconomic variables on house price volatility under different regimes of policy uncertainty, incorporating the Economic Policy Uncertainty Index and several Chinese macroeconomic data sets for the period from 1999 to 2014. We adopt a logistic smooth transition vector autoregressive model and a generalized impulse response function. The results show that macroeconomic progress leads to house price growth, which is augmented by policy uncertainty. In addition, the effect of macroeconomic shocks on house price volatility varies under different regimes of policy uncertainty. We find that shocks are asymmetric under regimes of high and low policy uncertainty. Under a high policy uncertainty regime, expansionary quantitative monetary policy can facilitate house price growth, whereas a contractionary monetary policy gives rise to an enduring “Home Price Puzzle,” which makes it difficult to regulate house prices. © 2020, © 2020 The Author(s). Published by Informa UK Limited, trading as Taylor & Francis Group.","Chinese market; Economic policy uncertainty; house price volatility; LSTVAR model","","Article","Final","All Open Access; Gold Open Access; Green Open Access","Scopus","2-s2.0-85082623835"
"Kwon G.; McFarlane L.; Robinson W.","Kwon, Goohoon (25925986600); McFarlane, Lavern (29767662800); Robinson, Wayne (7402826510)","25925986600; 29767662800; 7402826510","Public debt, money supply, and inflation: A cross-country study","2009","IMF Staff Papers","56","3","","476","515","35","10.1057/imfsp.2008.26","https://www.scopus.com/pages/publications/67949123401?origin=resultslist","This paper provides comprehensive empirical evidence that supports the predictions of Sargent and Wallace's ""unpleasant monetarist arithmetic"" that an increase in public debt is typically inflationary in countries with large public debt. Drawing on an extensive panel data set, we find that the relationship holds strongly in indebted developing countries, weakly in other developing countries, and generally does not hold in developed economies. These results are robust to the inclusion of other variables, corrections for endogeneity biases, relaxation of common-slope restrictions, and are invariant over subsample periods. We estimate a vector autoregression to trace out the transmission channel and find the impulse responses consistent with the predictions of a forward-looking model of inflation. Wealth effects of public debt could also affect inflation, as posited by the fiscal theory of the price level, but we do not find supportive evidence. The results suggest that the risk of a debt-inflation trap is significant in highly indebted countries and pure money-based stabilization is unlikely to be effective over the medium term. Our findings stress the importance of institutional and structural factors in the link between fiscal policy and inflation. © 2009 International Monetary Fund.","","","Article","Final","","Scopus","2-s2.0-67949123401"
"Zyphur M.J.; Allison P.D.; Tay L.; Voelkle M.C.; Preacher K.J.; Zhang Z.; Hamaker E.L.; Shamsollahi A.; Pierides D.C.; Koval P.; Diener E.","Zyphur, Michael J. (8609618300); Allison, Paul D. (7005315352); Tay, Louis (34870886500); Voelkle, Manuel C. (16032099100); Preacher, Kristopher J. (6602519801); Zhang, Zhen (35096837500); Hamaker, Ellen L. (6506417598); Shamsollahi, Ali (56276586000); Pierides, Dean C. (43461758600); Koval, Peter (36787855400); Diener, Ed (7102956820)","8609618300; 7005315352; 34870886500; 16032099100; 6602519801; 35096837500; 6506417598; 56276586000; 43461758600; 36787855400; 7102956820","From Data to Causes I: Building A General Cross-Lagged Panel Model (GCLM)","2020","Organizational Research Methods","23","4","","651","687","325","10.1177/1094428119847278","https://www.scopus.com/pages/publications/85068726560?origin=resultslist","This is the first paper in a series of two that synthesizes, compares, and extends methods for causal inference with longitudinal panel data in a structural equation modeling (SEM) framework. Starting with a cross-lagged approach, this paper builds a general cross-lagged panel model (GCLM) with parameters to account for stable factors while increasing the range of dynamic processes that can be modeled. We illustrate the GCLM by examining the relationship between national income and subjective well-being (SWB), showing how to examine hypotheses about short-run (via Granger-Sims tests) versus long-run effects (via impulse responses). When controlling for stable factors, we find no short-run or long-run effects among these variables, showing national SWB to be relatively stable, whereas income is less so. Our second paper addresses the differences between the GCLM and other methods. Online Supplementary Materials offer an Excel file automating GCLM input for Mplus (with an example also for Lavaan in R) and analyses using additional data sets and all program input/output. We also offer an introductory GCLM presentation at https://youtu.be/tHnnaRNPbXs. We conclude with a discussion of issues surrounding causal inference. © The Author(s) 2019.","ARMA; autoregression; causal inference; cross-lagged panel model; Granger causality; moving average; panel data model; panel VAR; structural equation model; VARMA; vector autoregressive VAR model","","Article","Final","All Open Access; Bronze Open Access; Green Open Access","Scopus","2-s2.0-85068726560"
"Bernardini M.; Peersman G.","Bernardini, Marco (57201692096); Peersman, Gert (6603880096)","57201692096; 6603880096","Private debt overhang and the government spending multiplier: Evidence for the United States","2018","Journal of Applied Econometrics","33","4","","485","508","54","10.1002/jae.2618","https://www.scopus.com/pages/publications/85045770833?origin=resultslist","Using state-dependent local projections and historical US data, we find that government spending multipliers are considerably larger in periods of private debt overhang. In particular, while multipliers are below or close to one in low private debt states, we find significant crowding-in of private spending in periods of debt overhang, resulting in multipliers that are much larger than one. In high private debt episodes, more government purchases even reduce the ratio of government debt to gross domestic product. These results are robust for the type of shocks, and when we control for the business cycle, financial crises, deleveraging episodes, government debt overhang, and the zero-lower-bound. Copyright © 2018 John Wiley & Sons, Ltd.","","","Article","Final","","Scopus","2-s2.0-85045770833"
"Sheng X.; Gupta R.; Liao W.; Cepni O.","Sheng, Xin (57194850772); Gupta, Rangan (18037301200); Liao, Wenting (57225905277); Cepni, Oguzhan (57194427831)","57194850772; 18037301200; 57225905277; 57194427831","The Effects of Uncertainty on Economic Conditions Across US States: The Role of Climate Risks","2026","Scottish Journal of Political Economy","73","1","e70035","","","0","10.1111/sjpe.70035","https://www.scopus.com/pages/publications/105019775968?origin=resultslist","We analyze the impact of uncertainty on the Economic Conditions Index (ECI) of the 50 US states in a panel data set-up, over the weekly period of the 3rd week of April 1987 to the 4th week of March 2023. Using impulse response functions (IRFs) from a linear local projections (LP) model, we show that uncertainty, as captured by the stochastic volatility (SV) of the ECIs, negatively impacts ECI in a statistically significant manner. More importantly, using a nonlinear LP model, the IRFs reveal that the adverse effect of uncertainty is significantly stronger under the high-regime of climate risks when compared to the low-regime of the same. Understandably, our results have important policy implications. JEL Classification: C23, D80, E32, Q54. © 2025 The Author(s). Scottish Journal of Political Economy published by John Wiley & Sons Ltd on behalf of Scottish Economic Society.","climate risks; economic conditions; extreme weather risks; linear and nonlinear local projections models; uncertainty; US states","United States; climate conditions; climate effect; economic conditions; extreme event","Article","Final","All Open Access; Green Open Access; Hybrid Gold Open Access","Scopus","2-s2.0-105019775968"
"Kismawadi E.R.","Kismawadi, Early Ridho (57200986734)","57200986734","Contribution of Islamic banks and macroeconomic variables to economic growth in developing countries: vector error correction model approach (VECM)","2024","Journal of Islamic Accounting and Business Research","15","2","","306","326","26","10.1108/JIABR-03-2022-0090","https://www.scopus.com/pages/publications/85146624892?origin=resultslist","Purpose: The purpose of this study is to examine the effect of Islamic banks (IBs) and macroeconomic variables on economic growth in Saudi Arabia, the United Arab Emirates, Kuwait, Malaysia, Qatar, Bahrain and Bangladesh. Design/methodology/approach: Based on these criteria, 672 observations from 24 IBs in Saudi Arabia, the United Arab Emirates, Kuwait, Malaysia, Qatar, Bahrain and Bangladesh were chosen for further investigation. Time series analysis is a well-known method for determining if model variables are stationary and how long-term relationships function through cointegration analysis. This study uses impulse response function (IRF) and variance decomposition (VD) methodologies to demonstrate how each macroeconomic variable shock influences the short-term dynamic path of all system variables. Findings: Islamic banking promotes economic growth, especially in Saudi Arabia, the UAE, Kuwait, Malaysia, Qatar, Bahrain and Bangladesh. The findings of the Islamic banking VDC test have a direct and long-term effect on economic growth. Research limitations/implications: The literature on this topic can be improved in a number of ways, including by adopting a more robust method to analyze over a longer time frame. By researching specific financing in various areas of the economy, one can gain a deeper understanding of Islamic financing. This will enable the identification of sectors that contribute to economic expansion. Future research should examine combining nations with pure Islam and dual-banking systems to acquire sufficient data. Practical implications: This paper has practice and research implications. It recommends adopting the nation’s successful experiment with the Islamic banking system as a model for attaining economic growth through Islamic financing. To replicate this successful experiment, government-based decision-makers and monetary policy experts must collaborate to make Islamic money flows simple and rapid through financial channels that enhance economic growth. Originality/value: The study of the contribution of Islamic banking to economic growth in developing nations, particularly those with the highest total assets (TAs) and total deposits (TDs) in the world, remains of modest value. To the best of the authors’ knowledge, this is the first study to empirically assess the impact of IBs in developing nations, particularly those with the highest TAs and TDs in the world, on economic growth as measured by gross domestic product (GDP). © 2022, Emerald Publishing Limited.","Economic growth; Islamic banking; Panel data; SDGs; VECM","","Article","Final","","Scopus","2-s2.0-85146624892"
"Fang Y.; Tang Q.; Wang Y.","Fang, Yi (57206196278); Tang, Qirui (59168634000); Wang, Yanru (57695621900)","57206196278; 59168634000; 57695621900","Geopolitical Risk and Cryptocurrency Market Volatility","2024","Emerging Markets Finance and Trade","60","14","","3254","3270","15","10.1080/1540496X.2024.2343948","https://www.scopus.com/pages/publications/85195683527?origin=resultslist","This paper uses a state-dependent local projection model to empirically test the dynamic risk performance of cryptocurrency assets under geopolitical risk events, and to examine whether they have safe-haven properties in the face of major global external shocks. We demonstrate that the volatility of the cryptocurrency market exhibits a non-linear relationship with geopolitical risk. They are uncorrelated in normal times, but the risk of cryptocurrency market rises significantly under extreme geopolitical risk events. The cumulative impulse response pattern of volatility in the cryptocurrency market is similar to that of volatility in speculative assets such as stocks and bonds, but negatively correlated with that of volatility in safe-haven assets such as gold and the U.S. dollar. Our findings suggest that the volatility of cryptocurrencies should not be underestimated when investors consider hedging strategies under external shocks. © 2024 Taylor & Francis Group, LLC.","cryptocurrency market; Geopolitical risk; state-dependent local projections","","Article","Final","","Scopus","2-s2.0-85195683527"
"Xu Y.; Qi Y.; Tan H.","Xu, Yuan (7406451827); Qi, Yudong (57221393870); Tan, Haoyan (60224414500)","7406451827; 57221393870; 60224414500","Real estate expansion and the effectiveness of monetary policy: Evidence from ChinaI","2026","Finance Research Letters","88","","109157","","","0","10.1016/j.frl.2025.109157","https://www.scopus.com/pages/publications/105023897645?origin=resultslist","This paper examines how the real estate sector shapes the effectiveness of monetary policy in stimulating the real economy, employing a state-dependent local projection method on panel data from 31 Chinese provinces between 2000 and 2019. The findings reveal that excessive expansion of the real estate sector significantly weakens the stimulative effects of monetary easing, and this result is robust across alternative specifications. Mechanism analysis points to two channels: a liquidity competition effect, whereby real estate crowds out credit available to the real economy, and a financial friction effect, whereby shadow banking expansion substitutes for traditional credit channels. Moreover, the offsetting impact of real estate is found to be more pronounced in the less developed central and western provinces, underscoring the heterogeneity of monetary transmission across regions. © 2025 Elsevier Inc. All rights are reserved,","Liquidity competition; Local projection method; Monetary policy transmission; Real economy; Real estate expansion","","Article","Final","","Scopus","2-s2.0-105023897645"
"Renzi A.; Taragoni P.; Vagnani G.","Renzi, Antonio (57189327329); Taragoni, Pietro (59316810300); Vagnani, Gianluca (6504137442)","57189327329; 59316810300; 6504137442","Dynamic corporate payout smoothing: A structural vector autoregressive model","2025","International Review of Financial Analysis","107","","104570","","","0","10.1016/j.irfa.2025.104570","https://www.scopus.com/pages/publications/105014951223?origin=resultslist","We utilize a structural vector autoregressive (SVAR) model and a variance decomposition methodology to augment the existing cross-sectional studies on corporate payout smoothing. Initially, we incorporate the net income shocks within a multi-equation framework using panel data, thus capturing the dynamic interplay between volatility in net income and various smoothing mechanisms, specifically debt and investments. Subsequently, under dynamic models and diverse structural shocks, we employ impulse response functions to elucidate the interdependencies of smoothing channels over time. Our model is implemented on a sample of organizations operating within U.S. financial markets. We compare our findings with predictions from cross-sectional corporate payout smoothing, offering robust empirical evidence of the dynamic interaction between debt and investments as smoothing channels within the context of the net income–payout variance relationship. © 2025 The Authors","Debt and investment smoothing channels; Panel data; Payout smoothing; Structural vector autoregressive model","","Article","Final","All Open Access; Hybrid Gold Open Access","Scopus","2-s2.0-105014951223"
"Konstantinou P.T.; Partheniou A.; Tagkalakis A.","Konstantinou, Panagiotis Th. (19337325400); Partheniou, Andromachi (57212393633); Tagkalakis, Athanasios (14523671500)","19337325400; 57212393633; 14523671500","A Functional Classification Analysis of Government Spending Multipliers","2024","Open Economies Review","","","","","","1","10.1007/s11079-024-09789-y","https://www.scopus.com/pages/publications/105002091648?origin=resultslist","Using a panel of 33 OECD countries we estimate government spending multipliers for 11 different categories (functions) of spending: General Public Services, Defense, Public Order and Safety, Transport & Communication, Economic Services, Environment Protection, Housing and Community Amenities, Health, Education, Recreation, Culture and Religion, and Social Protection. We also account for variations in the state of the business cycle (recession vs expansion). Our results suggest that Public Services, Defense, Public Order, Transport & Communication, Health, Recreation and Education produce positive and high multipliers, whereas multipliers for Economic Services are negative, and multipliers for Environmental Protection, Housing and Social Protection are insignificant. In addition, multipliers for Public Services, Defense, Public Order, Transport & Communication, Health, Recreation and Education are higher in recession than in expansion. © The Author(s), under exclusive licence to Springer Science+Business Media, LLC, part of Springer Nature 2024.","C33; E32; E62; Functional classification; Government spending multipliers; Local projections; Smooth-transition models; State-dependent multipliers","","Article","Article in press","","Scopus","2-s2.0-105002091648"
"Mei Z.; Sheng L.; Shi Z.","Mei, Ziwei (57699883600); Sheng, Liugang (56912848200); Shi, Zhentao (57022150100)","57699883600; 56912848200; 57022150100","Nickell bias in panel local projection: Financial crises are worse than you think","2026","Journal of International Economics","160","","104210","","","2","10.1016/j.jinteco.2025.104210","https://www.scopus.com/pages/publications/105026907587?origin=resultslist","Panel local projection (LP) with fixed-effects (FE) is widely adopted for evaluating the economic consequences of financial crises across countries. This paper highlights a fundamental methodological issue: the presence of the Nickell bias in the panel FE estimator due to inherent dynamic structures of predictive specifications, even if the regressors have no lagged dependent variables. The Nickell bias invalidates the standard inferential procedure based on the t-statistic. We propose a split-panel jackknife (SPJ) estimator as a simple, easy-to-implement, and yet effective solution to eliminate the bias and restore valid statistical inference. We revisit four influential empirical studies on the impact of financial crises, and find that the FE method underestimates the economic losses of financial crises relative to the SPJ estimates. Replication files are available at https://metricshilab.github.io/panel-lp-replication/ , with links to R and Stata packages. © 2026 Elsevier B.V.","Impulse response; Local projection; Macro-finance; Nickell bias; Split-panel jackknife","economic analysis; estimation method; financial crisis; financial market; nickel; panel data","Article","Final","","Scopus","2-s2.0-105026907587"
"Romero-Ávila D.","Romero-Ávila, Diego (16032093400)","16032093400","Unit roots and persistence in the nominal interest rate: A confirmatory analysis applied to the OECD","2007","Canadian Journal of Economics","40","3","","980","1007","8","10.1111/j.1365-2966.2007.00439.x","https://www.scopus.com/pages/publications/34547162938?origin=resultslist","This paper investigates the stochastic properties of long-term and short-term nominal interest rates for the OECD over the post-war era. For that purpose, we employ univariate unit root tests as well as panel unit root and stationarity tests that explicitly allow for cross-sectional dependence. Overall, we find overwhelming evidence that the nominal interest rate contains a unit root, which may be driven by a stochastic common factor. The computation of half-lives through impulse-response functions also points to a high degree of persistence. This has important implications for the cointegration analysis of the Fisher equation, the uncovered interest parity, and the term structure. © 2007 The Canadian Economics Association.","","cointegration analysis; interest rate; OECD; panel data; stochasticity","Article","Final","","Scopus","2-s2.0-34547162938"
"Ubilava D.","Ubilava, David (26421832000)","26421832000","El Niño Southern Oscillation and the fishmeal-soya bean meal price ratio: Regime-dependent dynamics revisited","2014","European Review of Agricultural Economics","41","4","","583","604","23","10.1093/erae/jbt033","https://www.scopus.com/pages/publications/84905590612?origin=resultslist","The El Niño Southern Oscillation (ENSO) impacts commodity production and prices around the world. This study revisits fishmeal-soya bean meal price ratio dynamics and examines it in relation to the ENSO anomalies. A smooth transition autoregressive modelling framework is applied to assess nonlinearities in the ENSO-price ratio relationship, and generalised impulse-response functions and derived asymmetry functions are utilised to illustrate characteristic features of the estimated model dynamics. The results suggest economically meaningful impacts of ENSO on the price ratio dynamics, and indicate statistical significance of these effects for up to one year after the ENSO shocks. © 2013 Oxford University Press and Foundation for the European Review of Agricultural Economics .","El Niño Southern Oscillation; fishmeal prices; smooth transition autoregression; soya bean meal prices","","Article","Final","","Scopus","2-s2.0-84905590612"
"Jain R.; Dubey A.","Jain, Richa (57209463791); Dubey, Amlendu (37053562200)","57209463791; 37053562200","Do capital controls absorb global financial shocks? Evidence from emerging market economies","2025","International Review of Applied Economics","39","1","","21","46","2","10.1080/02692171.2024.2382106","https://www.scopus.com/pages/publications/105001805898?origin=resultslist","This paper examines the role of capital controls as an effective policy instrument to insulate Emerging Market Economies (EMEs) from global financial shocks. Using state-dependent Local Projection method on a sample of emerging market economies, we find that economies with strict inflow controls are able to moderate the effects of global financial shock on GDP, real housing prices and private credit. We also find that monetary policy responds countercyclically to global financial shock in strict capital inflow controls state, which provides support for the use of inflow controls as a macroeconomic stabilising policy tool. Further, the results suggest that individual asset category inflow controls significantly contribute to overall effectiveness of capital inflow controls to act as shock absorbers. The findings suggests that the policy makers in EMEs may consider capital controls as an effective policy tool to increase the resilience of their economies against global financial shocks. © 2024 Informa UK Limited, trading as Taylor & Francis Group.","Capital controls; emerging markets economies; global financial shocks; shock absorbers","capital flow; credit provision; developing world; housing market; macroeconomics; monetary policy","Article","Final","All Open Access; Bronze Open Access","Scopus","2-s2.0-105001805898"
"Benatti N.; Groiss M.; Kelly P.; Lopez-Garcia P.","Benatti, Nicola (58245451300); Groiss, Martin (58245204100); Kelly, Petra (58246386500); Lopez-Garcia, Paloma (7003921641)","58245451300; 58245204100; 58246386500; 7003921641","The impact of environmental regulation on clean innovation: Are there crowding out effects?","2026","Energy Economics","161","","109539","","","0","10.1016/j.eneco.2026.109539","https://www.scopus.com/pages/publications/105046610853?origin=resultslist","We examine how environmental regulation influences innovation, and which policy instruments most effectively stimulate technological development across 15 countries and 3 million firms. Employing panel local projections, we go beyond immediate impact and estimate effects of regulatory changes on patenting over a five-year horizon. To address gaps in emissions reporting, we estimate firm-level greenhouse gas emissions by a machine learning approach, which serve as a proxy for regulatory exposure. At the country level, stricter emission regulation shows little impact on overall environmental technology innovation. At the firm level, however, tighter policies spur innovation in climate change–mitigating technologies, without evidence of crowding out other forms of innovation. These effects are strongest for clean energy technologies, particularly among high polluters in energy-intensive sectors. Policy design plays a critical role: increases in the stringency of technology support and non-market-based instruments significantly boost clean technology patenting, whereas we find no robust effect of market-based instruments. This also holds specifically for clean energy technology patenting. © 2026 The Authors. Published by Elsevier B.V. This is an open access article under the CC BY license. http://creativecommons.org/licenses/by/4.0/","Emissions; Environmental regulation; Euro area; Innovation; Porter hypothesis","Climate change; Commerce; Environmental impact; Environmental technology; Greenhouse gases; Patents and inventions; Clean energy technology; Crowding out; Emission; Euro area; Innovation; Local projections; Market-based instruments; Policy instruments; Porter hypothesis; Technological development; energy policy; environmental assessment; firm size; innovation; machine learning; panel data; regulatory framework; Environmental regulations","Article","Final","All Open Access; Green Open Access; Hybrid Gold Open Access","Scopus","2-s2.0-105046610853"
"Cevik S.; Jalles J.T.","Cevik, Serhan (56085736700); Jalles, João Tovar (34869694600)","56085736700; 34869694600","Restructuring reforms for green growth","2024","Scottish Journal of Political Economy","71","4","","515","541","5","10.1111/sjpe.12377","https://www.scopus.com/pages/publications/85192355138?origin=resultslist","Policymakers across the world are striving to tackle the century-defining challenge of climate change without undermining potential growth. This paper examines the impact of structural reforms in the energy sector (electricity and gas) on environmental outcomes and green growth indicators in a panel of 25 advanced economies during the period 1970–2020. We obtain striking results. First, while structural reforms so far failed in reducing greenhouse gas emissions per capita, there is some evidence for greater effectiveness in lowering emissions per unit of GDP. Second, although energy reforms are not associated with higher supply of renewable energy as a share of total energy supply, they appear to stimulate a sustained increase in environmental inventions and patents per capita over the medium term. We also find strong evidence of nonlinear effects, with market-friendly energy reforms leading to better environmental outcomes and green growth in countries with stronger environmental regulations. Looking forward, therefore, structural reforms should be designed not just for market efficiency but also for green growth. © 2024 International Monetary Fund. The International Monetary Fund retains copyright and all other rights in the manuscript of this article as submitted for publication.","environment; environmental policy; green growth; local projection; panel data; structural reforms","climate change; economic growth; energy market; environmental policy; green economy; panel data; policy making; policy reform; structural adjustment","Article","Final","All Open Access; Bronze Open Access","Scopus","2-s2.0-85192355138"
"Wang Y.; Pan W.; Dong W.; Lin K.-J.","Wang, Ying (58153843500); Pan, Wenjie (57219312652); Dong, Wanhao (57221123353); Lin, Kao-Jen (57752974300)","58153843500; 57219312652; 57221123353; 57752974300","CAN A NEW INFRASTRUCTURE PLAN REALLY PROMOTE THE DUAL CIRCULATION STRATEGY IN CHINA?","2024","Singapore Economic Review","69","1","","61","79","2","10.1142/S0217590823500042","https://www.scopus.com/pages/publications/85150702766?origin=resultslist","This study aims to provide an answer to the question: ""Can a new infrastructure plan promote the Dual Circulation Strategy in China?"" Using provincial-level panel data for 31 provinces from 2005 to 2020, this study estimates a five-variant panel vector autoregressive model for the national level, eastern region, central region and western region, respectively, and conducts panel Granger-causality tests and impulse response analysis. The primary finding of this study is that there is a bi-directional Granger-causal relationship between the growth rate of new infrastructure investment and each of two variables representing internal circulation and each of two variables representing external circulation at the national level. According to the impulse response analysis, all variables representing either internal or external circulation have a positive impulse response to an increase in the growth rate of new infrastructure investment, except for trade openness. This study thus confirms that the new infrastructure investment can promote the Dual Circulation Strategy that has been a new guide for China as it moves toward a high-quality economic development stage. © 2024 World Scientific. All rights reserved.","China; dual circulation strategy; new infrastructure; panel Granger-causality; panel vector autoregressive model","China; Granger causality test; infrastructural development; investment; panel data; strategic approach","Article","Final","","Scopus","2-s2.0-85150702766"
"Salov A.","Salov, Anton (58622069600)","58622069600","Spatial and temporal diffusion of property prices and sales across British regions","2024","International Journal of Housing Markets and Analysis","17","6","","1392","1421","3","10.1108/IJHMA-09-2023-0118","https://www.scopus.com/pages/publications/85190401331?origin=resultslist","Purpose: The purpose of this study is to reveal the dynamics of house prices and sales in spatial and temporal dimensions across British regions. Design/methodology/approach: This paper incorporates two empirical approaches to describe the behaviour of property prices across British regions. The models are applied to two different data sets. The first empirical approach is to apply the price diffusion model proposed by Holly et al. (2011) to the UK house price index data set. The second empirical approach is to apply a bivariate global vector autoregression model without a time trend to house prices and transaction volumes retrieved from the nationwide building society. Findings: Identifying shocks to London house prices in the GVAR model, based on the generalized impulse response functions framework, I find some heterogeneity in responses to house price changes; for example, South East England responds stronger than the remaining provincial regions. The main pattern detected in responses and characteristic for each region is the fairly rapid fading of the shock. The spatial-temporal diffusion model demonstrates the presence of a ripple effect: a shock emanating from London is dispersed contemporaneously and spatially to other regions, affecting prices in nondominant regions with a delay. Originality/value: The main contribution of this work is the betterment in understanding how house price changes move across regions and time within a UK context. © 2024, Emerald Publishing Limited.","Global VAR; House prices; Housing markets; Panel data; Ripple effect; Spatial dependence","","Article","Final","","Scopus","2-s2.0-85190401331"
"Sheng X.; Gupta R.; Ji Q.","Sheng, Xin (57194850772); Gupta, Rangan (18037301200); Ji, Qiang (56797485800)","57194850772; 18037301200; 56797485800","The impacts of structural oil shocks on macroeconomic uncertainty: Evidence from a large panel of 45 countries","2020","Energy Economics","91","","104940","","","52","10.1016/j.eneco.2020.104940","https://www.scopus.com/pages/publications/85090408822?origin=resultslist","Using local projection methods, this paper employs monthly panel data from 1989 to 2017 to examine both linear and nonlinear impulse responses of macroeconomic uncertainty to structural shocks to global oil production, aggregate demand, oil-market-specific demand and speculative demand in a large group of 45 economies. We find that both oil supply and demand shocks are important drivers of uncertainty. There is strong evidence that the impacts of oil price shocks on macroeconomic uncertainty are regime-dependent and contingent on the states of investor sentiments and perceived volatility in financial markets. The responses of economic uncertainty to oil shocks, especially demand-side shocks, appear to experience a dramatic change in the post-Global Financial Crisis period. © 2020 Elsevier B.V.","JEL Codes: C22, Q02; Local projections; Oil shocks; Regime-dependent impulse responses; Uncertainty","Commerce; Crude oil price; Investments; Aggregate demands; Economic uncertainty; Global financial crisis; Global oil production; Investor sentiments; Large groups; Local projections; Oil price shocks; demand analysis; energy market; financial crisis; macroeconomics; numerical model; oil production; panel data; uncertainty analysis; Petroleum industry","Article","Final","All Open Access; Green Open Access","Scopus","2-s2.0-85090408822"
"Lim B.H.; Tang T.C.","Lim, Bi Hui (59169424900); Tang, Tuck Cheong (7401988672)","59169424900; 7401988672","NIGHTTIME LIGHTS OR HAPPINESS: WHICH ONE WOULD A SOCIETY CHOOSE?","2024","International Journal of Business and Society","25","1","","1","26","0","10.33736/ijbs.6866.2024","https://www.scopus.com/pages/publications/85195803965?origin=resultslist","This study discovers evidence of a bidirectional causation between nighttime lights and happiness using the panel Granger non-causality tests of a short (balanced) panel data of 132 countries, within the period from 2008 to 2012. There are different findings throughout the six geographical regions. A bidirectional causation is observed for Latin America and the Caribbean, while a unidirectional causality is from happiness to nighttime lights for East Asia and Pacific, Europe and Central Asia, and the Middle East and North Africa. In Sub-Saharan Africa is found, the situation is from nighttime lights to happiness. These findings are complemented by the impulse response function, various decomposition analysis, and their estimates of panel random (or fixed) effect models. This study offers an insight that nighttime lights are required for a happy society. © 2024, Universiti Malaysia Sarawak. All rights reserved.","Causality; happiness; nighttime lights; panel data","","Article","Final","All Open Access; Gold Open Access","Scopus","2-s2.0-85195803965"
"Gonçalves S.; Herrera A.M.; Kilian L.; Pesavento E.","Gonçalves, Sílvia (7006560233); Herrera, Ana María (36762783500); Kilian, Lutz (7004023654); Pesavento, Elena (56180915700)","7006560233; 36762783500; 7004023654; 56180915700","State-dependent local projections","2024","Journal of Econometrics","244","2","105702","","","48","10.1016/j.jeconom.2024.105702","https://www.scopus.com/pages/publications/85186075364?origin=resultslist","Do state-dependent local projections asymptotically recover the population responses of macroeconomic aggregates to structural shocks? The answer to this question depends on how the state of the economy is determined and on the magnitude of the shocks. When the state is exogenous, the local projection estimator recovers the population response regardless of the shock size. When the state depends on macroeconomic shocks, as is common in empirical work, local projections only recover the conditional response to an infinitesimal shock, but not the responses to larger shocks of interest in many applications. Simulations suggest that impulse responses may be off by as much as 82 percent and fiscal multipliers by as much as 40 percent. © 2024","Business cycle; Identification; Impulse response; Local projection; Multiplier; Nonlinear structural model; Potential outcomes model; State-dependence; Threshold","Business cycles; Identification; Local projections; Multiplier; Nonlinear structural model; Potential outcome model; Potential outcomes; State dependence; Structural modeling; Threshold; Impulse response","Article","Final","All Open Access; Hybrid Gold Open Access","Scopus","2-s2.0-85186075364"
"Mustafa A.; Ahmed N.; Ahmed M.; Bashir M.A.","Mustafa, Amir (60526389700); Ahmed, Naeem (58065356800); Ahmed, Munib (59553226300); Bashir, Muhammad Adnan (57216415923)","60526389700; 58065356800; 59553226300; 57216415923","Agriculture, industry, and economic growth as determinants of carbon emissions in climate hotspots: evidence from dynamic causal analysis","2026","Environment, Development and Sustainability","","","","","","2","10.1007/s10668-026-07461-8","https://www.scopus.com/pages/publications/105033661440?origin=resultslist","The present research explores the association between CO2 emission, agricultural land use, agricultural value addition, industrial value addition, and GDP in the recently emerging industrialized countries of China, India, and Pakistan. The area has faced the devastating impact of climate change and is a hotspot for GHG emissions nowadays. The study deployed panel data from the year 1990 to 2022, employing generalized impulse response, pairwise Granger causality test, and impulse response and variance decomposition analysis to analyze GHG emission due to value addition in agriculture and industry. GDP has a statistically significant negative impact on CO2 emissions in the long run. This could indicate that economic growth reduces emissions, possibly due to energy efficiency improvements or a transition to cleaner industries. The industrial sector's value-added has a strong and statistically significant positive effect on emissions. This suggests that industrial activities contribute significantly to CO2 emissions. Results of generalized impulse response, pairwise Granger causality test, and impulse response and variance decomposition analysis were also presented to investigate the effects of shocks on adjustment trajectories of variables. The long-run regression results show a positive and insignificant link between carbon emission and land under cereal crops and agricultural production. A positive and significant relationship prevails between carbon emission and industrial production. Policymakers must initiate industrial policies, projects, and planning in meaningful ways to control carbon emissions and promote geo-sustainability. Consequently, the region should endorse environmentally friendly programs for sustainable industrial patterns and avoid environmental degradation through carbon emissions. © The Author(s), under exclusive licence to Springer Nature B.V. 2026.","Agriculture Land Use; Carbon Emissions; Environment Degradation; Generalized Impulse Response; Geo-Sustainability","","Article","Article in press","","Scopus","2-s2.0-105033661440"
"Liu Y.; Su M.; Zhao J.; Martin S.; Yuen K.F.; Lee C.-B.","Liu, Yanfeng (57222318397); Su, Miao (57222329485); Zhao, Jinjing (57217007229); Martin, Sally (55675258100); Yuen, Kum Fai (56581269200); Lee, Choong-Bae (7410149713)","57222318397; 57222329485; 57217007229; 55675258100; 56581269200; 7410149713","The determinants of China’s outward foreign direct investment: a vector error correction model analysis of coastal and landlocked countries","2023","Economic Change and Restructuring","56","1","","29","56","17","10.1007/s10644-022-09407-2","https://www.scopus.com/pages/publications/85129477123?origin=resultslist","An essential objective of China’s outward foreign direct investment (OFDI) is to expand international trade and access to overseas markets to garner resources and improve transportation routes. This study identifies the determinants of China’s OFDI activities in the short and long term, focusing on 138 countries that are part of China’s Belt and Road Initiative (BRI). It is the first study to evaluate the system’s contribution of location determinants, including the four factors of economy, logistics, energy, and politics, to China’s OFDI by employing a vector error correction model with panel data from 2007 to 2019. In addition, we compare the influence of the variables in coastal and landlocked countries. Panel Granger causality and impulse response tests, variance decomposition, and forecast analysis were conducted to analyze and forecast China’ OFDI. The results show that China’s OFDI in both coastal and landlocked countries is statistically sensitive to the variables of economy, energy, logistics, and politics in host countries engaged in the BRI. It also shows that improving logistics infrastructure and the political investment environment in landlocked countries, this can positively attract China’s OFDI. © 2022, The Author(s), under exclusive licence to Springer Science+Business Media, LLC, part of Springer Nature.","AUTO-ARIMA forecasting; BRI; Locational determinants; OFDI; VEC model","China; forecasting method; foreign direct investment; Granger causality test; international trade; panel data","Article","Final","All Open Access; Bronze Open Access; Green Open Access","Scopus","2-s2.0-85129477123"
"Lee C.-C.; Chang C.-P.","Lee, Chien-Chiang (8601620600); Chang, Chun-Ping (7407036338)","8601620600; 7407036338","Energy consumption and GDP revisited: A panel analysis of developed and developing countries","2007","Energy Economics","29","6","","1206","1223","211","10.1016/j.eneco.2007.01.001","https://www.scopus.com/pages/publications/34548451054?origin=resultslist","This paper applies a new panel data stationarity testing procedure, first developed by Carrion-i-Silvestre et al. [2005, Econometrics Journal 8, 159-175], with panel VARs that employ the generalized method of moment techniques in order to re-investigate the dynamic interactions between energy consumption per capita (LEC) and real GDP per capita (LRY) in 22 developed and 18 developing countries. When multiple breaks in the series are taken into account, there is convincing evidence of panel stationarity for LEC and LRY in both groups. The energy crises evidently had a substantive impact on both LEC and LRY in all sample countries. Furthermore, our panel VARs attest to bidirectional causality between LEC and LRY in developed countries, but there is uni-directional causality from LRY to LEC in developing countries. Finally, from the orthogonalized impulse response functions, all of the variables in the panel VARs have a positive effect on each other, but their impact is greater and more persistent in developing countries. Some important policy implications do emerge. © 2007 Elsevier B.V. All rights reserved.","Energy consumption; Impulse response functions; Multiple structural breaks; Panel VARs; Real GDP","Developing countries; Economic analysis; Energy policy; developing world; econometrics; numerical method; panel data; testing method; variance analysis; Energy consumption per capita; Impulse response functions; Energy utilization","Article","Final","","Scopus","2-s2.0-34548451054"
"Tafuro A.","Tafuro, Andrea (57201689705)","57201689705","Labour market rigidity and expansionary austerity","2023","Journal of Macroeconomics","75","","103495","","","6","10.1016/j.jmacro.2022.103495","https://www.scopus.com/pages/publications/85146312606?origin=resultslist","This study provides new evidence on how labour market rigidities affect the transmission of fiscal consolidations using a sample of 17 OECD countries. Owing to a novel empirical approach, the outcomes of consolidations are modelled as a function of employment and wage rigidities. The evidence confirms that tax-based consolidations are distortionary, while expenditure-based consolidations have wealth effects. These effects are then magnified by flexible employment and rigid wages, while they are moderated by rigid employment and flexible wages. This indicates that labour market conditions influence how fiscal consolidation is propagated in the economy by affecting both the magnitude and the transmission channels of consolidation plans. This result has crucial policy implications and suggests that the design of consolidation plans should account for the labour market structure. © 2023 The Author(s)","Consolidation; Fiscal policy; Interaction variables; Labour market rigidities; Local projection; Panel data","","Article","Final","All Open Access; Green Open Access; Hybrid Gold Open Access","Scopus","2-s2.0-85146312606"
"Wang X.; Xu Z.; Qin Y.; Skare M.","Wang, Xinxin (57204520948); Xu, Zeshui (55502698400); Qin, Yong (57205945371); Skare, Marinko (6506322858)","57204520948; 55502698400; 57205945371; 6506322858","Innovation, the knowledge economy, and green growth: Is knowledge-intensive growth really environmentally friendly?","2022","Energy Economics","115","","106331","","","55","10.1016/j.eneco.2022.106331","https://www.scopus.com/pages/publications/85140213335?origin=resultslist","Green growth plays a vital role in achieving ecological sustainability in the presence of eco-innovation. This study explores the relationship between technological innovation, the knowledge economy, and sustainability using panel 1996–2017 data from 30 Organization for Economic Cooperation and Development countries. The knowledge economy variables are presented as intangible assets from the EU KLEMS Release 2019 database, and panel vector autoregression estimation, the Granger causality tests impulse response functions, and the forecast-error variance decomposition technique are used to test the link. The findings demonstrate that the knowledge economy is good for sustainability and that technological innovation results in green growth. Intangible asset is positively associated with green growth. Green growth has a positive effect on purchased organizational capital, vocational training, and own-account organizational capital. Granger causality test results indicate a causal relationship between intangible asset and green growth. This work contributes to the current literature on sustainable development and highlights five aspects that affect performance. Our study provides a novel insight on knowledge intensive growth impact on environment and economy. Policymakers and practitioners can use this study quantitative knowledge to design efficient policy and management guidelines for promoting green growth. © 2022 Elsevier B.V.","Environmental policies; Green growth; Innovation; Knowledge economy; Panel vector autoregression","Economic and social effects; Economics; Environmental protection; Impulse response; Planning; Regression analysis; Statistical tests; Environmental policy; Granger causality test; Green growths; Innovation; Intangible assets; Knowledge economy; Organisational; Panel vector autoregression; Technological innovation; Vector autoregressions; energy management; energy market; innovation; knowledge economy; panel data; regression analysis; Sustainable development","Article","Final","","Scopus","2-s2.0-85140213335"
"Zhang Y.; Sun Y.; Stengos T.","Zhang, Yuan (57205472229); Sun, Yiguo (55832427500); Stengos, Thanasis (6701354830)","57205472229; 55832427500; 6701354830","Spatial Dependence in the Residential Canadian Housing Market","2019","Journal of Real Estate Finance and Economics","58","2","","223","263","9","10.1007/s11146-017-9623-2","https://www.scopus.com/pages/publications/85060151145?origin=resultslist","This paper studies the spatial dependence of residential resale housing returns in ten major Canadian Census Metropolitan areas (or CMAs) from 1992Q4 to 2012Q4 and makes the following methodological contributions. Firstly, in the context of a spatial dynamic panel data model we use grid search to derive the appropriate spatial weight matrix W among different possible specifications. We select the compound W with the minimum root mean squared error formed from geographical distances and the ten CMAs’ gross domestic product. Secondly, contrary to common practice in the literature, we decompose the impacts of explanatory variables into direct and indirect impacts and proceed to derive and plot the impulse response functions of housing returns to external shocks. The empirical results suggest that Canadian residential housing markets exhibit statistically significant spatial dependence and spatial autocorrelation and that both geographical distances and economic closeness are the dominant channels of spatial interaction. Furthermore, the special feature of the Canadian housing market is that the responses to the shocks do not spread widely across regions and that they fade fast over time. © 2018, Springer Science+Business Media, LLC.","Canadian residential resale housing returns; Impulse response functions; Spatial dependence; Spatial dynamic panel data models; Spatial weight matrix","","Article","Final","","Scopus","2-s2.0-85060151145"
"Ding W.","Ding, Weihan (60077424700)","60077424700","Research on multiple dimensional driving mechanisms of RMB internationalization based on the VAR model","2025","Proceedings of 2025 International Conference on Digital Economy and Intelligent Computing, DEIC 2025","","","","42","48","0","10.1145/3746972.3746980","https://www.scopus.com/pages/publications/105014525115?origin=resultslist","The development of RMB internationalization marks the rise of the comprehensive national strength and global influence of China. According to the panel data from 2020 to 2024, this paper constructs a standard vector autoregression (VAR) model to comprehensively and systematically discuss the nonlinear transmission path of RMB internationalization under the three-dimensional collaborative framework which composed by “trade - investment - exchange rate”. First of all, the long-term equilibrium relationship among variables is analyzed through the unit root test and cointegration test to ensure the stability and co-integration of data. Additionally, all variables of the same order that have stabilized are used to select the optimal lag order according to the AIC and other criteria to estimate a VAR model, and the Granger causality test is used to adopted the interaction and influencing mechanisms. Moreover, the impulse response function (IRF) and variance decomposition (VD) techniques are used to capture the dynamic impacts of each factors of RMB internationalization in depth. Based on the empirical results, this paper eventually proposes suggestions that constantly strengthen the linkage basis of “real economy and currency use”, maintain the synchronized advancement of RMB use and depth of financial openness and further improve the market-oriented reform of the RMB exchange rate. © 2025 Copyright held by the owner/author(s).","Exchange rate; Investment; RMB internationlization; Trade; VAR model","Big data; Electronic trading; Financial markets; Impulse response; Information use; Investments; Statistical tests; Value engineering; Collaborative framework; Driving mechanism; Exchange rates; Internationalisation; Nonlinear transmission; Panel data; RMB internationlization; Transmission paths; Unit root tests; Vector autoregression models; Commerce","Conference paper","Final","All Open Access; Gold Open Access","Scopus","2-s2.0-105014525115"
"Mamatzakis E.C.; Staikouras C.","Mamatzakis, E.C. (6506211930); Staikouras, C. (16302393700)","6506211930; 16302393700","Testing for the effects of credit crunch on agriculture investment in the EU","2020","Bulletin of Economic Research","72","4","","434","450","3","10.1111/boer.12229","https://www.scopus.com/pages/publications/85094133687?origin=resultslist","There are several research papers focusing on the detrimental effects of the credit crunch on the economic performance. A sector of the economy where the implications of the credit crunch have not been thoroughly studied is the agriculture. This is surprising given the importance of agriculture for the European economy. We focus on agriculture in fourteen European Union (EU) Member States in the aftermath of the credit crunch. To this end, we employ the micro-econometric data set of Farm Accountancy Data Network (FADN) of EU at NUTS 2 level. From a methodological point of view, we model agriculture investment based on a flexible panel Vector Autoregressive (VAR) model that provides impulse response functions (IRFs) and variance decompositions (VDCs). The empirical estimates indicate that agriculture investment has been constrained by negative shocks in interest paid and total liabilities. Unless those financial constraints are eased, agriculture investment in EU would remain rather sluggish at best. © 2020 Board of Trustees of the Bulletin of Economic Research and John Wiley & Sons Ltd","credit crunch; endogeneity; EU Agriculture Investment; panel VAR","Europe; credit provision; European Union; financial market; financial services; investment; panel data","Article","Final","","Scopus","2-s2.0-85094133687"
"Jawadi F.; Cheffou A.I.; Jawadi N.","Jawadi, Fredj (34067685400); Cheffou, Abdoulkarim Idi (56401071700); Jawadi, Nabila (15922666800)","34067685400; 56401071700; 15922666800","Do Islamic and Conventional Banks Really Differ? A Panel Data Statistical Analysis","2016","Open Economies Review","27","2","","293","302","21","10.1007/s11079-015-9373-9","https://www.scopus.com/pages/publications/84959881058?origin=resultslist","This study compares two types of banks: conventional banks and Islamic banks. Indeed, since the aftermath of the credit crunch and the global financial crisis (2008–2009), the former have been severely criticized, while the latter are increasingly considered as an alternative form of banking. From a panel sample of twenty major banks (ten conventional banks and ten Islamic banks) located in various developed and emerging countries over the period April 2006- February 2013, the present paper examines whether or not there are significant differences between the two banking systems. Our sample enables us to compare these international banking systems, taking the crisis impact and new regulations and supervisory rules into account. To this effect, we carried out econometric analyses of univariate and multivariate panel data, which pointed to two interesting findings. First, there are only a few significant differences between IBs and CBs in terms of financial risk. Second, PVAR (Panel Vector Autoregressive) estimates and the analysis of Impulse Response Functions (IRFs) indicate weak interactions between IBs and CBs, while panel causality tests reject the causality hypothesis from IBs to CBs. © 2015, Springer Science+Business Media New York.","Conventional and Islamic banks; Financial crisis; Panel data; Reputation","banking; comparative study; econometrics; financial crisis; Islamism; panel data; statistical analysis","Article","Final","","Scopus","2-s2.0-84959881058"
"Márquez M.A.; Ramajo J.; Hewings G.J.D.","Márquez, Miguel A. (7103125392); Ramajo, Julián (7801487383); Hewings, Geoffrey J. D. (7003728841)","7103125392; 7801487383; 7003728841","Public capital and regional economic growth: A SVAR approach for the Spanish regions; [Capital público y crecimiento económico regional: Un enfoque SVAR para las regiones Españolas]","2011","Investigaciones Regionales","","21","","119","223","10","","https://www.scopus.com/pages/publications/84861887357?origin=resultslist","Recently, a significant share of the empirical analysis on the impact of public capital on regional growth has used multivariate time-series frameworks based on vector autoregressive (VAR) models. Nevertheless, not as much attention has been dedicated to the analysis of the long-run determinants of regional growth processes using multi-region panel data and applying panel integration and co-integration techniques. This paper estimates the dynamic domestic effects of public infrastructure using a structural vector autoregressive (S-VAR) methodology for the Spanish regions. From a methodological point of view, the paper contains several features that can be viewed as a contribution to the existing empirical literature. First, the important issues of the stationarity of the data and the existence and estimation of cointegrating relationships in the long-run are addressed in the context of the analysis of panel data. Secondly, the long-run cointegrating production function is embedded within structural vector error correction (S-VEC) short-run models to produce consistent estimates of impulse responses, contrary to many researchers who have estimated unrestricted VAR models in levels or VAR models in first differences. The estimates reveal new results with respect to the previous empirical evidence. © Investigaciones Regionales.","Public capital; Regional growth; Spain; Var methodology","","Article","Final","","Scopus","2-s2.0-84861887357"
"Jordà O.","Jordà, Òscar (57193663493)","57193663493","Local Projections for Applied Economics","2023","Annual Review of Economics","15","","","607","631","84","10.1146/annurev-economics-082222-065846","https://www.scopus.com/pages/publications/85172140693?origin=resultslist","The dynamic causal effect of an intervention on an outcome is of paramount interest to applied macro- and microeconomics research. However, this question has been generally approached differently by the two literatures. In making the transition from traditional time series methods to applied microeconometrics, local projections can serve as a natural bridge. Local projections can translate the familiar language of vector autoregressions and impulse responses into the language of potential outcomes and treatment effects. There are gains to be made by both literatures from greater integration of well-established methods in each. This review shows how to make these connections and points to potential areas of further research. © 2023 Annual Reviews Inc.. All rights reserved.","local projections; panel data; potential outcomes; vector autoregressions","","Review","Final","All Open Access; Hybrid Gold Open Access","Scopus","2-s2.0-85172140693"
"Dube A.; Girardi D.; Jordà Ò.; Taylor A.M.","Dube, Arindrajit (17343220000); Girardi, Daniele (56548678700); Jordà, Òscar (57193663493); Taylor, Alan M. (57108793100)","17343220000; 56548678700; 57193663493; 57108793100","A Local Projections Approach to Difference-in-Differences","2025","Journal of Applied Econometrics","40","7","","741","758","48","10.1002/jae.70000","https://www.scopus.com/pages/publications/105011040754?origin=resultslist","We propose a local projections (LPs)-based difference-in-differences (DiD) approach that subsumes many of the recent solutions proposed in the literature to address possible biases arising from negative weighting. We combine LPs with a flexible “clean control” condition to define appropriate sets of treated and control units. Our proposed LP-DiD estimator can be implemented with various weighting and normalization schemes for different target estimands, can be extended to include covariates or accommodate nonabsorbing treatment, and is simple and fast to implement. A simulation and two empirical applications demonstrate that the LP-DiD estimator performs well in common applied settings. © 2025 The Author(s). Journal of Applied Econometrics published by John Wiley & Sons Ltd.","clean controls; difference-in-differences; event study; local projections; negative weighting; panel data","","Article","Final","All Open Access; Green Open Access; Hybrid Gold Open Access","Scopus","2-s2.0-105011040754"
"Ambrose N.O.; Divine N.O.; Chinasa E.U.; Afamefuna A.E.; Augustine A.M.; Ezebuilo R.U.","Ambrose, N. Omeje (59450318300); Divine, N. Obodoechi (59451583400); Chinasa, E. Urama (59451583500); Afamefuna, A. Eze (57256179600); Augustine, A. Mba (59450576300); Ezebuilo, R. Ukwueze (57190019099)","59450318300; 59451583400; 59451583500; 57256179600; 59450576300; 57190019099","COVID-19 Pandemic, Employment Differential and Health Expenditure Nexus in Sub-Saharan African Countries: Evidence from Vector Autorfegressive (VAR) Model","2023","Covid-19 Pandemic and Global Inequality: Reflections in Labour Market, Business and Social Sectors","","","","119","138","0","10.1007/978-981-99-4405-7_8","https://www.scopus.com/pages/publications/85210705220?origin=resultslist","COVID-19 pandemic has imposed a lot of global challenges not only to health but also to other economic activities. The emergence of this pandemic posed disruption in economic activities globally and sub-Saharan Africa countries (SSA) in particular. In order to curtail the spread of the disease, most governments’ imposed restrictions on the movements and other economic activities, including lockdown, closure of schools, markets and other public places. Factories, enterprises and every other production activity stopped. People were laid off and unemployment rose; government expenditure on health also rose. This study is poised to investigate the nexus among the COVID-19 pandemic, employment differential and government health expenditure in SSA using the panel vector autoregressive (PVAR) model, panel VAR impulse response function, and high-frequency panel data of 40 African countries from 2020Q1 to 2021Q4. Findings from the panel VAR model revealed that with rising cases of covid-19 pandemic, the employment gap would widen and/or worsen in SSA countries on the average by about 50.42391%, significantly increase out-of-pocket expenditure on health by about USD0.4202275 billion, and significantly decreases productivity in SSA countries by about USD0.2720265 billion. Again, the panel VAR—impulse response function results showed that when employment and productivity produce impulse, covid-19 pandemic responds by emitting significant gradual negative effects on them, but emits significant gradual positive effects on health expenditure when it produces impulse. The study recommends among others that sub-Sahara African governments need to look out for and explore their peculiarities in the containment of the spread of covid-19. © The Editor(s) (ifapplicable) and The Author(s), under exclusive license to Springer Nature Singapore Pte Ltd. 2023.","","","Book chapter","Final","","Scopus","2-s2.0-85210705220"
"Gyedu S.; Tang H.; Menyah M.V.; Kissi G.D.","Gyedu, Samuel (57217630056); Tang, Heng (57222151970); Menyah, Michael Verner (58905607500); Kissi, George Duodu (58905607600)","57217630056; 57222151970; 58905607500; 58905607600","The Relationship Between Intellectual Property Rights, Innovation, and Economic Development in the G20 and Selected Developing Countries","2024","Journal of the Knowledge Economy","15","4","","18223","18256","12","10.1007/s13132-024-01859-3","https://www.scopus.com/pages/publications/85185941570?origin=resultslist","The main objective of this study is to examine the relationship between intellectual property right, economic growth, research and development, trademark, and government effectiveness in the G20 and developing countries. The study applied econometric approaches such as panel vector autoregression (PVAR), PVAR Granger causality, variance decomposition, and impulse response functions (IRF). We also applied heterogeneous and second-generation panel data approaches that are effervescent to slope heterogeneity and cross-sectional dependency to panel data revolving 20 countries (G20) and 27 developing countries from 2004 to 2022. To summarize the findings of this research, (1) the study discovered that economic growth, research and development, trademark, and government effectiveness have positive and significant effect on intellectual property right in the G20 countries. (2) Economic growth, trademark, and government effectiveness have positive and significant influence on intellectual property right, but research and development has no relationship with intellectual property right in the developing countries. (3) In the G20 countries, IPR responds favorably to economic growth, research and development, trademark, and government effectiveness shocks. (4) Lastly, IPR responds favorably to economic growth, trademark, and government effectiveness shocks in the developing countries. Our findings highlight the critical role that innovation-growth policies and economic development play as the primary global drivers of intellectual property rights. © The Author(s), under exclusive licence to Springer Science+Business Media, LLC, part of Springer Nature 2024.","Economic growth; Government effectiveness; Intellectual property right; Research and development; Trademark","","Article","Final","","Scopus","2-s2.0-85185941570"
"Eminidou S.; Geiger M.; Zachariadis M.","Eminidou, Snezana (57209328488); Geiger, Martin (57131341500); Zachariadis, Marios (9634669000)","57209328488; 57131341500; 9634669000","Public debt and state-dependent effects of fiscal policy in the euro area","2023","Journal of International Money and Finance","130","","102746","","","7","10.1016/j.jimonfin.2022.102746","https://www.scopus.com/pages/publications/85138828585?origin=resultslist","We investigate public debt related state dependencies of fiscal policy shocks for fifteen euro area economies during the period from 2000:Q1 to 2019:Q4. Our estimated impulse response functions suggest that the impact of fiscal policy shocks varies depending on the level of public debt characterizing an economy. Macroeconomic variables, notably output and consumption, go up in response to a positive government spending shock in the high-debt cross-sectional state, and these responses are distinctly different from those in the low-debt state. Using an extended model that considers both cross-sectional and time-serial high- and low-debt states we find that, for euro area economies, cross-sectional debt variation is more important than time-serial debt variation in driving differences in the responses of macroeconomic variables to government spending shocks. © 2022 Elsevier Ltd","Consumption; Credit constraints; Debt-to-GDP; Expectations; Government spending; Inflation; Output; Shock","","Article","Final","","Scopus","2-s2.0-85138828585"
"Pavlidis E.G.; Paya I.; Peel D.A.","Pavlidis, Efthymios G. (23974744700); Paya, Ivan (6602712909); Peel, David A. (16408291500)","23974744700; 6602712909; 16408291500","A NONLINEAR ANALYSIS of the REAL EXCHANGE RATE-CONSUMPTION RELATIONSHIP","2018","Macroeconomic Dynamics","22","7","","1825","1843","0","10.1017/S1365100516000894","https://www.scopus.com/pages/publications/85023206156?origin=resultslist","A variety of international macroeconomic models predict a relationship between the real exchange rate and consumption. The empirical evidence in favor of such a relationship is limited, the so-called Backus and Smith puzzle. In this paper, we extend the analysis to allow for nonlinear dynamics and volatility changes across exchange rate regimes. Our findings suggest that long-run relationships in line with standard international business cycle models do exist for many Organization for Economic Co-operation and Development (OECD) countries. Further, Monte Carlo experiments illustrate that the nonlinear models can generate the Backus and Smith and the exchange rate disconnect puzzles. In this paper, we also contribute to the nonlinear real exchange rate literature by establishing a theoretical relationship between volatility and persistence. In accordance with the theoretical results, our empirical findings suggest that the increase in volatility in the post-Bretton Woods era is associated with relatively fast mean reversion of the real rate toward its equilibrium value. Copyright © Cambridge University Press 2017.","Conditional Heteroskedasticity; Exponential Smooth Transition Regression Model; Impulse Response Analysis; Volatility Shifts","","Article","Final","All Open Access; Green Open Access","Scopus","2-s2.0-85023206156"
"Camarero M.; Carrion-i-Silvestre J.L.; Tamarit C.","Camarero, Mariam (6701361045); Carrion-i-Silvestre, Josep Lluís (8552959900); Tamarit, Cecilio (6602257600)","6701361045; 8552959900; 6602257600","External imbalances from a GVAR perspective","2021","World Economy","44","11","","3202","3245","8","10.1111/twec.13122","https://www.scopus.com/pages/publications/85103935246?origin=resultslist","We study the drivers governing external disequilibria through a Global VAR (GVAR) analysis applied to a group of 24 countries during the period 1972–2017. The GVAR methodology is particularly well suited for our research question. First, it permits to measure the effects of both domestic and foreign country-specific shocks. Second, it allows us to analyse the long-run relationships and dynamics through generalised impulse response functions. Third, it enables us to test many hypotheses from a macroeconomic perspective and the existence of spillovers. Our results show evidence of international financial integration in terms of fulfilling the real interest rate parity. Concerning the twin deficits hypothesis, we find no conclusive results. In addition, we show how German fiscal policy has relevant spillover effects on other European countries (such as France, Spain and the Netherlands) and the United States and India. Finally, global shocks have long-lasting effects in most countries analysed, primarily through real oil prices. These results provide clues about how to implement a more symmetrical external adjustment, especially inside the euro area. © 2021 John Wiley & Sons Ltd","current account; global VAR; net foreign assets; panel data; twin deficit","France; India; Netherlands; Spain; United States; Trachinotus falcatus; fiscal policy; interest rate; macroeconomics; methodology; panel data; spillover effect","Article","Final","","Scopus","2-s2.0-85103935246"
"Alpha M.A.; Ahenkan A.; Alemzero D.","Alpha, Michael Ayine (59212546800); Ahenkan, Albert (36084064700); Alemzero, David (57217184827)","59212546800; 36084064700; 57217184827","Carbon intensity, energy transition, and economic development in Africa: Evidence from a panel vector autoregression analysis","2026","International Review of Economics and Finance","111","","105724","","","0","10.1016/j.iref.2026.105724","https://www.scopus.com/pages/publications/105047600231?origin=resultslist","This study evaluates the dynamic correlations among carbon intensity, energy access, renewable energy consumption, population growth, economic development, energy intensity, and industrialization in Africa using panel data for 52 countries from 2005 to 2023. A Panel Vector Autoregression (PVAR) framework is used to capture the endogenous interactions and transmission mechanisms among environmental, demographic, and economic variables. The results uncover strong persistence in carbon intensity, energy intensity, population growth, GDP per capita, and industrialization, supporting the path-dependence and carbon lock-in perspectives. Energy intensity greatly increases carbon intensity, strongly supporting the energy-efficiency hypothesis, whereas population growth grows energy intensity levels, revealing the importance of demographic pressures in determining environmental outcomes. Economic growth directly determines industrialization, backing the structural transformation theory. Renewable energy consumption and energy access do not exert significant short-run effects on carbon intensity, suggesting that the environmental benefits of renewable energy materialize over longer horizons. Granger causality results indicate that improvements in energy access stimulate renewable energy consumption, while impulse response and variance decomposition analyses show that renewable energy and energy efficiency become increasingly important drivers of long-run carbon-intensity dynamics. The findings underscore the need for integrated policies that promote energy efficiency, renewable energy investment, demographic management, and green industrialization to advance sustainable development and climate resilience in Africa. © 2026 The Authors.","Africa; CO<sub>2</sub> emissions; Energy transition; Environmental Kuznets Curve (EKC); Panel Vector Autoregression (PVAR)","","Article","Final","All Open Access; Gold Open Access","Scopus","2-s2.0-105047600231"
"Zehri C.; Iben Ammar L.S.","Zehri, Chokri (57170678200); Iben Ammar, Latifa Saleh (58112746700)","57170678200; 58112746700","Effects of capital flow restrictions: Evidence of welfare improvement","2024","Journal of International Trade and Economic Development","33","5","","766","795","3","10.1080/09638199.2023.2222420","https://www.scopus.com/pages/publications/85162061308?origin=resultslist","The study examines the distributional implications of capital account restrictions on three important welfare measurements of concern for policymakers: income inequality, poverty, and external debt. Two approaches are followed, the Autoregressive Distributed Lag (ARDL), and the local projections regression with impulse response functions (IRFs), and applied to a panel data for 102 countries from 1995 to 2019. First, we identify the capital control periods, and second, we follow behavior of these three measurements after these periods. The results show a decline in income inequality and poverty and a decline in debt to foreigners. However, four pathways can affect the intensity of capital controls impacts. First, the financial development and the strength of the financial institutions have a significant role in shaping how these three welfare measurements respond to capital control reforms, specifically over 5 years. Second, capital controls can reduce financial crisis probability, and with tighter capital controls particularly following the 2008 financial crisis, the impacts become clearer. Third, the bargaining power of the labor market is strengthened in the aftermath of controls and consequently reduces inequality and poverty. Finally, through the cost of international debt, capital controls establish a new channel lowering foreign debt. © 2023 Informa UK Limited, trading as Taylor & Francis Group.","Capital controls; external debt; inequality; poverty","capital flow; debt; panel data; poverty; welfare economics","Review","Final","","Scopus","2-s2.0-85162061308"
"Mishra P.; Montiel P.; Pedroni P.; Spilimbergo A.","Mishra, Prachi (56817076200); Montiel, Peter (55959776900); Pedroni, Peter (7004097814); Spilimbergo, Antonio (6701643263)","56817076200; 55959776900; 7004097814; 6701643263","Monetary policy and bank lending rates in low-income countries: Heterogeneous panel estimates","2014","Journal of Development Economics","111","","","117","131","66","10.1016/j.jdeveco.2014.08.005","https://www.scopus.com/pages/publications/84907953133?origin=resultslist","This paper studies the transmission of monetary shocks to lending rates in a large sample of advanced, emerging, and low-income countries. Transmission is measured by the impulse response of bank lending rates to monetary policy shocks. Long-run restrictions are used to identify such shocks. Using a heterogeneous structural panel VAR approach, we find that there is wide variation in the response of bank lending rates to a monetary policy innovation across countries. Monetary policy shocks are more likely to affect bank lending rates in the theoretically expected direction in countries that have better institutional frameworks, more developed financial structures, and less concentrated banking systems. Low-income countries score poorly along all of these dimensions, and we find that such countries indeed exhibit much weaker transmission of monetary policy shocks to bank lending rates than do advanced and emerging economies. © 2014 Elsevier B.V.","Bank lending; Monetary policy; Structural panel VAR","banking; developing world; financial system; lending behavior; monetary policy; panel data; vector autoregression","Article","Final","","Scopus","2-s2.0-84907953133"
"Nguyen T.B.; Le C.V.; Nguyen T.A.D.","Nguyen, Trung Ba (57201388744); Le, Chon Van (57199327684); Nguyen, Tri Anh Duc (59354924100)","57201388744; 57199327684; 59354924100","Spillovers of U.S. monetary policy shocks on housing prices in nine emerging economies and their stabilizing capital controls","2026","International Journal of Housing Markets and Analysis","19","1","","131","149","1","10.1108/IJHMA-06-2024-0089","https://www.scopus.com/pages/publications/85205691567?origin=resultslist","Purpose – This paper aims  to examine the dynamic spillovers of Federal Reserve’s monetary policy shocks on real house price indices in nine emerging economies, namely China, Brazil, Thailand, Chile, Peru, Mexico, Malaysia, Indonesia and South Africa. Design/methodology/approach – The authors use the local projection method with a panel data set of these countries spanning from 2005Q3 to 2019Q4 to estimate local projections at each period rather than extrapolating into distant periods from a given model. Findings – A pure tightening monetary policy shock is associated with a decline in housing prices in the nine emerging markets. However, the optimistic information about the US macro-economic fundamentals that is embedded in the tightening announcement would increase housing prices. Therefore, the net transmission effects of the US policy rate shocks may be smaller than what previous studies reported. In addition, the authors also find that capital control actions executed by emerging countries are effective in mitigating the spillovers of the US monetary policy. Originality/value – First, the paper aims to investigate the effects of US monetary policy shocks on housing prices in emerging economies which have not received sufficient scholarly attention. Second, the analysis focuses on both pure monetary policy shocks and the Federal Reserve's information on economic fundamentals contained in its rate announcements. Third, the authors also assess the effectiveness of capital controls imposed by policymakers in emerging countries in mitigating the spillovers of US policy rate shocks on housing prices in emerging markets. © 2024 Emerald Publishing Limited","Capital controls; E52; E58; E61; Emerging economies; G28; Housing prices; Information shocks; Spillover effects; US monetary policy","","Article","Final","","Scopus","2-s2.0-85205691567"
"Chen H.; Tillmann P.","Chen, Hongyi (55933731500); Tillmann, Peter (6602768235)","55933731500; 6602768235","Monetary policy spillovers: Is this time different?","2025","Journal of International Money and Finance","152","","103278","","","3","10.1016/j.jimonfin.2025.103278","https://www.scopus.com/pages/publications/85215541987?origin=resultslist","Monetary policy changes in the U.S. have important cross-border effects on small open economies. Since 2022, the Fed has tightened monetary policy considerably, yet it appears that spillovers on the rest of the world are smaller than in the past. We investigate this idea by analyzing the international propagation of Fed policy using a panel of advanced and emerging economies since 1994. We distinguish the current tightening cycle from previous ones and find that international spillovers from the 2022/3 U.S. monetary tightening episode are more benign than the historical average. We estimate smooth-transition local projections in which spillovers depend on the state of the U.S. business cycle. We find that if domestic demand in the U.S. is weak, international spillovers are large. However, spillovers are absent if demand in the U.S. remains strong. Hence, a “soft landing“ of the U.S. economy makes a difference for the magnitude of international spillovers from U.S. monetary policy to the rest of the world. © 2025 The Author(s)","Emerging markets; Fed; Financial integration; Global financial cycle; Spillovers","","Article","Final","All Open Access; Hybrid Gold Open Access","Scopus","2-s2.0-85215541987"
"Zurita J.","Zurita, Juan (57578611400)","57578611400","Does household debt affect the size of the fiscal multiplier?","2024","Macroeconomic Dynamics","29","","e5","","","3","10.1017/S1365100524000075","https://www.scopus.com/pages/publications/85186637465?origin=resultslist","Does household debt affect the size of the fiscal multiplier? We investigate the effects of household debt on government spending multipliers using a smooth transition vector autoregression model. Through generalized impulse response functions, we measure whether the effect of government spending on GDP is conditioned by different levels of household debt in Australia, Sweden, and Norway, three countries with high levels of household indebtedness, and in the world’s seven largest economies. Our results indicate that the short-term effects of government spending tend to be higher if fiscal expansion takes place during periods of low household debt. On average, the fiscal multiplier (on impact) is 0.70, 0.61, and 0.79 (percent of GDP) larger when the increase in government spending takes place during periods of low household debt for Australia, Norway, and the United States. © The Author(s), 2024.","bayesian; Fiscal multipliers; household debt; nonlinear dynamics; smooth transition vector autoregression","","Article","Final","All Open Access; Green Open Access; Hybrid Gold Open Access","Scopus","2-s2.0-85186637465"
"Goemans P.","Goemans, Pascal (57223854921)","57223854921","The impact of public consumption and investment in the euro area during periods of high and normal uncertainty","2023","Economic Modelling","126","","106370","","","3","10.1016/j.econmod.2023.106370","https://www.scopus.com/pages/publications/85161053153?origin=resultslist","The new millennium featured several periods of high uncertainty in which fiscal policy responded as expansionary. The literature focuses heavily on the United States and does not distinguish between different effects of public consumption and investment. We estimate multipliers for both government spending components using local projections and quarterly panel data from 1999 to 2019 for the euro area countries. In times of high economic uncertainty, an increase in public consumption or investment of one euro increases GDP by about one and two euros, but only 0.4 euros in normal episodes. The larger output effect of public consumption during uncertain periods results from additional employment and increased labor income because of higher real wages which raise inflation. Government investment substantially increases GDP through productivity improvements that are partly transferred to workers via higher wages. Due to the positive supply effect, government investment, unlike consumption, is not inflationary. © 2023 Elsevier B.V.","Euro area; Fiscal policy; Inflation; Local projections; Panel data; Uncertainty","","Article","Final","","Scopus","2-s2.0-85161053153"
"Sheng X.; Gupta R.; Cepni O.","Sheng, Xin (57194850772); Gupta, Rangan (18037301200); Cepni, Oguzhan (57194427831)","57194850772; 18037301200; 57194427831","Persistence of state-level uncertainty of the United States: The role of climate risks","2022","Economics Letters","215","","110500","","","29","10.1016/j.econlet.2022.110500","https://www.scopus.com/pages/publications/85129501636?origin=resultslist","Recent theoretical developments tend to suggest that rare disaster risks enhance the persistence of uncertainty. Given this, we analyse the impact of climate risks (temperature growth or its volatility), as proxies for such unusual events, on the persistence of economic and policy-related uncertainty of the 50 US states in a panel data set-up, over the monthly period of 1984:03 to 2019:12. Using impulse response functions (IRFs) from a regime-based local projections (LPs) model, we show that the impact of an uncertainty shock on uncertainty itself is not only bigger in magnitude when the economy is in the upper-regime of temperature growth or its volatility, but is also, in line with theory, is more persistent. Our results have important policy implications. © 2022 The Author(s)","Climate risks; Impulse response functions; Nonlinear local projections; Uncertainty; US states","","Article","Final","All Open Access; Green Open Access; Hybrid Gold Open Access","Scopus","2-s2.0-85129501636"
"Passos N.; Modenesi A.D.M.","Passos, Nikolas (57219650474); Modenesi, André de Melo (24477689900)","57219650474; 24477689900","Do public banks reduce monetary policy power? Evidence from Brazil based on state dependent local projections (2000–2018)","2021","International Review of Applied Economics","35","3-4","","502","519","7","10.1080/02692171.2020.1837745","https://www.scopus.com/pages/publications/85094603066?origin=resultslist","We test the hypothesis that public banks reduce monetary policy power. Previous studies have shown that companies with access to government-driven credit present smaller fall in investment and production after a contractionary monetary policy shock. Nevertheless, these studies are based on microeconomic data and ignore macroeconomic effects, especially the cost-push effects, of monetary policy. We employ state-dependent local projections to compare monetary policy power–the sensibility of inflation to changes in policy interest rate–between periods of high credit of public banks and periods of high credit of private banks. We do not find evidence that monetary policy is less powerful in periods of high credit of public banks. Even though periods of high credit of public banks present a lower effect over output, those periods present less persistent price puzzles than periods of high private credit. Robustness of results is enhanced by performing several tests. We attribute our results to lower flexibility in interest rates of credit from public banks, what leads to lower transmission in financial costs, lower reduction in capital stock and lower variation in the exchange rate. © 2020 Informa UK Limited, trading as Taylor & Francis Group.","credit-channel; local projections; monetary policy; Public banks","Brazil; banking; credit provision; investment; local government; macroeconomics; monetary policy; power relations","Article","Final","","Scopus","2-s2.0-85094603066"
"Farzanegan M.R.; Gholipour H.F.","Farzanegan, Mohammad Reza (6507932627); Gholipour, Hassan Fereidouni (43761960800)","6507932627; 43761960800","Divorce and the cost of housing: evidence from Iran","2016","Review of Economics of the Household","14","4","","1029","1054","51","10.1007/s11150-014-9279-0","https://www.scopus.com/pages/publications/84920545917?origin=resultslist","Divorce trend in Iran has become a serious social concern that is suspected of being influenced by rising housing costs in an oil-based economy. Iran has the highest growth rate of divorce among Islamic countries in the Middle East and North Africa region. Using data from 30 provinces of Iran from 2002 to 2010, this paper examines the relationship between housing costs (house prices and rents) and divorce rate, controlling for other macroeconomic variables such as unemployment, inflation, and education in addition to regional, cultural, traditional, and conventional attitudes toward divorce. By applying panel fixed-effects and dynamic generalized methods of moments methods, our results suggest that increases in housing costs erode marital stability in Iran. Our main results are also supported when we focus on the shocks in housing costs, using the Vector autoregressive based impulse response and variance decomposition analyses of divorce rates at the national level from 1982 to 2010. © 2015, Springer Science+Business Media New York.","Divorce; Dynamic panel data; Housing costs; Impulse response; Iran; VAR","","Article","Final","","Scopus","2-s2.0-84920545917"
"Gui C.; Dong Y.; Qi C.","Gui, Cheng (59426471800); Dong, Yani (59426185700); Qi, Chunjie (26325703600)","59426471800; 59426185700; 26325703600","Extreme risk spillovers between live hog and feed ingredient futures in China","2026","Applied Economics","","","","","","0","10.1080/00036846.2026.2716900","https://www.scopus.com/pages/publications/105047881286?origin=resultslist","The increasing integration of agricultural commodity markets and growing external uncertainty have made risk transmission along China’s hog–feed supply chain an important issue for agricultural risk management. This study investigates the tail-risk spillovers between China’s live hog futures and five major feed futures (No. 1 soybean, No. 2 soybean, soybean meal, soybean oil, and corn) using daily data from January 2021 to July 2025. The quantile Granger causality test, the Multivariate Multiple-Quantile Conditional Autoregressive Value at Risk (MVMQ-CAViaR) model, and quantile impulse response analysis are employed to examine cross-market dependence under extreme market conditions. The results show that significant tail dependence exists between live hog and feed futures, with spillover patterns varying across commodities and quantiles. The MVMQ-CAViaR estimates reveal heterogeneous and state-dependent cross-market interactions. Subsample analysis indicates that the Russia–Ukraine conflict altered the pattern of tail-risk transmission rather than uniformly strengthening spillovers across markets. Quantile impulse responses further show that feed-market shocks generate short-run responses that gradually converge to equilibrium. These findings provide new evidence on tail-risk transmission within China’s hog–feed futures system and offer implications for agricultural risk management and futures market regulation. © 2026 Informa UK Limited, trading as Taylor & Francis Group.","extreme risk spillovers; feed commodity futures; hog industry chain; Live hog futures","","Article","Article in press","","Scopus","2-s2.0-105047881286"
"Kapuściński M.","Kapuściński, Mariusz (57192412151)","57192412151","The short-term effects of changes in capital regulations in Poland; [Krótkookresowe efekty zmian regulacji kapitałowych w Polsce]","2024","Bank i Kredyt","55","3","","255","286","1","10.5604/01.3001.0054.6827","https://www.scopus.com/pages/publications/85197708746?origin=resultslist","In this study I attempt to address two questions. First, how to adequately measure capital regulations. Second, once they are adequately measured, what their effects are in Poland. As the starting point, I illustrate the threats of measuring capital regulations by actual regulatory capital ratios. Then, I analyse the effects of the transition to higher actual regulatory capital ratios due to the tightening of capital regulations. As a measure of capital regulations, I directly use minimum regulatory capital ratios. I apply Bayesian panel vector autoregressive models and local projections to bank-level data. I find that the tightening of capital regulations lowers bank lending for at least one out of two analysed minimum regulatory capital ratios. This implies that capital regulations could be an effective prudential policy tool in limiting excessive bank lending in Poland. I also attempt to identify whether the effects of changes in capital regulations depend on whether they are tightened or loosened. © 2024 Narodowy Bank Polski. All rights reserved.","bank lending; Bayesian panel vector autoregressive models; capital regulations; macroprudential policy; panel data","","Article","Final","All Open Access; Green Open Access","Scopus","2-s2.0-85197708746"
"Rüth S.K.","Rüth, Sebastian K. (55778635400)","55778635400","State-dependent monetary policy transmission and financial market tensions","2017","Economics Letters","157","","","56","61","10","10.1016/j.econlet.2017.05.008","https://www.scopus.com/pages/publications/85020262634?origin=resultslist","Is monetary policy more powerful when strains in the financial system are high? Applying local projections to US time series, I approach this question by allowing monetary policy shocks and its propagation to the broader economy to smoothly vary according to a measure of financial market tensions—the so-called excess bond premium (EBP). I find that monetary policy impacts macroeconomic, housing, and financial variables stronger and more persistently when financial frictions are high. © 2017 Elsevier B.V.","Excess bond premium; Local projections; Monetary policy","","Article","Final","","Scopus","2-s2.0-85020262634"
"Cheikh N.B.; Zaied Y.B.","Cheikh, Nidhaleddine Ben (57211366477); Zaied, Younes Ben (56403397200)","57211366477; 56403397200","Investigating the dynamics of crude oil and clean energy markets in times of geopolitical tensions","2023","Energy Economics","124","","106861","","","57","10.1016/j.eneco.2023.106861","https://www.scopus.com/pages/publications/85166122706?origin=resultslist","This study examines how adverse geopolitical events influence the dynamics of crude oil and clean energy markets. A vector smooth transition regression model is implemented to capture the presence of regime shifts due to geopolitical conflicts. The impulse response analyses reveal that the crude oil market is non-responsive to all geopolitical events. A significant spike in oil prices arises only if risks associated with geopolitical tensions surpass a certain threshold level. The green equity market responds differently, showing an adverse reaction during episodes of higher geopolitical uncertainty. Moreover, our empirical results point out a decoupling between traditional and clean energy sectors in times of geopolitical stress. Our findings contrast with the conventional wisdom that a surge in oil prices would foster a shift toward alternative energies. While the observed disconnection would offer better diversification benefits, it is challenging for policymakers to encourage investors to maintain low-carbon portfolios. © 2023 Elsevier B.V.","Clean energy stocks; Geopolitical risk; Oil prices; Vector smooth transition regression model","Costs; Impulse response; Investments; Power markets; Regression analysis; Clean energy; Clean energy stock; Energy markets; Geopolitical events; Geopolitical risks; Oil Prices; Regime shift; Regression modelling; Smooth transition regressions; Vector smooth transition regression model; alternative energy; crude oil; geopolitics; investment; price dynamics; regression; stock market; Crude oil","Article","Final","","Scopus","2-s2.0-85166122706"
"Reynolds Z.; Fisher L.A.","Reynolds, Zac (57223133441); Fisher, Lance A. (7402672186)","57223133441; 7402672186","Estimates of government spending multipliers in Australian data","2026","Applied Economics","58","5","","904","920","0","10.1080/00036846.2025.2461326","https://www.scopus.com/pages/publications/85218831759?origin=resultslist","In this paper, cumulative multipliers for government consumption spending and for government investment spending are estimated by the method of local projections with instrumental variables using quarterly Australian data from 1984Q1 to 2019Q4. This method directly estimates dollar-for-dollar cumulative multipliers. The estimates are for ‘average’ or non-state-dependent multipliers, and for multipliers which are state dependent. Government consumption spending multipliers have been estimated for Australia but not conditional on an economic state and government investment spending multipliers have not received attention. In this paper, the state-dependent multipliers are estimated for states of high and low unemployment. The peak cumulative multiplier for government investment spending is −0.95 in the non-state-dependent case and −2.54 in the low unemployment state, both for a horizon of six quarters. Government investment spending crowds out private sector activity and has a negligible effect in the high unemployment state. Government consumption spending crowds in (expands) private sector activity only in the high unemployment state and only moderately and has a negligible effect otherwise. The cumulative government consumption spending multiplier in the high unemployment state is 0.94 at six quarters. The results are robust to variations in the baseline specification. © 2025 The Author(s). Published by Informa UK Limited, trading as Taylor & Francis Group.","cumulative multipliers; Government consumption and investment spending; instrumental variables; local projections; state-dependent multipliers","Australia; investment; private sector; public spending; unemployment","Article","Final","All Open Access; Hybrid Gold Open Access","Scopus","2-s2.0-85218831759"
"Sestanovic A.; Tomic B.; Banovic D.P.","Sestanovic, Aljosa (25723736300); Tomic, Bojan (57201296341); Banovic, Dolores Pusar (57416081400)","25723736300; 57201296341; 57416081400","INTERDEPENDENCE OF PROFITABILITY AND LIQUIDITY USING THE PANEL VAR MODEL; [Meduzavisnost Rentabilnostii Likvidnosti Primjenom Panel Var Modela]","2021","Ekonomski Pregled","72","6","","894","919","0","10.32910/ep.72.6.5","https://www.scopus.com/pages/publications/85122993240?origin=resultslist","The aim of the research is to empirically verify the interdependence of company profitability and liquidity. The sample includes twenty non-financial corporations listed in at least one of the Zagreb Stock Exchange sector indices. The panel data cover a period of nine years, starting in 2009 and ending in the 2017. The verification of the mutual causality has been conducted using Granger’s causality test adapted to the panel data. The panel vector autoregression model has been applied with analysis of the structure model: Orthogonal decomposition of variances of prognostic errors and analysis of the orthogonal function of impulse responses. The results show a significant causality of the profitability variables (return on total assets and return on equity) on current and accelerated liquidity ratios. On the other hand, no significant causality of liquidity ratios on profitability variables has been verified. The results are in line with the expectations from financial theory that the significant liquidity in a company per se does not have a significant impact on profitability. This research was conducted on a limited sample of listed companies on the Zagreb Stock Exchange. This suggests the implementation of similar research on a wider sample of companies listed on other stock exchanges to verify the obtained results. The originality of the research lies in the comprehensive systematization of earlier papers that investigated the causality of profitability and liquidity. In addition, the original approach to testing the mutual causality of variables liquidity and profitability using more complex statistical analysis tools has been applied. © 2021 Korean Neuropsychiatric Association.","Liquidity; Panel VAR model; Profitability; Return on assets; Return on equity","","Article","Final","All Open Access; Gold Open Access; Green Open Access","Scopus","2-s2.0-85122993240"
"Shah S.S.A.; Afridi M.A.","Shah, Syed Sadaqat Ali (57215025196); Afridi, Muhammad Asim (57045690600)","57215025196; 57045690600","Cyclical variation of fiscal multipliers in Caucasus and Central Asia economies: an empirical evidence","2023","Economic Change and Restructuring","56","6","","4531","4563","5","10.1007/s10644-023-09566-w","https://www.scopus.com/pages/publications/85174804239?origin=resultslist","This study estimates fiscal multipliers and assesses fiscal policy effectiveness in the Caucasus and Central Asia economies over the medium-term. Using (Jordà, Am Econ Rev 95:161–182, 2005) local projection model, the study finds that fiscal multipliers are indeed state-dependent and that fiscal policy is more effective and has stronger effects during recession than expansion. The study indicates that the timing and type of fiscal shock matter in assessing the effects on output growth. Also, the study finds that although fiscal sustainability holds during recession, it is not the case in oil importing Caucasus and Central Asia economies as a rise in public debt ratio in fact deteriorates fiscal balance of these economies by approximately 0.001–1.6 percent. The study shows that fiscal shocks during recessions heterogeneously affect output growth at different horizons. While the study finds that fiscal balance tends to effective during recession, a timely fiscal intervention across the Caucasus and Central Asia with an optimal mix of government consumption and investment needs to be policy priority in order to stimulate the output growth during the economic downturn. © 2023, The Author(s), under exclusive licence to Springer Science+Business Media, LLC, part of Springer Nature.","CCA economies; Fiscal multipliers; Fiscal policy; Local projection","Caucasus; debt; economic growth; empirical analysis; fiscal policy; investment; sustainability","Article","Final","","Scopus","2-s2.0-85174804239"
"Grossmann A.; Love I.; Orlov A.G.","Grossmann, Axel (16834356800); Love, Inessa (6602194874); Orlov, Alexei G. (7202403967)","16834356800; 6602194874; 7202403967","The dynamics of exchange rate volatility: A panel VAR approach","2014","Journal of International Financial Markets, Institutions and Money","33","1","","1","27","100","10.1016/j.intfin.2014.07.008","https://www.scopus.com/pages/publications/84905683746?origin=resultslist","This paper employs a panel vector autoregressive model (PVAR) to study the dynamics of the overall exchange rate volatility. PVAR estimation results, based on panel data for 29 economies, are used in simulating impulse response functions. Since economic shocks may affect high-frequency and low-frequency components of volatility differently, using a conventional time-domain approach to study volatility may lead to spurious results. Accordingly, the paper also studies the dynamics of the most destabilizing (high-frequency) components of exchange rate volatility, which are isolated using spectral methodology. While our investigation reveals interesting dynamic interrelationships between macroeconomic as well as financial variables and exchange rate volatility, we find little evidence of significant difference in the responses of macroeconomic and financial variables to the overall volatility vis-à-vis the high-frequency components thereof. The feedback effects from exchange rate volatility to macroeconomic and financial variables are found to be much stronger for developing countries relative to developed economies. These findings are confirmed by variance decompositions and are largely immune to several robustness checks. © 2014 Elsevier B.V.","Exchange rate volatility; Financial variables; High-frequency components of volatility; Panel VAR estimation and simulation; Spectral analysis","","Article","Final","","Scopus","2-s2.0-84905683746"
"Lee S.","Lee, Seungyoon (57205457716)","57205457716","Monetary policy transmission over house price cycles","2025","Empirical Economics","69","6","","3183","3204","0","10.1007/s00181-025-02801-5","https://www.scopus.com/pages/publications/105013483596?origin=resultslist","This paper investigates state-dependent monetary policy transmission over house price cycles by examining consumption indicators and monetary policy measures in Korea. Monetary policy shocks are identified by adopting a recursiveness restriction in a structural vector autoregression or by orthogonalizing changes in policy rates with respect to a set of economic forecasts that policymakers refer to in their policy decision process. House price cycles are generated by transforming cyclical components of real house price indicators with a logistic function. Dynamic responses of household consumption variables to the monetary policy shocks are measured from a smooth transition local projection procedure. Consumption indicators decrease significantly in response to contractionary monetary policy shocks in a linear model that does not differentiate between cycles, and these are mainly driven by those in the low house price periods when considering asymmetric transmission across the house price cycles. © The Author(s), under exclusive licence to Springer-Verlag GmbH Germany, part of Springer Nature 2025.","House prices; Local projection; Monetary policy shocks; Monetary policy transmission; Wealth effect","South Korea; consumption behavior; household expenditure; housing market; monetary policy; price dynamics; vector autoregression","Article","Final","","Scopus","2-s2.0-105013483596"
