"Authors","Author full names","Author(s) ID","Title","Year","Source title","Volume","Issue","Art. No.","Page start","Page end","Cited by","DOI","Link","Abstract","Author Keywords","Index Keywords","Document Type","Publication Stage","Open Access","Source","EID"
"Wang X.; Liu Y.; Zhang Q.; Xin Y.; Shen L.; Xiao Y.; Song Y.; Zhang J.; Wang C.","Wang, Xinran (59228242700); Liu, Yanqi (58988613100); Zhang, Qianqian (57992560100); Xin, Yu (57881473000); Shen, Lifeng (58988326800); Xiao, Yu (58988896100); Song, Yuchen (58988326700); Zhang, Jiannan (57201690984); Wang, Changsong (57193357823)","59228242700; 58988613100; 57992560100; 57881473000; 58988326800; 58988896100; 58988326700; 57201690984; 57193357823","Triglyceride–glucose frailty index, metabolic-frailty phenotypes, and mortality in critically ill patients with acute kidney injury: Derivation, interpretation, and external validation","2026","Experimental Gerontology","224","","113291","","","0","10.1016/j.exger.2026.113291","https://www.scopus.com/pages/publications/105048273448?origin=resultslist","Background: Prognosis remains heterogeneous among critically ill patients with acute kidney injury (AKI). We evaluated the triglyceride–glucose frailty index (TyG-FI), a composite of metabolic burden and laboratory-based frailty, for mortality risk characterization, phenotype identification, prediction, and external validation. Methods: We included 2230 adults with KDIGO-defined AKI from MIMIC-IV. Associations between TyG-FI and ICU, in-hospital, 28-day, 90-day, and 365-day mortality were assessed using multivariable logistic and Cox regression, restricted cubic splines, subgroup analyses, and sensitivity analyses. Consensus clustering identified metabolic-frailty phenotypes. Twelve prediction algorithms were evaluated using a 7:3 development–test split, with SHAP and LIME for interpretation. Double machine learning was used as an exploratory robustness analysis. External model validation was performed in 1831 eICU patients, and phenotype reproducibility was assessed using independent clustering and transport of locked MIMIC-IV centroids. Results: Higher TyG-FI was independently associated with ICU mortality (OR, 1.524; 95% CI, 1.377–1.686) and 28-day mortality (HR, 1.234; 95% CI, 1.146–1.330), with consistent associations for in-hospital, 90-day, and 365-day mortality. The primary K = 2 solution identified lower-burden and high frailty–organ dysfunction phenotypes, with 28-day mortality rates of 14.4% and 31.5%. In the held-out test set, logistic regression and CatBoost achieved AUROCs of 0.764 and 0.769, respectively. In eICU, the corresponding AUROCs were 0.694 and 0.667. Independently derived eICU phenotypes had 28-day mortality rates of 11.0% and 25.5%, while transported phenotypes had rates of 10.7% and 26.2%, with 95.4% agreement. Double-machine-learning estimates remained positive across sensitivity analyses. Conclusions: TyG-FI was consistently associated with mortality and delineated a reproducible lower-burden versus high frailty–organ dysfunction phenotype structure. It may support multidimensional risk characterization in ICU-AKI, although its incremental predictive advantage over FI-Lab alone or additive formulations was limited. © 2026 The Authors. Published by Elsevier Inc. This is an open access article under the CC BY-NC-ND license. http://creativecommons.org/licenses/by-nc-nd/4.0/","Acute kidney injury; eICU; External validation; Machine learning; Metabolic-frailty phenotypes; MIMIC-IV; Mortality; TyG-FI","glucose; triacylglycerol; acute kidney failure; adult; aged; all cause mortality; area under the curve; Article; cluster analysis; cohort analysis; critically ill patient; data analysis; derivatization; diagnostic test accuracy study; disease burden; external validity; female; frailty; functional status assessment; hospitalization; human; intensive care unit; laboratory test; length of stay; logistic regression analysis; machine learning; major clinical study; male; middle aged; mortality rate; mortality risk; multivariate logistic regression analysis; prediction; probability; prognosis; proportional hazards model; receiver operating characteristic; reproducibility; retrospective study; risk assessment; sensitivity analysis; sensitivity and specificity; survival; triglyceride glucose frailty index; very elderly","Article","Final","All Open Access; Gold Open Access","Scopus","2-s2.0-105048273448"
"Gandhi M.; Chaudhari A.Y.; Mulla R.","Gandhi, Mrugank (60369534700); Chaudhari, Archana Y. (57210323135); Mulla, Rahesha (57980649000)","60369534700; 57210323135; 57980649000","Causal analysis of speed effects on energy consumption and driving range in electric cargo vehicles","2026","Energy Informatics","9","1","62","","","0","10.1186/s42162-026-00667-0","https://www.scopus.com/pages/publications/105043737405?origin=resultslist","Accurate estimation of energy consumption for EVs and the remaining driving range is crucial for effective energy management. Most existing studies on EV energy consumption estimation are based on correlation-based prediction. However, they do not offer much insight into the causal effects of the driving factors. This study presents a causal machine learning framework that considers the vehicle speed as an intervention to estimate the effect on the energy consumption and the remaining driving range of the EV. Telemetry data obtained from a Musoshi Pop-Up Mini electric cargo vehicle at different speed regimes, payload, and environmental conditions are used to evaluate the proposed framework. This involves the construction of a domain-informed directed acyclic graph for confounding identification and the implementation of Orthogonal Double Machine Learning via the integration of DoWhy and EconML LinearDML estimator for Average Treatment Effects (ATE) and Conditional Average Treatment Effects (CATE). Multiple specifications of the nuisance model and robustness checks, such as placebo refutation, subset stability, overlap checks, and regularization sensitivity, are carried out to ensure the validity of the obtained causal effects. The findings reveal a statistically stable causal relationship between vehicle speed and segment-level energy consumption, with significant heterogeneity observed depending on the operating conditions, where the effect of road slope was found to be the main moderator. The energy effects are further propagated to the remaining driving range to obtain the operational interpretation. Overall, the proposed framework reveals that causal intervention-aware modeling can produce reliable and interpretable insights for range-aware control and smart energy management in electric vehicles. © The Author(s) 2026.","Causal inference; Double machine learning; Electric vehicles; Energy consumption modelling; Remaining driving range","Electric machine control; Electric machine theory; Energy management; Energy utilization; Graph theory; Learning systems; Machine learning; Average treatment effects; Cargo vehicles; Causal inferences; Double machine learning; Driving range; Energy consumption model; Energy-consumption; Machine-learning; Remaining driving range; Vehicle speed; Electric vehicles","Article","Final","All Open Access; Gold Open Access","Scopus","2-s2.0-105043737405"
"Zhou P.; Gao Y.; Zhao P.; An K.; Ma C.; Xiong Y.; Wu D.; Chen Y.; Wu S.","Zhou, Pengzhi (59680038600); Gao, Yuan (60865587200); Zhao, Peng (60865709900); An, Kang (60865627600); Ma, Chengye (59422990400); Xiong, Ying (57199399996); Wu, Dizi (57194182523); Chen, Ying (57207353147); Wu, Shihai (57222714278)","59680038600; 60865587200; 60865709900; 60865627600; 59422990400; 57199399996; 57194182523; 57207353147; 57222714278","From Association to Causal Screening: Adjusted Effects of High-Flow and High-Wind Conditions on Pedestrian Emotional Responses in Urban Walking Environment","2026","Buildings","16","17","3394","","","0","10.3390/buildings16173394","https://www.scopus.com/pages/publications/105050223179?origin=resultslist","Urban walking spaces are shaped by both relatively stable visual–spatial features and dynamic contextual exposures, yet the independent emotional effects of these exposures remain unclear. This study develops a causal screening framework to examine the adjusted effects of high pedestrian flow and high background wind speed on pedestrian emotion. Using 9552 participant-location observations collected along a 1.0 km walking route in Changsha, China, pedestrian emotion was expressed as a baseline-referenced emotional response (BRER). Propensity-score trimming established treatment-specific overlap before applying partially linear regression, double machine learning, and causal forest estimation. High flow showed a stable negative adjusted effect with broader empirical support and some heterogeneity, whereas high wind also showed a negative estimate but was treated as exploratory because of limited independent exposure support. Overall, dynamic social and meteorological exposures may retain adjusted effects on pedestrian emotion beyond the observed visual–spatial environment, with stronger evidence for pedestrian flow. Urban walking-space design should therefore strengthen its capacity to buffer transient social and meteorological pressures. © 2026 by the authors.","causal machine learning; dynamic contextual exposures; pedestrian emotion; urban built environment","Behavioral research; Learning systems; Machine learning; Urban planning; Walking aids; Built environment; Causal machine learning; Dynamic contextual exposure; Emotional response; High flow; High winds; Machine-learning; Pedestrian emotion; Urban build environment; Visual-spatial; Wind","Article","Final","All Open Access; Gold Open Access","Scopus","2-s2.0-105050223179"
"Peng Z.; Yu B.; Bao S.; Lu W.; Chen Y.; Wang J.","Peng, Zishan (59519368800); Yu, Bo (56814092400); Bao, Shan (57687719900); Lu, Wenjie (56308706000); Chen, Yuren (57211013694); Wang, Junhua (55742773300)","59519368800; 56814092400; 57687719900; 56308706000; 57211013694; 55742773300","The state-dependent causal effect of a V2X-based beyond-line-of-sight warning system on young driver response: a causal machine learning approach","2026","Accident Analysis and Prevention","235","","108642","","","0","10.1016/j.aap.2026.108642","https://www.scopus.com/pages/publications/105043067413?origin=resultslist","Due to the perceptual challenges created by obstructed sight lines, drivers in beyond-line-of-sight (BLOS) scenarios often fail to detect hazards until insufficient stopping distance remains, making these situations particularly hazardous for young drivers with limited hazard anticipation capabilities. While vehicle-to-everything (V2X)-based warning systems offer a promising countermeasure, precisely quantifying the system effectiveness remains a challenge, as previous studies often rely on associational methods with limited ability to isolate causal effects or characterize treatment effect heterogeneity. This study aimed to apply a causal machine learning framework to estimate the effect of a V2X-based BLOS warning system on young driver response and explore potential sources of treatment effect heterogeneity in a data-driven manner. Based on data from a randomized within-subject driving simulator experiment for causal identification, double/debiased machine learning (DML) was used to estimate the average treatment effect, with the estimates further examined through robustness analyses. The analysis revealed that the BLOS warning had a positive and statistically significant effect on overall response quality. Among trials with identifiable response initiation, the warning was also associated with shorter reaction times. To explore treatment effect heterogeneity, a causal forest implemented within the DML framework was applied to estimate the conditional average treatment effects. An exploratory analysis utilizing Shapley additive explanations (SHAP) suggested that the estimated treatment effects were highly state-dependent. The heterogeneity patterns were more strongly associated with drivers’ instantaneous vehicle control states than with other variables, such as static driver characteristics. A subgroup analysis further revealed that the warning benefits were statistically reliable primarily for observations characterized by stable longitudinal control and more active steering correction behavior. These findings highlight the value of incorporating real-time vehicle control states into the design of adaptive advanced driver-assistance systems to improve warning system effectiveness. © 2026 Elsevier Ltd. All rights are reserved, including those for text and data mining, AI training, and similar technologies.","Beyond-line-of-sight; Causal machine learning; Heterogeneous treatment effect; State-dependence; Vehicle-to-everything; Young driver response","Accidents, Traffic; Automobile Driving; Computer Simulation; Humans; Machine Learning; Automobile drivers; Control system synthesis; Data mining; Driver training; Hazards; Learning systems; Machine learning; Real time systems; Vehicles; Beyond line of sight; Causal machine learning; Driver response; Heterogeneous treatment effect; Machine-learning; State dependence; State-dependent; Treatment effects; Young driver; Young driver response; adult; algorithm; Article; causal model; confirmatory factor analysis; driver; dynamics; exploratory factor analysis; female; human; kinematics; Likert scale; machine learning; male; null hypothesis; overall response score; perception; psychologic assessment; questionnaire; scoring system; sensitivity analysis; Shapley additive explanation; simulation; state dependent causal effect; therapy effect; treatment effect heterogeneity; car driving; computer simulation; prevention and control; psychology; traffic accident; Advanced driver assistance systems","Article","Final","","Scopus","2-s2.0-105043067413"
"Jiang X.; Lv G.; Burroughs A.; Li M.; Yuan J.; Lu Z.K.","Jiang, Xiangxiang (57328886200); Lv, Gang (13104639000); Burroughs, Amber (60820434800); Li, Minghui (55533379000); Yuan, Jing (57216877631); Lu, Z Kevin (59157719100)","57328886200; 13104639000; 60820434800; 55533379000; 57216877631; 59157719100","Heterogeneity in the association between antihypertensive medications and Alzheimer's disease and related dementias risk: A multidimensional machine learning analysis to inform drug repurposing","2026","Journal of Alzheimer's disease : JAD","113","1","","345","352","0","10.1177/13872877261469115","https://www.scopus.com/pages/publications/105049016298?origin=resultslist","BackgroundAlzheimer's disease and related dementias (ADRD) place an immense burden on patients, families, and health systems in the United States. Hypertension is highly prevalent in ADRD patients, and antihypertensive medications (AHMs) may confer neuroprotective benefits. However, evidence of association between AHM use and ADRD risk remains limited, especially by drug classes and across population subgroups.ObjectiveThis study aimed to evaluate the association between antihypertensive medications (AHMs) use and ADRD risk, and assess heterogeneity by drug classes and demographics.MethodsWe analyzed 2015-2019 Medicare Current Beneficiary Survey data linked with Medicare claims. ADRD was identified by International Classification of Diseases (ICD) codes, anti-dementia drug use, and survey responses. This study included AHMs from 8 classes. Double/debiased machine learning was employed, adjusting for factors from environmental, sociocultural, behavioral, and biological domains.ResultsAmong 144,788,079 weighted Medicare beneficiaries, 75.44% used AHMs. Overall, AHM use was associated with a 5% reduction in ADRD risk (Effect: 0.95; 95% CI: 0.94-0.95). Heterogeneity in protective effects was observed for most AHM classes, except vasodilators and centrally acting alpha-adrenergic agonists, which were linked to increased ADRD risk (p < 0.001). Disparities were found across age and sex groups, with greater effects in older adults, and were observed for all racial and ethnic groups (p < 0.05) except Hispanics.ConclusionsThis study found that AHM use was associated with reduced ADRD risk, with notable heterogeneity across subgroups, highlighting the importance of integrating hypertension care into cognitive health to develop equitable and personalized strategies.","Alzheimer's disease and related dementias; antihypertensive medications; disparities; double/debiased machine learning; Medicare Current Beneficiary Survey","Aged; Aged, 80 and over; Alzheimer Disease; Antihypertensive Agents; Dementia; Drug Repositioning; Female; Humans; Hypertension; Machine Learning; Male; Medicare; Risk Factors; United States; antihypertensive agent; aged; Alzheimer disease; classification; dementia; drug repositioning; drug therapy; epidemiology; female; human; hypertension; machine learning; male; medicare; risk factor; United States; very elderly","Article","Final","","Scopus","2-s2.0-105049016298"
"Kong X.; Chen B.; Wang W.; Wang R.","Kong, Xiangxi (57222489593); Chen, Binger (59249965700); Wang, Wenji (58563187300); Wang, Rui (60607836400)","57222489593; 59249965700; 58563187300; 60607836400","Diverse corporate culture, supply chain finance and innovation resilience: New evidence from firm-level data","2026","International Review of Financial Analysis","118","","105360","","","0","10.1016/j.irfa.2026.105360","https://www.scopus.com/pages/publications/105047996448?origin=resultslist","Using firm-level data from 2008 to 2022, this paper measures the innovation resilience of Chinese A-share listed firms and, on this basis, employs multiple linear regression models and a double machine learning framework to examine the relationships between multiple dimensions of corporate culture (integrity, innovation, cooperation, and competition), supply chain finance (SCF), and innovation resilience. The results show that integrity culture, innovation culture, cooperative culture, and competitive culture are all significantly positively associated with firms' innovation resilience. Mechanism analysis based on the main fixed-effects specification indicates that the four cultural dimensions are positively related to SCF, and SCF is positively related to innovation resilience. Further heterogeneity analysis reveals that under low market competition, innovation culture, cooperative culture, and competitive culture have positive effects. Integrity culture is insignificant. Under high market competition, integrity culture, innovation culture, and cooperative culture have positive effects. Competitive culture is insignificant. From the perspective of the corporate life cycle, integrity culture, innovation culture, and cooperative culture are significant during the introduction stage. Innovation culture and competitive culture are significant during the growth stage. Only integrity culture remains significant in the maturity and decline stages. In the exit stage, none of the four cultural dimensions is significant. Among firms certified under ISO 9001, only innovation culture has a significant positive effect. Among non-certified firms, all four types of culture exhibit positive effects. The study further finds that extreme events induce fluctuations in innovation resilience, and that the 2008 global financial crisis, the 2015 A-share market crash, and the COVID-19 pandemic are associated with different patterns of changes in innovation resilience. Overall, the findings enrich the typological analysis of the impact of corporate culture on firms' innovation resilience and provide more targeted recommendations for cultivating innovation resilience at the firm level. Copyright © 2026. Published by Elsevier Inc.","Diverse corporate culture; Double machine learning; Innovation resilience; Supply chain finance","","Article","Final","","Scopus","2-s2.0-105047996448"
"Huang R.; Liu X.; Tian J.; Liu C.; Wang S.; Zhang Q.","Huang, Renquan (57265076700); Liu, Xiao (60368950200); Tian, Jing (57979683200); Liu, Chenbo (60369353500); Wang, Shuyan (60369353600); Zhang, Qingyun (60369755300)","57265076700; 60368950200; 57979683200; 60369353500; 60369353600; 60369755300","Sci-Tech finance efficiency promotes the construction of a modernized industrial system evidence from double machine learning","2026","Scientific Reports","16","1","4800","","","1","10.1038/s41598-026-35019-1","https://www.scopus.com/pages/publications/105029238536?origin=resultslist","Promoting a virtuous cycle among science, technology, finance, and industry is essential for advancing a modernized industrial system. Using provincial panel data from China spanning 2010–2023, this study applies a Double Machine Learning framework to investigate the causal impact of Sci-Tech finance efficiency (STFE) on the construction of a modernized industrial system(CMIS) and to uncover its internal mechanisms. The empirical results demonstrate that higher STFE significantly promotes industrial modernization by enhancing structural upgrading and innovation capacity. Mechanism analysis further reveals that STFE accelerates the transformation of scientific and technological achievements, strengthens the integration between digital technologies and the real economy, and optimizes the allocation of key production factors—including capital, talent, and technology. These mechanisms collectively foster the coordinated upgrading of industrial systems. Moreover, the heterogeneity analysis shows that the positive impact of STFE is more pronounced in regions with stronger economic foundations, higher degrees of marketization, and lower fiscal constraints, highlighting regional disparities in policy effectiveness. Overall, this study extends the theoretical understanding of the finance–technology–industry nexus under the DML framework and provides actionable insights for promoting regional coordination and differentiated policy design in the process of industrial modernization. © The Author(s) 2026.","Double machine learning; Modernized industrial system; Sci-Tech finance efficiency; Transformation of scientific and technological achievements","article; controlled study; digital technology; economic aspect; finance; human; machine learning; productivity; tight junction","Article","Final","All Open Access; Gold Open Access; Green Open Access","Scopus","2-s2.0-105029238536"
"Gan H.","Gan, Hanyu (60861784300)","60861784300","From Catch-Up to Frontier Leadership: How Digital Transformation Drives Breakthroughs in Critical Core Technologies","2026","Proceedings of 2026 7th International Conference on Computer Information and Big Data Applications, CIBDA 2026","","","","1899","1904","0","10.1145/3813822.3814126","https://www.scopus.com/pages/publications/105050182306?origin=resultslist","Digital transformation is widely regarded as a key driver of firm innovation, yet whether it facilitates breakthroughs in critical core technologies remains unclear. Using panel data of Chinese A-share listed firms from 2014 to 2023, this study examines the causal effect of digital transformation on breakthrough innovation measured by a patent-based index. A firm-level digital transformation indicator is constructed through large-scale textual analysis of annual reports. To address endogeneity and high-dimensional confounding, we employ a double machine learning framework combined with an artificial neural network instrumental variable approach [3]. The results show that digital transformation significantly promotes breakthroughs in critical core technologies. Mechanism analyses indicate that this effect operates through improved resource allocation efficiency and an upgraded human capital structure. Heterogeneity analyses further reveal stronger effects among non-state-owned firms and firms operating in regions with more developed digital infrastructure. These findings provide empirical evidence on how data-driven transformation supports frontier technological innovation. © 2026 Copyright held by the owner/author(s).","Breakthrough innovation; Critical core technologies; Digital transformation; Double machine learning; Patent-based innovation","Information management; Information use; Learning systems; Machine learning; Metadata; Breakthrough innovations; Core technology; Critical core technology; Digital transformation; Double machine learning; Firm innovation; Large-scales; Machine-learning; Panel data; Patent-based innovation; Neural networks; Patents and inventions","Conference paper","Final","All Open Access; Gold Open Access","Scopus","2-s2.0-105050182306"
"Hu J.; Chen Y.; Wang J.; Ai X.","Hu, Jiang (57225128023); Chen, Yu (60815163400); Wang, Jiayue (60633408600); Ai, Xinyu (60633115000)","57225128023; 60815163400; 60633408600; 60633115000","Digital Transformation and Supply Chain Resilience in Electric Vehicle Manufacturing Firms: Evidence from China","2026","World Electric Vehicle Journal","17","8","382","","","0","10.3390/wevj17080382","https://www.scopus.com/pages/publications/105048684122?origin=resultslist","Electric vehicle manufacturing firms face increasing supply chain vulnerability due to component shortages, technological interdependence, raw material volatility, and demand uncertainty. This study aims to examine whether digital transformation can be translated into a resilience-building capability and to identify the transmission channels. Using panel data from Chinese A-share listed electric vehicle manufacturing firms from 2014 to 2023, we employ a double machine learning framework to estimate the relationship between digital transformation and supply chain resilience while accounting for high-dimensional firm-level controls. The results show that digital transformation is positively associated with supply chain resilience. This finding remains robust across alternative sample-splitting ratios, different machine learning algorithms, alternative winsorization thresholds, and sample restrictions. It also holds after addressing potential endogeneity using instrumental variable estimation. Mechanism tests indicate that digital transformation contributes to resilience by promoting technological innovation and reducing managerial transaction costs. Heterogeneity analysis further shows that the effect is more pronounced among firms with stronger market positions, larger firms, and vehicle manufacturers. These findings suggest that digital transformation is not merely a tool for operational upgrading but also an important organizational capability for strengthening supply chain resilience in electric vehicle manufacturing. © 2026 by the authors.","digital transformation; double machine learning; electric vehicle manufacturing firms; managerial transaction costs; supply chain resilience; technological innovation","Electric machine control; Electric vehicles; Learning systems; Machine learning; Supply chains; Digital transformation; Double machine learning; Electric vehicle manufacturing firm; Machine-learning; Managerial transaction cost; Manufacturing firms; Supply chain resiliences; Technological innovation; Transaction cost; Vehicle manufacturing; Learning algorithms; Metadata","Article","Final","All Open Access; Gold Open Access","Scopus","2-s2.0-105048684122"
"Li J.; Guo F.; Yang W.; Guo Y.; Chen Y.","Li, Jingyang (58119764100); Guo, Fengxiang (51061205900); Yang, Wenchen (24340311700); Guo, Yanyong (7406309912); Chen, Yuguang (35145211700)","58119764100; 51061205900; 24340311700; 7406309912; 35145211700","Investigating heterogeneous human factor effects on crash severity: A counterfactual study in mountainous freeways","2026","Accident Analysis and Prevention","234","","108597","","","0","10.1016/j.aap.2026.108597","https://www.scopus.com/pages/publications/105040697141?origin=resultslist","Accurately estimating the causal effect of human factors on crash severity in mountainous freeways is pivotal for developing effective safety strategies. Although previous studies have investigated human factors, they typically focus on estimating average effects under specific conditions, often conflating statistical correlations with causal relationships. Consequently, the underlying causal mechanisms in freeway crashes remain unclear. To address this limitation, this study proposes a dynamic weighted double machine learning framework that integrates LightGBM and XGBoost models to estimate confounder-outcome and treatment-outcome relationships. By optimizing model weights and using non-human-caused crashes as a control group, the effects of five human factors are isolated through counterfactual reasoning. The heterogeneous treatment effects of human factors on crash severity are quantified, and causal relationships are analyzed across variables such as weather, slope, truck traffic volume, and vehicle type. The results reveal significant heterogeneity in crash severity attributable to human factors compared to non-human factors. Inadequate safety distance often co-occurs with other high-risk conditions, amplifying crash severity. Reversing behavior is particularly sensitive to weather conditions. The causal pathways of distracted or fatigued driving and driving in the wrong lane are influenced by daily truck traffic volume and road slope. Additionally, interactions between slope and vehicle type significantly affect the severity of overloaded crashes. These findings underscore the need for targeted interventions addressing specific human factors in high-risk scenarios. Consequently, enforcement against reversing and overloading on steep slopes with high truck volume should be intensified, and heavy trucks should be restricted to right lanes on high-risk segments. © 2026 Elsevier Ltd. All rights are reserved, including those for text and data mining, AI training, and similar technologies.","Causal inference; Double machine learning; Heterogeneous treatment effect; Human factor; Traffic crash","Accidents, Traffic; Automobile Driving; Boosting Machine Learning Algorithms; Causality; Environment Design; Humans; Machine Learning; Risk Factors; Weather; Highway accidents; Highway systems; Human engineering; Learning systems; Machine learning; Mine trucks; Causal inferences; Condition; Counterfactuals; Crash severity; Double machine learning; Heterogeneous treatment effect; Machine-learning; Mountainous freeway; Traffic crashes; Treatment effects; adult; article; controlled study; data mining; human; machine learning; nonhuman; normal human; therapy effect; treatment effect heterogeneity; weather; boosting machine learning algorithm; car driving; causality; environmental planning; machine learning; risk factor; traffic accident; Risk perception","Article","Final","","Scopus","2-s2.0-105040697141"
"Berrill P.; Nachtigall F.; Creutzig F.","Berrill, Peter (57090990900); Nachtigall, Florian (58148713300); Creutzig, Felix (23995215600)","57090990900; 58148713300; 23995215600","Quantifying the CO₂ mitigation potential from sustainable urban planning in European cities","2026","Sustainable Production and Consumption","67","","","221","236","0","10.1016/j.spc.2026.07.006","https://www.scopus.com/pages/publications/105044288332?origin=resultslist","Substantial research demonstrates links between urban form and energy demand, activity levels, or environmental impacts from buildings and transport. The potential for an ‘urban mitigation wedge’ to reduce greenhouse gases emissions from these sectors through sustainable urban planning is often suggested but rarely quantified using spatially explicit activity. Here we gather data of urban form and residential and mobility activity and emissions for 1318 postcodes in 13 cities in Germany and France. Using a double machine learning model (DML), we estimate treatment effects of single-family share and population density on car and transit travel. We combine the DML with a spatially explicit building stock model to simulate scenarios of urban development to 2050 and estimate CO2 emissions from construction, residential energy and passenger mobility. Mobility emissions are more sensitive to urban form than residential emissions. Over a 32-year horizon (2018–2050) restricting urban development to urban centres with all multifamily housing can reduce per-capita CO2 emissions by 2%, 8%, and 16% on average in cities with low, moderate, and high population growth, respectively. Ceasing new construction entirely leads to even lower emission trajectories and keeps per-capita floorspace above decent living standards, but risks increasing housing affordability problems without complementary mitigation measures. Our novel approach to estimating future emissions from building and transport in an integrated manner holds potential for improved modelling of emissions scenarios considering urban change. © 2026 The Authors","Building stock modelling; Climate change mitigation; Compact development; Double machine learning; Urban form","Environmental impact; Greenhouse gases; Housing; Learning systems; Machine learning; Population statistics; Sustainable development; Urban growth; Urban transportation; Building stock modeling; Building stocks; Climate change mitigation; Compact development; Double machine learning; Machine learning models; Machine-learning; Spatially explicit; Stock models; Urban form; Carbon dioxide","Article","Final","All Open Access; Hybrid Gold Open Access","Scopus","2-s2.0-105044288332"
"Domínguez-Miranda S.A.; Rodríguez-Aguilar R.; Velazquez-Salazar M.","Domínguez-Miranda, Sergio Arturo (58655553700); Rodríguez-Aguilar, Roman (56717663000); Velazquez-Salazar, Marisol (57221855410)","58655553700; 56717663000; 57221855410","Estimating Conditional Labor Productivity Penalties from Non-Communicable Diseases Using Double Machine Learning: Evidence from Mexican Household Data","2026","Applied Sciences (Switzerland)","16","15","7621","","","0","10.3390/app16157621","https://www.scopus.com/pages/publications/105046989931?origin=resultslist","Non-communicable diseases (NCDs) represent a growing challenge for developing countries, as they are among the leading causes of morbidity and mortality within the working-age population. Beyond their effects on health outcomes, NCDs are associated with reductions in labor productivity, which may influence long-term development dynamics through human capital. This study estimates the conditional labor productivity penalty associated with Non-Communicable Diseases (NCDs) among employed workers in Mexico using an observational high-dimensional framework. By addressing high-dimensional confounding under the Conditional Independence Assumption (CIA), the analysis isolates the relationship between NCD status and hourly labor earnings. Using microdata from the Mexican National Survey of Household Income and Expenditure, labor productivity is defined as the ratio of labor income to hours worked. To obtain robust causal estimates, a Double Machine Learning (DML) framework is implemented, integrating regularized regression and machine learning algorithms to control for high-dimensional confounding factors. These covariates include socioeconomic, demographic, and health-related variables, allowing for flexible adjustment of observable heterogeneity across individuals. The empirical findings demonstrate a statistically significant conditional negative penalty of −11.44% (p = 1.03 × 10−11, 95% CI: [−14.59, −8.40]) on hourly labor earnings under the cross-fitted DML specification using XGBoost and Random Forest. To resolve an observational measurement artifact where chronic individuals report artificially inflated hourly wages due to severe hours contraction, a presenteeism adjustment factor ((Formula presented.)) was calibrated. Incorporating this presenteeism correction, the aggregate national economic burden among the employed population is estimated at approximately 496.82 billion pesos annually. The findings suggest that NCDs constitute a relevant constraint on labor productivity at the microeconomic level. The study highlights the importance of prevention-oriented health strategies, workplace health promotion, and early disease management. From a methodological perspective, the results illustrate the usefulness of Double Machine Learning for purging high-dimensional confounding in cross-sectional survey data, providing robust conditional empirical benchmarks for public health policy. © 2026 by the authors.","causal inference; double machine learning; health habits; health outcomes; human capital; labor productivity; Mexico; non-communicable diseases","Economic analysis; Employment; Information management; Learning systems; Machine learning; Occupational diseases; Population statistics; Sales; Wages; Causal inferences; Double machine learning; Health habit; Health outcomes; High-dimensional; Human capitals; Labour productivities; Machine-learning; Me-xico; Non-communicable disease; adult; algorithm; Article; cardiovascular disease; diabetes mellitus; economic aspect; female; health outcome; household income; human; labor; learning algorithm; machine learning; major clinical study; male; Mexican; mortality; non communicable disease; obesity; presenteeism; public health; random forest; risk factor; sensitivity analysis; workplace; Learning algorithms","Article","Final","All Open Access; Gold Open Access","Scopus","2-s2.0-105046989931"
"Guo B.; Li M.","Guo, Bingnan (56049919600); Li, Mengyu (59447474200)","56049919600; 59447474200","Research on the Impact of New-Generation Artificial Intelligence on Innovation Quality of Manufacturing Enterprises: An Empirical Analysis Based on Double Machine Learning","2026","Sustainability (Switzerland)","18","17","8876","","","0","10.3390/su18178876","https://www.scopus.com/pages/publications/105050345369?origin=resultslist","Driven by the strategies of high-quality development and manufacturing transformation and upgrading, China’s economy is gradually shifting to an innovation-driven growth model. Empowering firms to lift innovation quality through new-generation artificial intelligence has become a core priority for industrial development and policy support. This paper adopts unbalanced panel data of A-share listed manufacturing firms from 2012 to 2023 and employs the Double Machine Learning model to systematically investigate the impact and transmission mechanisms of new-generation artificial intelligence on manufacturing firms’ innovation quality. The results reveal that new-generation artificial intelligence can significantly boost manufacturing firms’ innovation quality, and this core conclusion remains valid after a series of robustness tests. Mechanism verification confirms that new-generation artificial intelligence promotes the upgrading of firms’ human capital structure, deepens firms’ digital transformation, and raises firms’ R&D investment intensity. These three channels work synergistically to indirectly empower the upgrading of firms’ innovation quality. Heterogeneity analysis verifies that the innovation quality improvement effect of new-generation artificial intelligence exhibits prominent stratified differences across regions, industrial sectors, and environmental regulatory scenarios. Specifically, the empowerment effect of new-generation artificial intelligence (GAI) is significantly stronger for samples from environmental pilot cities, Southern Coastal, Eastern Coastal, and Northern Coastal regions, as well as high-tech manufacturing firms. In contrast, its positive driving effect is weak or insignificant for samples in the middle reaches of the Yellow River and Northwest China, along with non-high-tech industries. This paper improves the theoretical analytical framework for artificial intelligence empowering micro-firm innovation and enriches relevant research on digital technologies and corporate innovation. It provides a theoretical basis and practical implications for China’s manufacturing sector to break through innovation bottlenecks via intelligent technologies and achieve comprehensive high-quality innovative development across the manufacturing industry. © 2026 by the authors.","double machine learning; innovation quality; manufacturing firms; new-generation artificial intelligence; transmission mechanisms","China; Yellow River; analytical framework; empirical analysis; human capital; industrial development; industrial investment; industrial policy; innovation; machine learning; manufacturing","Article","Final","All Open Access; Gold Open Access","Scopus","2-s2.0-105050345369"
"Liu J.; Yang Z.","Liu, Junxian (57207938906); Yang, Zixuan (59485746500)","57207938906; 59485746500","Does supply chain digital intelligence improve corporate energy efficiency? Empirical evidence from machine learning","2026","International Review of Economics and Finance","110","","105517","","","3","10.1016/j.iref.2026.105517","https://www.scopus.com/pages/publications/105042576105?origin=resultslist","In the context of the synergistic development of digitization and green development, exploring whether supply chain digital intelligence can improve corporate energy efficiency is of great importance. In this paper, we employ a double machine learning model to investigate the impact of supply chain digital intelligence on corporate energy efficiency and its potential mechanisms, based on panel data of Chinese A-share listed companies from 2012 to 2023. The findings indicate that the digital and intelligent transformation of supply chains improves corporate energy efficiency, and this conclusion remains robust even after a series of robustness tests. Further, heterogeneity analysis reveals that the efficiency improvement effect of supply chain digital intelligence is more significant under high environmental uncertainty, especially for non-state-owned firms, heavily polluting firms, and firms with higher risk-taking levels. Finally, the mechanism test finds that supply chain digital intelligence improves energy efficiency by enhancing specialization, promoting technological innovation, and reducing supply chain concentration. This paper provides empirical evidence and practical insights for exploring the low-carbon effects of the digital intelligence transformation of supply chains. © 2026 The Authors.","Corporate energy efficiency; Green and low-carbon development; Machine learning; Supply chain digital intelligence","","Article","Final","All Open Access; Gold Open Access","Scopus","2-s2.0-105042576105"
"Fu G.","Fu, Gaoyuan (60808749200)","60808749200","Causal inference-integrated temporal graph convolutional networks for dynamic prediction and optimization of enterprise total factor productivity","2026","Scientific Reports","16","1","26860","","","0","10.1038/s41598-026-57633-9","https://www.scopus.com/pages/publications/105048464757?origin=resultslist","Total factor productivity (TFP) serves as a critical indicator for measuring enterprise efficiency and technological progress. However, existing prediction methods often fail to distinguish genuine causal mechanisms from spurious correlations while neglecting inter-enterprise network dependencies. This study proposes a Causal-Temporal Graph Convolutional Network (CT-GCN) that integrates causal inference techniques with temporal graph convolutional networks for dynamic TFP prediction and optimization. The framework employs the Levinsohn-Petrin method for TFP estimation, double machine learning for causal effect identification, and constructs enterprise relationship graphs capturing supply chain linkages, geographic proximity, and technological similarity. Using panel data from 12,847 Chinese manufacturing enterprises spanning 2008–2022, empirical results demonstrate that CT-GCN achieves substantial prediction improvements over baseline models, with RMSE reductions exceeding 19%. The causal analysis identifies R&D investment, digital transformation, and human capital as genuine productivity drivers, with significant treatment effect heterogeneity across industry sectors, firm sizes, and regions. An optimization decision mechanism translates these insights into differentiated strategic recommendations. This research contributes a novel methodology bridging causal reasoning and deep learning for economic forecasting applications. © The Author(s) 2026.","Causal inference; Double machine learning; Enterprise prediction; Optimization decision; Temporal graph convolutional network; Total factor productivity","article; causal reasoning; cohort analysis; controlled study; deep learning; diagnosis; diagnostic test accuracy study; digital transformation; economic forecasting; female; human; machine learning; major clinical study; male; pharmacology; prediction; root mean squared error; treatment effect heterogeneity; adult","Article","Final","All Open Access; Gold Open Access; Green Open Access","Scopus","2-s2.0-105048464757"
"Pham T.T.","Pham, Thuy Tu (59505535800)","59505535800","Integrating structural and machine learning approaches to assess bank stability through the enabling buffer channel","2026","Discover Sustainability","7","1","1072","","","0","10.1007/s43621-026-03492-3","https://www.scopus.com/pages/publications/105045257231?origin=resultslist","Purpose: This study examines how global economic policy uncertainty (GEPU) transmits through banking systems and how institutional and financial buffers jointly determine their resilience. It introduces the “Enabling Buffer Channel” (EBC) framework, which highlights the complementarity between institutional quality and prudential buffers in shaping systemic stability. By improving understanding of how institutions and capital buffers interact to sustain financial resilience, the study contributes to the United Nations Sustainable Development Goals (SDGs), particularly SDG 8 (Decent Work and Economic Growth), SDG 9 (Industry, Innovation and Infrastructure), and SDG 16 (Peace, Justice and Strong Institutions), thereby enhancing sustainable financial systems. Design/methodology/approach: A two-stage structural–machine learning framework integrating Panel VAR (PVAR) and Double Machine Learning (DML) is employed on a dataset of 91 countries from 2008 to 2023. In the first stage, XGBoost-based counterfactual simulations estimate the causal “damage” of GEPU shocks on non-performing loans (NPL) and return on assets (ROA). In the second stage, Causal Forests within the DML framework quantify heterogeneity in shock absorption as a function of institutional quality (EQ), capitalization (CAP), and liquidity (LIQ). Findings: Results reveal that GEPU shocks adversely affect banking performance, with effects concentrated in low- and middle-income economies. Both institutional and financial buffers mitigate these effects, but the stabilizing role of CAP and LIQ becomes statistically significant only under strong institutional conditions, providing empirical evidence consistent with the EBC hypothesis. Institutional strength is associated with stronger effectiveness of financial buffers in stabilizing banking outcomes, thereby fostering more resilient and sustainable financial systems aligned with the SDGs. Practical implications: The findings underscore that prudential policies are not universally effective; their success depends on the institutional environment. Context-sensitive regulatory frameworks are essential for enhancing resilience under global uncertainty. Originality/value: This study is among the first to integrate structural modeling and causal machine learning to empirically identify institutional–financial complementarity, advancing a new paradigm for understanding global banking stability. © The Author(s) 2026.","Capital buffers; Causal inference; Double machine learning; Financial stability; Global economic policy uncertainty; Institutional quality; Sustainable development","banking; capital; economic policy; global economy; machine learning; sustainable development","Article","Final","All Open Access; Gold Open Access","Scopus","2-s2.0-105045257231"
"Kiltz U.; Glassen T.; Brandt-Juergens J.; Kiss F.; Peterlik D.; Gmeiner B.","Kiltz, Uta (16067018800); Glassen, Thomas (60320987600); Brandt-Juergens, Jan (57575358500); Kiss, Ferenc (60321346000); Peterlik, Daniel (60586712700); Gmeiner, Benjamin (56985721900)","16067018800; 60320987600; 57575358500; 60321346000; 60586712700; 56985721900","Using causal machine learning and real world data to improve dose response decision making for secukinumab in psoriatic arthritis","2026","Scientific Reports","16","1","12186","","","0","10.1038/s41598-026-47976-8","https://www.scopus.com/pages/publications/105035718120?origin=resultslist","Personalized treatment in psoriatic arthritis (PsA) remains challenging, particularly in guiding dose escalation decisions. We applied a causal machine learning framework to real-world data from the AQUILA study to evaluate the impact of secukinumab dose escalation (150 mg to 300 mg) on disease activity and health-related quality of life (HR-QoL). Using double machine learning, we estimated both average and patient-level conditional treatment effects (CATEs) based on 42 baseline variables, including demographics, laboratory values, disease activity, HR-QoL, comorbidities, and prior treatments. 41.4% of patients receiving the higher dose showed greater improvement in Psoriatic Arthritis Impact of Disease (PsAID) scores compared to the lower dose (mean reduction: 1.81 vs. 1.44). Subgroup analysis revealed a 28% HR-QoL gain in patients with elevated body mass index (BMI) or C-reactive protein (CRP). The model predicted that approximately 75% of patients would benefit from dose escalation. These findings demonstrate the utility and scalability of causal machine learning for quantifying individualized treatment effects and guiding personalized treatment decisions in PsA. The approach is transferable to other chronic conditions, supporting more precise, data-driven care in real-world clinical settings. © The Author(s) 2026.","","Adult; Aged; Antibodies, Monoclonal, Humanized; Arthritis, Psoriatic; Dose-Response Relationship, Drug; Female; Humans; Machine Learning; Male; Middle Aged; Quality of Life; Treatment Outcome; monoclonal antibody; secukinumab; adult; aged; dose response; drug therapy; female; human; machine learning; male; middle aged; psoriatic arthritis; quality of life; treatment outcome","Article","Final","All Open Access; Gold Open Access; Green Open Access","Scopus","2-s2.0-105035718120"
"Sun S.; Wan S.; Kuang X.; Liang S.","Sun, Shuo (60593966900); Wan, Shichao (60594114100); Kuang, Xiaoping (60593367500); Liang, Siyuan (58663986000)","60593966900; 60594114100; 60593367500; 58663986000","How local governments covertly transfer fiscal burdens: Tax reduction policies and excess employment in Chinese state-owned enterprises","2026","International Review of Economics and Finance","110","","105583","","","0","10.1016/j.iref.2026.105583","https://www.scopus.com/pages/publications/105043646188?origin=resultslist","This paper investigates how China's local governments leverage their controlled state-owned enterprises (SOEs) for fiscal relief during economic stress, using comprehensive data on listed SOEs from 2014 to 2023. Leveraging the 2017 Value-added Tax (VAT) reduction as a policy shock alongside intensity difference-in-differences (DID) and double machine learning (DML) approaches, we find that fiscally constrained local governments systematically transfer mandatory employment burdens to their SOEs. This off-budget fiscal strategy allows them to circumvent direct budget adjustments. Furthermore, although governments attempt to compensate SOEs through cost-effective measures like preferential procurement, these burden-shifting practices still significantly undermine the productive efficiency of the affected firms. Ultimately, this study demonstrates how political legacies from the planned economy transition continue to shape contemporary fiscal strategies. By revealing SOEs as tools for government intervention rather than fully market-driven entities, our findings offer critical policy implications for optimizing government-enterprise relations and enhancing SOE governance in unitary state systems. © 2026 The Authors.","Enterprise excess employment; Fiscal stress; Government-enterprise relations; Local SOE","","Article","Final","All Open Access; Gold Open Access","Scopus","2-s2.0-105043646188"
"Yue D.; Zhao K.; Qiu G.","Yue, Dazhi (58571445400); Zhao, Kai (56208957000); Qiu, Guozhang (60705979100)","58571445400; 56208957000; 60705979100","Supply chain innovation pilot policy and firms' new quality productive forces: Empirical evidence from double machine learning","2026","International Review of Economics and Finance","110","","105557","","","1","10.1016/j.iref.2026.105557","https://www.scopus.com/pages/publications/105042660738?origin=resultslist","Against the global backdrop of digital transformation and qualitative productivity upgrading, China's Pilot Policy on Supply Chain Innovation and Application represents a major institutional initiative to advance supply chain modernization. While the cultivation of New Quality Productive Forces (NQPF) has become the core driver of sustainable enterprise growth, existing literature has not rigorously disentangled the causal relationship between national supply chain policies and firm-level NQPF, nor has it addressed key empirical challenges including high-dimensional covariate processing, non-linear relationship identification, and omitted variable bias. To fill this gap, this study examines the causal effect of the supply chain pilot policy on firms' NQPF using the Double Machine Learning (DML) method and a sample of 33,892 firm-year observations from Chinese A-share listed companies over the period 2013–2023. We find that the pilot policy exerts a significant and robust positive effect on firms' NQPF, and this finding holds after addressing potential endogeneity via instrumental variable estimation and a comprehensive set of robustness tests. In particular, we identify two core mediating transmission channels: alleviating corporate financing constraints to ease capital bottlenecks for innovation investment, and enhancing knowledge creation capabilities to boost R&D efficiency and technological transformation. This study enriches the literature on supply chain policy evaluation and the micro-foundations of qualitative productivity growth, and provides actionable empirical evidence for optimizing supply chain innovation policies worldwide. © 2026 The Authors.","Double machine learning (DML); Financing constraints; Knowledge creation capability; New quality productive forces; Supply chain innovation pilot policy","","Article","Final","All Open Access; Gold Open Access","Scopus","2-s2.0-105042660738"
"Balakrishnan S.; Kennedy E.; Wasserman L.","Balakrishnan, Sivaraman (35069023500); Kennedy, Edward (47962088600); Wasserman, Larry (57191231290)","35069023500; 47962088600; 57191231290","The Fundamental Limits of Structure-Agnostic Functional Estimation","2026","Statistical Science","41","3","","659","670","2","10.1214/25-STS997","https://www.scopus.com/pages/publications/105046267937?origin=resultslist","Many recent developments in causal inference, and functional estimation problems more generally, have been motivated by the fact that classical one-step (first-order) debiasing methods, or their more recent sample-split double machine-learning avatars, can outperform plug-in estimators under surprisingly weak conditions. These first-order corrections improve on plug-in estimators in a black-box fashion, and consequently are often used in conjunction with powerful off-the-shelf estimation methods. On the other hand, these first-order methods are provably suboptimal in a minimax sense for functional estimation when the nuisance functions live in Hölder-type function spaces. This suboptimality of first-order debiasing has motivated the development of “higher-order” debiasing methods. The resulting estimators are, in some cases, provably optimal over Hölder-type spaces, but in sharp contrast to first-order estimators, both the estimators which are minimax-optimal and their analyses are crucially tied to properties of the underlying function space. Along a similar vein, some work has considered √(n)-consistent estimation of causal effects under weaker conditions than those required by first-order methods, once again relying on higher-order debiasing. More recent work in this area has focused on attempting to weaken the dependence of these higher-order estimators on the underlying nuisance function spaces, to make the resulting estimators and theory more robust. A central focus has been to try to make higher-order methods compatible with black-box nuisance estimators. In this paper, we investigate the fundamental limits of structure-agnostic functional estimation, where relatively weak conditions are placed on the underlying nuisance functions. We show that there is a strong sense in which existing first-order methods are optimal. Particularly, we show that for several canonical integral functionals of interest it is impossible to improve on first-order estimators without making further, strong structural assumptions. We achieve this goal by providing a formalization of the problem of functional estimation with black-box nuisance function estimates, and deriving minimax lower bounds for this problem. Our results highlight some clear trade-offs in functional estimation—if we wish to remain agnostic to the underlying nuisance function spaces, impose only high-level rate conditions, and maintain compatibility with black-box nuisance estimators then first-order methods are optimal. When we have a better understanding of the structure of the underlying nuisance functions then carefully constructed higher-order estimators can outperform first-order estimators. © Institute of Mathematical Statistics, 2026","causal inference; double machine learning; Functional estimation","","Article","Final","All Open Access; Green Open Access","Scopus","2-s2.0-105046267937"
"Tang B.-J.; Xu P.-Y.; Li R.; Wang C.-Z.","Tang, Bao-Jun (55327419900); Xu, Pei-Yun (58323762100); Li, Ru (57190380137); Wang, Chong-Zhou (60377022000)","55327419900; 58323762100; 57190380137; 60377022000","Cross-provincial electricity allocation and regional energy development: Evidence from China's ultra-high voltage grid expansion","2026","Utilities Policy","103","","102308","","","0","10.1016/j.jup.2026.102308","https://www.scopus.com/pages/publications/105047661163?origin=resultslist","Cross-provincial electricity allocation has expanded in China to address the spatial mismatch between clean power supply and demand. However, its effectiveness depends not only on infrastructure deployment but also on operational coordination and grid utilization across provincial boundaries. Whether such inter-provincial power accessibility improves regional energy development and reshapes spatial interactions is therefore policy-critical for electricity infrastructure governance. Using ultra-high voltage commissioning as an indicator of cross-provincial transmission connectivity and allocation capacity, we employ a Double Machine Learning framework coupled with causal mediation analysis to estimate the impact and heterogeneity of cross-provincial allocation on provincial energy development from 2012 to 2022, measured by a High-Quality Energy Development (HQED) index. To capture spatial interactions, we construct a grid-enhanced spatial weight matrix that integrates interprovincial grid topology with geographic proximity, thereby tracing the structural evolution of the national energy network. Our empirical evidence reveals that cross-provincial allocation exerts a robust positive effect on regional energy development, with greater gains in regions with transmission hub functions and a larger point estimate for less-developed provinces. Mechanism analysis identifies electrification as the most important positive pathway, while also showing that these gains depend on the stringency of total energy consumption constraints. Furthermore, cross-provincial allocation is associated with stronger topology-based spatial linkages in energy technology development, necessitating a paradigm shift in governance from localized, proximity-based coordination toward a nationally integrated framework anchored in topological connectivity. Our findings offer transferable evidence for reducing institutional barriers and strengthening spatial coordination in infrastructure-enabled low-carbon energy transitions. © 2026 Published by Elsevier Ltd.","Causal mediation effect; Cross-provincial electricity allocation; Double machine learning; Regional energy development; Spatiotemporal evolution","China; Demand response; Economics; Electric power system interconnection; Electric utilities; Energy development; Energy transition; Energy utilization; Expansion; Machine learning; Transmissions; Causal mediation effect; Cross-provincial electricity allocation; Double machine learning; Energy development; High voltage grid; Machine-learning; Regional energy development; Spatial interaction; Spatiotemporal evolution; Ultra high voltage; electricity supply; energy use; infrastructural development; machine learning; Topology","Article","Final","All Open Access; Hybrid Gold Open Access","Scopus","2-s2.0-105047661163"
"Dong Y.; Guan S.; Dong W.; An Q.; Jiang R.; Hu H.","Dong, Yu (41761203400); Guan, Shengyu (58513183200); Dong, Wei (57198833524); An, Qi (58018000400); Jiang, Runsheng (59748480700); Hu, Haihui (57705573100)","41761203400; 58513183200; 57198833524; 58018000400; 59748480700; 57705573100","Interpreting the role of the urban-rural gradient in the spatial variation of heat exposure: Path analysis and nonlinear effects across 24 Chinese megacities","2026","Sustainable Cities and Society","149","","107748","","","0","10.1016/j.scs.2026.107748","https://www.scopus.com/pages/publications/105046180642?origin=resultslist","Urban heat exposure (UHE) has intensified with rapid urban expansion, yet most studies still treat urban-rural differences as a binary contrast. This study develops a gradient-based framework to examine standardized log-population-weighted UHE (sLPUHE) across 24 major Chinese cities. Using globally comparable GHS-SMOD data, grid-level urban-rural gradients (URGs) were defined from rural clusters to urban centres. Double machine learning (DML)-based pathway analysis was used to examine the overall URG-sLPUHE association and the contributions of environmental pathways, while accumulated local effects (ALE) analysis was applied to identify nonlinear local responses and gradient-specific interactions. The results show that sLPUHE does not increase uniformly along the URG. The strongest positive association occurs during the transition from dense urban clusters to urban centres (g6-g7), where the overall association reaches 0.636 and the pathway-explained component reaches 0.514. By contrast, the g4-g5 transition shows a negative association, indicating that heat exposure does not follow a simple linear increase from rural to urban space. Pathway analysis identifies LST as the dominant contributor to the URG-sLPUHE association, while AH, BD, NDVI, and DEM show transition-specific contributions. ALE results further show that LST has the largest local response range, whereas AH, BD, NDVI, and DEM exhibit nonlinear responses that vary across gradient transitions. The strongest local heterogeneity is again concentrated in g6-g7. The findings suggest that URG is useful for identifying where environmental conditions and heat-exposure burdens change most sharply along urban development. The proposed framework provides evidence for gradient-sensitive heat mitigation strategies across expansion, development, and consolidation stages of urbanization. © 2026 Elsevier Ltd","Megacity; Nonlinear effects; Path analysis; Thermal mitigation strategy; Urban heat exposure; Urban-rural gradient","China; Association reactions; Nonlinear analysis; Rural areas; Heat exposure; Megacities; Mitigation strategy; Nonlinear effect; Path analysis; Thermal; Thermal mitigation strategy; Urban centers; Urban heat exposure; Urban-rural gradients; digital elevation model; megacity; NDVI; nonlinearity; path analysis; spatial data; spatial variation; temperature gradient; urban climate; Urban growth","Article","Final","","Scopus","2-s2.0-105046180642"
"Zhang D.; Bai D.; He Y.; Guo R.","Zhang, Dongyang (57194417399); Bai, Dingchuan (57924516900); He, Yurun (57204819728); Guo, Rui (57212217692)","57194417399; 57924516900; 57204819728; 57212217692","Greening but concentrating? The unintended effects of China's voluntary participatory environmental regulations on firms' innovation portfolios","2026","Research Policy","55","8","105531","","","2","10.1016/j.respol.2026.105531","https://www.scopus.com/pages/publications/105039185897?origin=resultslist","Voluntary participatory environmental regulations (VPERs) are characterized by firms' voluntary participation and incentive-based compliance mechanisms. Whether VPERs can effectively promote firms' green transformation remains a critical question for sustainability transitions. This study examines how China's Green Factory policy as a VPER, which encourage firms to engage in environmentally friendly practices voluntarily, thus preserving managerial autonomy and flexibility, reshape firms' innovation strategies and improve their environmental performance. Specifically, we use a double/debiased machine learning approach to investigate how the Green Factory policy affects firms' knowledge recombination activities, which are distinguished between high-novelty innovation creation and low-novelty innovation reuse. Our findings reveal that while Green Factory policy increases green knowledge recombination by 0.029 units for creation and 0.135 units for reuse on average, it simultaneously crowds out non-green knowledge recombination creation by 0.031 units. Further analysis identifies external constraints, external incentives, and internal investments as crucial mechanisms behind this process. Notably, we find that market competition and greenwashing mitigation emerge as effective channels for alleviating the crowding-out effects. Additionally, although proactively engaging in green knowledge recombination activities does not lead to prominent improvements in firms' overall productivity, it significantly enhances firms' green total factor productivity. These findings provide practical implications for policymakers and firms aiming to balance green incentives with maintaining broad innovation capabilities during sustainability transitions. © 2026 Elsevier B.V.","Double/debiased machine learning; Green factory policy; Knowledge recombination creation; Knowledge recombination reuse; Voluntary participatory environmental regulations","Artificial intelligence; Compliant mechanisms; Environmental management; Environmental regulations; Environmental remediation; Green manufacturing; Investments; Sustainable development; Double/debiased machine learning; Firm innovation; Green factory policy; Knowledge recombination creation; Knowledge recombination reuse; Machine-learning; Recombination activity; Reuse; Sustainability transition; Voluntary participatory environmental regulation; Competition","Article","Final","","Scopus","2-s2.0-105039185897"
"Zhou H.; Abdul Malak S.S.D.; Abd Mutalib H.","Zhou, Hang (58914180600); Abdul Malak, Siti Seri Delima (60635421400); Abd Mutalib, Hafizah (56958547800)","58914180600; 60635421400; 56958547800","Green in words, brown in deeds: Cross-ownership and corporate greenwashing","2026","Research in International Business and Finance","90","","103517","","","0","10.1016/j.ribaf.2026.103517","https://www.scopus.com/pages/publications/105041448992?origin=resultslist","The credibility of corporate environmental information disclosure has become a core challenge in global sustainable development governance, with greenwashing phenomena increasingly attracting attention. This paper integrates legitimacy theory and catering theory, and based on data from Chinese A-share listed companies from 2009 to 2023, employs two-way fixed effects models and double/debiased machine learning methods to examine the relationship between cross-ownership and corporate greenwashing and its mechanisms. The findings show that cross-ownership significantly promotes corporate greenwashing behavior, with each standard deviation increase in cross-ownership increasing greenwashing by 3.5%; that government environmental attention strengthens this promoting effect; and that cross-ownership facilitates arbitrage through two channels, helping firms reduce pollution fees and decrease environmental investment. This research provides empirical evidence and policy implications for improving environmental information disclosure regulation and preventing greenwashing risks. © 2026 Elsevier B.V.","Corporate greenwashing; Cross-ownership; Government environmental attention","","Article","Final","","Scopus","2-s2.0-105041448992"
"Bjerregaard F.; Brindle M.; Wang Y.; Buchli C.; Hubner M.; Nelson G.; Gustafsson U.O.","Bjerregaard, Felix (59073961000); Brindle, Mary (7004841299); Wang, Yunzhang (60716699300); Buchli, Christian (55547289700); Hubner, Martin (23485575300); Nelson, Gregg (57611611300); Gustafsson, Ulf.O. (36840446700)","59073961000; 7004841299; 60716699300; 55547289700; 23485575300; 57611611300; 36840446700","Protective Effects of Enhanced Recovery After Surgery Components on Postoperative Paralytic Ileus: A Double Machine Learning Analysis of 7,409 Colonic Resections","2026","Journal of Surgical Research","325","","","516","524","0","10.1016/j.jss.2026.05.030","https://www.scopus.com/pages/publications/105043366841?origin=resultslist","Introduction: The evidence regarding which perioperative factors contribute to postoperative ileus (POI) is limited. Even within a multiple intervention enhanced recovery after surgery (ERAS) protocol, traditional statistical methods struggle to clarify these relationships. Advanced artificial intelligence–based approaches offer ways to overcome these limitations. Methods: Consecutive data from patients undergoing elective colonic surgery were extracted from the ERAS Interactive Audit System database across six Swedish and one Norwegian centers between 2010 and 2024. Adjusted odds ratios were calculated to assess potential risk factors for POI. To estimate the causal effects of individual ERAS interventions on POI, we applied double machine learning. Results: A total of 7409 patients were included, of whom 351 (4.7%) developed POI. In multivariable logistic regression, several factors were significantly associated with increased risk of POI, including male sex, American Society of Anesthesiologists class ≥3, perioperative contamination, open surgical approach, right hemicolectomy, stoma closure, and prolonged operative time. Causal analysis using double machine learning was applied to evaluate the effect of individual ERAS interventions. Of the 11 preoperative and intraoperative ERAS components assessed, eight demonstrated a protective direction of effect against POI. However, only the avoidance of surgical drains achieved statistical significance. No intervention showed consistent evidence of increasing the risk of POI. Conclusions: Avoidance of surgical drains was the only ERAS intervention with an association implying a significant protective effect against POI. Although the individual impact of other preoperative and intraoperative elements was limited, most showed a trend toward reduced risk, suggesting that they are unlikely to be harmful and may offer collective benefit. © 2026 The Author(s)","Colonic surgery; ERAS interventions; Postoperative ileus","Aged; Colectomy; Colon; Elective Surgical Procedures; Enhanced Recovery After Surgery; Female; Humans; Intestinal Pseudo-Obstruction; Machine Learning; Male; Middle Aged; Postoperative Complications; Risk Factors; Sweden; adverse event; aged; clinical trial; colectomy; colon; elective surgery; enhanced recovery after surgery; epidemiology; etiology; female; human; intestine pseudoobstruction; machine learning; male; middle aged; multicenter study; postoperative complication; prevention and control; risk factor; surgery; Sweden","Article","Final","All Open Access; Hybrid Gold Open Access","Scopus","2-s2.0-105043366841"
"Kang M.W.; Yun S.; Song S.M.; Kim J.E.; Kim H.J.; Cho E.J.; Kwon Y.J.; Ahn S.Y.","Kang, Min Woo (57204194328); Yun, Soojeong (60376245800); Song, Seung Min (58556589200); Kim, Ji Eun (59860273500); Kim, Hyo Jin (58366794000); Cho, Eun Jung (57200982576); Kwon, Young Joo (59967055600); Ahn, Shin Young (55313081300)","57204194328; 60376245800; 58556589200; 59860273500; 58366794000; 57200982576; 59967055600; 55313081300","Impact of post-transfusion hemoglobin levels on survival in critically Ill patients: a machine learning–based causal inference analysis","2026","Scientific Reports","16","1","19225","","","0","10.1038/s41598-026-50363-y","https://www.scopus.com/pages/publications/105042368927?origin=resultslist","Restrictive red blood cell transfusion strategies (hemoglobin trigger 7.0–8.0 g/dL) are well established, yet existing evidence addresses primarily when to initiate transfusion. The optimal achieved post-transfusion hemoglobin level in critically ill patients with severe anemia (pre-transfusion hemoglobin ≤ 8.0 g/dL) remains unknown. We analyzed 3,710 intensive care unit admissions in the Medical Information Mart for Intensive Care IV (MIMIC-IV; 3,339 training, 371 test) and externally validated findings in 4,719 admissions from the eICU Collaborative Research Database. Eligible subjects received red blood cells within 48 h of ICU admission, had a pre-transfusion hemoglobin ≤ 8.0 g/dL, and had no additional transfusions between 48 h and seven days. Using a double machine learning causal forest, we estimated treatment effects for post-transfusion hemoglobin targets from 8.0 to 14.0 g/dL relative to 8.0 g/dL, identified the target with the lowest predicted in-hospital mortality, evaluated subgroups, and modeled predictors of targets below 10.0 g/dL. Dose–response curves were U-shaped in all datasets. The estimated optimal hemoglobin was 11.0 g/dL in the training set, 10.9 g/dL in the test set, and 11.0 g/dL in external validation. Estimated optimal levels near 11.0 g/dL were consistent across chronic kidney disease, end-stage kidney disease, myocardial infarction, congestive heart failure, hypertension, and diabetes. Lower baseline hemoglobin and lower estimated glomerular filtration rate were associated with lower individualized optimal levels. Indicators of inflammation or hemodynamic instability, including hypotension, fever, leukocytosis, hyperlactatemia, acidosis, and vasopressor requirements, were associated with estimated optimal achieved post-transfusion hemoglobin levels below 10.0 g/dL. Among ICU subjects transfused under a restrictive trigger (hemoglobin ≤ 8.0 g/dL), an achieved post-transfusion hemoglobin around 11.0 g/dL was associated with the lowest predicted in-hospital mortality. © The Author(s) 2026.","Causal inference; Hemoglobin targets; Intensive care unit; Machine learning; Red blood cell transfusion","Aged; Anemia; Critical Illness; Erythrocyte Transfusion; Female; Hemoglobins; Hospital Mortality; Humans; Intensive Care Units; Machine Learning; Male; Middle Aged; hemoglobin; aged; anemia; blood; critical illness; erythrocyte transfusion; female; hospital mortality; human; intensive care unit; machine learning; male; metabolism; middle aged; mortality; therapy","Article","Final","All Open Access; Gold Open Access","Scopus","2-s2.0-105042368927"
"Xu W.; Bai L.; Qi J.; Sun X.; Wang B.; Zhao Z.; Li B.","Xu, WeiHang (60219897600); Bai, LiHua (60655283900); Qi, Ji (60616441400); Sun, XiaoYing (55652033500); Wang, BaiRan (59732662400); Zhao, Zhen (60516426000); Li, Bo (57188965380)","60219897600; 60655283900; 60616441400; 55652033500; 59732662400; 60516426000; 57188965380","A natural language processing to causality framework for robust knowledge extraction of CO₂ hydrogenation with batch effect control","2026","npj Computational Materials","12","1","191","","","0","10.1038/s41524-026-02065-2","https://www.scopus.com/pages/publications/105040407685?origin=resultslist","The combination of natural language processing and machine learning is transforming materials discovery paradigm through scientific literature extraction and intelligent materials discovery. However, batch effects, systematic inter-laboratory differences, represent critical confounding factors that compromise the prediction of reliable structure-activity relationships. We developed an automated knowledge discovery framework which enables a full-pipeline automation from PDFs to causal mechanism discovery. The framework combines hybrid error correction, visual paragraph screening, and large language model (LLM) extraction to convert unstructured literature into high-quality databases while incorporating batch effect control and causal analysis. Application to CO₂ hydrogenation to methanol literature revealed that batch effects account for most performance variance and analysis without batch effect control yielded physically unsound conclusions. Through causal inference methods including directed acyclic graphs (DAGs), DOI fixed-effects with cluster interactions, double machine learning, and augmented inverse probability weighting, batch effects and confounders are minimized, and reliable catalytic correlations for several typical catalysts of CO₂ hydrogenation to methanol are obtained. Our findings demonstrate that batch effect control is essential for literature-based knowledge extraction, providing a methodological paradigm for heterogeneous data analysis in data-driven catalyst design. © The Author(s) 2026.","","","Article","Final","All Open Access; Gold Open Access; Green Open Access","Scopus","2-s2.0-105040407685"
"Liu Z.; Gao M.; Shi W.","Liu, Zongming (59348795700); Gao, Menghuan (60159658100); Shi, Wenhui (59348588700)","59348795700; 60159658100; 59348588700","County-level new-type urbanization policy and city economic resilience: Evidence from a quasi-natural experiment of 2302 counties in China","2026","Cities","178","","107368","","","0","10.1016/j.cities.2026.107368","https://www.scopus.com/pages/publications/105044084503?origin=resultslist","New urbanization serves as a crucial strategy for promoting coordinated regional development and achieving high-quality economic transformation in China. However, there is a lack of systematic quantitative assessment regarding its impact on the economic resilience ( ERI ) systems. This study utilizes the new-type urbanization policy ( Urb ) as a quasi-natural experiment, employing panel data from 2302 counties in China from 2012 to 2022. We adopt a multi-period difference-in-differences model, combined with mediation effect models and double machine learning techniques, to systematically analyze the effects of Urb on county-level ERI and their underlying mechanisms. Additionally, we introduce Lasso regression, quantile regression, and a skewed t-distribution to construct a composite ERI that integrates location, skewness, and tail characteristics. Empirical results indicate that Urb significantly enhance county-level ERI , a conclusion that remains robust across various model specifications and tests. Mediation analysis further reveals that the policy significantly mediates ERI through enhancing government governance capacity, stimulating industrial development activity, and strengthening economic agglomeration effects. Heterogeneity analysis shows that the policy demonstrates a significant effect on enhancing ERI in western regions, resource-based and non-resource-based counties, as well as in counties with higher levels of industrial agglomeration and larger population sizes, indicating that regional developmental disparities play an important role in the policy transmission process. This research provides empirical evidence for understanding the institutional effects of new urbanization and offers policy recommendations for enhancing the shock resistance and recovery potential of regional economic systems. © 2026 Elsevier Ltd.","Economic agglomeration; Economic resilience; Government governance capacity; Industrial development; Pilot policy of new urbanization","China; agglomeration; experiment; governance approach; industrial development; urban policy; urbanization","Article","Final","","Scopus","2-s2.0-105044084503"
"Shafie A.; Ashour A.A.; Alhujaily M.M.; Anjum F.; Akhtar F.; Hassan M.I.","Shafie, Alaa (57207889765); Ashour, Amal Adnan (58600484000); Alhujaily, Muhanad Musaad (57223242927); Anjum, Farah (57197243847); Akhtar, Farheen (57200375350); Hassan, Md. Imtaiyaz (7401625549)","57207889765; 58600484000; 57223242927; 57197243847; 57200375350; 7401625549","Traumatic brain injury: Multi-omics insights into brain aging, neurodegeneration, and precision therapeutics","2026","Ageing Research Reviews","122","","103339","","","0","10.1016/j.arr.2026.103339","https://www.scopus.com/pages/publications/105048702895?origin=resultslist","Traumatic brain injury (TBI) is a major cause of mortality and persistent neurological disability and is increasingly recognized as a potential contributor to accelerated brain aging and long-term neurodegenerative processes. Beyond the immediate mechanical insult, TBI initiates dynamic secondary injury cascades involving chronic neuroinflammation, oxidative stress, mitochondrial dysfunction, synaptic and axonal degeneration, metabolic disturbances, and blood–brain barrier disruption. The persistence and temporal evolution of these molecular alterations may interact with intrinsic aging mechanisms, contributing to progressive neuronal dysfunction and increased vulnerability to age-associated neurodegenerative disorders. The marked biological and temporal heterogeneity of TBI therefore presents major challenges for conventional diagnostic, prognostic, and therapeutic approaches. Recent advances in multi-omics technologies, including genomics, epigenomics, transcriptomics, proteomics, metabolomics, lipidomics, and single-cell and spatial approaches, offer unprecedented opportunities to characterize the molecular trajectories linking TBI, brain aging, and neurodegeneration. Integrative multi-omics frameworks, coupled with network biology, artificial intelligence, machine learning, and causal inference, enable the identification of molecular signatures, age-related regulatory networks, clinically relevant biomarkers, and therapeutically actionable targets. This review synthesizes emerging multi-omics insights into the molecular mechanisms through which TBI may influence brain aging and neurodegenerative progression, with particular emphasis on phase-specific molecular signatures, biomarker discovery, patient stratification, therapeutic target prioritization, and precision neurotherapeutics. We further discuss longitudinal profiling, single-cell and spatial approaches, and AI-assisted modeling for patient stratification and therapeutic optimization. Integrating multi-omics with systems biology may provide a framework for studying TBI-associated brain aging and developing personalized interventions, although prospective clinical validation remains essential. © 2026 Elsevier B.V.","Biomarkers; Brain aging; Multi-omics; Neurodegeneration; Precision medicine; Systems biology; Traumatic brain injury","biological marker; accuracy; aging; artificial intelligence; blood brain barrier; brain; degenerative disease; epigenomics; etiology; human; lipidomics; machine learning; metabolic disorder; metabolomics; multiomics; nerve degeneration; nerve fiber degeneration; nervous system inflammation; neurodisability; neurologic disease; nonhuman; oxidative stress; personalized medicine; proteomics; review; synaptic dysfunction; systems biology; transcriptomics; traumatic brain injury","Review","Final","","Scopus","2-s2.0-105048702895"
"Li C.; Zhu W.; Liao L.","Li, Chao (57768335200); Zhu, Wanjin (60646869500); Liao, Longshun (60646869600)","57768335200; 60646869500; 60646869600","The Impact of safety regulation on the quantity and quality of technology innovation in nuclear energy enterprise: A quasi-natural experiment based on the Nuclear Safety Law of China","2026","Nuclear Engineering and Technology","58","10","104419","","","0","10.1016/j.net.2026.104419","https://www.scopus.com/pages/publications/105039867717?origin=resultslist","The Nuclear Safety Law is a fundamental legal framework for ensuring nuclear safety, fostering sustainable economic and social development. Taking the implementation of China's Nuclear Safety Law in January 2018 as a quasi-natural experiment, this study investigates the mechanisms and effects of safety regulation on innovation in nuclear energy enterprises using panel data on A-share listed nuclear energy companies in China from 2000 to 2024 and applying a double machine learning approach. The results show that: the Nuclear Safety Law significantly promotes the quantity and quality of innovation in nuclear energy enterprises; through the dual mechanisms of mandatory constraints and incentive guidance, the Nuclear Safety Law promotes corporate social responsibility and increases R&D personnel, thereby facilitating innovation characterized by both increased quantity and improved quality; the innovation-promoting effect of the Nuclear Safety Law is more pronounced in state-owned enterprises, midstream and upstream nuclear energy enterprises, and enterprises located in non-resource-based cities; further analysis indicates that innovation quality constitutes the core foundation of innovation resilience, whereas innovation quantity has no significant effect on innovation resilience. The research conclusions carry important implications for promoting high-quality innovation in the nuclear energy industry and improving the legal system in the nuclear field. © 2026 Korean Nuclear Society, Published by Elsevier Korea LLC. This is an open access article under the CC BY license. http://creativecommons.org/licenses/by/4.0/","Innovation quality; Innovation quantity; Innovation resilience; Nuclear safety law; Safety regulation","","Article","Final","All Open Access; Gold Open Access","Scopus","2-s2.0-105039867717"
"Godasiaei S.H.; Talebizadehsardari P.; Keshmiri A.","Godasiaei, Seyed Hamed (58164201200); Talebizadehsardari, Pouyan (57208746088); Keshmiri, Amir (34876760800)","58164201200; 57208746088; 34876760800","Hydrodynamic investigation of acoustic bubble–surface interactions on nanoarray-coated fins for microelectronic cooling with machine learning-based analysis","2026","Scientific Reports","16","1","24561","","","0","10.1038/s41598-026-54566-1","https://www.scopus.com/pages/publications/105046773312?origin=resultslist","This study presents a novel phase-change cooling strategy that synergistically integrates acoustofluidic bubble dynamics with nanoarray-coated micropin fins to enhance thermal performance. A multidisciplinary framework combines experimental measurements–heat transfer coefficient (HTC), heat flux, velocity fields, and pressure drop–across SS, S30–120, and S-nanosheet architectures with machine-learning models, including LASSO, Random Forest, and Deep Neural Networks. Statistical correlation analyses (Spearman rank and Kendall tau) and interpretability techniques (SHAP, Partial Dependence Plots, Symbolic Metamodeling, Double Machine Learning, and TCAV) provide both predictive accuracy and physical insight. Nanosheet-coated surfaces deliver substantial performance gains, achieving a 71.2% increase in critical heat flux and a 160.9% improvement in HTC compared with smooth surfaces, validated by a highly accurate DNN model (R² = 0.99, MAE = 0.01). SHAP analysis identifies heat flux as the dominant factor governing bubble dynamics, while nanoarrays enhance nucleation and optimize pressure drop to improve efficiency. Symbolic Metamodeling and Double Machine Learning confirm heat flux as the primary driver of heat transfer, with secondary contributions from velocity, which influences bubble residence time, and nanoarray density. Feature-importance results further show that S-nanorod structures and pressure drop strongly regulate nucleation and flow behavior, whereas microreactor parameters have minimal influence. © The Author(s) 2026.","Acoustofluidic; Chip Cooling; Liquid-vapor phase; Machine learning; Micro pin-fins surfaces; Thermal management","nanorod; nanosheet; adult; article; controlled study; cooling; correlation analysis; deep neural network; heat transfer; hydrodynamics; liquid; machine learning; nanoarray; pressure; random forest; retention time; vapor; velocity","Article","Final","All Open Access; Gold Open Access; Green Open Access","Scopus","2-s2.0-105046773312"
"Ahnan M.; Yun D.","Ahnan, Maftuh (57218103093); Yun, Dukgeun (54396629700)","57218103093; 54396629700","Autonomous Vehicle Mode Shift’s Effect on Traffic Efficiency: A Comparison of Dedicated Lane and Mixed Traffic Approaches","2026","Applied Sciences (Switzerland)","16","15","7688","","","0","10.3390/app16157688","https://www.scopus.com/pages/publications/105047158938?origin=resultslist","Developing countries, including Indonesia, are characterized by Heterogeneous Disordered Traffic (HDT), making traditional technology adoption models for autonomous vehicles (AVs) unsuitable. To bridge this gap, this study surveyed 204 urban early adopters using a rigorous psycho-statistical framework. Utilizing t-tests, ANOVA, and bootstrapped ordinal regression, we validated three behavioral pillars: safety-first prioritization, educated critical adoption, and a direct mode shift to shared AVs. Subsequent market segmentation via a CHAID decision tree yielded empirical AV market penetration rates (MPR) of 20%, 40%, and 70%. MPRs were evaluated in a calibrated PTV VISSIM microsimulation of the A.P. Pettarani Arterial Road in Makassar, Indonesia. A tree-based ensemble framework (XGBoost, CatBoost, and Random Forest) with SHAP diagnostics and a Double Machine Learning causal protocol assessed infrastructure trade-offs. With an R2 of 0.99 and MAPE of 9.9%, XGBoost strongly predicted intersection delays and road section speeds. Causal analysis shows that putting dedicated lanes in place too soon, when the penetration rate is low (≤20% MPR), makes traffic worse. At an intermediate 40% MPR, dedicated lanes reduce intersection bottlenecks. Mixed non-dedicated traffic wins at 70% widespread saturation. The AV fleet acts as macroscopic pacemakers, smoothing traffic shockwaves and reducing intra-lane oversaturation to maximize global network efficiency without spatial segregation. © 2026 by the authors.","autonomous vehicles; Behavioral Segmentation; causal machine learning; dedicated lane; Heterogeneous Disordered Traffic","Autonomous vehicles; Behavioral research; Commerce; Decision trees; Developing countries; Efficiency; Fleet operations; Intersections; Learning systems; Machine learning; Random forests; Street traffic control; Autonomous Vehicles; Behavioral segmentation; Causal machine learning; Dedicated lane; Heterogeneous disordered traffic; Indonesia; Machine-learning; Market penetration; Mode shifts; Penetration rates; analysis; analytical parameters; Article; autonomous vehicle mode; behavior assessment; bootstrapping; calibration; clustering algorithm; cognition assessment; computer analysis; data processing; decision tree; dedicated lane; demographics; economic aspect; fatigue; geographic distribution; geometry; health survey; heterogeneous disordered traffic; human; logistic regression analysis; machine learning; microsimulation; motorcycle; network analysis; principal component analysis; psychologic assessment; questionnaire; random forest; reproducibility; root mean squared error; safety assessment; simulation; survival analysis; technology; traffic; traffic efficiency; Unified Theory of Acceptance and Use of Technology; validation study; Economic and social effects","Article","Final","All Open Access; Gold Open Access","Scopus","2-s2.0-105047158938"
"Wang Y.; Li C.","Wang, Yewen (58956565300); Li, Cheng (58956813100)","58956565300; 58956813100","Firm-level climate risk exposure and corporate resilience: Evidence from textual analysis","2026","Economic Modelling","162","","107681","","","1","10.1016/j.econmod.2026.107681","https://www.scopus.com/pages/publications/105038786773?origin=resultslist","This paper constructs firm-level climate risk indicators using the pre-trained language model FinBERT based on textual data from investor interaction platforms, and empirically examines the impact of climate risk on corporate resilience using data from Chinese A-share listed companies. We find that climate risk significantly undermines corporate resilience through two distinct channels: on the asset side, it weakens profitability, triggering operational distress; on the liability side, it exacerbates financing constraints, leading to financial distress. The combined effect systematically reduces corporate resilience. Further analysis reveals that this adverse impact is more pronounced among firms with weaker cost pass-through capabilities and higher fixed asset growth rates. Importantly, drawing upon financial flexibility theory, we demonstrate that firms can effectively mitigate the negative impact of climate risk on resilience through cash flexibility strategies, such as holding excess cash, and debt flexibility strategies, such as optimizing debt maturity structures. © 2026 Elsevier B.V.","Climate risk; Corporate resilience; Double machine learning; Pre-trained language model","","Article","Final","","Scopus","2-s2.0-105038786773"
"Yang S.; Bai H.; Sun S.","Yang, Siying (57226638673); Bai, Hua (60637011100); Sun, Shengtao (60682855600)","57226638673; 60637011100; 60682855600","A silent drag: Does artificial intelligence lower adolescents' academic performance?","2026","Technological Forecasting and Social Change","231","","124784","","","0","10.1016/j.techfore.2026.124784","https://www.scopus.com/pages/publications/105041267336?origin=resultslist","As a disruptive technology, artificial intelligence (AI) has permeated nearly every sphere of social life, yet its role in empowering basic education remains underexplored. Drawing on cognitive load theory and expected human capital investment theory, this study examines how AI development affects adolescents' academic performance using matched data from educational statistics, smart home data, and the China Family Panel Studies. The results show that AI development significantly reduces adolescents' academic performance in both educational and daily-life contexts. This finding is robust to the use of the number of local government education officials in the late Qing dynasty as an instrumental variable, as well as a series of additional robustness checks. Mediation analysis indicates that individual cognitive ability and family educational expectations are key channels through which AI impairs adolescents' academic performance. Heterogeneity analysis further suggests that this negative effect is more pronounced among urban youth, lower-education groups, and regions with lower human capital premiums and denser off-campus tutoring industries. In addition, strong family educational concern can mitigate the adverse impact of AI on adolescents' academic performance. This study provides empirical evidence for understanding the mechanisms through which artificial intelligence influences primary education, and offers implications for the standardized governance of AI applications in primary education and for the formulation of family education support policies. © 2026 Elsevier Inc.","Adolescent academic performance; Artificial intelligence; Double machine learning model; Individual cognitive ability; Parental educational expectations","China; Computer aided instruction; Education computing; Engineering education; Investments; Learning systems; Machine learning; Academic performance; Adolescent academic performance; Cognitive ability; Disruptive technology; Double machine learning model; Individual cognitive ability; Machine learning models; Parental educational expectation; Primary education; Social life; academic performance; artificial intelligence; cognition; education; machine learning; numerical model; young population; Automation","Article","Final","","Scopus","2-s2.0-105041267336"
"Cao W.; Wang X.; Zhang W.; Li H.; Fang S.; Yang Z.","Cao, Wenjie (59155348000); Wang, Xinjian (57216827701); Zhang, Wei (57895823300); Li, Huanhuan (57193932421); Fang, Siming (57221377963); Yang, Zaili (23098725200)","59155348000; 57216827701; 57895823300; 57193932421; 57221377963; 23098725200","Data-driven investigation of ship fuel consumption integrating causal inference and hierarchical analysis","2026","Transportation Research Part D: Transport and Environment","159","","105491","","","6","10.1016/j.trd.2026.105491","https://www.scopus.com/pages/publications/105043083566?origin=resultslist","This study develops a data-driven analytical framework that integrates causal inference with hierarchical analysis to reveal the underlying mechanisms influencing ship fuel consumption (SFC). The framework combines multi-source data fusion, direct linear non-gaussian acyclic model-based causal discovery, and double machine learning with causal forests model to estimate Average Treatment Effects (ATEs), followed by interpretive structural modelling for hierarchical decomposition. Experimental results under the expanded DAG-derived adjustment specification indicate that Daily sailing hours has the strongest positive conditional effect on SFC (ATE = 2.058), followed by Main engine RPM with a positive but more uncertain effect estimate (ATE = 0.268). The hierarchical analysis further organises the directional-dependence network into interpretable structural levels, thereby illustrating possible multi-level transmission patterns among operational and environmental factors. This framework provides an exploratory and graph-informed analytical basis for interpreting directional dependencies and observed-covariate conditional effect patterns in SFC, offering cautious decision support for data-driven energy management. The source code is publicly available at: https://github.com/AdvMarTech/ship_fuel_consum_causalinfer. © 2026 The Author(s). Published by Elsevier Ltd. This is an open access article under the CC BY license. http://creativecommons.org/licenses/by/4.0/","Causal inference; Explainable artificial intelligence; Machine learning; Maritime decarbonisation; Maritime transport; Ship fuel consumption","Data fusion; Data integration; Data mining; Decision making; Information management; Learning systems; Machine learning; Ships; Waterway transportation; Average treatment effects; Causal inferences; Data driven; Decarbonisation; Explainable artificial intelligence; Hierarchical analysis; Machine-learning; Maritime decarbonization; Maritime transport; Ship fuel consumption; analytical framework; artificial intelligence; experimental study; fuel consumption; machine learning; transportation planning; Decision support systems","Article","Final","All Open Access; Hybrid Gold Open Access","Scopus","2-s2.0-105043083566"
"Lv T.; Huang X.; Yuan M.; Jin G.; Zhao Q.; Fu S.","Lv, Tiangui (57194379334); Huang, Xianzhe (60580735900); Yuan, Menghan (60415531800); Jin, Gui (56508827600); Zhao, Qiao (58532304800); Fu, Shufei (57418226000)","57194379334; 60580735900; 60415531800; 56508827600; 58532304800; 57418226000","Digital infrastructure construction and urban green transition: A quasi-natural experiment based on the broadband China policy using double machine learning","2026","Sustainable Cities and Society","148","","107656","","","0","10.1016/j.scs.2026.107656","https://www.scopus.com/pages/publications/105043677162?origin=resultslist","Digital infrastructure construction (DIC) reshapes urban spatial organization and resource allocation patterns, thereby playing an increasingly important role in promoting sustainable urban green and low-carbon development (SUGLCD). In the context of intensified global climate governance and accelerating urban low-carbon transition, understanding the sustainability implications of DIC is critical for advancing sustainable cities and societies. Taking advantage of the staggered implementation of the Broadband China policy, this study regards the policy as a quasi-natural experiment and employs panel data from the Middle Yangtze River Urban Agglomeration in China covering 2010–2023. A Double Machine Learning (DML) causal inference framework is applied to systematically evaluate the impact of DIC on SUGLCD and to explore its underlying mechanisms. The results reveal that: (1) During the study period, SUGLCD in the Middle Yangtze River Urban Agglomeration rose from 0.498 to 0.803, showing a center-high and periphery-low spatial pattern; (2) DIC development exerts a significantly positive effect on SUGLCD, and this conclusion remains valid across a series of robustness checks; (3) mechanism analysis indicates that DIC promotes SUGLCD primarily by fostering digital finance development, improving employment quality, stimulating green technological innovation, and enhancing governmental attention to digital governance; and (4) heterogeneity analysis shows that the positive effect is more pronounced in core urban clusters, non-resource-based cities, and cities characterized by abundant human capital and higher population density. These findings provide important empirical evidence for coordinating DIC expansion with urban sustainability strategies, optimizing pathways for low-carbon urban transition, and implementing differentiated digital governance policies. © 2026 Elsevier Ltd","Broadband China policy; Digital infrastructure construction; Double machine learning; Sustainable urban green and low-carbon development; The Middle Yangtze River Urban Agglomeration","China; Yangtze River; Carbon; Government data processing; Green development; Machine learning; Population statistics; Public policy; Sustainable city; Sustainable development; Urban growth; Broadband china policy; Digital infrastructure construction; Digital infrastructures; Double machine learning; Green carbons; Infrastructure construction; Low-carbon development; Machine-learning; Sustainable urban green and low-carbon development; The middle yangtze river urban agglomeration; Urban agglomerations; Yangtze River; machine learning; sustainable development; urban development; urban policy; urban region; Agglomeration","Article","Final","","Scopus","2-s2.0-105043677162"
"Guo J.; Ren H.; Ma K.","Guo, Jian (57199054730); Ren, Haoxuan (59965768200); Ma, Kaijiang (57773439900)","57199054730; 59965768200; 57773439900","Predicting initial accident states in hazardous chemical road transportation: A causal and interpretable machine learning approach","2026","Reliability Engineering and System Safety","274","","112430","","","3","10.1016/j.ress.2026.112430","https://www.scopus.com/pages/publications/105030839689?origin=resultslist","Transporting hazardous chemicals by road involves a high risk of accidents. However, predicting the initial accident state and identifying key influencing factors remain difficult, especially when accident data are limited. To address this problem, this study develops an accident state prediction framework that combines causal inference and machine learning. A random forest model with inverse probability weighting (RF-IPW) is proposed to account for causal effects among accident-related factors. Text-based case reports of hazardous chemical road transportation accidents from 2017 to 2023 are used to extract the causal structure and construct the training dataset. Inverse probability weighting is applied during model training to reduce confounding bias. The SHapley Additive exPlanations (SHAP) method is then used to interpret the model and assess the contribution of each factor. The results show that the proposed RF-IPW model performs well on small-sample datasets after causal effects are considered. Driver state and vehicle condition are identified as the most influential factors affecting the initial accident state. These findings demonstrate the value of integrating causal analysis and interpretability into accident prediction models and support improved risk management in hazardous chemical road transportation. © 2026 Elsevier Ltd.","Hazardous materials; Machine learning; Risk warning; Text mining; Transportation","Forecasting; Hazards; Highway accidents; Highway planning; Inverse problems; Learning systems; Machine learning; Materials handling; Motor transportation; Risk assessment; Risk management; Roads and streets; Text mining; Hazardous chemicals; Key influencing factors; Machine learning approaches; Machine-learning; Probability weighting; Random forest modeling; Risk of accidents; Risk warnings; Road transportation; Text-mining; Hazardous materials","Article","Final","","Scopus","2-s2.0-105030839689"
"Wang Y.; Dai X.; Li X.","Wang, Yilin (58182917800); Dai, Xujing (59707842500); Li, Xueyan (60729033600)","58182917800; 59707842500; 60729033600","Green Finance, Infrastructure Upgrading, and Urban Supply Chain Resilience: Evidence from China’s Green Finance Reform and Innovation Pilot Zones","2026","Sustainability (Switzerland)","18","15","7895","","","0","10.3390/su18157895","https://www.scopus.com/pages/publications/105047219626?origin=resultslist","The simultaneous pressures of low-carbon transition and repeated supply chain disruptions have made urban supply chain resilience an important concern for economic security and sustainable development. This study examines whether China’s Green Finance Reform and Innovation Pilot Zones (GFRIZ) policy, launched in 2017, improved the resilience of urban supply chains. Using panel data for 285 prefecture-level cities from 2012 to 2024, we combine a partially linear Double Machine Learning framework with spatial econometric analysis. To address concerns about construct validity, urban supply chain resilience is reconstructed as a composite index covering four dimensions: resistance, innovation, coordination, and recovery. These dimensions are measured by industrial diversification, invention patent authorization, industrial product sales rate, and supply chain fluidity, respectively. The results show that the GFRIZ policy significantly enhances urban supply chain resilience. This conclusion remains robust after alternative machine learning estimators, different cross-fitting folds, interactive fixed effects, winsorization, exclusion of the COVID-19 year, and placebo tests. Mechanism analysis suggests that infrastructure upgrading remains an important transmission channel, especially through digital, green, and transport infrastructure. The effect is stronger in eastern and central cities, large cities, transport hubs, and old industrial bases. Spatial analysis further shows that although urban supply chain resilience displays negative spatial autocorrelation, the GFRIZ policy generates positive spillover effects on neighboring cities through capital flows, industrial linkages, and knowledge diffusion. The findings provide evidence that green finance reform can strengthen urban economic resilience beyond its environmental objectives. © 2026 by the authors.","Double Machine Learning; green finance; infrastructure upgrading; spatial spillovers; supply chain resilience","China; autocorrelation; capital flow; econometrics; ecosystem resilience; machine learning; spatial analysis; spillover effect; supply chain management; sustainable development","Article","Final","All Open Access; Gold Open Access","Scopus","2-s2.0-105047219626"
"Peng W.; Zheng L.; Huo F.; Gong H.; Zhang M.; Zhu X.","Peng, Wan (60755565000); Zheng, Lu (60755963100); Huo, Fengjing (60755461400); Gong, Huiting (60756060800); Zhang, Ming (56319477400); Zhu, Xiao (57112839200)","60755565000; 60755963100; 60755461400; 60756060800; 56319477400; 57112839200","Genetically predicted breastfeeding propensity and brain microstructural morphology: Insights from genome-wide association study summary statistics and neurogenomics","2026","Clinical Nutrition ESPEN","75","","103612","","","0","10.1016/j.clnesp.2026.103612","https://www.scopus.com/pages/publications/105045676213?origin=resultslist","Background Breastfeeding provides nutrients and bioactive components relevant to infant development, but observational associations with brain outcomes may be influenced by socioeconomic, maternal, and family-level factors. Mendelian randomization (MR) offers a genetic framework for evaluating associations by using genetic variants as proxies for breastfeeding propensity; it does not directly measure the effect of actual breastfeeding behavior. Objectives This study investigated associations between genetically predicted breastfeeding propensity and brain imaging-derived phenotypes (IDPs). Methods We performed a two-sample MR analysis using genome-wide association study (GWAS) summary statistics from 352,094 European participants. Genetically predicted breastfeeding propensity served as the exposure, and 393 brain IDPs from the UK Biobank served as outcomes. Double Machine Learning (DML), using random forest models and 5-fold cross-fitting, was applied as a complementary validation approach. Heterogeneity and pleiotropy analyses were conducted to assess the robustness of the instrumental-variable estimates. Results At the nominal significance level, positive MR estimates were observed between genetically predicted breastfeeding propensity and the left anterior thalamic radiation fractional anisotropy measure (IDP dMRI ProbtrackX FA atr l: Beta = 2.787, p = 0.045), the right lingual area (Beta = 2.032, p = 0.022), and the right superior temporal area (Beta = 1.719, p = 0.011). Inverse estimates were observed for measures including left mean cortical thickness (Beta = −2.266, p = 0.014). DML provided complementary evidence for associations involving the subcallosal gyrus and precentral thickness. Statistical power exceeded 80% for the primary outcomes; however, nominal findings that did not meet the Bonferroni threshold should be considered exploratory. Conclusions This study provides genetic evidence of region-specific associations between genetically predicted breastfeeding propensity and brain structural phenotypes, including an association with higher fractional anisotropy in the left anterior thalamic radiation. Associations involving regions implicated in language, visual processing, and cortical maturation do not establish corresponding cognitive or functional effects. The findings are hypothesis-generating and require replication in independent and longitudinal datasets before direct behavioral or public health implications can be inferred. © 2026 European Society for Clinical Nutrition and Metabolism.","Brain imaging-derived phenotypes; Breastfeeding; Double machine learning; Mendelian randomization; Neurodevelopment","Article; brain microstructural morphology; breast feeding; breastfeeding propensity; child development; cognition; cortical thickness (bone); cortical thickness (brain); fractional anisotropy; genetic variability; genome-wide association study; human; human experiment; Imaging Derived Phenotype; instrumental variable analysis; Inverse  Variance Weighted; language; machine learning; mathematical model; Mendelian randomization analysis; morphology; nerve cell differentiation; neurogenomics; neuroimaging; phenotype; pleiotropy; random forest; right  lingual  area; right  superior  temporal  area; statistics; subcallosal gyrus; thalamus; tongue","Article","Final","","Scopus","2-s2.0-105045676213"
"Ronco M.; Tilloy A.; Corbane C.; Delforge D.; Feyen L.; Jäger W.S.; Matanó A.; Paprotny D.; Sibilia A.; Tiggeloven T.; Ward P.J.","Ronco, Michele (57190735504); Tilloy, Aloïs (57205630725); Corbane, Christina (24337310300); Delforge, Damien (57215411163); Feyen, Luc (6603758886); Jäger, Wiebke S. (60036726000); Matanó, Alessia (57199053865); Paprotny, Dominik (56656439500); Sibilia, Andrea (57219928146); Tiggeloven, Timothy (57216529507); Ward, Philip J. (55939005100)","57190735504; 57205630725; 24337310300; 57215411163; 6603758886; 60036726000; 57199053865; 56656439500; 57219928146; 57216529507; 55939005100","Compounding hazards increase flood economic losses across Europe","2026","Nature Communications ","17","1","6614","","","1","10.1038/s41467-026-73248-0","https://www.scopus.com/pages/publications/105045079712?origin=resultslist","Compound events-combinations of multiple hazards contributing to societal or environmental risk-can significantly exacerbate disaster impacts, yet their effect on flood-related losses remains poorly quantified. Using a pan-European multi-hazard dataset spanning 1981-2020 at sub-national resolution, we find that more than 70% of recorded flood events involve compounding hazards, including meteorological extremes such as heatwaves and windstorms, alongside anomalous river discharge, with an increasing trend over time. The top 1% of events by economic losses are all compound, with total losses exceeding 167 billion euros above single-hazard floods. We introduce a compound hazard complexity metric and combine it with regional exposure and vulnerability data. Applying an ensemble machine learning model with explainable AI and a Double Machine Learning Causal Forest, we show that regions with higher complexity experience greater losses, even after controlling for flood magnitude and vulnerability, highlighting the importance of compound hazard information in risk modeling. © The Author(s) 2026.","","Europe; data set; economic conditions; flood; hazard management; machine learning; river discharge; vulnerability; Article; directed acyclic graph; drought; economic crisis; Europe; explainable artificial intelligence; explainable machine learning; flooding; hazard; machine learning; model; river; vulnerability; article; controlled study; environmental risk; Europe; flooding; forest; heat wave; nonhuman","Article","Final","All Open Access; Gold Open Access; Green Open Access","Scopus","2-s2.0-105045079712"
"Liu X.; Li Z.; Kong L.; Wang Y.; Gao Q.","Liu, Xinyu (60713318200); Li, Zheng (57202960985); Kong, Lin (60713318300); Wang, Yue (60713318400); Gao, Qianqian (60713503700)","60713318200; 57202960985; 60713318300; 60713318400; 60713503700","Has China's national big data comprehensive pilot zone reduced corporate carbon emissions? A quasi-natural experiment based on double machine learning","2026","Energy Economics","160","","109473","","","0","10.1016/j.eneco.2026.109473","https://www.scopus.com/pages/publications/105043011256?origin=resultslist","This research investigates how the National Big Data Comprehensive Pilot Zone (NBDCPZ) affects corporate carbon emissions in China, using a sample of A-share listed industrial companies from 2011 to 2022. Within a Double Machine Learning (DML) modeling framework, we find that the NBDCPZ policy significantly reduces corporate carbon emissions, and the finding holds after several robustness checks. Mechanism analysis indicates that the policy achieves this reduction by enhancing corporate innovation capability and promoting digital transformation. Further exploration of the mechanisms demonstrates that it reduces corporate carbon emissions through two key channels: (1) stimulating incremental innovation activities within firms and (2) promoting the adoption of cloud computing, big data, and artificial intelligence technologies. Media attention strengthens the policy's effect on carbon emissions, with negative media coverage playing a particularly critical role. Heterogeneity analysis reveals that the carbon reduction effect varies across firm characteristics, including life cycle stage, production factor dependency, and pollution level. These findings underscore the role of state-led digital institutional innovation in facilitating a synergistic coordinated transition and offer valuable insights for designing targeted, multi-stakeholder environmental policies. © 2026 Elsevier B.V. All rights are reserved, including those for text and data mining, AI training, and similar technologies.","Corporate carbon emissions; Corporate digital transformation; Corporate innovation capability; Double machine learning; Media attention; National big data comprehensive pilot zone","China; Big data; Carbon; Data reduction; Environmental protection; Learning systems; Life cycle; Machine learning; Metadata; Carbon emissions; Corporate carbon emission; Corporate digital transformation; Corporate innovation; Corporate innovation capability; Corporates; Digital transformation; Double machine learning; Innovation capability; Machine-learning; Media attention; National big data comprehensive pilot zone; carbon emission; environmental policy; machine learning; Data mining","Article","Final","","Scopus","2-s2.0-105043011256"
"Gan Y.; Xu J.; Xiong J.","Gan, YuXing (60375915100); Xu, JunXi (60376063900); Xiong, Jianling (60772962400)","60375915100; 60376063900; 60772962400","Entertainment for middle-aged and elderly individuals and inflammatory responses","2026","Health Policy and Technology","15","9","101297","","","0","10.1016/j.hlpt.2026.101297","https://www.scopus.com/pages/publications/105046387286?origin=resultslist","Objective: Against the backdrop of an ageing population and increasingly diverse lifestyles, this study aims to investigate the mechanisms linking recreational activities, inflammation levels and healthcare expenditure among middle-aged and older adults in China, thereby addressing gaps in existing research. Methods: Drawing on panel data from the China Health and Retirement Longitudinal Study (CHARLS), social security records and annual statistical yearbooks covering the period 2011–2020, a recreational activity index was constructed and inflammation levels were measured using the C-reactive protein-triglyceride-glucose index(CTI). Empirical analyses were conducted using unbiased double machine learning,principal component analysis and two-way fixed-effects models. Results: A significant positive causal relationship was found between the entertainment index and inflammation levels, with increased leisure activities elevating the risk of inflammation, This effect showed significant gender heterogeneity, with the positive effect of leisure activities on inflammation being stronger among men. Neither the urban-rural nor the educational attainment interaction terms were significant, and there were no statistically significant differences in the effects across groups. Rising inflammation levels exacerbate the risk of chronic diseases and increase pressure on healthcare expenditure. Conclusion: This study provides empirical evidence to optimise health management for middle-aged and older adults in China, regulate leisure behaviour and rationally allocate healthcare resources. © 2026 Fellowship of Postgraduate Medicine","Ageing; Entertainment activities; Inflammation","C reactive protein; triacylglycerol; adult; aged; Article; causality; China; chronic disease; digital transformation; disease exacerbation; educational status; geriatric patient; health care cost; health care management; health care policy; health insurance; health status; human; inflammation; leisure; lifestyle; longitudinal study; machine learning; middle aged; physical well-being; principal component analysis; psychological well-being; recreational therapy; research gap; resource allocation; retirement; social security; sociodemographics; triacylglycerol blood level; triglyceride-glucose index; urban rural difference","Article","Final","","Scopus","2-s2.0-105046387286"
"Luo Z.; Ma J.; Tang Y.","Luo, Zhongxiu (60779486900); Ma, Jiali (57218855429); Tang, Yuanxiu (58862253700)","60779486900; 57218855429; 58862253700","Rural Vitalization and Farmers’ Subjective Well-being in Guizhou Province: Evidence from Field Surveys; [贵州省乡村振兴对农户幸福感的影响研究——基于贵州农户实地调查]","2026","Journal of Resources and Ecology","17","4","","1170","1181","0","10.5814/j.issn.1674-764x.2026.04.017","https://www.scopus.com/pages/publications/105046759132?origin=resultslist","Rural revitalization as a core strategy for agricultural and rural modernization in the new era: Enhancing farmer well-being and advancing common prosperity. Based on survey data from 647 rural households in Guizhou Province, this study employs a double machine learning model and fuzzy-set qualitative comparative analysis to systematically examine the impact of rural revitalization on the subjective well-being of residents. The findings reveal that rural revitalization in Guizhou significantly improves the happiness of farmers. Among the five dimensions, ecological livability, effective governance, and prosperous living exert strong positive effects, whereas the direct impacts of cultural vibrancy and industrial prosperity are not statistically significant. Heterogeneity analysis shows that policy effects are more pronounced in demonstration villages than in non-demonstration villages, with stronger impacts among male respondents and those with higher levels of education. Configuration analysis identifies two distinct pathways: an all-factor-driven model that requires coordinated progress across all five dimensions, and a compensation-driven model in which shortcomings in industrial and cultural development are offset by ecological governance and livelihood security. Accordingly, this study recommends expanding successful demonstration models, refining gender-and education-sensitive policy strategies, and establishing an ecology-governance-livelihood coordination mechanism to enhance the effectiveness of rural revitalization. © 2026, Editorial office of Journal of Resources and Ecology. All rights reserved.","double machine learning; fuzzy-set qualitative comparative analysis; rural revitalization; subjective well-being","China; Guizhou; comparative study; economic development; field survey; fuzzy mathematics; governance approach; livelihood; machine learning; modernization; qualitative analysis; rural area; rural economy; rural planning; strategic approach","Article","Final","","Scopus","2-s2.0-105046759132"
"Yang Z.; Kwan M.-P.","Yang, Zhenchuan (57225049755); Kwan, Mei-Po (7005364475)","57225049755; 7005364475","The interplay between actual and perceived air pollution, physical activity, and stress across mobility-based geographic contexts: A double machine learning approach","2026","Social Science and Medicine","404","","119499","","","1","10.1016/j.socscimed.2026.119499","https://www.scopus.com/pages/publications/105042526848?origin=resultslist","The social ecological framework emphasizes the necessity of integrating individual characteristics, behavioral patterns, environmental factors, and health into a unified, holistic framework, positing that sustainable urban development cannot be achieved if any single facet is neglected. Yet, the interplay of actual and perceived air pollution, physical activity, and stress across mobility-based geographic contexts remains largely unexplored, which impedes precision urban planning. Previous studies have also been constrained by relying on retrospective questionnaires and static, residence-based measurements, often overlooking the uncertain geographic context problem (UGCoP), as well as high dimensionality and non-linearity in the data. To address these gaps, this study employed geographic ecological momentary assessment (GEMA) and developed a DAG-guided multi-relation double machine learning (DAG-MR-DML) framework. Our findings underscore the critical influence of the UGCoP and the necessity of context-based heterogeneity analysis. Specifically, we found that (1) the geographic context strongly moderated the relationships among these variables; (2) perceived air pollution significantly mediated the association between PM2.5 exposure and perceived stress overall and in the context of personal and mixed activities; and (3) physical activity may mitigate the adverse effects of air pollution on perceived stress overall and in work or study and leisure contexts. We emphasized the significance of geographic contexts and advocated for a “context-aware” smart urban air information and lifestyle system to mitigate perception errors and provide timely physical activity recommendations, thereby promoting the mental well-being of urban residents. © 2026 The Authors.","Air pollution; Double machine learning; Geographic contexts; Mobility; Perceptions; Physical activity; Stress","Adult; Air Pollution; Exercise; Female; Humans; Machine Learning; Male; Perception; Stress, Psychological; Subjective Stress; Surveys and Questionnaires; atmospheric pollution; machine learning; mobility; particulate matter; perception; physical activity; pollution exposure; stress; urban area; adult; air pollution; Article; environmental exposure; environmental factor; female; health disparity; human; learning; leisure; lifestyle; machine learning; male; physical activity; physiological stress; psychological well-being; questionnaire; retrospective study; social support; urban development; urban population; adverse event; exercise; mental stress; perception; psychology; subjective stress","Article","Final","All Open Access; Hybrid Gold Open Access","Scopus","2-s2.0-105042526848"
"Lin J.; Wang Y.","Lin, Jingjing (59949316000); Wang, Ying (59988091900)","59949316000; 59988091900","How Do Digitalization and Greening Promote the Synergy of Pollution and Carbon Emission Reductions? Evidence from the Dual-Policy Pilots of Key Air Pollution Control Zones and Broadband China","2026","Sustainability (Switzerland)","18","16","8595","","","0","10.3390/su18168595","https://www.scopus.com/pages/publications/105048717616?origin=resultslist","Coordinating air pollution control with carbon mitigation is a central challenge for urban sustainability. However, there is currently a lack of sufficient research on whether digital infrastructure can complement environmental regulations to enhance the synergy of pollution and carbon emission reduction (SPCER). Using the overlapping implementation of China’s Key Air Pollution Control Zones (KAPCZs) and Broadband China (BC) policies as an empirical policy setting, this study applies a partially linear Double Machine Learning framework to panel data for 282 Chinese cities from 2006 to 2023. The results show that the dual-policy pilots significantly improve urban SPCER, while a unified interaction test further provides statistical evidence of a positive synergistic effect between the two policies. Mediation analyses provide evidence consistent with Green Technological Innovation, industrial structure upgrading, and green finance development as potential transmission mechanisms. Formal cross-group tests reveal significant heterogeneity across regions and city characteristics, with larger effects in highly urbanized, low industrial development, non-old industrial base, central, and non-resource-based cities. Spatial Durbin Model estimates further indicate positive spillovers to neighboring cities. These findings demonstrate the potential value of coordinating environmental regulation with digital infrastructure and provide evidence for differentiated policy design and cross-regional collaboration in urban digital–green transitions. © 2026 by the authors.","broadband China; double machine learning; key air pollution control zones; spatial spillover effect; synergy of pollution and carbon emission reductions","China; atmospheric pollution; carbon emission; digitization; machine learning; pollution control; pollution policy; reduction; spillover effect; standard (regulation)","Article","Final","All Open Access; Gold Open Access","Scopus","2-s2.0-105048717616"
"Ayad F.","Ayad, Fayssal (58134181000)","58134181000","Echoes of ubuntu: The dilemma of International Monetary Fund programs and African development","2026","Economic Systems","50","3","101387","","","0","10.1016/j.ecosys.2026.101387","https://www.scopus.com/pages/publications/105033243374?origin=resultslist","Do International Monetary Fund (IMF) programs foster or hinder economic development in Africa? This paper addresses this long-standing and contested question by estimating the causal impact of IMF program participation on real GDP per capita across African countries from 1990 to 2021. Departing from previous studies that often rely on strong parametric assumptions or limited controls, I leverage a double/debiased machine learning framework that accommodates high-dimensional confounding and flexible functional forms. By combining rigorous causal inference with rich historical and structural data, this study provides new evidence on the developmental consequences of international financial intervention, while accounting for impact heterogeneity. Using data on the Fund's three major instruments–the Extended Fund Facility, the Stand-By Agreement, and the Extended Credit Facility (ECF)–I find that program participation is associated with large and persistent declines in economic development. On average, IMF-supported programs reduce real GDP per capita by over 50%, with the ECF exhibiting the most severe impact. These findings are robust to alternative estimators, and hold across a range of sensitivity and falsification tests. Causal forest estimates further reveal significant heterogeneity in treatment effects, with severe impacts concentrated in fragile states with low human development. Importantly, the near-constant detrimental effects across decades highlight the persistent structural rigidities in the IMF program design. These results suggest that adverse development effects are likely to materialize through several mechanisms and call for a critical reassessment of the IMF program alignment with long-term development priorities in Africa. © 2026 Elsevier B.V.","Bayesian model aggregation; Causal forests; Causal machine learning; Development; Double/debiased machine learning; IMF programs","","Article","Final","","Scopus","2-s2.0-105033243374"
"Ran H.; Miao R.; Zhao J.; Zhang H.; Wang S.; Zhang J.; Wang P.; Wang L.; Yin J.","Ran, Haoxue (58135761700); Miao, Rui (55508226300); Zhao, Jin (57049887700); Zhang, Huihui (57192483925); Wang, Siyu (59506227100); Zhang, Jiayi (60350883600); Wang, Pei (57195771868); Wang, Lei (59871667000); Yin, Jianqi (60350610800)","58135761700; 55508226300; 57049887700; 57192483925; 59506227100; 60350883600; 57195771868; 59871667000; 60350610800","Quantitative decoupling of the key factors and mechanisms of Fenton-pretreated membrane fouling mitigation via machine learning-assisted causal inference","2026","Water Research","303","","126247","","","0","10.1016/j.watres.2026.126247","https://www.scopus.com/pages/publications/105041651447?origin=resultslist","Fenton pretreatment effectively mitigates organic membrane fouling via synergistic oxidation and coagulation. However, its key drivers and intrinsic mitigation mechanisms remain unknown. Here, a progressive data-driven framework integrating machine learning (ML), Shapley additive explanations (SHAP), and causal inference methods across three extensive datasets (>6,700 samples) was developed to quantitatively elucidate Fenton-induced fouling mitigation from macro- to microscopic levels. The developed ML models exhibited exceptional prediction performance across all datasets (R2adj = 0.804-0.976). The results of SHAP analysis revealed that Fenton pretreatment largely governed fouling mitigation (44.1%). Specifically, Fe2+ was 1.8 times more critical than H2O2 was, and both were significantly nonlinearly correlated with fouling mitigation. By capturing these nonlinear dose–response relationships, we identified the optimal trace Fenton dosage levels (Fe2+ = 0.1 mM; H2O2 = 0.075 mM) tailored for specific organic foulants (sodium alginate). Microscopically, causal inference revealed the underlying mitigation mechanisms: notably, oxidation-driven electrostatic repulsion (51.7%) contributed four times more than the coagulation-driven size exclusion effect did (12.8%). This enhanced electrostatic repulsion primarily weakened foulant–foulant intermolecular cohesion (57.6%), which far outweighed the reduction in foulant–membrane adhesion (29.6%). Ultimately, architectural restructuring of the fouling layer (72.7%) driven by these attenuated interfacial interactions effectively mitigated membrane fouling, decisively outweighing the contribution from the reduction in the deposited foulant mass (27.3%). In this study, we not only quantitatively decouple the mechanistic pathways underlying Fenton-mitigated membrane fouling but also provide a versatile and transferable data-driven paradigm for elucidating complex membrane fouling phenomena. © 2026 Elsevier Ltd","Causal decoupling; Fenton pretreatment; Interfacial interactions; Interpretable machine learning; Organic membrane fouling","Biofouling; Hydrogen Peroxide; Iron; Machine Learning; Membranes, Artificial; Oxidation-Reduction; Adhesion; Cell adhesion; Clustering algorithms; Coagulation; Data integration; Electrostatics; Learning systems; Machine learning; Membrane fouling; Membranes; Fenton's reagent; hydrogen peroxide; iron; Causal decoupling; Decouplings; Fenton pretreatment; Foulants; Interfacial interaction; Interpretable machine learning; Machine-learning; Organic membrane fouling; Organic membranes; Pre-treatments; artificial membrane; biofouling; chemistry; machine learning; oxidation reduction reaction; prevention and control; Sodium alginate","Article","Final","","Scopus","2-s2.0-105041651447"
"Zhang S.; Yin J.","Zhang, Sunli (60756086000); Yin, Jian (55544898800)","60756086000; 55544898800","Intelligent technology penetration and the green transition of urban energy systems: Evidence from Chinese cities using double/debiased machine learning","2026","Economic Analysis and Policy","93","","","304","325","0","10.1016/j.eap.2026.07.025","https://www.scopus.com/pages/publications/105045632454?origin=resultslist","Using panel data from 236 Chinese cities spanning 2010 to 2022, this study investigates the impact of intelligent technology penetration (ITP) on urban energy greenness. We construct a multidimensional index of urban energy greenness that integrates energy consumption structure, green total-factor energy efficiency, carbon emissions, and air pollution. To establish causality, we develop a Bartik-style ITP instrument based on industry-level robot exposure and predetermined city-level industrial employment shares. Furthermore, we employ a double/debiased machine learning (DML) framework to account for high-dimensional controls and nonlinear confounding. Our findings reveal that ITP significantly enhances urban energy greenness, a process primarily driven by technological innovation and industrial structure upgrading. Heterogeneity analyses indicate that this positive effect is more pronounced in cities characterized by higher administrative status, robust investment and human capital, manufacturing-centric economies, abundant energy endowments, and strong innovation capacities. Additionally, low-carbon city pilot policies not only directly improve energy greenness but also amplify the enabling role of ITP. Spatial econometric modeling further demonstrates that ITP generates positive local effects alongside significant spatial spillovers to neighboring cities. Ultimately, these results underscore that while intelligent technologies are pivotal for the green transition of urban energy systems, their efficacy is highly contingent upon local absorptive capacity, industrial foundations, policy environments, and regional coordination. © 2026 The Economic Society of Australia (Queensland) Inc.","Double/debiased machine learning; Energy green transition; Energy policy; Intelligent technology penetration","","Article","Final","","Scopus","2-s2.0-105045632454"
"Dipierro A.R.; Toma P.","Dipierro, Anna Rita (58110389100); Toma, Pierluigi (57192099071)","58110389100; 57192099071","From terroir to quality: Handling the run for efficiency across time and space for Italian agri-food firms","2026","Omega (United Kingdom)","145","","103663","","","0","10.1016/j.omega.2026.103663","https://www.scopus.com/pages/publications/105050240027?origin=resultslist","In the actual increasingly competitive market for agricultural firms, the ability to turn inputs into outputs named efficiency has to be pursued by exploiting quality. We conceive quality as a game changer within the per se complex agriculture-environment link. We aim at exploring the critical junctures between efficiency, quality and territorial riskiness, considering space-sensitive products, whose quality is certified as linked to the terroir. We employ an integrated methodological approach of efficiency analysis, causal inference and machine learning. A conditional nonparametric efficiency estimator is assisted by the causal evaluation of the certification effects on efficiency over time, through difference-in-differences technique and genetic matching. Also, a machine learning technique called feature selection is used to make out-of-sample prediction of the efficiency score. The approach is applied to 1133 Italian agri-food firms, measured over 24 internal and external characteristics from 2015 to 2020. Italy stands for a best-practice in the quality products market, despite increasing territorial vulnerability. We question and later find that the collaboration – which is needed to sell certified products of origin – is a vital expedient to run for efficiency over time and by less-caring of spatial threats. Results are relevant for researchers, and promote some win-win strategies for governors and producers in a long-term oriented vision of the sector. © 2026 The Authors","Conditional efficiency; Italian agricultural sector; Machine learning; Quality","Agri-food; Agribusiness; Agricultural machinery; Agriculture; Efficiency; Learning systems; Machine learning; Across time; Agricultural sector; Agriculture environments; Competitive markets; Conditional efficiency; Italian agricultural sector; Machine-learning; Methodological approach; Quality; Terroir; agriculture; article; best practice; certification; feature selection; human; Italy; machine learning; prediction; productivity; running; vulnerability; Image quality","Article","Final","All Open Access; Hybrid Gold Open Access","Scopus","2-s2.0-105050240027"
"Whetten A.B.; Diaz R.M.; Hochachka W.M.; Stillman A.; Davis C.L.; Auer T.; Strimas-Mackey M.; Ruiz-Gutierrez V.; Howell P.E.; Kershner E.; Fink D.","Whetten, Andrew B. (57209296568); Diaz, Renata M. (57205712412); Hochachka, Wesley M. (6603951361); Stillman, Andrew (57202806538); Davis, Courtney Lynn (57192832780); Auer, Tom (36522348600); Strimas-Mackey, Matt (57193133930); Ruiz-Gutierrez, Viviana (24740933000); Howell, Paige E. (56844780900); Kershner, Eric (60765776800); Fink, Daniel (7202981007)","57209296568; 57205712412; 6603951361; 57202806538; 57192832780; 36522348600; 57193133930; 24740933000; 56844780900; 60765776800; 7202981007","R-Learner Data Integration for Estimating Population Trends From Opportunistic and Structured Survey Data","2026","Environmetrics","37","6","e70116","","","0","10.1002/env.70116","https://www.scopus.com/pages/publications/105046110688?origin=resultslist","Accurately quantifying wildlife population change is essential for assessing ecosystem health and guiding conservation action. Model-based integration of structured and opportunistic survey data can expand the spatial scope and improve the precision of trend estimates but requires methods that reconcile differences in observation processes, sampling coverage, and data volume across surveys. We present the integrated R-learner trend model, a modular framework for estimating spatially explicit trends from multiple surveys. In Stage 1, the double machine learning (DML) trend model is applied separately to each survey, isolating ecological signals from intra- and interannual confounding. In Stage 2, survey-specific trends are combined using the R-learner framework, with weights based on sampling coverage probabilities estimated via a spatially explicit mixture-distribution sub-model. This two-stage design enables bias mitigation, reconciles differences in observation processes and coverage, handles high-dimensional feature sets, and balances influence across datasets of differing size and quality. Using simulations, we show that incorporating mixture-distribution weighting improves accuracy and statistical power relative to independent survey-specific models. We then apply our model to data from the North American Breeding Bird Survey and the eBird participatory science project, demonstrating how complementary coverage from structured and opportunistic surveys can be leveraged to produce high-resolution, spatially explicit bird population trends. © 2026 John Wiley & Sons Ltd.","causal forests; double machine learning; eBird; ecological statistics; North American Breeding Bird Survey; participatory science data; R-learner; trend estimation","bird; breeding; ecosystem health; machine learning; numerical model; participatory approach","Article","Final","","Scopus","2-s2.0-105046110688"
"Lou Y.; Liu Y.; Zhang D.; Fang B.","Lou, Yonghang (58634135400); Liu, Yue (57090423300); Zhang, Daojun (57198600275); Fang, Bo (60584691100)","58634135400; 57090423300; 57198600275; 60584691100","Unveiling mineralization-related geochemical anomalies with double causal forest model from correlation to causality","2026","Journal of Geochemical Exploration","287","","108071","","","0","10.1016/j.gexplo.2026.108071","https://www.scopus.com/pages/publications/105035843235?origin=resultslist","Geochemical anomaly identification can provide crucial mineralization information for mineral exploration. Currently, geochemical elements correlation analysis based on statistical and machine learning methods can quantify the relationships of geochemical elements associated with mineralization anomalies. However, most methods are unable to reconcile the observed correlation between geochemical elements with the underlying causality of elements on mineralization in their analysis. More importantly, this causal relationship is not merely qualitative, but rather a quantifiable property that can capture for accurate geochemical anomaly identification. Thus, this study proposed a Double Causal Forest (DCF) model to quantify the causal relationship between geochemical elements and deposits based on the causal inference learning strategy. The DCF model can use tree-based ensemble learners to jointly fit treatment, outcome, and confounding variables, enabling unbiased estimation of both the Average Treatment Effect (ATE) and Conditional Average Treatment Effect (CATE) for individual elements while mitigating the influence of confounding variables. Based on the Double Machine Learning (DML) framework, the DCF model has strong robustness and applicability when dealing with geochemical data that typically has high-dimensional characteristics. Taking the identification of geochemical anomalies associated with copper mineralization in the Zhongtiaoshan area, China, as a case study, the performance of DCF model in handling high-dimensional geochemical data and quantifying mineralization-related causal effects was validated. Based on statistical significance, ATE analysis, and geological constraint, 12 key geochemical elements (Al2O3, B, Cd, Co, Cu, Hg, Li, Mn, Pb, Si, Zn, and Zr) were selected from the 39-dimensional dataset. Spatial analysis of CATE values revealed pronounced heterogeneity and strong consistency between high-effect areas, known copper deposits, ore-controlling strata, and major tectonic belts. Furthermore, the comprehensive causal effect (K) values demonstrated that the key elements contain more mineralization information than the original geochemical dataset. In addition, this study was compared with the RF model, demonstrating the advantage of the DCF model in identifying geochemical anomalies when dealing with high-dimensional geochemical data. © 2026 Elsevier B.V.","Causal inference; Geochemical anomaly identification; Machine learning; Zhongtiaoshan copper deposits","","Article","Final","","Scopus","2-s2.0-105035843235"
"Yang Y.","Yang, Yixing (58029816000)","58029816000","After dark, until the weekend: How temporal misalignment shapes consumer responses to anthropomorphic AI","2027","Journal of Retailing and Consumer Services","94","","104984","","","0","10.1016/j.jretconser.2026.104984","https://www.scopus.com/pages/publications/105045330412?origin=resultslist","The study explores how streamer type (virtual streamers vs. human streamers) shapes live heat and consumer sentiment in live streaming, and explores the dual anthropomorphic mechanisms and the effect of temporal misalignment on virtual streamers. Using multimodal data, double machine learning (DML) provides suggestive causal evidence, deep learning-based image-voice analysis and Latent Dirichlet Allocation (LDA) topic model reveal quantitative and qualitative mechanisms. The results show that virtual streamers do worse than human streamers on live traffic and consumer emotions. Further quantitative and textual mechanisms reveal that lower anthropomorphism leads to lower heat (form) and consumer sentiment (behavioral). Additionally, the findings reveal a temporally contingent pattern in the effectiveness of virtual streamers: while their negative effect is attenuated at night due to perceived novelty, it is amplified on weekends due to unmet expectations. The research offers new insights into the value of human-AI collaboration in different virtual streamer realism and specific temporal contexts. © 2026 Elsevier Ltd","Deep learning; Human-AI collaboration; Multimodal data; Temporal; Virtual streamers","artificial intelligence; consumption behavior; machine learning; social media","Article","Final","","Scopus","2-s2.0-105045330412"
"Nguyen T.P.L.","Nguyen, Thi Phuong Lan (60330022400)","60330022400","From return on investment to return on health: the CARE framework for AI governance, accountability, and equitable transformation in healthcare systems","2026","International Journal of Data Science and Analytics","22","1","184","","","0","10.1007/s41060-026-01152-3","https://www.scopus.com/pages/publications/105040775960?origin=resultslist","Pharmaceutical marketing analytics effectiveness has traditionally been evaluated using financial return on investment (ROI), with limited integration of patient-centered health outcomes into optimization objectives. This study introduces the CARE framework—causal intelligence, accountability analytics, responsible engagement, and equity outcomes—as a structured analytical architecture for reframing marketing evaluation around return on health (ROH). Rather than considering health impact as a secondary consequence of revenue optimization, CARE integrates causal inference, transparency mechanisms, and fairness constraints directly within the optimization objective. The study employs a simulation-based validation design using synthetic datasets parameterized with publicly reported healthcare adherence, access, and affordability distributions. The analytical architecture integrates marketing mix modeling (MMM), multi-touch attribution (MTA), and incrementality testing within a governance-constrained causal estimation structure. In the simulated environment, patients were assigned to treatment and control groups to enable causal effect estimation. Double machine learning techniques were used to isolate the independent effect of marketing exposure while controlling demographic, socioeconomic, and clinical confounding factors. The optimization procedure also incorporated fairness constraints to prevent disproportionate allocation of resources across population subgroups. Simulation analyses examine how redefining the optimization objective from ROI to ROH changes resource allocation and targeting strategies. Within the modeled environment, health-oriented objective functions shift investment across patient segments and therapeutic areas relative to revenue-maximizing benchmarks, generating comparatively higher projected adherence, therapy initiation, and equity-adjusted outcome indicators. These results reflect model-based analytical demonstrations rather than findings from real-world deployment. The contribution of this study is conceptual and methodological. CARE formalizes a reproducible framework for integrating causal measurement, algorithmic accountability, and equity constraints into healthcare marketing analytics, providing a structured foundation for future for more accountable and health-focused decision making in data-driven marketing systems. © The Author(s), under exclusive licence to Springer Nature Switzerland AG 2026.","Accountability analytics; AI governance; AI-driven optimization; CARE framework; Health equity; Responsible AI; Return on health (ROH)","Artificial intelligence; Benchmarking; Commerce; Investments; Marketing; Optimization; Patient treatment; Population statistics; Profitability; Accountability analytic; AI governance; AI-driven optimization; CARE framework; Health equity; Optimisations; Re-turn-on; Responsible AI; Return on health; Returns on investment; Decision making","Article","Final","","Scopus","2-s2.0-105040775960"
"Liu J.; Zhai B.; Duan Q.; Xu Z.","Liu, Junjia (60103439500); Zhai, Baoxin (57221938444); Duan, Qiannan (56432226900); Xu, Zhuoyi (60103491600)","60103439500; 57221938444; 56432226900; 60103491600","Revealing the local heterogeneity of urban development's impact on PM2.5 pollution across Chinese cities: An interpretable spatially aware machine learning approach","2026","Atmospheric Pollution Research","17","8","103114","","","0","10.1016/j.apr.2026.103114","https://www.scopus.com/pages/publications/105043207959?origin=resultslist","Rapid urbanization and industrialization have caused severe PM2.5 pollution. Conventional analytical methods struggle to simultaneously capture the nonlinear interactions and spatial heterogeneity between urban development and air quality. Taking 345 Chinese cities during 2013-2023 as research objects, this study adopted multi-year panel data to reveal the nonlinear and spatially heterogeneous driving mechanisms of urban development on PM2.5 concentrations using advanced spatial analysis models. Among the five models (multi-scale GWR (MGWR), spatial weighted XGBoost (SXGB), geographically weighted XGBoost (GXGB), geographically weighted RF (GWRF) and GeoAwareNN), GXGB outperforms the others, especially in eliminating spatial residual bias. Combined with SHAP, ALE, panel threshold regression and double machine learning, this study established an interpretable hybrid framework to quantify nonlinear thresholds and multivariate interaction effects. Results reveal a structural shift in PM2.5 driving mechanisms: from an early pattern dominated by industrial structure to a dual-core system driven jointly by population and economic density. Critical nonlinear thresholds are confirmed: when population density exceeds 117.67 persons/km2 or built-up land proportion exceeds 0.021, their associations with PM2.5 concentrations reverse from negative to positive. Furthermore, a “Source-Sink-Regulation” spatial governance system is established, classifying sample cities into eight policy archetypes for targeted pollution control. This study deepens the understanding of spatiotemporal heterogeneous associations between PM2.5 pollution and urban development. It provides a transferable methodological paradigm for formulating precise, differentiated regional air pollution control strategies. © 2026 Turkish National Committee for Air Pollution Research and Control","Geographically weighted regression; Machine learning; PM<sub>2.5</sub>; SHAP; Spatial heterogeneity; Urban development","","Article","Final","","Scopus","2-s2.0-105043207959"
"Noh Y.; Park C.Y.","Noh, Youngre (57189488553); Park, Chan Young (57190000674)","57189488553; 57190000674","Green infrastructure and housing prices: Heterogeneous effects and sensitivity to modeling choices","2026","Urban Forestry and Urban Greening","125","","129637","","","0","10.1016/j.ufug.2026.129637","https://www.scopus.com/pages/publications/105049615196?origin=resultslist","Green infrastructure (GI) is often expected to raise nearby property values, a benefit that can displace lower-income residents through green gentrification. This study asks whether that expectation holds once nonlinear, machine-learning-based methods replace the linear specifications in conventional hedonic and difference-in-differences (DID) models, especially in weak-demand legacy cities. Comparing traditional OLS-DID against Double Machine Learning (DML) across four GI projects in Cleveland, a shrinking, post-industrial city, this study finds that where OLS-DID is significant, DML typically agrees in sign but at a smaller magnitude. For one project, however, the two estimators diverge sharply in direction, showing that functional form can change a capitalization estimate's substantive conclusion, not just its size. Results differ sharply by project. Lake Link Trail shows the study's one significant, positive pooled effect, approximately 25 %, though a pre-existing trend and an unresolved income-specific pattern warrant caution. The Lakefront Nature Preserve shows no significant effect in either direction, the weakest evidence of the four. Mill Creek Falls Park is near-null overall but reveals a significant, localized decline, approximately 12 %, for low-income households. Acacia Reservation supplies the study's central finding, a sign flip from a small positive OLS-DID estimate, approximately 4 %, to a significant negative DML estimate, approximately 18 %, in this stable, middle- to upper-income suburban setting. GI does not uniformly generate green gentrification. Effects vary in direction and magnitude across space and socioeconomic context, underscoring the need to monitor each project's distributional consequences rather than assume them from the broader literature. © 2026 The Authors.","Difference-in-Differences; Double Machine Learning; Green Gentrification; Green Infrastructure; Housing Market; Urban Greening","Cleveland [Ohio]; Mill Creek; Ohio; Tennessee; United States; gentrification; green economy; greenspace; housing market; price determination; spatiotemporal analysis","Article","Final","All Open Access; Hybrid Gold Open Access","Scopus","2-s2.0-105049615196"
"Han Z.; Huang P.","Han, Zhiliang (60752196700); Huang, Peiyun (60205791300)","60752196700; 60205791300","Impact and mechanisms of coordinated low-carbon innovation policies on corporate carbon emission performance","2026","Discover Sustainability","7","1","1103","","","0","10.1007/s43621-026-03590-2","https://www.scopus.com/pages/publications/105045341434?origin=resultslist","This study relies on panel data from 2008 to 2023 for 3102 Chinese A-share listed firms. It applies a multi-period difference-in-differences framework to examine the policy effects of “Low-Carbon City Pilot Policy” and “Innovative City Pilot Policy” on corporate carbon emission performance, as well as the synergistic effects of both policies being implemented concurrently. The synergistic effects of both policies outperformed their individual effects. This approach compensates for the shortcomings and deficiencies of single policies, enhances their effectiveness, and significantly improves corporate carbon emission performance. These findings remained robust across multiple robustness tests. Mechanism analysis revealed that the coordinated policies improve corporate carbon emission performance by enhancing green investment, increasing innovation quantity and quality. Furthermore, marketization level and digital transformation positively moderated these policy effects. Heterogeneity analysis showed that enterprises in resource-based cities, as well as high-pollution and non-high-tech enterprises, have greater benefits. This study identifies the rebound effect of innovation on carbon reduction and the guiding role of environmental regulations, deepening our theoretical understanding of the relationship between low-carbon innovation policies and corporate carbon emission performance. It also provides empirical evidence and practical insights for low-carbon economic development and sustainable policy design. © The Author(s) 2026.","China; Corporate carbon emission performance; Difference-in-difference; Double machine learning; Low-carbon innovation policies; Propensity score matching","China; carbon emission; corporate social responsibility; innovation; machine learning; performance assessment; policy approach","Article","Final","All Open Access; Gold Open Access","Scopus","2-s2.0-105045341434"
"Iakovlev V.; Tealdi C.","Iakovlev, Vsevolod (57833333100); Tealdi, Cristina (56549801200)","57833333100; 56549801200","Overqualification and the child penalty: Unpacking gender mismatch gaps in the UK","2026","Labour Economics","102","","102934","","","0","10.1016/j.labeco.2026.102934","https://www.scopus.com/pages/publications/105043897929?origin=resultslist","This paper studies gender differences in labour market mismatch, over-education and over-skilling in the UK using two waves of the OECD Survey of Adult Skills (PIAAC) from 2012 and 2023. We construct six mismatch indicators and estimate adjusted gender mismatch gaps using double/debiased machine learning paired with stacked generalisation. In the full sample, the gap is largely explained by observable characteristics, but this masks a pronounced heterogeneity by parenthood: the adjusted gap is negligible among childless workers and large and persistent among parents. We show that this gap reflects motherhood-induced occupational re-sorting, which intensifies over the life cycle and is concentrated in inflexible industries. Over time, the skill-based component of the gap has narrowed substantially, while the credential-based component has not, suggesting that recent UK family policies have operated on the time-cost margin of skill use but not on the allocation of workers across jobs with different formal requirements. © 2026 The Authors.","Education; Gender; Labour mismatch; Skills","","Article","Final","All Open Access; Hybrid Gold Open Access","Scopus","2-s2.0-105043897929"
"Tian L.; Tian W.; Guo J.; Wang J.","Tian, Lin (59254520900); Tian, Weilun (58131384800); Guo, Junru (58992754400); Wang, Jiarui (58304763200)","59254520900; 58131384800; 58992754400; 58304763200","From hoarding to drawdown: How does bank fintech affect corporate cash management decisions?","2026","International Review of Financial Analysis","117","","105318","","","0","10.1016/j.irfa.2026.105318","https://www.scopus.com/pages/publications/105046017737?origin=resultslist","This study examines the relationship between bank fintech and corporate cash holdings using data on Chinese non-financial listed firms from 2014 to 2023. We measure firms' exposure to bank fintech by identifying commercial banks' fintech-related patents through textual analysis and mapping them to firms based on firm–bank lending relationships. Employing a double machine learning framework, we find robust evidence that bank fintech is negatively related to corporate cash holdings. The mechanism analysis provides evidence consistent with the roles of both the financing channel and the agency channel. The negative relationship is more pronounced among private firms, firms with lower institutional investor ownership, firms operating in capital-intensive and less competitive industries, and firms located in regions with weaker financial development and lower social trust. Further analysis shows that lower cash holdings associated with bank fintech are accompanied by increased fixed asset investment. Overall, our findings highlight the relationship between bank fintech and corporate liquidity management decisions, offering policy insights for financial systems undergoing fintech-driven transitions. Copyright © 2026. Published by Elsevier Inc.","Agency problem; Bank fintech; Cash holdings; Double machine learning; Precautionary motives","","Article","Final","","Scopus","2-s2.0-105046017737"
"Sun X.; Li S.; Liang J.; Wang C.; Bai Y.; Mao J.; Qu J.","Sun, Xihao (60685493000); Li, Shuaiyi (60685402700); Liang, Jinsong (57214225369); Wang, Chenchen (57742021000); Bai, Yaohui (26649334500); Mao, Jie (57218593382); Qu, Jiuhui (57797756100)","60685493000; 60685402700; 57214225369; 57742021000; 26649334500; 57218593382; 57797756100","From correlation to causality: Identifying potential environmental drivers of pathogenic antibiotic-resistant bacteria in river water using causal machine learning","2026","Environmental Pollution","405","","128570","","","0","10.1016/j.envpol.2026.128570","https://www.scopus.com/pages/publications/105041374251?origin=resultslist","Pathogenic antibiotic-resistant bacteria (PARB) pose a serious public health threat within the One Health framework, yet identifying their potential environmental drivers in complex aquatic systems remains a challenge. This study systematically compared correlation analysis, explainable machine learning, and causal machine learning within a unified framework. Both Spearman correlation and explainable machine learning identified numerous potentially important factors, notably non-antibiotic pharmaceuticals such as carbamazepine and bezafibrate. However, causal inference via double machine learning, which controls for confounders and interaction effects, revealed a distinctly different driver profile. Under predefined assumptions, this approach estimated potential causal effects for dissolved oxygen, the nitrate-to-ammonium ratio, specific antibiotics (roxithromycin, azithromycin), and non-antibiotic compounds (acenaphthene, 2-chloroanthracene). Taxon-specific analysis further showed that Aeromonas aligned closely with the overall PARB causal profile, whereas Pseudomonas responded primarily to oxidation–reduction potential. Functional profiles suggested potential stress-adaptation mechanisms related to signal transduction and metabolic regulation pathways. By shifting from associative prediction to causal inference, this causal machine learning-guided framework provides a robust analytical basis for identifying environmental drivers and informing targeted management of PARB risks in aquatic ecosystems. © 2026 Published by Elsevier Ltd.","Causal machine learning; Explainable machine learning; Metagenomics; Pathogenic antibiotic-resistant bacteria; River","Anti-Bacterial Agents; Bacteria; Drug Resistance, Bacterial; Environmental Monitoring; Machine Learning; Rivers; Water Microbiology; Water Pollutants, Chemical; Antibiotics; Aquatic ecosystems; Bacteria; Dissolved oxygen; Health risks; Learning algorithms; Learning systems; Machine learning; Public health; Risk assessment; Rivers; bezafibrate; carbamazepine; river water; antiinfective agent; Antibiotic-resistant bacteria; Causal inferences; Causal machine learning; Explainable machine learning; Machine-learning; Metagenomics; Pathogenic antibiotic-resistant bacteria; Pathogenics; River water; antibiotic resistance; correlation; dissolved oxygen; environmental factor; identification method; machine learning; microbial activity; pathogen; pollution monitoring; public health; river water; antibiotic resistance; Article; bioinformatics; correlation analysis; environmental factor; flow cytometry; gene regulatory network; human; machine learning; mean squared error; Mendelian randomization analysis; metabolic regulation; metagenomics; microbial community; nonhuman; pathogenic antibiotic resistant bacteria; phylogeny; physical chemistry; physiological stress; prediction; public health; random forest; signal transduction; spatiotemporal analysis; water quality; bacterium; drug effect; environmental monitoring; isolation and purification; microbiology; procedures; river; water pollutant; Signal transduction","Article","Final","","Scopus","2-s2.0-105041374251"
"Aihemaiti Y.; Abula K.","Aihemaiti, Yusupu (60144456600); Abula, Kahaer (57999720300)","60144456600; 57999720300","Causal Effects of Digital Infrastructure and Agricultural Socialized Services on Agricultural Value Chain Efficiency: Identification Based on SFA-DML and Innovation-Driven Mechanisms","2026","Sustainability (Switzerland)","18","16","8217","","","0","10.3390/su18168217","https://www.scopus.com/pages/publications/105048604769?origin=resultslist","Digital infrastructure (DI) and agricultural socialized services (ASSs) are key drivers of agricultural value chain efficiency (AVCE), yet their causal effects remain confounded by endogeneity bias. This study constructs an integrated SFA-Tobit-DML framework using 31-province Chinese panel data (2011–2023). SFA estimates provincial technical efficiency; Tobit provides associational benchmarks; and Double Machine Learning (DML) with K = 5 cross-fitting identifies causal average treatment effects (ATEs). The DML results validate the Tobit benchmark for DI (LassoCV ATE: 0.810, 95% CI [0.656, 0.963]; Tobit: 0.826), while revealing Tobit overestimates ASSs by approximately 37% (LassoCV: 0.850 [0.599, 1.101]; Tobit: 1.347). Bootstrap mediation tests confirm that agricultural R&D investment mediates 61.58% and 47.45% of DI and ASS effects. Heterogeneity analysis shows that urbanization amplifies DI marginal returns (ATE: 1.401 in low-urban vs. 0.711 in high-urban regions), while government intervention exhibits conditional crowding-out effects. These findings imply that policies should shift from uniform investment toward regionally differentiated strategies that account for local absorptive capacity. © 2026 by the authors.","agricultural socialized services; agricultural value chain efficiency; digital infrastructure; dual machine learning (DML); innovation-driven; SFA","China; infrastructure; innovation; investment; machine learning; panel data; technical efficiency; urbanization","Article","Final","All Open Access; Gold Open Access","Scopus","2-s2.0-105048604769"
"Liu R.; Ge D.; Niu B.; Liu C.; Chen G.","Liu, Ruotong (60147607400); Ge, Dazhuan (57188650425); Niu, Bo (57226765438); Liu, Chengkun (55886811300); Chen, Gang (57219352397)","60147607400; 57188650425; 57226765438; 55886811300; 57219352397","How does the rural migrants return to hometown for entrepreneurship enhance economic resilience? Evidence from county-level pilots in China","2026","Habitat International","175","","103911","","","1","10.1016/j.habitatint.2026.103911","https://www.scopus.com/pages/publications/105042865208?origin=resultslist","As an institution driven channel for factor reflows, the rural migrants return to hometown for entrepreneurship (RMHE) pilot policy initiative has emerged as a key institutional force reshaping factor supply and structural resilience in China's county-level economies. Existing studies, however, have largely focused on micro-level entrepreneurial behavior or rural industrial outcomes, paying limited attention to how institution driven functional structural reconfiguration influences county-level economic resilience. To address this gap, this study develops an integrated analytical framework of “Institution driven - Functional structural reconfiguration - Resilience enhancement”. Drawing on panel data from 1935 counties in China over the period 2008–2022, we employ a multi-period difference-in-differences (DID) approach to systematically identify the effects and mechanisms of the RMHE pilot policy on county-level economic resilience. The results show that: (1) the RMHE pilot policy increases county-level economic resilience by approximately 4.1%, indicating that institution driven factor reflow significantly strengthens counties' capacities to absorb shocks and recover from disturbances; (2) the resilience-enhancing effect operates through three interrelated channels: capital structure reconfiguration, industrial structure reconfiguration, and spatial structure reconfiguration, providing empirical support for the theoretical proposition that institution driven, mediated by micro responses, triggers functional structural reorganization that ultimately enhances economic resilience; (3) the marginal policy effect is significantly stronger in non-poverty counties, exceeding that in poverty counties by about 1.2%, highlighting the critical role of institutional foundations and factor-carrying capacity in shaping policy absorption and transformation efficiency. This study enriches the literature on institution driven pathways to economic resilience and offers policy-relevant insights for developing countries seeking to strengthen regional economic resilience through the governance of factor mobility under institutional guidance. © 2026 Elsevier Ltd.","County-level economic resilience; Double machine learning; Quasi-natural experiment; Rural migrants return to hometown for entrepreneurship; Urban–rural factor mobility","China; entrepreneur; machinery; mobility; return migration; rural economy; rural population","Article","Final","","Scopus","2-s2.0-105042865208"
"Zhang C.; Huang J.; Yu H.; Yin W.; Liang X.; Luo X.","Zhang, Chonghao (58237136300); Huang, Jinyi (59988372700); Yu, Hao (60616482800); Yin, Wenyu (60602729900); Liang, Xingyu (57211035451); Luo, Xiao (57072127000)","58237136300; 59988372700; 60616482800; 60602729900; 57211035451; 57072127000","As cities sprawl: Unraveling the nonlinear impacts of urban spatial evolution on outdoor crime patterns through machine learning and causal inference","2026","Sustainable Cities and Society","145","","107475","","","0","10.1016/j.scs.2026.107475","https://www.scopus.com/pages/publications/105037937775?origin=resultslist","Urban crime patterns are fundamentally shaped by built environment characteristics, yet existing research relies on correlational analyses that fail to establish causal mechanisms or account for spatial heterogeneity. This study develops an integrated framework combining CatBoost-SHAP interpretation, Geo-Treatment Effects mapping, and spatially stratified Double Machine Learning to disentangle crime–environment relationships across Shanghai's five ring zones. Analyzing 13,410 outdoor crime incidents (2016–2019) integrated with street view imagery, POI data, urban morphology, and socioeconomic attributes, we reveal three critical findings with escalating policy implications. First, visual perception indicators dominate crime prediction (40.31%), quadrupling socioeconomic factors (9.88%), establishing micro-scale environmental design as the primary intervention lever. Second, Green View Index exhibits striking directional reversals—suppressing crime in Middle and Outer Rings yet promoting it in Suburban Ring beyond 25–30 km from city center, revealing fundamental spatial contingencies in crime mechanisms. Third, building density demonstrates consistent suppressive effects peaking at β=−0.619 in Middle Ring, validating compact urban form as a universal crime prevention strategy. These findings challenge universal CPTED prescriptions and necessitate spatially differentiated prevention strategies. © 2026","Causal inference; Environmental criminology; Spatial heterogeneity; Urban design; Urban morphology","China; Shanghai; Crime; Learning systems; Machine learning; Morphology; Built environment; Causal inferences; Environmental criminology; Machine-learning; Non-linear impact; Prevention strategies; Spatial heterogeneity; Urban design; Urban morphology; Urban spatial evolution; crime; machine learning; urban design; urban morphology; urban sprawl; Public policy","Article","Final","","Scopus","2-s2.0-105037937775"
"Al Shabaan G.N.; Altarawneh I.S.; Alshwawreh N.","Al Shabaan, Ghadeer N. (55854114200); Altarawneh, Ibrahem S. (23007359100); Alshwawreh, Nidal (35217480800)","55854114200; 23007359100; 35217480800","Causal inference of meteorological drivers of photovoltaic efficiency for energy system optimization","2026","Solar Energy","314","","114719","","","0","10.1016/j.solener.2026.114719","https://www.scopus.com/pages/publications/105039666443?origin=resultslist","Hourly meteorological data (8,760 records; daytime n = 4,384) from a 100.8-kW grid-connected PV plant (medium-voltage, MV) in Ghor Kabed, Jordan were analyzed to identify confounding-adjusted meteorological drivers of PV output. In raw daytime data, irradiance showed a strong association with PV (Spearman ρ = 0.97), whereas temperature and humidity exhibited weaker correlations (ρ = 0.32 and − 0.29). After Random-Forest residualization and cross-fitted Double Machine Learning (DML), irradiance remained the most consistently dominant driver across association, Granger/VAR, and interpretability analyses; temperature showed a small, context-dependent thermal influence, and humidity/wind were generally non-dominant. VAR diagnostics indicated stable dynamics for all models (max |root|: Raw 0.9997; RF 0.9969; DML 0.9930). Residual autocorrelation was pronounced in the Raw VAR (Portmanteau Q = 2440.68, p ≈ 0) but was not detected after adjustment (RF: Q = 489.63, p = 0.9996; DML: Q = 233.96, p ≈ 1), which is consistent with improved model adequacy for the adjusted VAR/Granger analyses. Scenario stress tests (±30% perturbations) showed the largest PV sensitivity to irradiance (raw mean ΔPV ≈ +0.128 for + 30% and − 0.218 for − 30%), while adjusted responses were strongly attenuated (ΔPV ≤ 0.018 in RF; ≤ 0.01 in DML) © 2026 International Solar Energy Society.","Causal inference; Desert climate performance; Double machine learning; Meteorological drivers; Photovoltaic systems; Time-series causality","Jordan; Autocorrelation; Climatology; Distributed computer systems; Learning systems; Machine learning; Photovoltaics; Solar energy; Solar power generation; Value engineering; Causal inferences; Desert climate performance; Desert climates; Double machine learning; Machine-learning; Meteorological driver; Performance; Photovoltaic systems; Time-series causality; Times series; autocorrelation; desert; energy efficiency; humidity; irradiance; machine learning; meteorology; optimization; photovoltaic system; time series; Optimization","Article","Final","","Scopus","2-s2.0-105039666443"
"Xie N.; Zhao W.; Li M.; Li K.","Xie, Ning (57546516200); Zhao, Wei (55574200145); Li, Mengran (57803609500); Li, Kening (55538022800)","57546516200; 55574200145; 57803609500; 55538022800","Causality-enhanced interpretable assessment of renewable-driven hydrogen potential for regional multi-energy decarbonization","2026","Renewable Energy","275","","126302","","","0","10.1016/j.renene.2026.126302","https://www.scopus.com/pages/publications/105047936065?origin=resultslist","Hydrogen is emerging as a low-carbon energy carrier that links renewable electricity with end-use sectors, including industry, transport, and long-duration energy storage, and thus supports multi-energy decarbonization. Assessing regional hydrogen potential is important for infrastructure planning and policy design, but it is complicated by heterogeneous regional conditions and nonlinear interactions among renewable resources, demand characteristics, and infrastructure readiness. Although statistical and machine learning models have been used for regional assessment, most remain correlation driven and offer limited causal interpretation for planning-oriented decisions. This paper presents the Causality-Enhanced Hydrogen Potential Evaluation Framework (CE-HPEF), an interpretable hybrid approach that combines tree-based feature screening, domain-guided treatment selection, and leakage-aware variable exclusion with Causal Forest and Double Machine Learning to estimate heterogeneous treatment-effect patterns of key regional drivers, including renewable supply indicators, industrial demand, and transportation-related factors. The estimated causal effects are incorporated into an augmented feature representation and used for model-agnostic downstream hydrogen-potential classification. Experiments on two public hydrogen datasets show that CE-HPEF improves average classification performance across diverse downstream classifiers after causal-feature augmentation. The inferred effect patterns further provide region-specific diagnostic insights for hydrogen planning under renewable-based energy transitions. © 2026 Elsevier Ltd. All rights are reserved, including those for text and data mining, AI training, and similar technologies.","Causal inference; Interpretable machine learning; Multi-energy coupling; Regional hydrogen potential; Renewable-based energy transition","Couplings; Data mining; Digital storage; Economics; Energy policy; Energy transition; Forestry; Hydrogen economy; Hydrogen storage; Learning systems; Machine learning; Screening; Causal inferences; Energy couplings; Energy transitions; Interpretable machine learning; Machine-learning; Multi energy; Multi-energy coupling; Regional hydrogen potential; Renewable-based energy transition; Renewables; alternative energy; electricity generation; energy planning; energy policy; energy storage; hydrogen; infrastructure planning; machine learning; phase transition; Decarbonization","Article","Final","","Scopus","2-s2.0-105047936065"
"Keskinkılıç F.; Ülger M.","Keskinkılıç, Fatih (56728932600); Ülger, Mücahit (59342552500)","56728932600; 59342552500","Temporal Regimes of Environmental Sustainability in G7 Countries: A Causal Decision Support Framework Based on MiniROCKET","2026","Applied Spatial Analysis and Policy","19","3","188","","","0","10.1007/s12061-026-09923-y","https://www.scopus.com/pages/publications/105046510696?origin=resultslist","This study examines the temporal dynamics of environmental sustainability in G7 countries and evaluates how dominant temporal transformation regimes are associated with different environmental sustainability indicators. Existing studies on environmental sustainability in advanced economies have largely focused on individual indicators, particularly CO₂ emissions, or on average relationships estimated through conventional empirical models. However, sustainability transformation is multidimensional and may differ across production-based emissions, consumption-based ecological pressure, and ecosystem carrying capacity. To address this gap, this study analyzes annual data for G7 countries over the 1997–2021 period using three complementary indicators: CO₂ emissions, Ecological Footprint, and Load Capacity Factor. The study develops an integrated decision-support framework that combines MiniROCKET-based temporal feature extraction, Principal Component Analysis, and Double Machine Learning. First, macroeconomic, demographic, technological, energy-related, and environmental variables are transformed into high-dimensional temporal features using MiniROCKET. Second, PCA is used to reduce these features into dominant temporal components. Third, DML is applied to estimate the average and country-specific heterogeneous associations between the dominant temporal regime and the three environmental indicators. In the main specification, PC1 is used as the treatment variable, while PC2–PC5 are included as control components. Robustness checks include an alternative PC1–PC2 treatment definition, alternative nuisance learners, bootstrap confidence intervals, and placebo treatment tests. The PCA results show that the first five components explain approximately 89.92% of the total MiniROCKET-based temporal feature variance, indicating that G7 sustainability dynamics can be summarized by a limited number of dominant temporal structures. The main DML results indicate negative directional associations between the dominant temporal regime and all three environmental indicators. The strongest association is observed for CO₂ emissions, followed by Ecological Footprint and Load Capacity Factor. However, bootstrap confidence intervals include zero; therefore, the findings should be interpreted as indicative and decision-support-oriented evidence rather than definitive causal proof. Country-specific CATE results reveal substantial heterogeneity across G7 countries. Italy displays the strongest negative CATE values for both CO₂ emissions and Ecological Footprint, while the United Kingdom shows positive CATE values for these indicators. LCF effects remain close to zero across countries. These findings suggest that G7 sustainability policies should be country-specific and indicator-sensitive, integrating emission reduction, responsible consumption, circular economy practices, supply-chain transparency, and ecosystem-capacity-enhancing measures. © The Author(s) 2026.","Double machine learning; Environmental sustainability; G7 countries; MiniROCKET","Italy; United Kingdom; carbon emission; carrying capacity; decision support system; ecological footprint; ecological impact; environmental economics; machine learning; sustainability","Article","Final","All Open Access; Hybrid Gold Open Access","Scopus","2-s2.0-105046510696"
"Jiang F.; De Vos M.; Wang Z.; Deconinck G.; Kazmi H.","Jiang, Fuyang (58759116900); De Vos, Maarten (15834083300); Wang, Zhenyi (57221408015); Deconinck, Geert (56492542300); Kazmi, Hussain (57189214664)","58759116900; 15834083300; 57221408015; 56492542300; 57189214664","Causal inference and machine learning in power and energy systems: A review of assumptions, applications and opportunities","2026","Energy and AI","25","","100774","","","0","10.1016/j.egyai.2026.100774","https://www.scopus.com/pages/publications/105040695154?origin=resultslist","Given the increasingly rapid development and transformation of power and energy systems, forecasting and modeling these systems have become both more important and more challenging. Historically, and continuing to the present, these models have predominantly relied on statistical and traditional machine learning approaches, including the recent emergence of deep neural networks, but they are not necessarily causal. In response to the need for generalization and causal learning beyond correlation, this paper analyzes the two dominant categories of causal inference methods — causal discovery and causal effect estimation — and provides a comprehensive review of their advancement and application in power and energy systems. The study examines causal methods for improving time series forecasting and their progress in counterfactual prediction, which has become increasingly important due to the need for forecasting under unseen scenarios in such rapidly evolving systems. Furthermore, we explore advances in understanding systems, including examining the intersection between policy and market forces on both systems and human behavior. Fault detection and diagnosis are also discussed. Finally, this review investigates evaluation methods for causal models, identifies their shortcomings along with other key issues, and summarizes the future roadmap for incorporating causal learning in power and energy systems. This review offers valuable insights for policymakers, grid operators, and stakeholders to facilitate a smooth transition toward a data-driven and causal-informed AI-powered power and energy system. © 2026 The Authors. Published by Elsevier Ltd. This is an open access article under the CC BY-NC-ND license. http://creativecommons.org/licenses/by-nc-nd/4.0/","AI; Causal inference; Counter-factuals; Energy systems; Forecasting; Machine learning","Behavioral research; Deep neural networks; Fault detection; Learning systems; Causal inferences; Counter-factuals; Energy forecasting; Energy model; Energy systems; Generalisation; Machine learning approaches; Machine-learning; Neural-networks; Power; Forecasting","Review","Final","All Open Access; Gold Open Access; Green Open Access","Scopus","2-s2.0-105040695154"
"Wang C.; Li Z.; Yang J.; Cao Y.","Wang, Chenxi (57224587083); Li, Zhaorong (60781547700); Yang, Junling (60781127100); Cao, Yuqiang (57220203205)","57224587083; 60781547700; 60781127100; 57220203205","How artificial intelligence affects corporate internal control: technological efficiency and governance optimization","2026","Humanities and Social Sciences Communications","13","1","1311","","","0","10.1057/s41599-026-07699-7","https://www.scopus.com/pages/publications/105046831217?origin=resultslist","Against the dual backdrop of deepening digital economic integration and rising corporate governance demands, artificial intelligence (AI) is becoming a key force reshaping corporate management. However, traditional internal control systems face limitations that make them increasingly inadequate. Although researches acknowledge AI’s role in enhancing internal control efficiency, analysis of its mechanisms and contextual heterogeneity remains insufficient. Using data from Shanghai and Shenzhen A-share listed companies from 2013 to 2023, the study provides empirical evidence that AI adoption significantly improves internal control efficiency. This result is robust to various endogeneity and robustness tests, including instrumental variable estimation and double machine learning. Mechanism analysis shows that AI adoption enhances internal control indirectly by promoting technological innovation, increasing information transparency, and reducing agency costs. Heterogeneity analysis further reveals that the positive impact of AI adoption on internal control efficiency is more pronounced in small firms, private firms, and firms in mature stages, as well as in regions with lower financing constraints and marketization level. Theoretically, the study deepens understanding of technology-enabled corporate governance. Practically, the study also offers evidence to guide firms in developing differentiated intelligent transformation. © The Author(s) 2026.","","","Article","Final","All Open Access; Gold Open Access","Scopus","2-s2.0-105046831217"
"Yu H.; Wang F.","Yu, Hu (59940804300); Wang, Fengling (60877248800)","59940804300; 60877248800","Conservation leakage: Do nature reserves intensify land use in their surroundings?","2026","Journal of Cleaner Production","577","","149394","","","0","10.1016/j.jclepro.2026.149394","https://www.scopus.com/pages/publications/105050431850?origin=resultslist","As a core spatial vehicle for ecological conservation, the establishment of nature reserves (NRs) exerts profound influences on surrounding land use patterns. However, existing literature pays insufficient attention to the directionality, causal identification, and underlying mechanisms of such spillover effects. Drawing on data from Chinese nature reserves and multi-period land use datasets, this study employs a combination of counterfactual comparative analysis and double machine learning methods to identify the causal effects of NR's establishment. Furthermore, XGBoost and SHAP analyses are adopted to disentangle the contribution, threshold effects, and interactive mechanisms of driving factors. The results indicate that: (1) NR's establishment generates a stable positive ecological containment effect on surrounding land use, significantly reducing the proportion of pressure-type land categories by 11.78% on average. This finding confirms that ecological regulation by NR does not merely displace ecological degradation to neighboring areas, but delivers tangible ecological burden reduction; (2) The bidirectional spillover effects of NR exhibit a clear distance-based regulatory threshold, with 15 km identified as the attenuation boundary, providing quantitative support for differentiated, tiered spatial governance; (3) The dynamic evolution of spillover effects is a nonlinear process jointly driven by natural background conditions and socioeconomic factors. Annual mean temperature, slope, population density, and annual mean precipitation each contribute over 13% to the observed effects, among which population density emerges as the key controllable factor. This study extends the theoretical framework of NR's spatial externalities from the perspectives of spatial heterogeneity, causal identification, and multi-factor interactive driving mechanisms, offering scientific evidence and practical pathways for promoting differentiated land use governance and regional ecological security. Copyright © 2026. Published by Elsevier Ltd.","China; Land use change; Nature reserves; Spillover effects; Threshold effects","Computation theory; Conservation; Ecology; Economics; Land use; Learning systems; Population distribution; Population statistics; China; Counterfactuals; Ecological conservation; Land use pattern; Landuse change; Multi-period; Nature reserves; Population densities; Spillover effects; Threshold effect; Copyrights","Article","Final","","Scopus","2-s2.0-105050431850"
"Yao X.; Huang J.; Zhong Y.; Lin Q.; Lin W.","Yao, Xingyuan (59682406300); Huang, Jingyi (60784540800); Zhong, Yufen (59681653500); Lin, Qingfan (59489696800); Lin, Weiming (57188715457)","59682406300; 60784540800; 59681653500; 59489696800; 57188715457","Does the County-Level Business Environment Improve the Quality of Agriculture-Related Market Entry? Evidence from China","2026","Agriculture (Switzerland)","16","15","1575","","","0","10.3390/agriculture16151575","https://www.scopus.com/pages/publications/105047055770?origin=resultslist","Improving the quality of agriculture-related market entry is central to rural industrial upgrading, yet existing studies mainly measure entry quantity. The primary objective of this study is to assess whether the county-level business environment is associated with the structural quality of new agriculture-related entrants. Specifically, the study asks three questions: whether the association is positive; whether financial services, market connectivity, and human capital supply are consistent transmission channels; and whether the association varies with agricultural foundations, initial factor market conditions, and access to urban spillovers. Using Chinese business registration records and county-level socioeconomic data for 2010–2023, we construct a county–year panel and measure entry quality through capital quality, organizational quality, and value chain extension. Two-way fixed effects, double machine learning, fractional response models, robustness tests, and a supplementary instrumental variable diagnostic are applied. The preferred fixed effects estimate indicates that a 0.1 increase in the business environment index is associated with a 4.16 percentage point increase in the high-quality entry ratio; a one-standard-deviation increase corresponds to approximately 3.77 percentage points. The association remains positive under nonlinear and bounded-outcome specifications. Channel tests are consistent with financial, market connectivity, and human capital pathways, and the association is stronger in central and western counties, non-municipal districts, counties with stronger agricultural foundations, and counties with weaker initial financial and market conditions. Because the estimate becomes statistically insignificant after prefecture-by-year fixed effects are included, the findings are interpreted as robust conditional associations rather than definitive county-level causal effects. © 2026 by the authors.","agriculture-related market entry; agrifood entrepreneurship; business registration data; China; county-level business environment; high-quality entry; rural industrial upgrading; value chain upgrading","China; agriculture; business; entrepreneur; environmental assessment; human capital; machine learning; market","Article","Final","All Open Access; Gold Open Access","Scopus","2-s2.0-105047055770"
"Gao X.; Gu W.; Wang X.; Appolloni A.","Gao, Xuena (57215070039); Gu, Wei (57005991100); Wang, Xiaoling (35173910000); Appolloni, Andrea (55207164000)","57215070039; 57005991100; 35173910000; 55207164000","How does digital-intelligent policy synergy foster ambidextrous innovation of manufacturing enterprises? The mediating role of resource endowments","2026","European Journal of Innovation Management","29","11","","574","600","0","10.1108/EJIM-01-2026-0070","https://www.scopus.com/pages/publications/105046267287?origin=resultslist","Purpose – This study uses manufacturing enterprise data spanning 2011–2023 to explore whether and how the synergistic effects of digital and intelligent policies promote ambidextrous innovation in enterprises based on the resource-based view. Design/methodology/approach – This study builds a quasi-natural experiment using the Broadband China Policy (BCP) and the Intelligent Manufacturing Policy (IMP) and drawing on the theory of the resource-based view to discuss the impacts and influencing mechanisms of policy synergy on enterprises' ambidextrous innovation. A difference-in-difference with a double machine learning technique and a four-stage mediation effect model are applied to complete the empirical tests. Findings – (1) The synergy of digital and intelligent policies notably enhances corporate ambidextrous innovation; (2) resource accumulation, utilization and allocation act as mediating mechanisms; (3) this effect is more pronounced among state-owned enterprises, firms in the growth and maturity stages, large enterprises and non-high-tech enterprises and (4) policy synergy yields greater benefits than any single policy alone, with the sequence of BCP followed by IMP being more effective than the reverse order. Originality/value – This study theoretically explains how the synergy of digital-intelligent policies can promote manufacturing enterprises' ambidextrous innovation by revealing the mediating effects of resource accumulation, utilization and allocation and determines the conditions for amplifying these effects. This research enriches the relevant literature on enterprises' ambidextrous innovation, resource endowments and policy-driven innovation and provides implications for managers and policymakers who seek to use digital-intelligent policy synergy to promote ambidextrous innovation. © 2026 Xuena Gao, Wei Gu, Xiaoling Wang and Andrea Appolloni","Ambidextrous innovation; Broadband China policy; Double machine learning; Intelligent manufacturing policy; Policy synergy","","Article","Final","All Open Access; Hybrid Gold Open Access","Scopus","2-s2.0-105046267287"
"Noaeen M.; Rostami A.; Ghanem I.; Saarela O.; Keshavjee K.; Brook J.R.; Shakeri Z.","Noaeen, Mohammad (57191255092); Rostami, Amirhosein (59756784400); Ghanem, Ibrahim (59757135600); Saarela, Olli (6603071053); Keshavjee, Karim (6506739304); Brook, Jeffrey R. (7202925211); Shakeri, Zahra (36986914600)","57191255092; 59756784400; 59757135600; 6603071053; 6506739304; 7202925211; 36986914600","Mapping neighbourhood-level drivers of type 2 diabetes for precision public health using predictive and causal machine learning","2026","Scientific Reports","16","1","4137","","","1","10.1038/s41598-025-34287-7","https://www.scopus.com/pages/publications/105028987715?origin=resultslist","Type 2 diabetes has become an urban epidemic influenced by neighbourhood environments. However, conventional risk models focusing solely on individual factors fail to account for these neighbourhood influences and often require detailed patient data that may not be available. To address this gap, we developed an integrated approach combining machine learning and causal inference to map type 2 diabetes risk at the neighbourhood level. Using demographic, health, and socioeconomic data from 1,149 Census Tracts (CTs; the neighbourhood unit in this study) in a large metropolitan region, we trained seven machine learning models to identify neighbourhoods with high diabetes prevalence. Although neighbourhood-level diabetes data were available for this study area, our model’s high predictive accuracy on external validation data (area under the curve (AUC) = 0.95), particularly from a distinct geographical region, suggests potential utility for predicting diabetes risk in other Canadian regions or elsewhere where such data are unavailable, provided comparable covariates are available and the model is locally retrained and validated using spatially aware procedures. The top models achieved high recall () and AUC up to 0.96 on test data, indicating accurate identification of high-risk neighbourhoods with few missed high-risk areas. Survey-derived neighbourhood health indicators, including obesity rate, physical inactivity, and median age were strong predictors of diabetes prevalence. We then applied a Causal Forest approach to estimate conditional average treatment effects (CATE,) for selected potentially modifiable factors and summarized the results with the mean. Higher work stress () and daily smoking () were moderately associated with increased risk, whereas better mental health () was protective, highlighting mental health as a priority for further evaluation, especially in neighbourhoods predicted to have high diabetes prevalence. These findings could help identify modifiable neighbourhood-level factors for local prevention efforts and inform equity-oriented planning in diverse urban populations. Prospective or quasi-experimental studies are needed to evaluate intervention effects. Our integrated machine-learning and causal framework lays the groundwork for precision public health, suggesting that modifiable neighbourhood factors may indicate diabetes risk when patient-level data are scarce. Furthermore, the pipeline is conceptually adaptable to other chronic diseases influenced by social and environmental determinants and may inform targeted prevention beyond type 2 diabetes, contingent on disease-specific feature sets and external validation. © The Author(s) 2026.","","Adult; Aged; Canada; Diabetes Mellitus, Type 2; Female; Humans; Machine Learning; Male; Middle Aged; Prevalence; Public Health; Residence Characteristics; Risk Factors; Socioeconomic Factors; adult; aged; Canada; epidemiology; etiology; female; human; machine learning; male; middle aged; non insulin dependent diabetes mellitus; prevalence; public health; residence characteristics; risk factor; socioeconomics","Article","Final","All Open Access; Gold Open Access; Green Open Access","Scopus","2-s2.0-105028987715"
"Jiang C.; Feng H.; Chai D.","Jiang, Chaoxin (57218510814); Feng, Hao (59380008400); Chai, Dinghong (57222998285)","57218510814; 59380008400; 57222998285","From Trauma to Transmission: The Long Shadow of Childhood Abuse on Sexually Transmitted Infections","2026","Journal of Interpersonal Violence","41","19-20","","8031","8059","0","10.1177/08862605261442557","https://www.scopus.com/pages/publications/105039015461?origin=resultslist","Childhood abuse is increasingly recognized as a critical early-life stressor with enduring consequences for adult health. Although prior research has linked childhood maltreatment to adverse sexual health outcomes, the mechanisms underlying these associations remain underexplored, particularly among general populations. This study aims to examine the long-term association between childhood emotional and physical abuse and the risk of sexually transmitted infections in adulthood, with a focus on two behavioral pathways: risky sexual behavior and early sexual onset. Data were drawn from the National Longitudinal Study of Adolescent to Adult Health, comprising a nationally representative sample of 4,859 respondents. A double machine learning approach was employed to estimate causal effects, leveraging machine learning to flexibly control for high-dimensional confounders and enhance the validity of mediation analysis. Findings revealed that individuals exposed to childhood abuse had significantly higher odds of sexually transmitted infection diagnosis in adulthood. Both risky sexual behavior and early sexual onset partially accounted for this association. This study advances conceptual and methodological understanding of the long-term consequences of childhood abuse on sexual health. Findings highlight the importance of trauma-informed and developmentally sensitive prevention strategies that address early adversity and behavioral risk pathways. © The Author(s) 2026","childhood abuse; early sexual onset; risky sexual behavior; sexually transmitted infections","Adolescent; Adult; Adult Survivors of Child Abuse; Child; Female; Humans; Longitudinal Studies; Male; Risk-Taking; Sexual Behavior; Sexually Transmitted Diseases; Young Adult; adolescent; adult; child; child abuse survivor; epidemiology; female; high risk behavior; human; longitudinal study; male; psychology; sexual behavior; sexually transmitted disease; young adult","Article","Final","","Scopus","2-s2.0-105039015461"
"Ghaderi O.; Pappalardo G.; Di Graziano A.; Dimauro G.A.; Wang X.; Farah H.; Cafiso S.","Ghaderi, Omid (59279747200); Pappalardo, Giuseppina (55653963100); Di Graziano, Alessandro (23966458100); Dimauro, Giovanni Andrea (60626086000); Wang, Xuesong (58405966300); Farah, Haneen (23567687800); Cafiso, Salvatore (56962748800)","59279747200; 55653963100; 23966458100; 60626086000; 58405966300; 23567687800; 56962748800","Interaction of road, traffic and environment in the operational design domain of lane support systems: hybrid factorial–observational design and causal analysis","2026","Accident Analysis and Prevention","236","","108691","","","0","10.1016/j.aap.2026.108691","https://www.scopus.com/pages/publications/105045703352?origin=resultslist","The Operational Design Domain (ODD) defines the conditions under which automated driving and driver-assistance systems are expected to operate. This study evaluates the ODD of a camera-based Lane Support System (LSS) using direct Mobileye 6.0 lane-detection quality outputs. A large-scale hybrid factorial–observational field design covered 6 different Light × Weather combinations across 9,351 road sections on two-lane rural roads with wide variability in lane-marking retroreflectivity (RL) and road horizontal alignment and cross section characteristics.Statistical and machine-learning classification models were calibrated and compared to analyze the relationships between lane-marking quality and environmental, road, and traffic features. An AutoML-LightGBM pipeline with SMOTE-based class-imbalance treatment achieved the best accuracy of 0.81. SHAP analysis identified low RL, rain, night conditions, narrow lanes, and high curvature as contributors to critical detection conditions. Because standard ML is optimized for prediction rather than causal inference, Double Machine Learning was added to estimate adjusted effects from observational data. Higher RL, higher speed, and wider lanes were associated with better expected Mobileye quality scores, whereas rain, night conditions, and higher curvature were associated with lower detection quality. SHAP dependence and conditional SHAP analyses supported the identification of maintenance-mitigable infrastructure constraints and harder environmental/geometric ODD limits. One practical result is that RL transitions from low-quality detection mainly occur within 120–150 mcd/(m2·lx) across the majority of environmental and physical conditions, although this transition is less evident under sharp curvature or rain. © 2026 The Author(s). Published by Elsevier Ltd. This is an open access article under the CC BY license. http://creativecommons.org/licenses/by/4.0/","Advanced Driver Assistance Systems (ADAS); Lane marking; Lane Support System (LSS); Machine Learning (ML); Operational Design Domain (ODD); Road safety","Accidents, Traffic; Automobile Driving; Automobiles; Environment Design; Humans; Machine Learning; Weather; Automobile drivers; Highway markings; Highway planning; Learning systems; Machine learning; Motor transportation; Road and street markings; Rural roads; Advanced driver assistance system; Advanced driver assistances; Design domains; Driver-assistance systems; Lane markings; Lane support system; Lane support systems; Machine learning; Machine-learning; Operational design; Operational design domain; Road safety; accuracy; Article; causal model; environmental factor; geometry; human; hybrid; information processing; machine learning; machine learning algorithm; observational study; random forest; road safety; support vector machine; traffic; car; car driving; environmental planning; prevention and control; traffic accident; weather; Advanced driver assistance systems","Article","Final","All Open Access; Hybrid Gold Open Access","Scopus","2-s2.0-105045703352"
"Cheng G.; Zhang H.","Cheng, Guangbin (55264696600); Zhang, Hongshuai (60189913100)","55264696600; 60189913100","The impact of china’s artificial intelligence pilot policies on enterprise supply chain resilience","2026","Scientific Reports","16","1","5382","","","4","10.1038/s41598-025-32003-z","https://www.scopus.com/pages/publications/105029639388?origin=resultslist","As the “Artificial Intelligence Plus” strategic initiative continues to deepen, the circumstances under which and how artificial intelligence (AI) can enhance the resilience of corporate supply chains are rapidly drawing academic attention. This paper, utilizing data from 4,144 A-share listed companies in China and relevant data from prefecture-level cities spanning from 2016 to 2023 as samples, employs the double machine learning (DML) method with random forest regression as the DML learner to investigate the relationship mechanism between government-level AI policies and corporate supply chain resilience. The results reveal that AI pilot policies can elevate the level of corporate supply chain resilience (with an average increase of 0.0177 units in supply chain resilience in pilot regions, and a 95% confidence interval of [0.0074–0.0281]). This enhancement is primarily achieved by strengthening enterprises’ absorptive capacity, resource integration capability, and innovation ability, while the digital foundation and capital investment of regions and enterprises further amplify this positive impact. Meanwhile, the policy’s influence exhibits significant heterogeneity, with more pronounced effects in eastern regions, central cities, technology-intensive industries, and state-owned enterprises. When facing external shocks, AI policies can mitigate the adverse impacts caused by such shocks, and this mitigating effect is more significant in the later stages of the shock. Additionally, these policies can drive the improvement of supply chain resilience in non-pilot regions through spatial spillover effects. The conclusions of this study offer practical references for optimizing supply chain management and enhancing supply chain resilience through AI policies, as well as valuable insights for relevant policy formulation and corporate strategic decision-making. © The Author(s) 2025.","Absorptive capacity; Artificial intelligence; Innovation ability; Resource integration capability; Supply chain resilience","absorption; article; artificial intelligence; human; pharmaceutics; pilot study; policy; supply chain","Article","Final","All Open Access; Gold Open Access; Green Open Access","Scopus","2-s2.0-105029639388"
"Zhang J.","Zhang, Jiangang (60251427300)","60251427300","Rewiring the digital–ecological nexus: Utility tunnels and smart sustainable city performance","2026","Journal of Cleaner Production","574","","149017","","","0","10.1016/j.jclepro.2026.149017","https://www.scopus.com/pages/publications/105045603022?origin=resultslist","Smart city programs often emphasize digital efficiency, while sustainability agendas remain environmentally focused, leaving the digital–ecological nexus insufficiently measured and governed. Building on the UN smart sustainable cities (SSC) framework, this study constructs a composite SSC index that captures ecological infrastructure, technological capability, industrial transition, and institutional support. Using China’s Urban Utility Tunnel Pilot (UUTP) as a quasi-natural experiment and panel data for 270 Chinese cities from 2011 to 2021, we apply Double Machine Learning (DML) to estimate the causal effect of UUTP on SSC. The results show that UUTP significantly improves SSC performance, and the findings remain robust across alternative learners and specifications. DML-based causal mediation analysis provides evidence that UUTP affects SSC partly through Municipal Basic Service Capacity, Business Environment, and Energy Use Efficiency. Heterogeneity analysis shows stronger effects in cities with higher green finance development, non-resource-based cities, and coastal cities. The findings advance a sociotechnical view of underground infrastructure as an enabling platform that supports service provision, market conditions, and green urban operation, and they offer policy guidance for embedding municipal infrastructure renewal into smart sustainable urban transformation in developing economies. © 2026 Elsevier Ltd.","Causal mediation analysis; Double Machine Learning; Green infrastructure; Smart sustainable cities; Urban Utility Tunnels","Economics; Energy efficiency; Learning systems; Machine learning; Sustainable city; Sustainable development; Causal mediation analyze; Double machine learning; Green infrastructure; Machine-learning; Mediation analysis; Smart sustainable city; Sustainable cities; Urban utility; Urban utility tunnel; Utility tunnels; Smart city","Article","Final","","Scopus","2-s2.0-105045603022"
"Wang X.; Li D.; Shi C.; Liang X.; Xie Y.","Wang, Xinrui (57196348839); Li, Dongqing (57216978058); Shi, Chenming (60733440000); Liang, Xian (57490915900); Xie, Yi (57199814045)","57196348839; 57216978058; 60733440000; 57490915900; 57199814045","Is fertilizer reduction always ecologically friendly? Evidence of defensive disinvestment under human-wildlife conflict in rural China","2026","Journal of Rural Studies","126","","104293","","","0","10.1016/j.jrurstud.2026.104293","https://www.scopus.com/pages/publications/105044382668?origin=resultslist","As wildlife populations recover and human–wildlife interactions intensify, human–wildlife conflict (HWC) has become a major challenge for sustaining agricultural livelihoods while achieving biodiversity conservation goals. Although a growing body of research has documented the adverse effects of HWC on agricultural production, little is known about the behavioral logic underlying farmers' input responses to wildlife-related risks. This study develops a microeconomic model of farmers' optimal fertilizer decisions under HWC and proposes a behavioral framework that distinguishes defensive disinvestment from ecological adaptation. Using survey data from 1,003 farming households in Yunnan Province, China, collected in 2022, we employ a double machine learning (DML) approach to estimate the causal effect of HWC on fertilizer use and to identify the mechanisms underlying farmers’ responses. The results show that: (1) HWC significantly reduces fertilizer application intensity. (2) Mediation analysis reveals that the reduction in fertilizer use is primarily attributable to labor reallocation and heightened risk perception. Although HWC promotes ecological cognition, such cognitive changes do not translate into measurable adjustments in fertilizer application. (3) Heterogeneity analysis further suggests that the disinvestment effect is more pronounced among smallholders, households located near nature reserves, and households closer to county centers.These findings suggest that reduced fertilizer use in HWC-affected areas reflects economic withdrawal rather than a transition toward sustainable agriculture, potentially undermining long-term soil fertility and agroecosystem resilience. Policies should therefore move beyond ex post damage compensation and strengthen risk-sharing mechanisms, livelihood support, and institutional arrangements that enable farmers to maintain productive investment while coexisting with wildlife. © 2026 Elsevier Ltd.","Defensive disinvestment; Double machine learning; Fertilizer use; Human-wildlife conflict","China; Yunnan; fertilizer application; livelihood; nature-society relations; rural area; wild population; wildlife management","Article","Final","","Scopus","2-s2.0-105044382668"
"Zhou S.; He Z.; Song L.","Zhou, Sishu (58667472000); He, Zhihao (58803032400); Song, Lu (57566756600)","58667472000; 58803032400; 57566756600","Smart governance as a driver of institutional efficiency: Evidence from urban business environment performance in China","2026","International Review of Economics and Finance","110","","105607","","","0","10.1016/j.iref.2026.105607","https://www.scopus.com/pages/publications/105044461287?origin=resultslist","Using a balanced panel of Chinese prefecture-level cities from 2017 to 2023, this paper finds that a one-standard-deviation increase in the Smart Governance Index is associated with an improvement in the Business Environment Index equivalent to 22.1 percent of one standard deviation. The result is robust to alternative dependent variables, double machine learning, instrumental-variable specifications, and a micro-level firm-perception cross-validation. The effect is more pronounced in large cities, environmentally regulated cities, and cities with stronger innovation capacity, while no significant difference appears along coastal-inland or Hu-Line dimensions. This pattern is driven by two channels: smart governance enhances fiscal transparency, reducing information asymmetry between governments and firms, and substitutes digital integration for physical Administrative Approval Bureaus, lowering organizational coordination costs. Further analysis reveals that smart governance is positively associated with entrepreneurial entry and industrial upgrading, though its relationship with foreign direct investment is positive but economically modest. These findings suggest that digital governance may offer a scalable pathway to institutional reform in developing economies by reducing reliance on costly physical administrative consolidation. © 2026 The Authors.","Business environment; China; Institutional economics; Smart governance","","Article","Final","All Open Access; Gold Open Access; Green Open Access","Scopus","2-s2.0-105044461287"
"Ahmed A.M.A.; Eliassen F.","Ahmed, Awadelrahman M.A. (57214309921); Eliassen, Frank (34770363100)","57214309921; 34770363100","Causal inference framework for smart grids with application to demand response","2026","Applied Energy","424","","128495","","","0","10.1016/j.apenergy.2026.128495","https://www.scopus.com/pages/publications/105045086612?origin=resultslist","Smart grids generate extensive data, yet much analysis remains association-based and cannot reliably inform decisions about the effects of interventions in planning and operations. Randomized trials provide strong causal evidence but are costly and limited in scope, predictive models cannot isolate intervention effects from confounding factors, and existing causal studies in smart grids each focus on a single aspect, such as market allocation, network evolution, or temporal dependencies, without covering the complete workflow from problem formulation to decision-making. This paper introduces a domain-specific causal inference framework for smart grids that integrates established causal modeling, identification, and validation techniques into a structured workflow tailored to energy-system analysis. The framework is organized into seven phases: causal problem framing, causal model construction, data collection and preparation, causal discovery, causal inference, refutation tests and validation, and intervention evaluation and recommendation. To support adaptation across settings, the paper categorizes common causal problems in smart grids into three types (confounder-intensive, temporally structured, and real-time decision problems) and shows how the framework maps to each, with the confounder-intensive case demonstrated in detail. The framework is demonstrated through a demand response case study assessing the causal impact of pricing schemes on household electricity consumption. Using real-world data, we apply three representative causal inference methods (Backdoor Adjustment, Difference in Differences, and Double Machine Learning), benchmarked against an association-based baseline. The results show that factors influential under association can become negligible or even reverse under causal estimation, while seemingly minor factors emerge as plausible levers for decision-making under the stated identification assumptions. © 2026 The Author(s)","Causal discovery; Causal inference; Demand response; Smart grids","Decision making; Decision theory; Economics; Learning systems; Statistical tests; Causal discovery; Causal inferences; Causal modeling; Confounder; Decisions makings; Demand response; Predictive models; Randomized trial; Smart grid; Work-flows; benchmarking; decision making; demand-side management; energy use; residential energy; smart grid; Demand response","Article","Final","All Open Access; Hybrid Gold Open Access","Scopus","2-s2.0-105045086612"
"Du J.; Xia Y.; Zheng J.; Cao X.","Du, Jingyu (60780064900); Xia, Yewei (60779996400); Zheng, Jiaying (60779930300); Cao, Xidan (60779930400)","60780064900; 60779996400; 60779930300; 60779930400","Environmental judiciary and greenwashing among heavily polluting firms: Evidence from China's environmental tribunals based on double/debiased machine learning","2026","International Review of Financial Analysis","117","","105320","","","0","10.1016/j.irfa.2026.105320","https://www.scopus.com/pages/publications/105046771573?origin=resultslist","Substantive green development has become a fundamental pillar in the pursuit of global sustainable progress. By employing a double debiased machine learning approach, this study examines the impact of environmental judiciary on corporate greenwashing using the establishment of environmental tribunals in China as a quasi-natural experiment. The results indicate that environmental judiciary exerts a significant deterrent effect on greenwashing among heavily polluting firms. This effect is more pronounced among state-owned enterprises, firms with weak internal control, and firms in pollution-intensive industries. However, political connections attenuate this effect. Furthermore, a well-developed legal environment and intense market competition enhance the effectiveness of environmental judiciary. The governance effect of environmental tribunals operates by enhancing green investor attention, strengthening public environmental scrutiny, and improving managerial green awareness. This study highlights that a well-functioning environmental judiciary system constitutes a critical prerequisite for environmental legislation to achieve its intended governance effectiveness. © 2026 Elsevier Inc.","Corporate greenwashing; Double/debiased machine learning; Environmental judiciary; Environmental tribunal","","Article","Final","","Scopus","2-s2.0-105046771573"
"Shinwari R.; Wang Y.; Bouri E.","Shinwari, Riazullah (57222241361); Wang, Yangjie (56107319100); Bouri, Elie (55270146400)","57222241361; 56107319100; 55270146400","Impact of Gender Equality and Green Finance on Green Growth: Insights From OECD Economies","2026","Sustainable Development","34","5","","6847","6868","5","10.1002/sd.70681","https://www.scopus.com/pages/publications/105028261361?origin=resultslist","Gender equality, as a fundamental human right, is a key pillar of sustainable development because it boosts productivity, promotes social cohesion, and supports green growth. This study investigates how gender equality (GEQ) and green finance (GRF) influence green growth (GRG) across 36 OECD countries from 1990 to 2022, using a double machine learning method to address potential endogeneity and model uncertainty. The results show that both GEQ and GRF have a positive impact on GRG, with regulatory quality serving as a moderating factor. Specifically, a one-unit increase in GEQ and GRF corresponds to a 0.55% and 0.13% increase in GRG, respectively. Furthermore, GEQ promotes GRG through enhancing environmental tax effectiveness, supporting green technology and boosting green R&D investment. These results provide valuable policy recommendations to improve gender equality and support Sustainable Development Goal (SDG) 8. © 2026 ERP Environment and John Wiley & Sons Ltd.","DML; gender equality; green finance; green growth; OECD economies","","Article","Final","","Scopus","2-s2.0-105028261361"
"Walkowiak M.","Walkowiak, Michael (59956333500)","59956333500","A reassessment of the relationship between environmental vulnerability and sovereign default risk","2026","International Economics","187","","100711","","","0","10.1016/j.inteco.2026.100711","https://www.scopus.com/pages/publications/105041275606?origin=resultslist","We study the causal effect of environmental vulnerability on sovereign default risk. We identify this effect using a double machine learning estimator that isolates exogenous variation in environmental exposure while flexibly controlling for institutional and macroeconomic confounders. Using a panel of 143 countries from 1995 to 2022, we find that countries classified as highly environmentally vulnerable face a 9 percent higher probability of default compared to otherwise similar peers. This effect is substantially larger than previous correlational estimates and highlights the importance of separating environmental risk from institutional quality. Our findings suggest that climate vulnerability independently contributes to sovereign fragility, with implications for debt sustainability, market access, and climate-finance strategies. © 2026","Causal inference; Climate risk; Double machine learning; Environmental vulnerability; Sovereign default","","Article","Final","All Open Access; Green Open Access","Scopus","2-s2.0-105041275606"
"Liu J.; Tang Y.; Liu Q.","Liu, Jiahang (57850984100); Tang, Yushun (60136823200); Liu, Qiyang (57194045620)","57850984100; 60136823200; 57194045620","Run to the hills: Car ownership as a shield against ageing anxiety in China","2026","Journal of Urban Mobility","10","","100254","","","0","10.1016/j.urbmob.2026.100254","https://www.scopus.com/pages/publications/105043699948?origin=resultslist","Beyond environmental discourse, automobility harbours profound, often overlooked, psychosocial dimensions. ​This pioneering study uncovers the link between household car ownership and reduced ageing anxiety in China, a nation facing rapid motorisation and an escalating older population.​ Employing advanced double/debiased machine learning on a nationally representative survey (N = 2068), we reveal car ownership profoundly mitigates ageing-related concerns. Crucially, this effect is highly heterogeneous, exhibiting stronger impacts for men, urban residents, and younger adults, and benefiting both low- and non-low-income groups. In contrast, women, middle-aged individuals, rural residents, and peasants report higher levels of ageing anxiety, yet no significant anxiety-mitigating effect of car ownership is observed for these groups. Our findings advocate for nuanced, targeted transport policies that transcend simplistic views, balancing sustainability with the critical imperative of fostering mental well-being in an increasingly ageing global society. © 2026 The Authors. Published by Elsevier Ltd. This is an open access article under the CC BY-NC license. http://creativecommons.org/licenses/by-nc/4.0/","Ageing anxiety; Automobile; Car ownership; China; Double/debiased machine learning; Healthy ageing","","Article","Final","All Open Access; Gold Open Access","Scopus","2-s2.0-105043699948"
"Yan X.; Huang Z.; Ren S.; Yin G.; Qi J.; Zheng J.; Bao Y.","Yan, Xiaoqin (57382491900); Huang, Zhou (14052291900); Ren, Shuliang (57222140301); Yin, Ganmin (57217138452); Qi, Junnan (59260402700); Zheng, Jiangpeng (58637677600); Bao, Yi (57216676111)","57382491900; 14052291900; 57222140301; 57217138452; 59260402700; 58637677600; 57216676111","Urban environment intensifies energy consumption sensitivity through the urban heat island effect","2026","Sustainable Cities and Society","145","","107466","","","0","10.1016/j.scs.2026.107466","https://www.scopus.com/pages/publications/105038053174?origin=resultslist","Urban environmental indicators (UEI), such as building morphology, influence residential electricity consumption (REC) by directly reflecting baseline energy demand and indirectly modulating demand through the urban heat island (UHI) effect. However, existing research frequently overlooks the cascading causal relationships among UEI, UHI, and REC, leading to biased assessments of their mechanisms. To address this gap, this study employs a causal inference framework based on double machine learning (DML) to quantify the energy-heat response intensity and decompose the double pathways through which UEI influences REC. The results reveal multi-scale spatial heterogeneity in energy-heat response intensity (city-scale: 254.9–2531.9 MWh/ °C; plot-scale: 300–6100 MWh/ °C), with stronger responses observed in economically developed regions. Decomposition analysis reveals that direct pathways of the UEI on REC account for 72–86% of the total effect, while the indirect pathways mediated by UHI contribute 14–28%. By separating these cascading pathways, the study demonstrates that traditional linear regression, which neglects thermal mediation, underestimates the effect of UEI on REC by approximately 12% relative to DML. Scenario simulations further show that expanding green spaces can indirectly reduce REC by 2890 MWh through UHI mitigation. These findings offer actionable insights for implementing spatially differentiated strategies to optimize urban energy systems under increasing heat stress. © 2026 Elsevier Ltd","Double effect pathways; Energy-heat response; Residential electricity consumption; Urban environment; Urban heat island","Demand response; Energy Intensity; Energy utilization; Thermal pollution; Thermal stress; Urban planning; Double effect pathway; Double effects; Energy; Energy-heat response; Environmental indicators; Machine-learning; Residential electricity consumption; Urban environments; Urban heat island; Urban Heat Island Effects; demand-side management; energy use; heat island; residential energy; Housing","Article","Final","","Scopus","2-s2.0-105038053174"
"Han M.; Zhang H.; Zhong J.; Zhang Q.","Han, Minghui (59606063200); Zhang, Hao (59969014000); Zhong, Junhao (57209205954); Zhang, Qinghua (60394020600)","59606063200; 59969014000; 57209205954; 60394020600","Driving manufacturing productivity: the role of social trust","2026","Economic Change and Restructuring","59","5","109","","","0","10.1007/s10644-026-10052-2","https://www.scopus.com/pages/publications/105046956482?origin=resultslist","Can trust make factories more productive? Using data from Chinese listed manufacturing firms between 2012 and 2021, we apply a Double/Debiased Machine Learning (DML) approach to obtain robust estimates of the policy effect of China’s Construction of Social Credit System (CSCS) pilot policy on labor productivity. We find that firms located in CSCS pilot cities experience significantly higher labor productivity. This gain is not driven by capital deepening or skill-biased labor substitution, but reflects genuine industrial upgrading. Further analysis reveals two key mechanisms: internally, the improved credit environment enhances governance by optimizing asset allocation; externally, it strengthens incentives through better access to subsidies and an improved business climate. We also provide evidence that social trust may exert moral restraint on managers and generate long-term incentives, while its productivity effects may vary across regions. These findings highlight the powerful role of informal institutions such as social trust in boosting manufacturing productivity and fostering sustainable economic growth. © The Author(s), under exclusive licence to Springer Science+Business Media, LLC, part of Springer Nature 2026.","Double/debiased machine learning; Economic transformation; Labor productivity; Social trust","China; credit provision; economic growth; environmental economics; labor productivity; manufacturing","Article","Final","","Scopus","2-s2.0-105046956482"
"Wei L.; Liang Y.; Wang X.; Zhang W.; Zhang L.; Fang Y.","Wei, Linjiang (58892439200); Liang, Yinhao (58898662600); Wang, Xinyi (59332925900); Zhang, Wen (60588842100); Zhang, Liangwen (57195589221); Fang, Ya (14032988400)","58892439200; 58898662600; 59332925900; 60588842100; 57195589221; 14032988400","Assessing the Impact of Extreme Climate Events on Cardiovascular Disease in 157 Chinese Cities (2015–2020): A Spatial and Causal Analysis","2026","American Journal of Preventive Medicine","71","3","108280","","","0","10.1016/j.amepre.2026.108280","https://www.scopus.com/pages/publications/105036172474?origin=resultslist","Introduction: Extreme climate events worsen cardiovascular disease burden, exacerbated by rapid aging. Prior studies have linked extreme climate events to cardiovascular disease mortality but have lacked city-level spatial extreme climate event impact data and causal evidence for extreme climate event–related cardiovascular diseases in individuals. This study explored the spatiotemporal patterns of 3 extreme climate event types (heat, cold, and precipitation) in 157 Chinese cities (2015–2020) and verified their causal effects on individual incident cardiovascular disease risk. Methods: A repeated cross-sectional (spatial analysis) and longitudinal cohort (causal inference) mixed design was used. Extreme climate events were defined using 2 thresholds: absolute (heat ≥38°C, cold ≤ −10°C, and extreme precipitation >50 mm) and relative. Subsequent analyses and results were based on the absolute threshold, which provided a better model fit. Spatial autocorrelation was used to identify cardiovascular disease clusters, multiscale geographically and temporally weighted regression was used to quantify extreme climate event city-level cardiovascular disease associations, and dynamic double machine learning was used to examine individual causality/heterogeneity. Results: Northeast China's cities were found to be sites of increased cardiovascular disease incidence. Heat extreme climate events increased city-level cardiovascular disease prevalence (east–west weakening impact). Each additional heat extreme climate event day was correlated with 1,128 more cardiovascular disease cases per 100,000 people. Cold extreme climate events increased city-level cardiovascular disease prevalence (west–east weakening impact). Each additional cold extreme climate event day was correlated with 391 more cardiovascular disease cases per 100,000 people. Causal inference analysis showed that each heat extreme climate event day increased cardiovascular disease risk by 3.044%; cold extreme climate event days increased risk by 0.110%, and precipitation extreme climate event days increased it by 1.620%. Heterogeneity highlighted high-risk subgroups in which heat extreme climate events affected preretirees, smokers, and those in high-ozone areas, whereas higher BMI values mitigated risk. Cold extreme climate events impacted preretirees, high-BMI individuals, and high-ozone populations. Precipitation extreme climate events most affected older adults, rural residents, preretirees, and spouseless individuals. Conclusions: Heat and cold extreme climate events increased city-level cardiovascular disease prevalence in middle-aged and older adults with distinct spatiotemporal gradients. Exposure to heat, cold, and precipitation extreme climate events significantly increased incident cardiovascular disease risk, with clear subgroup vulnerabilities. © 2026 Elsevier Inc. All rights are reserved, including those for text and data mining, AI training, and similar technologies.","","Aged; Cardiovascular Diseases; China; Cities; Cold Temperature; Cross-Sectional Studies; Female; Hot Temperature; Humans; Incidence; Longitudinal Studies; Male; Risk Factors; Spatial Analysis; adult; air pollution; analysis; Article; cardiovascular disease; causal analysis; climate change; cohort analysis; cross validation; cross-sectional study; Extreme Climate Event; geographic distribution; health care; health center; heart disease risk factor; human; longitudinal study; machine learning; middle aged; prevalence; risk assessment; seasonal variation; sensitivity analysis; smoking; social status; socioeconomics; spatial analysis; spatiotemporal analysis; temperature; time series analysis; adverse event; aged; China; city; cold; epidemiology; etiology; female; high temperature; incidence; male; risk factor; spatial analysis","Article","Final","","Scopus","2-s2.0-105036172474"
"Cao Y.; Han L.; Wang S.; Yue L.","Cao, Yuxuan (57799371100); Han, Liang (59413956600); Wang, Shuting (60734601700); Yue, Li (57213600034)","57799371100; 59413956600; 60734601700; 57213600034","How Smart Cities Reshape the Mobility of Technical Talent: New Evidence Based on the Push-Pull Mechanism","2026","Journal of Urban Planning and Development","152","3","04026055","","","0","10.1061/JUPDDM.UPENG-6500","https://www.scopus.com/pages/publications/105044411815?origin=resultslist","This study contributes to a deeper understanding of the mechanisms linking smart cities and talent mobility, advances the complex adaptive systems theory by incorporating institutional dynamics, and offers valuable policy insights for optimizing smart city strategies and managing the push-and-pull dynamics of talent mobility. Drawing on data from China's prefecture-level cities from 2010 to 2022, this study constructs a gravity model to measure the mobility of technical talent and employs a double machine learning approach to examine how smart city development influences the mobility of technical talent. The findings reveal that the smart city pilot policy significantly enhances the mobility of technical talent by an average of 1.910% (p < 0.01), with stronger effects observed in provincial capitals (5.489%) and cities in the eastern region (4.856%). A further mechanism analysis demonstrates that smart cities enhance their attractiveness to technical talent through the pull effects of digitization and internationalization, while the push effects of the unemployment related to digital technology and the market competition triggered by global openness reshape mobility decisions, driving the dynamic adjustment of talent distribution patterns.  © 2026 American Society of Civil Engineers.","Complex adaptive systems; Double machine learning; Push-pull mechanisms; Smart city; Technical talent mobility","China; Adaptive systems; Competition; Learning systems; Machine learning; System theory; Urban growth; Complex adaptive systems; Complex adaptive systems theories; Double machine learning; Evidence-based; Gravity modeling; Machine-learning; Push pull; Push-pull mechanism; Technical talent; Technical talent mobility; adaptive management; institutional framework; mobility; smart city; technical efficiency; Smart city","Article","Final","","Scopus","2-s2.0-105044411815"
"Lin W.; Yu S.; Yu X.; Li Y.; Liu C.","Lin, Wuyin (59762116900); Yu, Songming (57219567445); Yu, Xinran (57215290065); Li, Yuxing (56034184000); Liu, Cuiwei (55554677800)","59762116900; 57219567445; 57215290065; 56034184000; 55554677800","Analysis of urban hydrogen-blended natural gas pipeline leak failure and accident evolution based on the combination of causal inference and probabilistic machine learning","2026","Reliability Engineering and System Safety","273","","112323","","","4","10.1016/j.ress.2026.112323","https://www.scopus.com/pages/publications/105029193606?origin=resultslist","Integrating hydrogen into urban gas pipeline networks is a pivotal technology for energy transition yet poses critical safety threats, thus necessitating comprehensive risk assessment of hydrogen-blended natural gas pipelines. This study performs full quantitative risk assessment of leakage failure and accident evolution by proposing a novel framework that integrates causal inference (Bow-Tie analysis) with probabilistic machine learning (Bayesian networks), enabling systematic failure factor identification and dynamic accident progression simulation. Key findings indicate human factors and pipeline material degradation as primary triggers. The studied pipeline exhibits a low baseline failure probability, with dispersion emerging as the most likely consequence of leakage. Higher hydrogen blending ratios significantly elevate jet fire risk due to hydrogen’s low ignition energy, while hydrogen’s inherent buoyancy and high diffusivity notably mitigate the likelihood of flash fire and vapor cloud explosion. The case study verifies the model’s practicability, and macro-micro analyses provide holistic insights, offering a reliable method to guide pipeline safety and reliability improvement amid energy transition. Copyright © 2026. Published by Elsevier Ltd.","Accident evolution; Causal inference; Probabilistic machine learning; Risk assessment; Urban hydrogen-blended natural gas pipeline","Accidents; Barium compounds; Bayesian networks; Blending; Explosions; Failure (mechanical); Hydrogen; Inference engines; Learning systems; Machine learning; Natural gas pipelines; Outages; Reliability analysis; Accident evolution; Causal inferences; Energy transitions; Inference machine; Machine-learning; Pipeline leaks; Probabilistic machine learning; Probabilistic machines; Risks assessments; Urban hydrogen-blended natural gas pipeline; Risk assessment","Article","Final","","Scopus","2-s2.0-105029193606"
"Wang M.; Tan Z.; Xu X.; Luan Q.","Wang, Min (59369269600); Tan, Zhenhua (60865643900); Xu, Xinliang (55602417800); Luan, Qingzu (55041503800)","59369269600; 60865643900; 55602417800; 55041503800","Inferred vertical coupling of urban heat islands across morphology zones: conditional effects and planning implications","2026","Sustainable Cities and Society","150","","107889","","","0","10.1016/j.scs.2026.107889","https://www.scopus.com/pages/publications/105050217045?origin=resultslist","Understanding the three-dimensional structure of the urban heat island (UHI) is essential for climate-adaptive planning. Beyond surface and canopy-layer warming, UHIs involve vertically integrated heat accumulation; however, most studies assess temperature differences at a single height. This study infers vertical UHI coupling from the joint yet differentiated responses of surface (SUHII), canopy-layer (CUHII), and vertically integrated boundary-layer (VUHII) indicators, without directly quantifying coupling or simulating energy exchange. It further examines morphology-dependent relationships using morphology-zone classification and double machine learning (DML)-based statistical attribution. The results show that SUHII and CUHII exhibit continuous urban-rural gradients, whereas VUHII is more localized and fragmented. At night, mean VUHII reaches 963.5 K·m in dense central districts, compared with 206.6 K·m in peripheral plains, indicating that conventional surface- or canopy-layer metrics alone may not fully represent vertically integrated heat accumulation within the lower atmosphere. Thermal intensity generally follows high-rise compact (HC) > low-rise compact (LC) > low-rise sparse (LS) > low-rise open (LO). Nighttime VUHII trends are 59.1, 18.8, and 13.1 K·m·a⁻¹ in HC, LC, and LS zones, respectively, and winter nighttime VUHII exceeds 2500 K·m in HC zones. Transition-zone analysis indicates that VUHII changes lag behind those of SUHII and CUHII during urban-form evolution: during LS to HC transitions, VUHII remains 200–400 K·m, far below the 1500–2000 K·m observed in stable HC zones. After adjustment for observed covariates, DML-based statistical attribution indicates that land cover and surface properties have the strongest estimated conditional associations with SUHII and CUHII. In contrast, VUHII is more strongly associated with three-dimensional urban structure, atmospheric conditions, and human activity. At night, building-height heterogeneity, impervious-surface connectivity, and population density show positive conditional effects on VUHII, whereas vegetation shows a negative conditional effect. These findings provide evidence-informed planning priorities for morphology-aware mitigation of heat accumulation. © 2026 The Authors","Double machine learning (DML); Inferred vertical UHI coupling; Morphology transition; Statistical causal attribution; Urban morphology; Vertically integrated heat accumulation","Atmospheric structure; Boundary layers; Couplings; Landforms; Learning systems; Machine learning; Remote sensing; Surface properties; Urban planning; Causal attributions; Double machine learning; Heat accumulation; Inferred vertical urban heat island coupling; Integrated heat; Machine-learning; Morphology transitions; Statistical causal attribution; Urban heat island; Urban morphology; Vertically integrated heat accumulation; Morphology","Article","Final","All Open Access; Hybrid Gold Open Access","Scopus","2-s2.0-105050217045"
"Wang L.; Pang J.","Wang, Lili (57209231483); Pang, Jun (55339183600)","57209231483; 55339183600","Just transition? Exploring the climate finance, regulatory quality, trade openness and renewable energy nexus","2026","Energy Economics","162","","109567","","","0","10.1016/j.eneco.2026.109567","https://www.scopus.com/pages/publications/105048962464?origin=resultslist","Climate finance aims to support a fair transition to renewable energy in developing countries, yet the conditions under which climate finance is associated with renewable energy development remain unclear. This study examines the relationship between climate finance and renewable energy development using a double machine learning (DML) framework that combines Lasso regression as the base learner with K-fold cross-fitting and Neyman orthogonalization to mitigate potential bias arising from endogeneity and high-dimensional confounding. Drawing on panel data from 71 developing countries over 2000–2019, the DML estimation yields a statistically significant positive association, and the positive association between climate finance and renewable energy development is particularly evident among low-income developing countries. Furthermore, dynamic panel threshold modeling identifies significant threshold values. Specifically, when regulatory quality exceeds −1.060, the association between climate finance and renewable energy development becomes positive; and when trade openness exceeds the threshold value, the positive association between climate finance and renewable energy becomes stronger. Therefore, improving regulatory quality and facilitating trade openness may create more favorable conditions under which climate finance is more strongly associated with renewable energy development. © 2026 Elsevier B.V. All rights are reserved, including those for text and data mining, AI training, and similar technologies.","Climate finance; Machine learning; Renewable energy; Trade","Data mining; Developing countries; Energy development; Finance; Learning systems; Machine learning; Regression analysis; Renewable energy; Climate finance; Condition; Fair transitions; Lasso regressions; Learning frameworks; Machine-learning; Renewable energies; Renewable energy development; Threshold-value; Trade openness; Commerce","Article","Final","","Scopus","2-s2.0-105048962464"
"Rao H.; Khemka G.; Feng L.","Rao, Haicheng (60253719700); Khemka, Gaurav (57194489985); Feng, Lingbing (57034635700)","60253719700; 57194489985; 57034635700","Development zone environmental policy and green innovation: Evidence from China’s industrial sector","2026","International Review of Economics and Finance","110","","105554","","","0","10.1016/j.iref.2026.105554","https://www.scopus.com/pages/publications/105043469688?origin=resultslist","Green innovation in industrial enterprises plays a vital role in industrial transformation. This paper evaluates the impact of China’s National Eco-Industrial Demonstration Park (NEDP) policy on firm-level green innovation, using firm-level data on Chinese industrial enterprises from 2003 to 2014. We employ a novel empirical approach that combines Double Machine Learning (DML) for estimating causal policy effects and Causal Forests for analyzing treatment heterogeneity. The results show that the NEDP significantly promotes green innovation, with effects remaining robust across various tests. Pathway analysis indicates that the NEDP policy can improve the financing environment of firms and facilitate regional industrial structure optimization, thereby promoting firms’ green innovation. Heterogeneity analysis highlights that city-level financial development and firm size are critical sources of heterogeneity. The policy effect strengthens with increasing financial development but displays a W-shaped fluctuation in underdeveloped regions. A similar W-shaped relationship is observed with firm size, suggesting differing policy responsiveness across firm growth stages. This study not only provides valuable insights into promoting green innovation in industrial enterprises but also offers important policy implications for the scientific design and effective implementation of future environmental policies in development zones. © 2026 The Authors.","Causal Forest; Double Machine Learning; Green innovation; Heterogeneity analysis; Industrial green transformation","","Article","Final","All Open Access; Gold Open Access","Scopus","2-s2.0-105043469688"
"Tian J.; Li S.; Wang K.; Zheng Z.; Zhang Q.","Tian, Junfang (35216849700); Li, Shuo (60406764100); Wang, Kun (60686166700); Zheng, Zhenjie (57212455909); Zhang, Qianran (57981158400)","35216849700; 60406764100; 60686166700; 57212455909; 57981158400","Data-driven analysis of EV public charging station demand across heterogeneous built environment","2026","Transportation Research Part D: Transport and Environment","158","","105455","","","0","10.1016/j.trd.2026.105455","https://www.scopus.com/pages/publications/105041564431?origin=resultslist","Public charging stations (PCS) have become critical infrastructure in urban transportation systems. PCS charging demand patterns are driven by complex mechanisms that conventional methods struggle to quantify, while the influence of the built environment (BE) remains underexplored. An integrated empirical framework is proposed that combines machine learning and causal inference models to analyze PCS demand patterns and generate evidence-based policy implications. Specifically, XGBoost with partial dependence plots is employed to predict demand, identify key determinants, and reveal nonlinear relationships, followed by double machine learning to quantify the causal effects of critical policy-relevant factors. We construct a real-world charging dataset incorporating BE, temporal, and price attributes for empirical analysis. Results show that charging demand is shaped by public transport accessibility and the spatial configuration of PCS. Electricity price has a stronger negative impact in areas farther away from subway stations. These findings support optimized charging infrastructure planning and targeted policy interventions. © 2026 Elsevier Ltd. All rights are reserved, including those for text and data mining, AI training, and similar technologies.","Built environment; Causal inference; Charging demand; Electric vehicle (EV); Public charging station (PCS); XGBoost","Charging stations; Demand response; Learning systems; Machine learning; Mass transportation; Public policy; Public works; Urban transportation; Built environment; Causal inferences; Charging demands; Charging station; Data-driven analysis; Demand pattern; Electric vehicle; Machine-learning; Public charging station; Xgboost; electricity industry; empirical analysis; infrastructure planning; machine learning; transportation system; urban transport; Data mining","Article","Final","","Scopus","2-s2.0-105041564431"
"Li G.; Zhang M.; Pei W.; Bai R.; Zhou Y.; Wang J.; Yang X.","Li, Guanji (57225984367); Zhang, Mingyi (55704458600); Pei, Wansheng (59658931900); Bai, Ruiqiang (59231615100); Zhou, Yanqiao (57226466727); Wang, Jiwei (57208349610); Yang, Xiaoman (60636138800)","57225984367; 55704458600; 59658931900; 59231615100; 57226466727; 57208349610; 60636138800","Mechanistic dichotomy in permafrost thaw between Alaska and the Qinghai-Tibet Plateau","2026","Catena","271","","110194","","","0","10.1016/j.catena.2026.110194","https://www.scopus.com/pages/publications/105039064727?origin=resultslist","Projections of future climate and cryospheric change are critically constrained by uncertainties in permafrost degradation processes. By integrating multi-source data (2000−2020) from Alaska and the Qinghai-Tibet Plateau permafrost regions and applying a unified analytical framework combining machine learning and causal inference techniques, we uncover a fundamental mechanistic dichotomy. Permafrost degradation in both Alaska and the Qinghai-Tibet Plateau is primarily controlled by climate and topography, which together account for more than 50% of the impact. However, the underlying mechanisms differ substantially: the influence of environmental factors on the mean annual ground temperature (MAGT) in Alaska is primarily mediated through linear pathways. In contrast, their effects on the active layer thickness (ALT) in Alaska, and on both MAGT and ALT on the Qinghai-Tibet Plateau, are strongly non-linear, involving complex interactions. These distinct intrinsic logics demonstrate that permafrost vulnerability is not uniform and demand a shift toward regionally differentiated models to project future thaw accurately, thereby reducing uncertainties in the permafrost‑carbon feedback. Copyright © 2024. Published by Elsevier B.V.","Alaska; Mechanism dichotomy; Permafrost thaw; Qinghai-Tibet plateau","Alaska; China; Qinghai-Xizang Plateau; United States; active layer; analytical framework; environmental factor; machine learning; permafrost; topography; vulnerability","Article","Final","","Scopus","2-s2.0-105039064727"
"Jiang J.","Jiang, Jianglin (58862214200)","58862214200","The impact of digital transformation on urban green and low-carbon transformation efficiency: evidence from a double machine learning approach","2026","Humanities and Social Sciences Communications","13","1","1439","","","0","10.1057/s41599-026-08736-1","https://www.scopus.com/pages/publications/105048297560?origin=resultslist","This study selected 279 Chinese cities as research samples and integrated double machine learning models, Gini coefficients, and standard deviation ellipses to systematically analyze the dynamic evolution of urban green and low-carbon transformation efficiency amid digital transformation. The main objective was to elucidate the spatial differentiation, temporal evolution, and the impact mechanisms and transmission pathways through which digital transformation affects this efficiency, thereby providing a comprehensive understanding of the coordinated development of China’s green and low-carbon transition. The analysis produced the following key findings: First, the efficiency of urban green and low-carbon transformation shows distinct spatiotemporal evolution characteristics. Although it maintains an overall steady upward trajectory, notable regional disparities persist, with inter-regional differences remaining the main source of imbalance. Second, digital transformation exerts a significant positive effect on urban green and low-carbon transformation efficiency. Benchmark regression results show that a one-unit increase in the level of digital transformation leads to a 0.033-unit rise in urban green and low-carbon transformation efficiency. Third, the impact of digital transformation displays significant regional heterogeneity. Compared with other city types, its positive effect is more pronounced in cities with established industrial bases, key environmental protection functions, and major transport hubs. Finally, green technological innovation serves as a crucial mediator in the process through which digital transformation enhances urban green and low-carbon transformation efficiency. © The Author(s) 2026.","","","Article","Final","All Open Access; Gold Open Access","Scopus","2-s2.0-105048297560"
"Jiang H.; Zhou Y.; Yu H.","Jiang, Hengpeng (60768270900); Zhou, Yingqiu (60767018300); Yu, Hongjuan (59703749000)","60768270900; 60767018300; 59703749000","Construction of Urban Agglomerations to Promote the Economic Growth of Counties: Causal Inference Based on Double Machine Learning","2026","Journal of Urban Planning and Development","152","4","04026064","","","0","10.1061/JUPDDM.UPENG-6186","https://www.scopus.com/pages/publications/105046203547?origin=resultslist","Harnessing the effects of radiation-driven urban agglomerations on county-level economic growth is essential for fostering regional coordinated development. This study uses panel data from 152 counties in the Yangtze River Delta from 2000 to 2021 to evaluate how urban agglomeration construction influences county economic growth. A combination of double machine learning models and causal mediation analysis is used to measure policy impacts and identify underlying mechanisms. The findings highlight several key points: (1) Urban agglomeration construction significantly and positively influences county economic growth. This result remains reliable after various checks, including different model specifications and changes in dependent variables, confirming the robustness of the findings. (2) The positive effect of urban agglomeration construction on county economic growth occurs mainly through two pathways: increasing industrial clustering and promoting urbanization within counties. Both factors play a substantial role in economic expansion at the county level. (3) The impact of urban agglomeration construction on county economic growth varies across different urban agglomerations. Specifically, the Shanghai urban agglomeration shows the strongest marginal effect on economic development, while the Ningbo urban agglomeration exhibits the weakest effect. Notably, the Hefei urban agglomeration does not show a significant effect on county economic growth during the study period. This research provides new insights for developing countries aiming to optimize regional spatial planning and improve county-level urbanization amid ongoing urban development.  © 2026 American Society of Civil Engineers.","Causal mediation; County economy; Double machine learning; Regional coordinated development; Urban agglomeration","China; Yangtze Delta; Agglomeration; Economic analysis; Economic and social effects; Industrial economics; Inflation; Learning systems; Machine learning; Radiation effects; Regional planning; Causal inferences; Causal mediation; County economy; County level; Double machine learning; Economic growths; Machine-learning; Panel data; Regional coordinated development; Urban agglomerations; agglomeration; economic growth; machine learning; regional development; urban economy; Urban growth","Article","Final","","Scopus","2-s2.0-105046203547"
"Cai L.","Cai, Lin (60549260400)","60549260400","Quantitative Evaluation Model for Enterprise Training Input-Output Based on Causal Inference and Machine Learning","2026","Proceedings of 2026 3rd International Conference on Innovation Management and Information Systems, ICIIS 2026","","","","557","562","0","10.1145/3821966.3822055","https://www.scopus.com/pages/publications/105050170487?origin=resultslist","Corporate training plays an important role in enhancing employee capabilities and driving organizational performance. This paper proposes a quantitative evaluation model for corporate training input-output that integrates causal inference and machine learning, innovating on classic methods such as Difference-in-Differences (DiD) and Propensity Score Matching (PSM). The model introduces a Structural Causal Model (SCM) to clarify the causal graph structure of corporate training interventions and combines an XGBoost-based counterfactual prediction module to improve the ability to model output changes under complex input variables. Additionally, the model incorporates heterogeneity treatment effect estimation methods such as T-learner and S-learner, enabling a detailed depiction of output differences across different employee groups under training investment. Experimental results show that the proposed model outperforms existing mainstream methods in both training effect estimation accuracy and input-output mapping reliability. © 2026 Copyright held by the owner/author(s).","Causal Inference; Enterprise Training; Input-Output Evaluation; Machine Learning; Treatment Effect Estimation","Graphic methods; Human engineering; Information management; Information systems; Information use; Investments; Machine learning; Personnel training; Causal inferences; Corporate trainings; Enterprise training; Input-output; Input-output evaluation; Machine-learning; Organizational performance; Quantitative evaluation models; Treatment effect estimation; Treatment effects; Learning systems","Conference paper","Final","All Open Access; Gold Open Access","Scopus","2-s2.0-105050170487"
"Liu S.; Yuan M.; Liang K.; Wu J.; Mao X.","Liu, Shunjian (57699655900); Yuan, Mengfei (58996023000); Liang, Kang (60728651800); Wu, Junqin (60728651900); Mao, Xuelian (60728531400)","57699655900; 58996023000; 60728651800; 60728651900; 60728531400","Addressing the Counterfactual: Adaptive Batch Size Selection with Causal Models","2027","Lecture Notes in Computer Science","16617 LNAI","","","484","495","0","10.1007/978-981-92-1926-1_39","https://www.scopus.com/pages/publications/105044233340?origin=resultslist","Deep learning has achieved great success in tasks such as image recognition and natural language processing. However, its performance is highly sensitive to hyperparameters, among which batch size plays a critical role. Traditionally, batch size is kept fixed throughout training, thereby failing to account for evolving optimization dynamics. Although some recent approaches dynamically adjust batch size, they rely on heuristic rules and fail to model its underlying causal effect on model performance. To address this, we propose CausalBS, a causality-driven method for dynamically adjusting the batch size based on its causal effect on model performance. By formulating batch size selection as a counterfactual inference problem, CausalBS leverages interventional data and the Double Machine Learning (DML) framework to estimate the Conditional Average Treatment Effect (CATE) of different batch sizes. This allows the system to quantify how changes in batch size influence model accuracy, enabling data-driven and causally sound adaptation. Experiments on CIFAR-10 and MNIST demonstrate the effectiveness of our approach, with CausalBS achieving accuracy improvements of 1.8% and 0.11%, respectively. © The Author(s), under exclusive license to Springer Nature Singapore Pte Ltd. 2027.","Batch size; Causal inference; Deep learning; Double Machine Learning","Image processing; Image recognition; Learning algorithms; Learning systems; Natural language processing systems; Optimization; Batch sizes; Causal inferences; Causal modeling; Counterfactuals; Deep learning; Double machine learning; Machine-learning; Modeling performance; Natural languages; Size selection; Deep learning","Conference paper","Final","","Scopus","2-s2.0-105044233340"
"Bilu Y.; El-Hay T.; Helbitz T.; Delgadillo J.; Atzil-Slonim D.","Bilu, Yonatan (57386718000); El-Hay, Tal (36470047700); Helbitz, Tal (58476303900); Delgadillo, Jaime (41761407700); Atzil-Slonim, Dana (55151178900)","57386718000; 36470047700; 58476303900; 41761407700; 55151178900","Data driven versus standard practice policies for personalized antidepressant treatment: a retrospective cohort study of electronic health records","2026","BMC Psychiatry","26","1","119","","","0","10.1186/s12888-025-07745-9","https://www.scopus.com/pages/publications/105029412318?origin=resultslist","Background: Depression is a heterogenous condition, with high societal and economic costs. Response to available treatments is varied, often trial-and-error, raising the need for personalization. Previous studies demonstrated success in predicting treatment outcomes for patients in psychiatric settings diagnosed with major depressive disorder, but have not done so in the general practice setting. Methods: A retrospective cohort study analyzed electronic health records (EHRs) from the UK’s National Health Service, where depressive symptoms were recorded at two time points using the Patient Health Questionnaires (PHQ-9). Symptomatic changes between time 1 and time 2 were taken as the primary outcome of interest. Machine Learning and Causal Inference methods were used to define a data-driven antidepressant selection policy (choosing among three alternative SSRI medications) and evaluate it vis-a-vis routine clinical practice. Results: In a cohort of 73,601 patients (65% female, mean age 49), evaluation of models for treatment selection suggested that: Reasonable treatment outcome prediction can be derived from EHRs (AUC 0.65), yet prediction is mostly driven by the initial PHQ-9 score (AUC 0.61 as a sole predictor). For essentially all patients with case-level depression prescribing antidepressants will reduce their symptoms by an expected 1.5 points For most patients, response to Citalopram, Fluoxetine and Sertraline is expected to be similar. Data driven selection of antidepressant type yields only a small improvement over current practice. Conclusions: In the examined setting, treatment response to antidepressants in general, and to 3 specific SSRIs can be predicted reasonably well, yet the resultant treatment selection policy does not significantly improve upon current practice. Expanding this approach to a more diverse drug selection, and augmenting it with psychological, genetic and metabolomic data, are therefore future directions for research on personalized treatment selection. © The Author(s) 2025.","Antidepressants; Causal inference; EHR; Machine learning; PHQ-9; Precision psychiatry","Adult; Antidepressive Agents; Electronic Health Records; Female; Humans; Machine Learning; Major Depressive Disorder; Male; Middle Aged; Precision Medicine; Retrospective Studies; Selective Serotonin Reuptake Inhibitors; Treatment Outcome; United Kingdom; alcohol; antidepressant agent; citalopram; fluoxetine; sertraline; antidepressant agent; serotonin uptake inhibitor; adult; algorithm; anxiety; Article; clinical practice; cohort analysis; controlled study; depression; electronic health record; female; general practitioner; health service; human; hypertension; ICD-10; insomnia; machine learning; male; mental disease; mental health service; middle aged; obesity; prescription; primary medical care; psychiatry; psychotherapy; public health; retrospective study; sensitivity analysis; smoking; treatment effect heterogeneity; treatment outcome; treatment response; drug therapy; major depression; personalized medicine; procedures; United Kingdom","Article","Final","All Open Access; Gold Open Access; Green Open Access","Scopus","2-s2.0-105029412318"
"Hao T.; Zhong R.; Jiang Q.; Qi Y.","Hao, Tianyi (60741693300); Zhong, Ruoxi (57712423900); Jiang, Qiurui (59781413400); Qi, Yanbin (57203634501)","60741693300; 57712423900; 59781413400; 57203634501","Complementarity or conflict? Impact of environmental policy mixes on corporate greenwashing: An empirical study of Chinese enterprises","2026","International Review of Economics and Finance","110","","105633","","","0","10.1016/j.iref.2026.105633","https://www.scopus.com/pages/publications/105044923864?origin=resultslist","Greenwashing refers to the act of misleading stakeholders with false environmental claims, which distorts market signals and hampers sustainable development. Existing research mainly evaluates single policy instruments, while the synergistic effects of multiple policies on corporate greenwashing remain insufficiently understood, especially in countries with market conditions similar to China. This study identifies key synergies among major environmental policies in China—Low-Carbon City Pilot (LCCP), Carbon Emission Trading (CET), Environmental Courts (EC), Atmospheric Ten Articles (ATA), Green Credit Subsidy (GCS), and New Energy Cities (NEC)—using association rule mining. We then estimate the causal impacts of prominent policy combinations on corporate greenwashing with panel data for Chinese A-share listed firms (2010–2023) and a double/debiased machine learning framework. Results show two dominant synergies: LCCP–CET and LCCP–CET–EC. The LCCP–CET mix is associated with the largest reduction in corporate greenwashing, while incorporating EC modestly attenuates this effect. These findings contribute to the environmental policy literature and provide actionable insights for governments to design effective environmental governance systems. © 2026 The Authors.","Association rule mining; Greenwashing; Policy synergy","","Article","Final","All Open Access; Gold Open Access","Scopus","2-s2.0-105044923864"
"Zhang Z.; Bu W.","Zhang, Zhongqi (60575397600); Bu, Wei (56248390900)","60575397600; 56248390900","The role of digital infrastructure in reducing air pollution","2026","Discover Sustainability","7","1","563","","","1","10.1007/s43621-026-02856-z","https://www.scopus.com/pages/publications/105035859226?origin=resultslist","Air quality enhancement reflects rising demands for a higher living standard while advancing green development. This study explores the impact of digital infrastructure on air pollution from a policy perspective, utilizing the Broadband China Strategy (BCS) as a quasi-natural experiment. Utilizing panel data from 283 Chinese cities from 2011 to 2019, this study employs a difference-in-differences model (DID) over multiple periods to evaluate the effects on air pollution of BCS and employs a double machine learning (DML) method for a robustness test. The results show that BCS has a significant suppressive effect on air pollution intensity. Mechanism analysis reveals that this reduction is achieved through a decrease in energy intensity. The influence of BCS on air pollution is particularly stronger in resource-based cities, large cities, and regions with relatively lax environmental regulations. Furthermore, we also find that the policy impact exhibits a significant mitigating effect on air pollution in cities within a 150–250 km radius. Overall, the study highlights the pioneering role of digital infrastructure in environmental governance and provides a theoretical foundation for differentiated governance and collaborative regional air pollution control in the digital era. © The Author(s) 2026.","Air pollution; Broadband china strategy; Difference-in-differences model; Digital infrastructure; Energy intensity","","Article","Final","All Open Access; Gold Open Access; Green Open Access","Scopus","2-s2.0-105035859226"
"Zhao H.; Jia Z.; Yue W.; Liu Y.; Liu Q.; Yue L.; Cao S.; Ma Y.; Lu K.","Zhao, Hongbo (56082370000); Jia, Zeting (57687388100); Yue, Wenhui (60100492800); Liu, Yansui (60685322400); Liu, Qiyang (57194045620); Yue, Li (57687913000); Cao, Shaozhen (60587223700); Ma, Yilin (60685672000); Lu, Keyan (60685847900)","56082370000; 57687388100; 60100492800; 60685322400; 57194045620; 57687913000; 60587223700; 60685672000; 60685847900","Agglomeration under strain: Nonlinear dynamics of urban functional conflicts","2026","Sustainable Cities and Society","148","","107574","","","0","10.1016/j.scs.2026.107574","https://www.scopus.com/pages/publications/105041453928?origin=resultslist","Rapid urbanization intensifies spatial conflicts within rapidly expanding urban agglomerations, thereby threatening regional sustainable development and rational resource allocation. This study investigates the spatiotemporal patterns, dynamic changes, and underlying mechanisms of urban functional space conflicts (UFSC) in China's Central Plains Urban Agglomeration (CPUA) from 2011 to 2020. Moving beyond mere correlation analysis, this study integrates multi-source geospatial data, DBSCAN-based functional space identification, and landscape ecological indicators for conflict evaluation. Combined with causal inference (LiNGAM) and interpretable machine learning (XGBoost-GeoShapley), the proposed framework elucidates the causal pathways and complex nonlinear effects of UFSC. Results reveal evident spatiotemporal differentiation of urban functional spaces, with production and living areas encroaching on ecological and cultural areas. UFSC presents a distinct core-periphery gradient dominated by neighbourhood spatial interactions. Population density and vegetation coverage are verified as dominant direct causal drivers, whose influences feature prominent nonlinearity, threshold effects and spatial heterogeneity. This study provides empirically grounded references for refined spatial governance and resilient urban planning across rapidly urbanizing regions worldwide. © 2026 Elsevier Ltd","Causal inference; Geoshapley model; Spatial conflict; Urban agglomeration; Urban functional space","China; Agglomeration; Dynamics; Ecology; Learning systems; Regional planning; Sustainable development; Urban planning; Causal inferences; Functional spaces; Functionals; Geoshapley model; Rapid urbanizations; Regional sustainable development; Resources allocation; Spatial conflicts; Urban agglomerations; Urban functional space; agglomeration; correlation; integrated approach; resource allocation; urban development; urban planning; urbanization; Population statistics","Article","Final","","Scopus","2-s2.0-105041453928"
"Zhai S.; Wang Y.; Wang J.; Du Y.","Zhai, Shuangyang (60787834600); Wang, Yilin (58182917800); Wang, Ji (60332337200); Du, Yuanhe (59708071800)","60787834600; 58182917800; 60332337200; 59708071800","Green Infrastructure Investment and Urban Industrial Chain Resilience: Evidence from Chinese Prefecture-Level Cities","2026","Sustainability (Switzerland)","18","16","8507","","","0","10.3390/su18168507","https://www.scopus.com/pages/publications/105048775663?origin=resultslist","Against the background of global production-network restructuring, low-carbon transition, and rising external uncertainty, this study examines the effect of green infrastructure investment on urban industrial chain resilience. Using panel data for 285 Chinese prefecture-level cities from 2012 to 2024, industrial chain resilience is measured from the dimensions of industrial diversification and urban innovation capacity. Double machine learning is employed for baseline estimation, supplemented by mediation analysis, threshold regression, spatial econometric analysis, and a series of robustness tests. The results show that green infrastructure investment significantly enhances industrial chain resilience, and the finding remains robust to alternative model specifications, cross-fitting settings, generalized propensity score weighting, continuous-treatment entropy balancing, winsorization, and the exclusion of pandemic-period observations. Resource allocation efficiency plays a partial mediating role in this relationship. The threshold analysis identifies a significant nonlinear effect associated with energy consumption intensity, with the positive effect of green infrastructure investment being stronger below the estimated threshold and weakening above it. Spatial analysis further shows significant spatial dependence in both green infrastructure investment and industrial chain resilience, together with positive spillover effects on neighboring cities. These findings highlight the importance of improving green infrastructure investment efficiency, strengthening factor allocation, and promoting regional coordination in enhancing urban industrial chain resilience. © 2026 by the authors.","green infrastructure investment; industrial chain resilience; resource allocation efficiency; spatial spillovers; threshold effect","green economy; innovation; machine learning; panel data; resource allocation; spillover effect; threshold; urban area","Article","Final","All Open Access; Gold Open Access","Scopus","2-s2.0-105048775663"
"Ballinari D.; Bearth N.","Ballinari, Daniele (58957284000); Bearth, Nora (58846695400)","58957284000; 58846695400","Improving the Finite Sample Estimation of Average Treatment Effects Using Double/Debiased Machine Learning With Propensity Score Calibration","2026","Journal of Applied Econometrics","41","5","","613","626","0","10.1002/jae.70057","https://www.scopus.com/pages/publications/105038104028?origin=resultslist","Double/debiased machine learning (DML) uses for estimating an average treatment effect (ATE) a double-robust score function that relies on the prediction of nuisance functions, such as the propensity score, which is the probability of treatment assignment given covariates. Estimators relying on double-robust score functions are highly sensitive to errors in propensity score predictions. Machine learning algorithms have been found to produce models that often overestimate or underestimate these probabilities. Several calibration approaches have been proposed to improve probabilistic forecasts of machine learners. This paper explores their integration into the DML framework, showing via simulations that using calibrated propensity scores significantly reduces the root mean squared error of ATE estimates in finite samples while preserving DML's asymptotic properties. © 2026 The Author(s). Journal of Applied Econometrics published by John Wiley & Sons Ltd.","average treatment effect; causal inference; probability calibration","","Article","Final","All Open Access; Hybrid Gold Open Access","Scopus","2-s2.0-105038104028"
"Zhou Y.; Shen G.; Si L.; Wang K.; Chen Y.; Wang R.; Dai Y.","Zhou, Yue (59981973300); Shen, Guohang (59498423100); Si, Lijing (59982405900); Wang, Kaiyong (59498080900); Chen, Yang (59498936800); Wang, Ruoyan (59982679600); Dai, Yupei (59498770400)","59981973300; 59498423100; 59982405900; 59498080900; 59498936800; 59982679600; 59498770400","Virtual single-cell perturbation and genetic causal inference reveal CSF1R-dependent immunometabolic communication in iron metabolism-associated osteoarthritis","2026","Journal of Cell Communication and Signaling","20","3","e70107","","","0","10.1002/ccs3.70107","https://www.scopus.com/pages/publications/105048660670?origin=resultslist","Iron dysregulation has emerged as a contributor to osteoarthritis (OA), yet the cell-communication mechanisms connecting iron-related genetic signals to joint degeneration remain insufficiently defined. Here, we established an integrative computational framework combining transcriptomic screening, machine learning, Mendelian randomization, immune and metabolite mediation analysis, single-cell transcriptomics, virtual gene perturbation, molecular docking, molecular dynamics simulation, and experimental validation to identify signaling regulators involved in iron metabolism-associated OA. By intersecting iron metabolism-related genes, OA differentially expressed genes, and eQTL-supported genes, we identified 27 shared candidates. Machine learning-based prioritization and genetic causal inference further highlighted CSF1R as a central regulatory gene. Single-cell analysis localized CSF1R expression predominantly to macrophages, indicating a macrophage-centered role in the osteoarthritic microenvironment. Mediation analysis integrating 731 immune-cell traits and 1400 circulating metabolites identified CD14+CD16+ monocytes as a significant cellular mediator linking CSF1R activity to OA susceptibility, suggesting that CSF1R may promote disease progression mainly through monocyte–macrophage remodeling rather than isolated metabolic alteration. Genetic colocalization further supported a shared regulatory signal between CSF1R expression and OA risk. Virtual single-cell perturbation revealed distinct downstream consequences of CSF1R modulation. Simulated CSF1R depletion enhanced antigen processing, major histocompatibility complex class II presentation, and phagosome-related programs, whereas simulated CSF1R overexpression preferentially activated extracellular matrix organization, integrin signaling, and cartilage development-associated pathways. Structural analyses identified stable interactions between CSF1R and candidate inhibitory compounds, and inflammatory stimulation of macrophages confirmed increased CSF1R protein expression. Collectively, this study identifies CSF1R as a macrophage-associated immunometabolic signaling hub linking iron dysregulation to OA. These findings provide a mechanistic basis for targeting CSF1R-mediated monocyte–macrophage communication and offer a computational strategy for prioritizing therapeutic targets in degenerative joint disease. © 2026 The Author(s). Journal of Cell Communication and Signaling published by John Wiley & Sons Ltd.","iron metabolism disorder; macrophage; Mendelian randomization; osteoarthritis; single-cell RNA sequencing","1 [4 (4 aminofuro[2,3 d]pyrimidin 5 yl)phenyl] 3 [2 fluoro 5 (trifluoromethyl)phenyl]urea; antiinflammatory agent; CD14 antigen; CD16 antigen; colony stimulating factor 1; colony stimulating factor 1 receptor; colony stimulating factor receptor; integrin; iron; major histocompatibility antigen class 2; n [4 [7 amino 3 (1 methyl 1h pyrazol 4 yl)pyrazolo[1,5 a]pyrimidin 6 yl]phenyl] n' [3 (trifluoromethyl)phenyl]; transcriptome; unclassified drug; urea; antigen presentation; Article; cartilage; case control study; causality; cohort analysis; conceptual framework; controlled study; CSF1R gene; diagnostic test accuracy study; differential gene expression; disease association; disease exacerbation; disease predisposition; drug targeting; experimental study; expression quantitative trait locus; extracellular matrix; gene; gene location; gene overexpression; genetics; human; immunocompetent cell; immunometabolism; iron metabolism; machine learning; macrophage; major clinical study; mediation analysis; Mendelian randomization analysis; metabolite; microenvironment; molecular docking; molecular dynamics; monocyte; osteoarthritis; pathogenesis; phagosome; protein depletion; protein expression; receiver operating characteristic; risk; sensitivity and specificity; signal transduction; single cell analysis; single cell RNA seq; structure analysis; transcriptomics; validation study","Article","Final","All Open Access; Green Open Access; Hybrid Gold Open Access","Scopus","2-s2.0-105048660670"
"Guo J.; Hou W.; Wang X.; Wu S.; Nong K.-S.; Jiang W.","Guo, Jiaju (60138154000); Hou, Wenjuan (56875115500); Wang, Xiaoyue (57189849444); Wu, Shaohong (56063950500); Nong, Kai-sen (58778999400); Jiang, Wenhui (60115865900)","60138154000; 56875115500; 57189849444; 56063950500; 58778999400; 60115865900","Effective governance reduces wildfire frequency in China under climate change","2026","Geography and Sustainability","7","5","100492","","","0","10.1016/j.geosus.2026.100492","https://www.scopus.com/pages/publications/105044340841?origin=resultslist","Wildfire risk is widely understood as a climate-driven phenomenon, yet how human interventions modulate wildfire dynamics remains poorly quantified. Here, we integrate 196,980 wildfire samples with key governance metrics (e.g., fire-prevention investment and forest ranger staffing) to simulate wildfire risk using machine learning, followed by causal inference to quantify human-driven impacts across spatial and temporal dimensions. Results show that from 2003 to 2023, national non-agricultural wildfire occurrences declined significantly by 72.23 %, while simulated susceptibility remained broadly stable (+0.012 % per year in the north; −0.13 % per year in the south). This divergence signifies a decoupling of wildfire frequency from underlying susceptibility, a trend driven by governance intensity. Causal forest analysis identifies a robust mitigation effect of fire-prevention investment (Average Treatment Effect, ATE = −3.8 %), an impact that is markedly pronounced in high-susceptibility regions. Spatially, using Propensity Score Matching to control for environmental covariates, wildfire density within 60 km of the national border is 5.8 times higher on the foreign side than on the domestic side, underscoring the important role of domestic governance in mitigating transboundary risks. Moreover, 9.79 % of wildfires are associated with traditional customs, particularly in southern provinces, reflecting the persistent influence of social practices. Our findings demonstrate that while climate change continues to shape environmental susceptibility, proactive governance is associated with a decoupling of actual fire activity from climatic forcing, offering valuable lessons for wildfire resilience in a warming climate. © 2026 The Authors. Published by Elsevier B.V. and Beijing Normal University Press (Group) Co., LTD. on behalf of Beijing Normal University. This is an open access article under the CC BY license. http://creativecommons.org/licenses/by/4.0/","Cross-border wildfire; Machine learning models; Potential drivers; Risk management; Seasonal variability; Wildfire risk","China; anthropogenic effect; climate change; climate forcing; fire management; machine learning; seasonal variation; warming; wildfire","Article","Final","All Open Access; Gold Open Access","Scopus","2-s2.0-105044340841"
"Cantalupo M.; Silverio F.","Cantalupo, Mario (59554152400); Silverio, Francesco (57189385419)","59554152400; 57189385419","Quantifying within-category spillovers in retail promotions — Causal evidence from double machine learning","2026","Information Processing and Management","63","6","104753","","","0","10.1016/j.ipm.2026.104753","https://www.scopus.com/pages/publications/105034583621?origin=resultslist","Promotional activities play a key role in retail marketing, yet their influence often extends beyond the promoted items. Quantifying these indirect effects within a product category is essential for effective pricing, shelf allocation, and inventory management, but remains challenging due to the complex interdependence of consumer responses. This study proposes a two-stage methodology for the causal estimation of within-category spillover effects generated by price promotions in retail environments. The first stage develops an advanced data processing framework to uncover many-to-one relationships between promoted and non-promoted products and to construct a feature-rich representation of observational retail data. This enables the second stage to causally estimate spillover effects through a DML approach, complemented by empirical diagnostic checks. The methodology is examined under three alternative DML specifications and evaluated using 42 months of daily data from the Carbonated Soft Drinks category of a large Italian grocery retailer. Results indicate that fully linear models fail to capture the complexity of promotional interactions, whereas flexible nonparametric approaches yield statistically significant effects generating average sales variations ranging from (Formula presented) to (Formula presented). The findings reveal predominantly negative spillovers, reflecting cannibalization and inter-brand competition in line with established marketing research, alongside limited evidence of complementarity under context-dependent conditions, as highlighted through model explainability analysis. Placebo permutation tests provide additional support against spurious findings in the observational setting. Overall, the study combines causal inference with explainable analytics, offering actionable insights for promotion management and category planning. © 2026 Elsevier Ltd. All rights are reserved, including those for text and data mining, AI training, and similar technologies.","Cannibalization and competition; Causal inference; Double machine learning; Price promotions; Promotion management; Retail marketing","Commerce; Competition; Costs; Data handling; Data mining; Inventory control; Learning systems; Machine learning; Cannibalization and competition; Causal inferences; Double machine learning; Indirect effects; Machine-learning; Price promotions; Promotion management; Promotional activities; Retail marketing; Spillover effects; Sales","Article","Final","","Scopus","2-s2.0-105034583621"
"Gemechu G.F.; Wei W.","Gemechu, Gadisa Fayera (57393321200); Wei, Wei (56729607300)","57393321200; 56729607300","Do soil conservation practices enhance landscape resilience? Causal evidence from terracing in China's Yellow River Basin","2026","Journal of Environmental Management","414","","130472","","","0","10.1016/j.jenvman.2026.130472","https://www.scopus.com/pages/publications/105043966496?origin=resultslist","Terracing is a cornerstone of soil conservation, yet quantifying its large-scale effectiveness on landscape resilience remains challenging due to confounding environmental gradients. This study investigates whether, and to what extent, terracing enhances landscape ecological resilience across China's Yellow River Basin. We introduce an explainable causal machine learning (XCML) framework integrating causal inference with explainable AI (XAI), enabling a shift from predictive correlations toward spatially explicit attribution of management effects. First, we developed a Landscape Ecological Resilience Index (LEREI-X) to quantify long-term dynamics in resistance, recovery, and adaptability using 35 years (1990–2025) of complete annual Earth observation records. Terrace-induced erosion reduction was represented as a continuous treatment using a terrace-aware RUSLE approach. To disentangle management impacts from climatic, topographic, and ecological confounders, double machine learning (DML) and causal forest DML were employed to estimate average and heterogeneous treatment effects. Results show that basin-wide resilience increased by ∼20% between 1990 and 2025, with positive terrace-induced resilience effects observed across 80.12% of the study area. A reduction of 10 t ha−1·yr−1 in soil erosion led to measurable resilience gains, peaking at 0.67 percentage points in 2010. However, terrace effectiveness exhibited nonlinear environmental dependence, with the greatest benefits concentrated in semi-arid regions with complex terrain, revealing a clear biophysical “sweet spot” for engineering-based restoration. Overall, these findings provide robust, spatially explicit evidence to support targeted and climate-adaptive land management. The XCML framework is scalable across river basins and transferable to other nature-based interventions, offering a robust foundation for precision restoration planning and ecosystem service evaluation. © 2026 Elsevier Ltd","China'S Yellow River Basin; Double machine learning; Explainable AI; Landscape ecological resilience; Soil conservation; Terracing","China; Conservation of Natural Resources; Ecosystem; Machine Learning; Rivers; Soil; Soil Erosion; China; Yellow River Basin; Earth (planet); Ecosystems; Erosion; Land use; Learning systems; Machine learning; Restoration; Rivers; Soils; Watersheds; China'S yellow river basin; Conservation practices; Double machine learning; Explainable AI; Landscape ecological resilience; Large-scales; Machine-learning; Spatially explicit; Terracing; Yellow River basin; ecosystem resilience; ecosystem service; machine learning; Revised Universal Soil Loss Equation; soil conservation; soil erosion; terracing; Article; China; climate; confounding variable; controlled study; correlation analysis; double machine learning; ecosystem resilience; ecosystem restoration; ecosystem service; environmental change; environmental management; environmental parameters; explainable artificial intelligence; explainable causal machine learning; explainable machine learning; forest; geographic and geological phenomena; land use; landscape; Landscape Ecological Resilience Index; landscape ecology; machine learning; prediction; quantitative analysis; river basin; semiarid climate; sensitivity analysis; Shapley additive explanation; soil; soil and soil related phenomena; soil conservation; soil erosion; terracing; topography; Yellow River Basin; China; ecosystem; environmental protection; procedures; river; soil; soil erosion; Soil conservation","Article","Final","","Scopus","2-s2.0-105043966496"
"Li H.; Yue K.; Huang Y.; Du Y.","Li, Haoran (60101228300); Yue, Kexin (60883266000); Huang, Yumeng (60604148900); Du, Yixuan (58221832000)","60101228300; 60883266000; 60604148900; 58221832000","Causal evaluation of intangible cultural heritage effects on tourism development with double machine learning","2026","npj Heritage Science","14","1","481","","","0","10.1038/s40494-026-02700-7","https://www.scopus.com/pages/publications/105050507153?origin=resultslist","This study utilizes panel data from 30 provinces and municipalities in China to construct a data system for intangible cultural heritage. The research employs dual machine learning models and random forest models to visually present the influencing variables of China’s intangible cultural heritage tourism. Thereafter, mediating variables were introduced to analyze the nonlinear predictive feature importance on intangible cultural heritage tourism, visualized through forest plots and dependence plots. The results show that (1) most of the 13 factors that affect intangible cultural heritage have a positive relationship with it. However, growth slows or plateaus after reaching a certain development threshold. (2) The cultural stations exert the strongest positive effect on intangible cultural heritage tourism. (3) Infrastructure and the service sector—including star-rated hotels, industry personnel, and travel agencies—have a positive, albeit lagging, impact on its development. © The Author(s) 2026.","","","Article","Final","All Open Access; Hybrid Gold Open Access","Scopus","2-s2.0-105050507153"
"Mehta R.S.; Aljawai Y.M.; Fingrut W.; Smallbone P.; Rondon G.; Olson A.; Oran B.; Kebriaei P.; Champlin R.E.; Shpall E.J.","Mehta, Rohtesh S. (24824942100); Aljawai, Yosra M. (56241077400); Fingrut, Warren (57191888831); Smallbone, Portia (57209913799); Rondon, Gabriela (6603584946); Olson, Amanda (56109020700); Oran, Betul (6603685995); Kebriaei, Partow (13204776900); Champlin, Richard E. (57202963538); Shpall, Elizabeth J. (7006568272)","24824942100; 56241077400; 57191888831; 57209913799; 6603584946; 56109020700; 6603685995; 13204776900; 57202963538; 7006568272","Uncoupling toxicity from efficacy in donor selection for allogeneic hematopoietic cell transplantation: a retrospective cohort study using double machine learning","2026","Journal of Hematology and Oncology","19","1","26","","","0","10.1186/s13045-026-01800-y","https://www.scopus.com/pages/publications/105036103418?origin=resultslist","Haploidentical hematopoietic cell transplantation (HCT) offers potent graft-versus-tumor effects but is historically limited by higher non-relapse mortality (NRM) compared to matched unrelated (MUD) or related donors (MRD). To algorithmically decouple the competing risks of NRM and relapse, we analyzed 1,713 adult patients (MD Anderson discovery cohort) and 6,829 patients (registry replication cohorts) using a double machine-learning framework of Causal Survival Forests to estimate individualized treatment effects, while Random Survival Forests defined absolute prognostic risk. We found biological uncoupling of relapse and NRM: relapse was driven by disease biology, while NRM was governed by physiological reserve. Specifically, cardiovascular or cerebrovascular comorbidities acted as selective amplifiers of haploidentical toxicity—a ""vascular penalty"" that doubled mortality risk in the bootstrapped model (sub-distribution hazard ratio 2.09, 95% confidence interval 1.26–3.35). We developed a 3-factor nomogram (recipient age, vascular comorbidity, B-leader matching status) to identify an ""Optimized Haploidentical"" phenotype. Exploratory multivariable modeling suggested MUD consistently maximized predicted disease-free survival across all subgroups. Among haploidentical versus MRD comparisons, B-leader mismatch appeared to favor MRD across ages, while B-leader matched haploidentical donors in older patients (≥ 60 years) modeled near-equivalent DFS to MRD, representing a hypothesis-generating ""zone of equivalence"" requiring prospective validation. © The Author(s) 2026.","Disease-free survival; Haploidentical; HCT; Hematopoietic cell transplantation; Matched related donor; Matched unrelated donor; Non-relapse mortality; NRM; Post-transplantation cyclophosphamide; PTCy; Relapse","Adolescent; Adult; Aged; Donor Selection; Female; Hematopoietic Stem Cell Transplantation; Humans; Machine Learning; Male; Middle Aged; Retrospective Studies; Transplantation, Homologous; Young Adult; adolescent; adult; adverse event; aged; allotransplantation; donor selection; female; hematopoietic stem cell transplantation; human; machine learning; male; middle aged; procedures; retrospective study; young adult","Letter","Final","All Open Access; Gold Open Access; Green Open Access","Scopus","2-s2.0-105036103418"
"Lee C.-C.; Zou J.","Lee, Chien-Chiang (8601620600); Zou, Jinyang (59249137400)","8601620600; 59249137400","Climate sensitivity of the Energy Security Index in China's prefecture-level cities: Identification and validation of nonlinear impacts from temperature and rainfall","2026","Energy Economics","161","","109494","","","0","10.1016/j.eneco.2026.109494","https://www.scopus.com/pages/publications/105043835006?origin=resultslist","Driven by China's “Dual Carbon” goals and rapid urbanization, climatic factors have become critical uncertainties for energy system stability. Using panel data from 282 Chinese cities (2005–2022) and a Double Machine Learning (DML) model, this paper analyzes the nonlinear impacts of temperature and rainfall on energy security (ES). We further employ impulse response analyses to examine dynamic climatic shocks and use the DML model to investigate the influence of extreme weather. Results show that low temperature and minimal rainfall significantly suppress ES, while moderate conditions exert boosting effects. Since 2015, the expansion of clean energy has intensified the negative shocks of low temperature. Heterogeneity analyses reveal that inland and less-developed cities' ES are more vulnerable; however, rich clean energy endowments and robust natural gas infrastructure mitigate these risks. Impulse response functions indicate that temperature shocks are more persistent than rainfall shocks. Additionally, extreme climate imposes significant inhibitory effects on ES. These findings provide a systematic framework for understanding climate-driven energy risks and offer evidence for building climate-resilient energy governance systems. © 2026 Elsevier B.V. All rights are reserved, including those for text and data mining, AI training, and similar technologies.","Average temperature; C55; Double machine learning; Energy security; Extreme climate; Q43; Q54; Rainfall","China; Climate models; Data mining; Energy policy; Energy security; Extreme weather; Impulse response; Learning systems; Machine learning; Nonlinear analysis; Risk analysis; Risk assessment; System stability; Average temperature; C55; Double machine learning; Energy; Extreme climates; Machine learning models; Machine-learning; Non-linear impact; Q43; Q54; air temperature; energy resource; extreme event; machine learning; rainfall; regional climate; Rain","Article","Final","","Scopus","2-s2.0-105043835006"
"Ma J.; Zou F.","Ma, Jiacai (60104412000); Zou, Fuzhu (60104147200)","60104412000; 60104147200","Causal effect analysis of serving performance using double machine learning","2026","BMC Sports Science, Medicine and Rehabilitation","18","1","3","","","0","10.1186/s13102-025-01447-1","https://www.scopus.com/pages/publications/105026390272?origin=resultslist","Serving performance is widely recognized as a critical factor influencing match outcomes in professional tennis. To evaluate its contribution to winning probability, this study analyzes ATP men’s singles matches (2013–2024) and estimates the causal effects of four serve-related indicators: ace rate, first serve win rate, first serve in rate, and double fault rate.Results indicate that the ace rate shows a modest positive causal association rather than a uniformly negative one, while first serve win rate and first serve in rate exhibit context-dependent but statistically small impacts, and the double fault rate effects remain limited.These effects, although moderate in magnitude, remain statistically robust across multiple model specifications.The findings highlight the importance of adapting serve strategies across surfaces, ranking groups, and tournament levels.This study focuses exclusively on ATP men’s singles data, and future research should validate these causal relationships in WTA and mixed competitions to enhance generalizability. © The Author(s) 2025.","Causal inference; Double machine learning; Match win probability; Serving performance; Tennis analytics","adenosine triphosphate; placebo; Article; ball sports athlete; causality; data interpretation; data visualization; futurology; human; human experiment; internal consistency; machine learning; normal human; performance indicator; probability; sensitivity analysis; statistically significant result; surface property; tennis; tennis player","Article","Final","All Open Access; Gold Open Access; Green Open Access","Scopus","2-s2.0-105026390272"
"Zhang K.; Xiao W.; Ning S.; Wu J.; Zhou Y.; Xu X.; Chen L.; Cui Y.; Jin J.","Zhang, Kaixuan (58043459400); Xiao, Weifo (59524970000); Ning, Shaowei (36562256300); Wu, Jialu (60799157100); Zhou, Yuliang (35147406500); Xu, Xiaoyan (57210361610); Chen, Le (59116914900); Cui, Yi (56697717500); Jin, Juliang (55821195600)","58043459400; 59524970000; 36562256300; 60799157100; 35147406500; 57210361610; 59116914900; 56697717500; 55821195600","Stage-specific causal effects of flash drought on summer maize phenology and its spatiotemporally heterogeneous responses in the Huang-Huai-Hai Plain, China","2026","European Journal of Agronomy","181","","128304","","","0","10.1016/j.eja.2026.128304","https://www.scopus.com/pages/publications/105047902516?origin=resultslist","Flash drought (FD) has become a major risk to summer maize production and agricultural water management in the Huang–Huai–Hai (HHH) Plain. However, previous studies have mainly focused on end-of-season yield losses or changes in event frequency, with limited causal evidence on how FDs disrupt crop growth processes within the growing season, particularly across phenological stages. In this study, we examined the length of growing season (LOS), vegetative growth stage (VGS), and reproductive growth stage (RGS) to identify the average treatment effects of FD occurrence, the average marginal effects of increasing FD intensity, and their spatiotemporally heterogeneous responses. Using multi-source data from 2001 to 2020, we combined Double Machine Learning and causal forests to estimate occurrence and intensity effects, and used Gross Primary Productivity (GPP)-based time-frequency analysis for process-level corroboration. FD occurrence showed significant average treatment effects on all three phenological indicators. Under the continuous treatment pathway, significant average marginal effects were detected for VGS and RGS, whereas the effect on LOS was not significant. Irrigation water use, temperature, and precipitation were identified as key regulators of effect heterogeneity. Moreover, FD impacts were not temporally stationary, but were continuously restructured during 2001–2020. Time-frequency coupling analysis of GPP further indicated that FD risk reflects the combined effects of crop growth dynamics, hydrothermal conditions, and irrigation management. These findings shift the assessment of FD impacts from end-of-season losses to in-season growth-process perturbations, and provide quantitative support for sub-seasonal agricultural drought early warning and stage-specific irrigation scheduling. © 2026 Elsevier B.V. All rights are reserved, including those for text and data mining, AI training, and similar technologies.","Causal forests; Flash drought; Huang–Huai–Hai Plain; Phenological responses; Summer maize","China; North China Plain; drought; growing season; irrigation system; maize; phenology; spatiotemporal analysis; summer; water management","Article","Final","","Scopus","2-s2.0-105047902516"
"Zuo X.; Li H.; Li Q.; Wang C.","Zuo, Xingyi (60334658600); Li, Houjian (57196035227); Li, Qiyu (60807924700); Wang, Cheng (60334228400)","60334658600; 57196035227; 60807924700; 60334228400","As You Sow, So Shall You Reap: Agricultural Outsourcing and Land Productivity in China","2026","Land","15","8","1515","","","0","10.3390/land15081515","https://www.scopus.com/pages/publications/105048416154?origin=resultslist","Agricultural socialized service has expanded rapidly within China’s smallholder farming system, yet evidence on their relationship with land productivity remains limited. Using three waves of data from the China Land Economic Survey between 2020 and 2022, this study examines the association between agricultural production outsourcing and land productivity. The results show that outsourcing participation is associated with 4% to 5% higher land productivity, with the positive association remaining broadly robust across alternative estimators and identification strategies. Heterogeneity analysis indicates that this association is stronger on land with better soil fertility, among older-generation farmers, and among small-scale farmers. Further analysis suggests that outsourcing participation is associated with higher fertilizer application intensity, greater mechanization, and lower household agricultural labor input, providing evidence on potential channels linking outsourcing to land productivity. These findings highlight the potential role of specialized agricultural services in relaxing production constraints faced by smallholders, while also suggesting that their productivity implications depend on household and land characteristics. © 2026 by the authors.","agricultural outsourcing; double machine learning; land productivity; smallholders; treatment effects","","Article","Final","All Open Access; Gold Open Access","Scopus","2-s2.0-105048416154"
"Yılmaz O.; Alkan M.; Teke A.","Yılmaz, Okan (58252723600); Alkan, Mehmet (35321805300); Teke, Alihan (57224186852)","58252723600; 35321805300; 57224186852","A causal GeoAI framework for capturing the unearned increment to self-finance public infrastructure","2026","Sustainable Cities and Society","148","","107595","","","0","10.1016/j.scs.2026.107595","https://www.scopus.com/pages/publications/105042031198?origin=resultslist","The foundation of a sustainable urban economy relies on a circular value mechanism where the spatial wealth generated by the city is recaptured to finance its own infrastructure. Because complex urban market dynamics make it difficult to isolate the causal impact of public investments, massive uncaptured rent fuels private speculation and undermines local government financing. A fundamental sequencing paradox compounds this: the value increment cannot be quantified before the investment, yet fiscal instruments require prior calibration. To address this chronic measurement problem, this study develops the LVC Oriented Investment Location Simulation (LOIS) model. This spatial decision framework estimates parcel level heterogeneous treatment effects (CATE) of public facility accessibility on land values using Double Machine Learning (DML) and Causal Forest algorithms, translating these into strategic site selection recommendations via AHP and TOPSIS multicriteria optimisation. Tested across 3562 parcels in Istanbul, LightGBM substantially outperformed traditional hedonic baselines in land value estimation (R²=0.671). A placebo test confirmed statistically significant CATE heterogeneity for green spaces, healthcare, and education. Facility specific spatial decay analysis revealed that park effects attenuate sharply within 800 metres (α=0.411), while educational facilities exhibit near zero distance sensitivity due to market saturation. Scenario perturbations confirmed optimal site selections are robust to institutional variation. Consequently, results demonstrate that unidimensional revenue maximisation exacerbates spatial inequality, whereas the LOIS framework enables municipalities to convert public investment planning into a self-financing instrument that simultaneously captures unearned rent and advances spatial justice. © 2026 Elsevier Ltd","Causal machine learning; Land value capture; Spatial policy simulation; Sustainable urban finance; Unearned urban rent","Istanbul [Turkey]; Turkey; Commerce; Facilities; Investments; Learning systems; Multiobjective optimization; Urban growth; Causal machine learning; Land value capture; Machine-learning; Policy simulation; Public investments; Spatial policies; Spatial policy simulation; Sustainable urban finance; Unearned urban rent; Value captures; artificial intelligence; investment; machine learning; urban economy; Site selection","Article","Final","","Scopus","2-s2.0-105042031198"
"Fu Z.; Gong Z.; Shen Z.; Yao S.; Ding X.; Chen Y.","Fu, Zhizhong (24740924200); Gong, Zheng (57194324632); Shen, Zhan (57892377400); Yao, Shuaiting (57907162400); Ding, Xiaorong (56145146600); Chen, Yifan (24472460700)","24740924200; 57194324632; 57892377400; 57907162400; 56145146600; 24472460700","Slide-DML: sliding-window-based estimation of heterogeneous treatment effects","2026","Physiological Measurement","47","8","085025","","","0","10.1088/1361-6579/ae9713","https://www.scopus.com/pages/publications/105047872110?origin=resultslist","Objective. Heterogeneous treatment effect (HTE) estimation is essential for understanding individual differences in physiological responses and supporting personalized healthcare. However, existing non-parametric HTE estimation methods often rely on complex partition strategies and may have limited interpretability when applied to physiological measurements with continuous variations and non-uniform data distributions. This study aims to develop an adaptive and interpretable framework for HTE estimation in physiological measurement systems. Approach. We propose a sliding-window-based double machine learning framework (Slide-DML) for non-parametric HTE estimation. Slide-DML adaptively constructs quasi-homogeneous local windows based on treatment effect variation and estimates local linear HTE within each selected window. The local estimates are subsequently aggregated using adaptive weighting to obtain a smooth global HTE function while preserving interpretability. Main results. The performance of Slide-DML was evaluated using synthetic data, semi-synthetic clinical data, and real physiological measurements. In synthetic experiments, Slide-DML achieved a mean squared error (MSE) of 0.006, outperforming existing machine learning-based HTE estimation methods. In semi-synthetic experiments, Slide-DML achieved a root MSE of 3.526, demonstrating superior performance compared with both machine learning-based and deep learning-based approaches. Experiments on real photoplethysmogram and electrocardiogram data further showed that the estimated treatment effect curves were consistent with established cardiovascular knowledge and provided improved interpretability. Significance. Slide-DML provides an effective and interpretable approach for estimating HTE in physiological measurement systems. By capturing continuous variations in physiological states, the proposed framework may facilitate individualized analysis of cardiovascular responses and support personalized healthcare applications, such as cuffless blood pressure monitoring using wearable physiological devices. © 2026 Institute of Physics and Engineering in Medicine. All rights, including for text and data mining, AI training, and similar technologies, are reserved. This article is available under the terms of the IOP-Standard License.","heterogeneous treatment effect; machine learning; physiological measurements system; quasi homogeneous treatment effect; sliding window","Humans; Machine Learning; Treatment Effect Heterogeneity; Blood pressure; Data mining; Deep learning; Health care; Learning algorithms; Physiological models; Wearable technology; Heterogeneous treatment effect; Machine-learning; Measurement system; Physiological measurement; Physiological measurement system; Quasi homogeneous treatment effect; Sliding Window; Sliding window-based; Treatment effects; human; machine learning; treatment effect heterogeneity; Learning systems","Article","Final","All Open Access; Hybrid Gold Open Access","Scopus","2-s2.0-105047872110"
"Osborne A.; Usani K.","Osborne, Augustus (57740557000); Usani, Kobloobase (60164690100)","57740557000; 60164690100","A fairness-aware machine learning framework for maternal health in Ghana: integrating explainability, bias mitigation, and causal inference for ethical AI deployment","2026","BioData Mining","19","1","3","","","5","10.1186/s13040-025-00505-1","https://www.scopus.com/pages/publications/105027257130?origin=resultslist","Background: Antenatal care (ANC) uptake in Ghana remains inequitable, with socioeconomic and geographic disparities limiting progress toward universal maternal health coverage (SDG 3). We present a novel, fairness-aware machine learning framework for predicting antenatal care uptake among women in Ghana, integrating explainability, bias mitigation, and causal inference to support ethical artificial intelligence (AI) deployment in low- and middle-income countries. Methods: Using the 2022 Ghana Demographic and Health Survey (n = 3,314 eligible women with a recent live birth), we applied multiple imputation by chained equations (m = 10), appropriate categorical encoding, and synthetic minority oversampling (SMOTE) within training folds. Four supervised models (logistic regression, random forest, XGBoost, support vector machine) underwent stratified 5‑fold nested cross‑validation with cost‑sensitive threshold optimization (selected probability threshold = 0.45). Explainability (SHAP), fairness auditing (AIF360; metrics: statistical parity difference, disparate impact, equal opportunity difference, average odds difference, theil index), preprocessing mitigation (reweighing), counterfactual explanations (DiCE), and cautious treatment effect estimation (causal forests within a double machine learning framework) were integrated. Performance metrics included accuracy, precision, recall, F1, ROC‑AUC, minority class PR‑AUC, balanced accuracy, calibration (Brier score), and decision curve net benefit. Results: The optimized random forest model achieved the highest accuracy (0.68) and recall (0.84) in identifying women with inadequate ANC contacts. Calibration was strong, with a brier score of 0.158, a calibration slope of 0.97, and an intercept of − 0.02. Fairness auditing revealed baseline disparities in model predictions across wealth, region, ethnicity, and religion, with a statistical parity difference for wealth status of 0.182 and a Disparate Impact of 1.62. Following reweighting, disparate impact improved into the fairness range (0.92; within the recommended 0.8–1.25 interval), and statistical parity difference reduced to − 0.028. Counterfactual analysis indicated that education, wealth, media exposure, and health worker contacts were the most modifiable factors for improving ANC uptake. Exploratory causal inference using double machine learning suggested that improving wealth status and education could be associated with a 16% (Average Treatment Effect [ATE] = 0.163) and 14% (ATE = 0.142) increase, respectively, in the probability of adequate ANC, with greater effects observed among urban and educated subgroups. Adjusted odds ratio (AOR) analysis showed that women in the richest quintile were nearly twice as likely to receive adequate ANC (AOR = 1.91, 95% CI: 1.44–2.53; p < 0.001), while those in the poorest quintile had significantly lower odds (AOR = 0.58, 95% CI: 0.45–0.75; p < 0.001). Additional significant predictors included health insurance coverage (AOR = 1.74, 95% CI: 1.19–2.55), health worker contacts (AOR = 1.33, 95% CI: 1.11–1.58), and pregnancy intention (AOR = 1.54, 95% CI: 1.30–1.82). Conclusion: This integrated, fairness-aware machine learning framework suggest robust, equitable, and actionable prediction of ANC uptake among Ghanaian women. Key modifiable determinants include wealth, education, and healthcare access barriers. The framework offers a replicable, ethical blueprint for transparent and fair AI deployment in maternal health, supporting targeted interventions to advance universal access to quality care in Ghana. Policymakers and health managers can leverage these AI tools to identify high-risk women, monitor intervention impacts, and allocate resources more equitably, advancing progress toward universal access to quality maternal care in Ghana. © The Author(s) 2025.","Antenatal care; Causal forests; Counterfactuals; Explainable AI; Fairness; Ghana; Health equity; Machine learning; Maternal health","adolescent; adult; Article; artificial intelligence; bias mitigation; controlled study; cross-sectional study; demographics; educational status; ethnicity; female; Ghana; Ghanaian; health care access; health care personnel; health care policy; health care quality; health care utilization; health disparity; health insurance; health survey; high risk population; human; live birth; machine learning; mass media exposure; maternal care; maternal welfare; measurement accuracy; middle aged; minority group; population research; prediction; process optimization; random forest; resource allocation; sample size; Shapley additive explanation; support vector machine; urban area; validation study; wealth inequality","Article","Final","All Open Access; Gold Open Access; Green Open Access","Scopus","2-s2.0-105027257130"
"Liu Y.; Zheng Z.; Chen Y.; Wei G.; Li T.","Liu, Yaobin (57192230900); Zheng, Zenghui (60042969200); Chen, Yuewei (60566222300); Wei, Guoen (57204946597); Li, Tongning (57984022900)","57192230900; 60042969200; 60566222300; 57204946597; 57984022900","The role of governmental climate governance discourse in building climate-resilient cities","2027","Environmental Impact Assessment Review","122","","108665","","","0","10.1016/j.eiar.2026.108665","https://www.scopus.com/pages/publications/105046603582?origin=resultslist","As global climate risks continue to escalate, enhancing urban climate resilience (UCR) has become a primary objective of national climate adaptation strategies worldwide. Government climate attention (GCA), a key indicator of cognitive investment and decision-making priorities regarding climate issues, plays a crucial role in this process. However, the mechanisms through which GCA influences UCR remain insufficiently explored. To address this limitation, we adopt a methodology based on AI-RAG to quantify GCA and assess its impact on UCR across 280 Chinese cities from 2012 to 2022. The results show that GCA exhibits fluctuations driven by specific events, whereas UCR shows a steady upward trend, suggesting a potential spatiotemporal misalignment between the two. Further analysis using the double machine learning (DML) confirms that GCA significantly drives the improvement of UCR in a nonlinear manner. This effect is more pronounced in climate pilot cities and those with higher levels of development. Moreover, GCA enhances UCR by translating attention into highly frequent policy actions. Nevertheless, the surge in the volume of policies coupled with poor implementation effectiveness hints at the possibility of “Policy idling” or ineffective execution. Concurrently, elevated GCA can also accelerate the development of climate-resilient cities by mitigating environmental degradation and strengthening the interaction between the government and the public. By constructing an analytical framework that links policy attention to tangible improvements in resilience, this study underscores the critical role of governance and offers practical guidance for cities to address climate risks and establish a sustainable development paradigm. © 2026 Elsevier Inc.","Collaborative governance effect; Double machine learning; Government climate attention; Urban climate resilience","Artificial intelligence; Investments; Public policy; Sustainable development; Collaborative governance effect; Collaborative governances; Double machine learning; Global climates; Government climate attention; In-buildings; Machine-learning; Primary objective; Urban climate resilience; Urban climates; analytical framework; climate change; environmental degradation; global climate; government; machine learning; sustainable development; urban climate; Decision making","Article","Final","","Scopus","2-s2.0-105046603582"
"Cao L.; Xu Y.; Chen Y.; Huang H.; Xu W.; Pu J.","Cao, Linlin (59008915900); Xu, Yudian (58492516000); Chen, Yifan (57845404600); Huang, Honghao (59615175600); Xu, Wei (57748165600); Pu, Jun (7102908974)","59008915900; 58492516000; 57845404600; 59615175600; 57748165600; 7102908974","From prediction to intervention: Paradigm shifts in causal AI for precision medicine and large-scale cohorts","2026","VIEW","7","4","20250223","","","1","10.1002/VIW.20250223","https://www.scopus.com/pages/publications/105035809783?origin=resultslist","In precision medicine, the rapid expansion of large-scale databases and routinely collected clinical data has enabled the development of increasingly accurate predictive models utilizing artificial intelligence. However, predictive accuracy does not guarantee the provision of actionable guidance for clinical interventions. In this review, we examine causal AI, a sophisticated tool that integrates causal inference principles with contemporary machine learning methodologies. This integration signifies a paradigm shift from association-centric modeling toward decision-relevant, intervention-oriented evidence. We commence with an exposition of the methodology for constructing causal models from cohort data, accompanied by a thorough elucidation of the technical concepts underpinning this process. Furthermore, how to leverage causal models to mine the causal relationships is provided, as well as real examples of translational applications of causal AI results in clinical practice. Finally, we outline existing challenges and possible future research directions and applications of causal AI. © 2026 The Author(s). VIEW published by Shanghai Fuji Technology Consulting Co., Ltd, authorized by China Professional Community of Experimental Medicine, National Association Health Industry Enterprise Management (CPCEM) and John Wiley & Sons Australia, Ltd.","causal artificial intelligence (causal AI); causal inference; intervention-oriented decision making; large-scale longitudinal cohorts; precision medicine; target trial emulation","Artificial intelligence; Learning systems; Medicine; Causal artificial intelligence; Causal inferences; Causal modeling; Decisions makings; Intervention-oriented decision making; Large-scale longitudinal cohort; Large-scales; Paradigm shifts; Professional community; Target trial emulation; artificial intelligence; causal model; clinical practice; cohort analysis; complication; decision making; diagnosis; human; machine learning; major clinical study; personalized medicine; prediction; predictive model; review; Decision making","Review","Final","All Open Access; Gold Open Access","Scopus","2-s2.0-105035809783"
"Willett J.D.S.; Kim J.; Sakharkar A.; Park J.; Agyemang A.A.; Saygili E.A.; Proszynski J.; Nelson T.M.; Mason C.E.","Willett, Julian Daniel Sunday (57846762200); Kim, JangKeun (58112839500); Sakharkar, Anurag (57557638300); Park, Jiwoon (57204087057); Agyemang, Akua A. (60031089600); Saygili, Eyup Alper (60439093000); Proszynski, Jacqueline (58314418500); Nelson, Theodore M. (58025427900); Mason, Christopher E. (7202125538)","57846762200; 58112839500; 57557638300; 57204087057; 60031089600; 60439093000; 58314418500; 58025427900; 7202125538","The Data Science of Health in Space","2026","Annual review of biomedical data science","9","1","","359","378","0","10.1146/annurev-biodatasci-092724-045605","https://www.scopus.com/pages/publications/105046889231?origin=resultslist","Spaceflight exposes humans to unique stressors that remodel biology. Space health is emerging as a data science discipline grounded in multiomic atlases, harmonized biobanks, and open, findable, accessible, interoperable, and reusable (FAIR)-aligned infrastructures. We review this ecosystem, including the National Aeronautics and Space Administration (NASA)'s GeneLab; the Open Science Data Repository, European Space Agency, and Japan Aerospace Exploration Agency (JAXA) platforms; the Space Omics and Medical Atlas; and mission-specific repositories, and how it is used to integrate heterogeneous omics with clinical, environmental, and digital phenotypes. We highlight machine learning and causal inference approaches to identify conserved signatures of risk and resilience and to align astronaut datasets with large terrestrial cohorts and disease models. Spaceflight functions as an accelerated model of aging and systems-level stress, enabling discovery of biomarkers and countermeasures with reciprocal benefits for Earth-based medicine. Finally, we outline future directions, including countermeasure-prioritization pipelines; astronaut digital twins and virtual organs; operational analytics and wearables for personalized risk management; and federated, privacy-preserving data ecosystems that extend predictive, individualized space health to the operational edge.","data integration; digital twins; machine learning; multiomics; open science; space health","Data Science; Humans; Machine Learning; Multiomics; Space Flight; United States; United States National Aeronautics and Space Administration; data science; government; human; machine learning; multiomics; space flight; United States","Review","Final","All Open Access; Hybrid Gold Open Access","Scopus","2-s2.0-105046889231"
"Yang S.; Zhou L.; Wang J.; Guo L.; Sun X.; Witlox F.","Yang, Shuo (58071737500); Zhou, Leyu (58072478800); Wang, Junren (57716611400); Guo, Liang (55521724600); Sun, Xiaoli (59236910400); Witlox, Frank (6602186586)","58071737500; 58072478800; 57716611400; 55521724600; 59236910400; 6602186586","Do electric vehicles reduce transit use? Environmental-behavioral insights from causal machine learning","2026","Transportation Research Part D: Transport and Environment","158","","105444","","","1","10.1016/j.trd.2026.105444","https://www.scopus.com/pages/publications/105041008555?origin=resultslist","Although electric vehicles (EVs) provide environmental benefits, their impacts on travel behavior, specifically transit choice, remain underexplored. Empirical evidence on how the built environment and EV ownership jointly influence transit choice is, to our knowledge, scarce. This study addresses gaps by applying double machine learning to a large-scale household travel survey from Wuhan, China, in 2020. The approach simultaneously addresses nonlinear effects and the endogeneity of vehicle ownership when examining relationships among the built environment, vehicle ownership, and transit choice. The results show that EV ownership reduces the probability of using transit more than conventional vehicles, about 26% versus 16%. For EV users, built environment attributes gain predictive importance, yet many exert weaker or opposite effects on transit choice, suggesting possible failure of conventional transit-supportive interventions. Using causal machine learning, these findings provide new evidence for revisiting the behavioral foundations of transit-oriented development in the context of transportation electrification. © 2026 Elsevier Ltd. All rights are reserved, including those for text and data mining, AI training, and similar technologies.","Built environment; Double machine learning; Electric vehicle ownership; Public transit choice; Transportation electrification; Wuhan (China)","China; Hubei; Wuhan; Electric utilities; Electric vehicles; Electrification; Learning systems; Machine learning; Mass transportation; Motor transportation; Traffic control; Urban transportation; Built environment; Double machine learning; Electric vehicle ownership; Machine-learning; Public transit; Public transit choice; Transit choice; Transportation electrifications; Vehicle ownership; Wuhan (china); electric vehicle; machine learning; public transport; transportation system; Data mining","Article","Final","","Scopus","2-s2.0-105041008555"
"Song F.; Liu C.; Wei B.; Zhang F.; Huang Y.","Song, Fangzhou (59758460500); Liu, Chengkun (55886811300); Wei, Binyu (59247333000); Zhang, Fujuan (58282229900); Huang, Yang (57222651864)","59758460500; 55886811300; 59247333000; 58282229900; 57222651864","Open doors in a fragmented world: Capital market liberalization and AI innovation","2026","Pacific Basin Finance Journal","100","","103315","","","1","10.1016/j.pacfin.2026.103315","https://www.scopus.com/pages/publications/105045555423?origin=resultslist","Corporate AI innovation imposes financing demands that conventional domestic equity markets are ill-equipped to meet. Yet this structural mismatch remains underexplored. This study investigates whether capital market liberalization can relax this structural disadvantage by exploiting China's Stock Connect program as a quasi-natural experiment using difference-in-differences and double machine learning methods. We find that financial openness significantly promotes corporate AI innovation through three complementary channels: alleviating equity financing constraints, expanding analyst coverage, and improving information transparency, each of which mitigates the severe information asymmetry inherent in AI projects. We further find that organizational knowledge search strengthens this positive effect. These findings reposition capital market quality from a background condition to an active institutional determinant of whether firms can sustain the distinctive financing demands of AI innovation investments. © 2026 Elsevier B.V. All rights are reserved, including those for text and data mining, AI training, and similar technologies.","AI innovation, capital market liberalization; Organizational knowledge search; Shanghai-Shenzhen-Hong Kong stock connect","","Article","Final","","Scopus","2-s2.0-105045555423"
"Li C.; Liu C.; Wang P.","Li, Cunpu (58741078200); Liu, Chenbo (60369353500); Wang, Pu (60866256300)","58741078200; 60369353500; 60866256300","Climate Policy Uncertainty and Transition Risk in High-Carbon Industries: Evidence from China","2026","Sustainability (Switzerland)","18","17","8630","","","0","10.3390/su18178630","https://www.scopus.com/pages/publications/105050225532?origin=resultslist","Managing the transition risks of carbon-intensive firms is essential for reconciling climate governance with the stable operation of the real economy; nevertheless, existing scholarship has yet to fully elucidate how climate policy uncertainty contributes to the formation of these risks. In this paper, we develop a firm-specific measure of climate policy uncertainty exposure by integrating China’s aggregate climate policy uncertainty index with climate-risk-related textual data retrieved from listed companies’ annual reports. Drawing on a panel dataset of A-share listed companies in nine carbon-intensive sectors over 2010–2023, we employ a partial-linear double/debiased machine-learning methodology to investigate how climate policy uncertainty exposure influences multidimensional firm transition risk. Our baseline estimations indicate that greater climate policy uncertainty exposure is associated with a statistically significant rise in transition risk among high-carbon firms, with the preferred model producing a coefficient estimate of 0.0243. These findings remain robust to an array of sensitivity checks and endogeneity-correction procedures. Mechanism analysis provides evidence consistent with four potential channels involving weaker intra-industry competition, lower corporate risk-taking, tighter financing constraints, and higher agency costs. Heterogeneity examinations reveal that the detrimental impact is particularly evident among larger enterprises, high-technology companies, and firms characterized by comparatively lower pollution levels. Further analysis based on conditional average treatment effects and best linear predictors reveals that media supervision and the presence of long-term institutional investors substantially reduce the extent to which climate policy uncertainty translates into firm transition risk. This study provides firm-level empirical evidence elucidating how climate policy uncertainty shapes multidimensional transition risk in the low-carbon transformation of high-carbon industries. © 2026 by the authors.","climate policy uncertainty exposure; double machine learning; financing constraints; high-carbon industries; transition risk","China; carbon; data set; environmental policy; financial system; industrial enterprise; machine learning; panel data; risk assessment","Article","Final","All Open Access; Gold Open Access","Scopus","2-s2.0-105050225532"
"Li H.; Zhang Y.; Yuan W.; Guo L.; Li C.; Yu M.","Li, Haitao (25958185900); Zhang, Yuyan (60539010700); Yuan, Wei (60578960700); Guo, Limin (60579712700); Li, Chenjing (59939589500); Yu, Minggao (14629766400)","25958185900; 60539010700; 60578960700; 60579712700; 59939589500; 14629766400","Dynamic evolution mechanism of mine accident risks: An interpretable machine learning framework for causal analysis","2026","Reliability Engineering and System Safety","275","","112739","","","2","10.1016/j.ress.2026.112739","https://www.scopus.com/pages/publications/105035682254?origin=resultslist","Traditional static risk assessments often fail to capture the nonlinear dynamic evolution mechanisms inherent in mine accidents. To address this gap, this study constructs an analytical framework that integrates interpretable machine learning with causal inference, utilizing a longitudinal dataset of 3.38 million Mine Safety and Health Administration (MSHA) records. The empirical results reveal three core mechanisms driving risk evolution. First, risk exhibits strong path dependence, identifying historical safety performance as the dominant predictor. Second, a statistically robust phase transition threshold is detected at approximately 48 annual violations; surpassing this critical limit triggers a qualitative shift from a responsive linear stage to a saturated state of management failure. Third, risk structure plays a decisive role, where high-entropy risk dispersion patterns are shown to be significantly more catastrophic than simple quantitative accumulation. Building on these findings, the ""Threshold-Structure"" dynamic risk evolution framework is proposed. By resolving the regulatory ""Scale Paradox,"" this framework provides a scientific foundation for shifting safety management from static monitoring to differentiated, precision regulation. © 2026 Elsevier Ltd.","Dynamic risk; Machine learning; Mine safety; Path dependence; SHAP analysis","Accidents; Dynamics; Machine learning; Mine safety; Risk analysis; Risk assessment; Accident risks; Dynamic evolution; Dynamic risks; Evolution mechanism; Learning frameworks; Machine-learning; Mine accidents; Mine safety; Path dependence; SHAP analyze; Learning systems","Article","Final","","Scopus","2-s2.0-105035682254"
"Zhang Y.; Zhao Z.; Hu S.; Wu L.","Zhang, Yu (60637157500); Zhao, Ziwei (57226123301); Hu, Shan (57972740300); Wu, Lei (57744678700)","60637157500; 57226123301; 57972740300; 57744678700","Unleashing data power for sustainability: Data factor marketization and corporate green innovation in China","2026","Economic Analysis and Policy","93","","","1581","1597","0","10.1016/j.eap.2026.08.064","https://www.scopus.com/pages/publications/105048900415?origin=resultslist","This paper fills an important gap in the literature by exploring how data factor marketization (DFM) shapes green innovation, an understudied topic despite its theoretical relevance. Using the establishment of China's data trading platforms as a quasi-natural experiment, this study employs double machine learning (DML) algorithms to examine the relationship between DFM and green innovation, using a sample of China's A-share listed firms from 2011 to 2021. Empirical results reveal that DFM is positively associated with green innovation, and this finding remains robust to a series of robustness tests. The causal correlation between DFM and green innovation can be achieved through elevating human capital, easing financing constraints, and reducing management expenses. The innovation-promoting effect of DFM appears more pronounced among large, mature firms, as well as regions with high institutional quality and superior digital environments. By elucidating the linkage between DFM and green innovation, this study provides clear practical implications for policymakers seeking to maximize the green innovation dividends by advancing market-oriented data factor allocation and designing targeted, context-specific institutional arrangements. © 2026 The Economic Society of Australia (Queensland) Inc.","Data factor marketization; Data trading platforms; Double machine learning algorithms; Green innovation","","Article","Final","","Scopus","2-s2.0-105048900415"
"Kaier K.; Hazard D.; Czerny M.; Rilinger J.; Hilgendorf I.; Wolf D.; Westermann D.; von zur Mühlen C.; Valina C.","Kaier, Klaus (24776207900); Hazard, Derek (57203807106); Czerny, Martin (36678858600); Rilinger, Jonathan (56272624900); Hilgendorf, Ingo (36561511800); Wolf, Dennis (36020536000); Westermann, Dirk (58584932700); von zur Mühlen, Constantin (56969089900); Valina, Christian (6507338948)","24776207900; 57203807106; 36678858600; 56272624900; 36561511800; 36020536000; 58584932700; 56969089900; 6507338948","Comparative outcomes of balloon-expandable versus self-expanding transcatheter aortic valves: insights from a large-scale German registry","2026","BMC Cardiovascular Disorders","26","1","723","","","0","10.1186/s12872-026-06462-9","https://www.scopus.com/pages/publications/105047740807?origin=resultslist","Background: While transcatheter aortic valve replacement (TAVR) has become an established alternative to surgical aortic valve replacement (SAVR), the comparative outcomes of balloon-expandable (BE) and self-expanding (SE) valve technologies remain an area of ongoing investigation. Methods: Using the German DESTATIS database, we analyzed 48,565 transfemoral TAVR procedures performed between 2021 and 2022. Outcomes were compared between BE (n = 23,412) and SE (n = 25,153) valves using a double/debiased machine learning estimator to account for potential confounding. Key endpoints included in-hospital mortality, major bleeding, stroke, acute kidney injury, mechanical ventilation > 48 h, postoperative delirium, permanent pacemaker implantation (PPI), length of hospital stay, and reimbursement. Results: Descriptively, SE valves were associated with significantly lower in-hospital mortality (1.6% vs. 2.0%, p < 0.001) and major bleeding (1.4% vs. 2.1%, p < 0.001) but a higher risk of stroke (2.4% vs. 1.9%, p < 0.001). A trend towards higher risk of PPI was observed (p = 0.078). After adjustment, patients with SE valves are at lower risk for in-hospital mortality (RR 0.85, p = 0.049) and major bleeding (RR 0.78, p = 0.006), but had a higher risk of stroke (RR 1.35, p < 0.001) and permanent pacemaker implantation (RR 1.09, p = 0.028). Subgroup analysis indicated that older and high-risk patients, particularly those aged ≥ 85 years, showed a stronger association with lower in-hospital mortality for SE valves, whereas younger patients exhibited a trend favouring BE valves. BE valves were also associated with a modestly higher reimbursement (€209 per case, p = 0.004). Conclusion: In this large, real-world cohort, self-expanding valves were associated with lower in-hospital mortality and major bleeding but a higher risk of stroke and permanent pacemaker implantation compared with balloon-expandable valves. Because prosthesis choice in routine practice is highly individualized and driven by anatomical and procedural factors not captured in administrative data, these associations are hypothesis-generating and cannot support device-selection recommendations. © The Author(s) 2026.","Aortic stenosis; Balloon-expandable valve; Double/debiased machine learning; Real-world data; Self-expanding valve; Transcatheter aortic valve replacement","Aged; Aged, 80 and over; Aortic Valve; Aortic Valve Stenosis; Balloon Valvuloplasty; Databases, Factual; Female; Germany; Heart Valve Prosthesis; Hospital Mortality; Humans; Male; Postoperative Complications; Prosthesis Design; Registries; Risk Assessment; Risk Factors; Time Factors; Transcatheter Aortic Valve Replacement; Treatment Outcome; acute kidney failure; aged; Article; artificial ventilation; atrial fibrillation; balloon expandable transcatheter aortic valve; cohort analysis; comparative study; EuroSCORE; female; heart failure; hospitalization; human; hypertension; in-hospital mortality; length of stay; machine learning; major clinical study; male; New York Heart Association class; pacemaker implantation; postoperative delirium; self-expanding transcatheter aortic valve; transcatheter aortic valve implantation; adverse event; aortic valve; aortic valve stenosis; devices; diagnostic imaging; economics; factual database; Germany; heart valve prosthesis; hospital mortality; mortality; pathophysiology; postoperative complication; prosthesis design; register; risk assessment; risk factor; surgery; therapy; time factor; transluminal valvuloplasty; treatment outcome; very elderly","Article","Final","All Open Access; Gold Open Access; Green Open Access","Scopus","2-s2.0-105047740807"
"Li Y.; Wu Y.; Feng T.; Li X.; Wang R.; Gu J.; Xu T.; Lu F.","Li, Yue (60805772200); Wu, Yuanyuan (60806076300); Feng, Tianpu (59472837500); Li, Xinyue (60805926900); Wang, Ri (60806221100); Gu, Jianhong (60806523600); Xu, Taijing (60164455200); Lu, Feng (59358245800)","60805772200; 60806076300; 59472837500; 60805926900; 60806221100; 60806523600; 60164455200; 59358245800","Pre-pandemic preventive healthcare engagement and all-cause excess mortality during COVID-19: a county-level ecological study in the United States","2026","Annals of Epidemiology","123","","110267","","","0","10.1016/j.annepidem.2026.110267","https://www.scopus.com/pages/publications/105048256963?origin=resultslist","Objective Community resilience during COVID-19 has been linked to social conditions, public-health capacity, and acute-care resources, but the contribution of pre-pandemic realized preventive-care engagement remains incompletely characterized. We examined whether county-level preventive-care engagement was associated with all-cause excess mortality during the COVID-19 period in the United States. Methods In this ecological study, county-specific linear trends fitted to the age-adjusted all-cause premature-death/YPLL-75 indicator for 2012–2018 were used to predict expected mortality in 2020–2022. Excess mortality was the percentage difference between observed and expected values; resilience was its negative. We estimated adjusted associations for four preventive-care indicators using five-fold cross-fitted double/debiased machine learning (DML), with learner, fold, state-clustered, external-demographic, and spatial lag/error sensitivities. Results Across 3079 counties, mean excess mortality in 2020–2022 was 15.2%. In the primary DML sample (n = 2921), one-standard-deviation higher influenza-vaccination and mammography-screening rates were associated with 0.106 SD (p < 0.001) and 0.118 SD (p < 0.001) higher resilience, respectively. Preventable hospitalization was negatively associated; primary-care physician density was null. Estimates were stable across all sensitivities, although attenuated after broader demographic adjustment, and influenza vaccination predicted a pre-pandemic placebo outcome. Conclusions Pre-pandemic realized preventive-care engagement was associated with lower county-level all-cause excess mortality. These ecological associations are not individual-level causal effects and warrant cautious interpretation given demographic attenuation and the positive placebo. Resilience policy should combine rapid screening and vaccination outreach with sustained, equity-oriented primary-prevention infrastructure. © 2026 Elsevier Inc.","All-cause excess mortality; COVID-19; Double machine learning; Ecological study; Health disparities; Mortality resilience; Preventive healthcare; Spatial epidemiology","Article; community resilience; coronavirus disease 2019; correlation analysis; demographics; engagement; excess mortality; general practitioner; health care engagement; health care system; hospitalization; human; influenza vaccination; machine learning; mammography; mortality; observational study; outcome assessment; pandemic; preventive health service; primary prevention; screening; sensitivity analysis; standard deviation; statistical analysis; statistical parameters; trend study","Article","Final","","Scopus","2-s2.0-105048256963"
"Liang Z.","Liang, Zhijun (57217078538)","57217078538","6G-Driven Educational Data Governance: Capability Measurement, Core Drivers and Causal Effect Analysis Based on Machine Learning","2026","2026 International Conference on 6G: AI-Native Networks, Emerging Technologies, and Future Applications, 6G-ANETA 2026","","","","41","46","0","10.1145/3828511.3828517","https://www.scopus.com/pages/publications/105047239615?origin=resultslist","The rapid development of 6G technology has enabled ubiquitous intelligent connectivity in education, making large-scale real-time educational data collection, transmission and processing possible. However, the lack of a quantitative measurement system for educational data governance capability, unclear core driving factors and untested causal effects have become bottlenecks restricting the deep integration of 6G and smart education. To address these issues, this paper constructs a five-dimensional educational data governance capability measurement system covering data infrastructure, resource integration, security compliance, scenario application and organizational guarantee, based on the panel data of 187 undergraduate universities in 31 provinces of China from 2019 to 2024. It integrates CRITIC-random forest combined weighting, Lasso regression variable screening, XGBoost feature importance identification and double machine learning methods to conduct comprehensive measurement, driving factor identification and governance performance effect test. The results show that the average governance capability of the sample universities is 38.72 points, with only 12.83% exceeding 60 points, presenting regional differences of”higher in the east and lower in the west” and significant heterogeneity between”Double First-Class” universities and local universities. Smart campus construction level (supported by 6G network infrastructure), establishment of specialized data governance institutions and provincial educational digitalization policy support are the three core driving factors, with feature importance ratios of 21.35%, 18.62% and 16.09%, respectively. For every one standard deviation increase in governance capability, the comprehensive governance performance of universities significantly improves by 0.427 standard deviations, and the marginal effect on scientific research governance performance is the strongest at 0.513 standard deviations. All conclusions have passed multiple robustness and endogeneity tests. This study not only enriches the quantitative research system of 6G-enabled smart education governance but also provides empirical evidence and practical paths for the deployment of 6G educational application scenarios and the precise improvement of educational data governance capabilities. © 2026 Copyright held by the owner/author(s).","6G smart education; data governance capability; educational data governance; governance performance; machine learning","Data integration; Digital storage; Government data processing; Machine learning; Public policy; 6g smart education; Data governance capability; Data governances; Driving factors; Educational data governance; Governance performance; Machine-learning; Performance; Standard deviation; Learning systems","Conference paper","Final","All Open Access; Gold Open Access","Scopus","2-s2.0-105047239615"
"Yang Y.; Ma K.; Yang Y.; Si W.","Yang, Yan (53464808600); Ma, Kaixuan (60814154900); Yang, Yuying (60814155000); Si, Wei (55484775200)","53464808600; 60814154900; 60814155000; 55484775200","Impact of digital capability on grain green production efficiency: Evidence from major maize - producing regions in Southwest, Northwest, and Huang - Huai - Hai region of China; [数字能力对粮食绿色生产效率的影响研究- 以西南尧西北和黄淮海玉米主产区为例]","2026","Journal of Arid Land Resources and Environment","40","9","","59","70","0","10.13448/j.cnki.jalre.2026.147","https://www.scopus.com/pages/publications/105048620402?origin=resultslist","Under the dual objectives of ensuring food security and promoting agricultural green transformation, exploring the impact of digital capability on grain green production efficiency is of great practical significance for improving the quality and efficiency of grain production and advancing high - quality agricultural development. Based on survey data from 537 maize farmers, this study measures maize green production efficiency using the super efficiency SBM model and empirically examines the effect of digital capability on green production efficiency through a Double Machine Learning approach. The results indicate that: 1) Digital capability significantly improves maize green production efficiency, and this conclusion remains robust after a series of robustness tests, including winsorization, alternative sample - splitting ratios, alternative machine learning algorithms, and alternative measures of the core explanatory variable. 2) Mechanism analysis reveals that digital capability enhances green production efficiency through three pathways: strengthening green cognition in the pre - production stage, promoting technology adoption during production, and improving price responsiveness in the post -production stage. 3) Heterogeneity analysis reveals that the positive effect of digital capabilities on maize green production efficiency is more pronounced among farmers with better infrastructure conditions and those using socialized services, while the effects differ across dimensions of digital capabilities. Based on these findings, this study suggests strengthening farmers' digital capability, improving rural digital infrastructure and agricultural digital service systems, and promoting the deep integration of digital technologies with green agricultural production, thereby facilitating the green transformation of grain production. © 2026 Editorial Office of Journal of Arid Land Resources and Environment. All rights reserved.","agricultural green transformation; digital capability; Double Machine Learning Model; grain production; green production efficiency","","Article","Final","","Scopus","2-s2.0-105048620402"
"Xu W.; Xin G.; Dong Y.; Zhou Q.; Wang T.; Wei Z.; Wen A.; Zhang K.; Li F.; Wang Y.; Feng L.; Xu X.; Yu X.; Wan C.; Li Y.; Deng L.; Xu J.; Huang W.","Xu, Wenjie (59516153700); Xin, Guang (60733876900); Dong, Yuman (57387353700); Zhou, Qilong (58790739400); Wang, Tao (59874526400); Wei, Zeliang (56154713600); Wen, Ao (57216817123); Zhang, Kun (57386240700); Li, Fan (57644996300); Wang, Yilan (60411504700); Feng, Lijuan (58104630300); Xu, Xinrui (58482936300); Yu, Xiuxian (57386798500); Wan, Chengyu (57387544500); Li, Yancen (59711216900); Deng, Lijing (60751941100); Xu, Jianxin (60752314700); Huang, Wen (56155099400)","59516153700; 60733876900; 57387353700; 58790739400; 59874526400; 56154713600; 57216817123; 57386240700; 57644996300; 60411504700; 58104630300; 58482936300; 57386798500; 57387544500; 59711216900; 60751941100; 60752314700; 56155099400","Yin-Huang-Qing-Fei-Capsule derived diosgenin and its optimized nanoconjugate target STAT3 against pulmonary fibrosis","2026","Phytomedicine","159","","158568","","","0","10.1016/j.phymed.2026.158568","https://www.scopus.com/pages/publications/105045350194?origin=resultslist","Background Pulmonary fibrosis (PF) is a progressive, fatal interstitial lung disease with limited curative therapeutic options. Yin-Huang-Qing-Fei (YHQF) capsule is an approved clinical Chinese patent medicine with emerging preclinical evidence of potential anti-fibrotic bioactivity, yet its core anti-PF constituents, direct functional targets, and the druggability of its key active monomer remain largely uncharacterized. Purpose This study aimed to decipher the anti-PF pharmacodynamic basis of YHQF, validate its core active constituent and functional target, and optimize the druggability of the candidate monomer. Study design A randomized, controlled preclinical in vivo study was conducted, coupled with in vitro pharmacological validation, transcriptomic profiling, machine learning-based constituent screening, and genetic causal inference for target prioritization. Methods The anti-PF efficacy of YHQF was verified in bleomycin (BLM)-induced mouse PF models. Core bioactive constituents were screened via LC-MS/MS and machine learning. Mendelian randomization (MR) was used for target prioritization, followed by molecular docking, molecular dynamics simulation, surface plasmon resonance (SPR) and siRNA assays for multi-dimensional target validation. Transcriptomic profiling was conducted to elucidate the STAT3-associated downstream regulatory pathways. A diosgenin-metformin nanoconjugate (DM) was rationally designed for druggability optimization. Results YHQF significantly alleviated BLM-induced PF in mice. Diosgenin was identified as YHQF’s core anti-PF constituent, with STAT3 validated as its direct functional target. Diosgenin exerted STAT3-dependent anti-fibrotic effects, and DM nanomicelles exhibited notably enhanced in vivo anti-PF efficacy. Conclusion This study defined the diosgenin-STAT3 axis as the core mechanism mediating YHQF’s anti-PF effect, develops an optimized nanomedicine with improved translational potential, and provides a practical, replicable strategy for traditional Chinese medicine modernization. © 2026 Elsevier GmbH.","Diosgenin; Nanomicelles; Pulmonary fibrosis; STAT3; Traditional Chinese medicine modernization; Yin-Huang-Qing-Fei capsule","Animals; Bleomycin; Capsules; Diosgenin; Disease Models, Animal; Drugs, Chinese Herbal; Humans; Male; Mice; Mice, Inbred C57BL; Molecular Docking Simulation; Pulmonary Fibrosis; STAT3 Transcription Factor; alpha smooth muscle actin; antifibrotic agent; bleomycin; collagen; diosgenin; diosgenin metformin conjugate; eriodictyol; extracellular matrix protein; genkwanin; herbaceous agent; interleukin 1beta; licochalcone B; metformin; monomer; nanoconjugate; nintedanib; small interfering RNA; STAT3 protein; transcriptome; transforming growth factor beta1; tumor necrosis factor; unclassified drug; Yin huang qing feicapsule; diosgenin; herbaceous agent; STAT3 protein; Stat3 protein, mouse; A-549 cell line; Acorus tatarinowii; animal experiment; animal model; animal tissue; antifibrotic activity; antiinflammatory activity; apricot; area under the curve; area under the curve ratio; Artemisia annua; Article; biological activity; blood brain barrier; cell structure; chemical composition; Chinese medicine; controlled study; differential gene expression; disease severity; dose response; down regulation; drug bioavailability; drug blood level; drug efficacy; drug megadose; drug mixture; drug penetration; drug potency; drug protein binding; drug screening; drug targeting; drug tissue level; Ephedra sinica; forced vital capacity; Fritillaria thunbergii; functional enrichment analysis; functional residual capacity; gene expression level; gene ontology; genetic association; Ginkgo biloba; Glycyrrhiza uralensis; ground glass opacity; Gypsum fibrosum; half life time; high content screening; histopathology; human; human cell; immune signaling; immunofluorescence; in vitro study; in vivo study; inflammatory cell; inflammatory infiltrate; Isatis tinctoria; KEGG; Lepidium apetalum; liquid chromatography-mass spectrometry; loquat; low drug dose; lung fibroblast; lung fibrosis; lung function; lung injury; lung parenchyma; lung volume; machine learning; male; mean residence time; medicinal plant; Mendelian randomization analysis; micro-computed tomography; molecular biology; molecular docking; molecular dynamics; mortality; mouse; Neocheiropteris fortunei; nonhuman; particle size; pharmacodynamics; pharmacokinetic parameters; phenotype; plasma concentration-time curve; preclinical study; protein expression level; protein protein interaction; proton nuclear magnetic resonance; regulatory mechanism; Schisandra chinensis; signal transduction; sour orange; surface plasmon resonance; transcriptome sequencing; transcriptomics; upregulation; validation study; zeta potential; animal; C57BL mouse; chemistry; disease model; drug therapy; lung fibrosis; metabolism; microcapsule","Article","Final","","Scopus","2-s2.0-105045350194"
"Qi Y.; Meng F.","Qi, Yaping (60685787000); Meng, Fansong (60685607000)","60685787000; 60685607000","Beyond correlation: Time-resolved conditional-effect mapping of component-coupled NOX, SO2, and HCl release and multipollutant risk shifts during industrial organic solid waste incineration","2026","Journal of Environmental Chemical Engineering","14","6","124901","","","0","10.1016/j.jece.2026.124901","https://www.scopus.com/pages/publications/105048959640?origin=resultslist","Incineration of multicomponent industrial organic solid waste releases NOX, SO2, and HCl, yet source-side blending control requires more than identifying emission-correlated variables. This study examined whether component contrasts retained stable relationships with acid-gas release after adjustment for measured composition and fuel-property covariates, when these responses occurred, and how they were associated with multipollutant risk. One hundred experimentally measured waste mixtures were combusted, and time-resolved profiles were recorded at 5 s intervals over 0–1400 s. Eighty mixtures formed the discovery dataset for comparing Spearman associations, random-forest importance, and double-machine-learning estimates of covariate-controlled conditional effects. Ten-part composition was represented by log-ratio coordinates, with additional adjustment for elemental composition, ash content, and lower heating value. Stage-specific AUC, precursor-normalized release indices, and multipollutant risk metrics quantified release redistribution, precursor expression, and risk transfer. Twenty targeted mixtures assessed directional and kinetic reproducibility. Correlation and predictive importance did not consistently identify the same drivers as conditional-effect estimates. Under fixed combustion conditions and within the observed composition range, PVC-related contrasts were associated mainly with middle- and late-stage HCl release, whereas CSN-related contrasts were associated with early NOX release. Conditional SO2 responses depended more strongly on sulfur supply and ash/mineral background. Component contrasts were also associated with shifts between early NOX/SO2 and delayed HCl release. These findings advance acid-gas analysis from variable attribution toward condition-specific pathway assessment and inform waste-blending evaluation and stage-specific flue-gas control within the tested domain. Copyright © 2026. Published by Elsevier Ltd.","Acid gas emissions; Conditional effect estimation; Industrial organic solid waste; Machine learning; Time-resolved release","Blending; Calorific value; Flue gases; Gas fuel analysis; Industrial emissions; Learning systems; Machine learning; Nitrogen oxides; Random forests; Risk assessment; Risk perception; Solid wastes; Thermal logging; Waste incineration; Acid gas emissions; Conditional effect estimation; Conditional effects; HCl release; Industrial organic solid waste; Machine-learning; Organic solid wastes; SO 2; Time-resolved; Time-resolved release; Gas emissions","Article","Final","","Scopus","2-s2.0-105048959640"
"Wang Y.; Zhang B.; Liu T.","Wang, Ying (60162870500); Zhang, Bing (60162870600); Liu, Tianrun (57211206058)","60162870500; 60162870600; 57211206058","Artificial Intelligence Adoption and Corporate Biodiversity Concern: Evidence from Chinese Listed Firms","2026","Sustainability (Switzerland)","18","16","8149","","","0","10.3390/su18168149","https://www.scopus.com/pages/publications/105048617385?origin=resultslist","Given the growing ecological and economic risks posed by biodiversity loss, this study uses panel data on Chinese A-share listed firms from 2010 to 2023 and employs a debiased machine learning approach to empirically investigate the impact of artificial intelligence (AI) adoption on corporate biodiversity concern (CBC) and its underlying mechanisms. The results indicate that AI adoption significantly increases CBC. Mechanism analysis indicates that AI adoption enhances CBC by strengthening green knowledge management capabilities, improving green innovation capability, and increasing analyst coverage. Further analysis of moderating effects shows that the positive impact of AI adoption on CBC is more pronounced for firms facing higher climate risk, in regions with stronger environmental regulatory intensity, and among firms with higher levels of digital transformation. This study provides empirical evidence on the role of digital technologies in advancing corporate biodiversity governance. © 2026 by the authors.","artificial intelligence adoption; biodiversity; corporate biodiversity concern; DDML","China; artificial intelligence; biodiversity; corporate strategy; innovation; knowledge; machine learning; panel data; technology adoption","Article","Final","All Open Access; Gold Open Access","Scopus","2-s2.0-105048617385"
"Lyu T.; Cheng G.","Lyu, Taisheng (60814757800); Cheng, Guangbin (55264696600)","60814757800; 55264696600","Study on the Impact of Logistics Standardisation Construction on Urban Carbon Emission Intensity: Causal Inference Based on Dual Machine Learning","2026","Sustainability (Switzerland)","18","16","8022","","","0","10.3390/su18168022","https://www.scopus.com/pages/publications/105048730536?origin=resultslist","As a key component of the modern circulation system, logistics standardisation (LS) has helped remove critical bottlenecks in the circulation sector and has provided strong support for achieving the “dual-carbon” goals. This study treats China’s national pilot policy for logistics standardisation as a quasi-natural experiment. Using a balanced panel of 282 prefecture-level cities from 2006 to 2022 and a dual machine learning framework, it examines the effect of LS on urban carbon emission intensity (UCEI) and the underlying mechanisms. The results indicate that LS significantly reduces UCEI in pilot cities. This finding remains robust across a series of tests, including controlling for interference from contemporaneous policies, applying instrumental variable estimation, and re-specifying the dual machine learning model. Further mechanism analysis suggests that economic agglomeration, industrial structure upgrading, and green technological progress are plausible channels through which LS reduces UCEI. Heterogeneity analysis shows that the carbon-reduction effect of LS is more pronounced in eastern cities, cities with higher administrative status, non-resource-based cities, cities with better transport infrastructure, and cities where governments pay greater attention to carbon reduction. In addition, the extension analysis shows that LS also helps reduce the emission intensity of major pollutants, thereby contributing to the coordinated governance of pollution reduction and carbon mitigation. © 2026 by the authors.","carbon emission intensity; dual machine learning; logistics standardisation; quasi-natural experiment; synergy of pollution reduction and carbon reduction","China; carbon emission; governance approach; industrial structure; logistics; machine learning; pollution control; spatiotemporal analysis; standardization","Article","Final","All Open Access; Gold Open Access","Scopus","2-s2.0-105048730536"
"Jin Z.; Chen J.; Zhou X.; Shu W.; Fan D.","Jin, Ziliang (57209313144); Chen, Jing (57255925900); Zhou, Xueyan (60747452000); Shu, Wenjun (58852996300); Fan, Di (57195644531)","57209313144; 57255925900; 60747452000; 58852996300; 57195644531","Buying from stability: cross-border geopolitical risk and transaction value reallocation in global supply chains","2026","International Journal of Operations and Production Management","46","8","","1355","1381","0","10.1108/IJOPM-10-2025-1067","https://www.scopus.com/pages/publications/105045083263?origin=resultslist","Purpose – This study investigates how cross-border geopolitical risk (GPR) differences between buyers and suppliers reshape dyadic dependence and drive the reallocation of transaction value in global supply chains. Design/methodology/approach – We construct a global panel dataset of cross-border buyer–supplier dyads and measure GPR differences between each dyad's home countries. Ordinary least squares (OLS) regressions with high-dimensional fixed effects at the supplier, customer, and year levels are employed to estimate the effect of cross-border GPR differences on dyadic transaction values. Robustness checks include difference-in-differences (DID), double machine learning, alternative measures, and survival analysis. Findings – Large cross-border GPR differences significantly increase dyadic transaction values between suppliers and buyers. This effect is amplified for suppliers with stronger relational resources, operational capabilities, and market resources. However, when GPR differences become extreme, the relationship is more likely to break down, revealing a boundary condition for the reallocation effect. Originality/value – This study introduces the GPR difference as a dyadic-level measure of relative geopolitical exposure, reveals that reallocation favors suppliers with greater resource advantages, and finds a boundary beyond which extreme asymmetry precipitates relationship breakdown. Practically, suppliers can leverage institutional stability and firm-level capabilities to capture reallocated procurement, while buyers can treat relationship deepening with partners in stable environments as a strategic response. © 2026 Emerald Publishing Limited","Cross-border buyer–supplier relationship; Geopolitical risk; Resource dependence theory; Supply chain management","","Article","Final","","Scopus","2-s2.0-105045083263"
"Wang X.; Yuan Y.; Fang S.; Zhang Z.; Wang J.","Wang, Xinjian (57216827701); Yuan, Yiquan (60424120800); Fang, Siming (57221377963); Zhang, Zhiwei (59337043300); Wang, Jin (55742606300)","57216827701; 60424120800; 57221377963; 59337043300; 55742606300","A novel causal inference method of exit choice behaviour analysis for passenger ships during emergency evacuation","2026","Reliability Engineering and System Safety","272","","112489","","","19","10.1016/j.ress.2026.112489","https://www.scopus.com/pages/publications/105031423338?origin=resultslist","Due to the complex internal layout of passenger ships, the large number of passengers, and the presence of designated assembly points, route selection during evacuation onboard ships has increasingly become a crucial factor affecting the overall evacuation process. However, variations in passengers’ risk perception and the heterogeneity of passenger groups often lead to marked differences in exit choice behaviour. To clarify the relationship between passengers’ exit choice behaviour and influencing factors, the Double Machine Learning (DML) method is employed in this study with optimisation of the nuisance function applied to identify key factors affecting exit choice from a causal inference perspective. First, 1380 valid questionnaires are collected from passengers on ferry routes in the Bohai Bay area, covering essential dimensions such as individual attributes, behavioural preferences, and evacuation decision-making. Second, feature selection and model optimisation are conducted based on this dataset to construct a nuisance function with optimal average out-of-sample prediction performance. Finally, the DML approach is employed to conduct a causal effect analysis of exit choice behaviour, allowing for the systematic identification of key influencing factors. The findings indicate that alarm response and decision-making under congested conditions are identified by the DML as having significant causal impacts on exit choice. It is shown that relying solely on correlational analysis may lead to strategic misjudgements, whereas the application of causal inference enables more accurate identification of priority intervention targets. © 2026 The Author(s).","Causal Inference; Double Machine Learning; Emergency evacuation; Exit choice; Maritime safety; Passenger ships","Behavioral research; Learning systems; Machine learning; Optimization; Ships; Causal inferences; Choice behaviors; Decisions makings; Double machine learning; Emergency evacuation; Exit choice; Inference methods; Machine-learning; Maritime safety; Passenger ships; Risk perception","Article","Final","All Open Access; Hybrid Gold Open Access","Scopus","2-s2.0-105031423338"
"Yu Y.; Cai Y.; Huang X.; Zhang Z.","Yu, Yantuan (57193099918); Cai, Yutong (60356260400); Huang, Xuhui (57223353464); Zhang, Zhenhua (57193112457)","57193099918; 60356260400; 57223353464; 57193112457","Carbon mitigation effect of service trade innovation: quasi-experimental evidence from China","2026","Carbon Balance and Management","21","1","24","","","5","10.1186/s13021-025-00384-3","https://www.scopus.com/pages/publications/105028868068?origin=resultslist","Abstract: This paper examines the environmental impact of service trade innovation in the context of China’s dual-carbon goals. Leveraging the staggered difference-in-differences combined with double/debiased machine learning strategy, we identify the causal effect of the Service Trade Innovation and Development Pilot Policy on urban carbon emissions. Results show that the policy reduced emissions by an average of 8.9%. The carbon mitigation effect is more pronounced in coastal cities, those with more developed service sectors, and non-Two Control Zones. The examination of the fundamental mechanisms identifies four primary channels: the intensified enforcement of low-carbon policies, progress in green innovation, the expansion of regional market integration, and the improvement of urban trade networks. Spatial spillover analysis indicates significant carbon reductions within 0-100 km of pilot cities, but a rebound effect in the 100–500 km range, possibly due to resource agglomeration. These results underscore the environmental benefits associated with reforms in service trade and emphasize the necessity for regionally coordinated approaches to promote spatial equity in the implementation of low-carbon transition initiatives. JEL classification: O14; Q56; Q58; R11 © The Author(s) 2025.","Carbon emissions; Causal inference; Service trade innovation; Spatial spillovers","China; carbon emission; environmental impact; equity; innovation; machine learning; spatiotemporal analysis; spillover effect; trade-environment relations","Article","Final","All Open Access; Gold Open Access; Green Open Access","Scopus","2-s2.0-105028868068"
"Zou Z.; Zhao X.; Chen B.; Zhou C.","Zou, Zeduo (57820521000); Zhao, Xiuyan (59875361400); Chen, Baoyu (58904587900); Zhou, Chunshan (55245029300)","57820521000; 59875361400; 58904587900; 55245029300","Analysis of driving factors of infectious diseases in Guangdong Province, China based on machine learning and causal inference","2026","Cities","177","","107286","","","1","10.1016/j.cities.2026.107286","https://www.scopus.com/pages/publications/105042842441?origin=resultslist","Clarifying the driving mechanisms of infectious diseases is crucial for optimizing prevention and control strategies. This study integrated legally reported infectious disease surveillance data (2013−2022) and 20 multi-source indicators across 21 prefecture-level cities in Guangdong Province, constructing a progressive “XGBoost-SHAP-LiNGAM-DoWhy” framework. Results showed IR fluctuated upward while MR fluctuated downward, with pronounced spatial heterogeneity: IR was high in the Pearl River Delta (PRD) and Northern Guangdong; MR was high in Western and Northern Guangdong. SHAP analysis revealed that IR prediction was primarily associated with environmental-demographic factors (population density, precipitation, NDVI, PM2.5), while MR was dominated by ecological-medical factors (NDVI, doctors per capita). The COVID-19 period indicator contributed zero predictive importance to both outcomes. Causal inference confirmed PM2.5 as the sole significant causal driver of IR (ATE = +0.304, p = 0.002), while doctors (ATE = −0.335, p < 0.001) and GDP per capita (ATE = −0.279, p < 0.001) were the dual causal determinants of MR. CausalSHAP heterogeneity analysis further revealed that GDP per capita significantly modifies the effects of both PM2.5 and doctors, highlighting the moderating role of economic development. This study establishes the “environment-driven incidence, system-mediated mortality” framework and provides evidence-based targets for regionally differentiated prevention and control. Copyright © 2026. Published by Elsevier Ltd.","Causal inference; Guangdong; Infectious diseases; Influencing factors; Machine learning; SHAP; XGBoost","China; Guangdong; Zhujiang Delta; Gross Domestic Product; infectious disease; machine learning; particulate matter","Article","Final","","Scopus","2-s2.0-105042842441"
"Liu A.-Z.; Yin G.-J.","Liu, An-Zhi (60813046300); Yin, Guo-Jun (60372916900)","60813046300; 60372916900","Impact of Green Finance on the Efficiency of Realising the Value of Agricultural Ecological Products: An Empirical Study Based on the Yangtze River Economic Belt; [绿色金融对农业生态产品价值实现的影响———基于长江经济带的实证研究]","2026","Resources and Environment in the Yangtze Basin","35","8","","2146","2157","0","10.11870/cjlyzyyhj202608018","https://www.scopus.com/pages/publications/105048737858?origin=resultslist","Addressing bottlenecks in realising the value of ecological products constitutes a core issue for green finance in serving the national strategy of ecological civilisation. Utilising the policy framework of green finance reform and innovation pilot zones as a quasi-natural experiment, this study employed multi-period difference-in-differences modelling to systematically examine the impact, operational mechanisms, conditional heterogeneity, and synergistic pathways of green finance policies on the efficiency of agricultural ecological product value realisation. Panel data from 110 cities along the Yangtze River Economic Belt spanning 2012-2023 were analysed. The findings revealed: (1) Green finance policies significantly enhanced the efficiency of agricultural ecological product value realisation, and this conclusion remained robust across a series of tests including PSM-DID, instrumental variables, and double machine learning; (2) Green finance policies enhanced efficiency through three pathways, including innovation factor supply, digital ecosystem restructuring, and green production transformation. Specifically, technology and finance synergistically drove value realisation, digital infrastructure and entrepreneurial empowerment optimising distribution environments, and pollution control alongside resource intensification. (3) Green finance policies yielded significant efficiency gains in the upper and middle reaches of the Yangtze River, with their promotional effects being more pronounced in key ecological functional zones and regions with substantial urban-rural income disparities. (4) Green finance policies exhibited a singular efficacy boundary, whereas the integration of digital finance and technology finance effectively transcended this limitation, forming a dual-track synergistic enhancement model with green finance where ‘1+1>2’. The study concluded that establishing a green finance system characterised by precision targeting, local adaptation, and multi-faceted coordination was pivotal to enhancing the efficiency of realising the value of agricultural ecological products. © 2026 Editorial office of Resources and Environment in the Yangtze Basin. All rights reserved.","efficiency of realising the value of agricultural ecological products; green finance; multi-period difference-in-differences model; technical efficiency","","Article","Final","","Scopus","2-s2.0-105048737858"
"de Andrade R.L.; Castelliano C.; Grajzl P.; Watanabe E.","de Andrade, Regina Lemos (60776610800); Castelliano, Caio (57220587379); Grajzl, Peter (15127148800); Watanabe, Eduardo (57205124742)","60776610800; 57220587379; 15127148800; 57205124742","Balancing Brazilian Regional Inequalities? Reassessing the Union's Voluntary Transfers to Municipalities","2026","Latin American Policy","17","3","e70067","","","0","10.1111/lamp.70067","https://www.scopus.com/pages/publications/105046546312?origin=resultslist","The Brazilian Constitution requires that Voluntary Union Transfers respond to inequalities in regional development. We assess de facto compliance with this mandate by examining data on voluntary transfer appropriations to municipalities 2012–2019 using data-driven machine-learning methods for causal inference. At the extensive margin (whether a municipality features any transfer appropriations), transfer appropriations reveal a significant constitutional failure—all else equal, less developed municipalities are, in fact, less likely to receive transfers. This result holds true regardless of whether the transfers originate from Congress or the federal government and irrespective of their intended purpose. A similar, though less pronounced, constitutional noncompliance is detectable at the intensive margin (the amount of the transfers appropriated), with the notable exception of the health domain, where appropriations align with the constitutional stipulation. The effort to address regional inequalities through individual amendments, a major component of transfers originating from Congress, did not intensify even after the corresponding appropriations became binding on the Federal Government. We articulate the policy implications of our findings. © 2026 Policy Studies Organisation.","Brazil; constitutional compliance; municipalities; regional inequalities; Voluntary Union Transfers","","Article","Final","All Open Access; Bronze Open Access","Scopus","2-s2.0-105046546312"
"Xu S.; Wang K.; Wang F.","Xu, Shaojie (57220546108); Wang, Kaiyong (12797103200); Wang, Fuyuan (57199196587)","57220546108; 12797103200; 57199196587","Government relocation and urban spatial reconstruction in China: Effects, mechanisms, and governance implications","2026","Cities","178","","107348","","","0","10.1016/j.cities.2026.107348","https://www.scopus.com/pages/publications/105044518338?origin=resultslist","Government relocation is a typical local government-led instrument of spatial production, yet systematic evidence on its spatial effects and interpretive boundaries in urban spatial restructuring remains limited. This study integrates spatial scale and spatial morphology into a unified quantitative framework to address this gap. Using a sample of 81 Chinese cities that experienced government relocation between 1978 and 2024, and combining propensity score matching-difference in differences (PSM-DID) with Double Machine Learning, this study estimates the overall spatial effects of the relocation event on urban built-up area change and spatial morphological evolution, including the associated implementation process, as well as their heterogeneity. The results show that government relocation significantly promotes built-up area growth overall, but with pronounced temporal lags and regional variation. Rather than inducing dispersed or leapfrogging development, relocation reshapes urban spatial form by increasing core-area compactness, strengthening the dominant center, and constraining excessive directional stretching. Relocation distance imposes clear nonlinear constraints on spatial restructuring. In the scale dimension, built-up area growth no longer continues beyond approximately 8 km. In the morphological dimension, compactness and central dominance exhibit turning points at around 11 km and 17 km, respectively, beyond which urban form shifts from reinforced core agglomeration toward weakened centrality and higher risks of spatial fragmentation. By adopting an integrated scale–morphology perspective, this study advances understanding of government-led spatial production mechanisms and their effective boundaries, and provides empirical evidence to support more scientific and disciplined government relocation decisions. © 2026 Elsevier Ltd.","Difference-in-Differences; Double Machine Learning; Government relocation; Government-led spatial restructuring; Relocation distance threshold; Urban spatial scale and morphology","China; governance approach; land use change; machine learning; quantitative analysis; reconstruction; relocation; spatial analysis; threshold; urban area; urban renewal","Article","Final","","Scopus","2-s2.0-105044518338"
"Wang Y.; Zhang C.","Wang, Yuzhi (55954734900); Zhang, Cong (60814510900)","55954734900; 60814510900","Industrial Intellectual Property Upgrading Reform, Inclusive Potential of Regional Innovation Ecosystems, and Low-Carbon Green Energy Eco-Co-Evolution—A Machine Learning-Based Causal Inference Analysis","2026","Sustainability (Switzerland)","18","16","8609","","","0","10.3390/su18168609","https://www.scopus.com/pages/publications/105048757205?origin=resultslist","The core predicament of energy transition lies not in the availability of clean technologies, but in whether an economy possesses the institutional capacity and social foundation to systematically regulate its carbon-energy metabolic processes. Drawing upon co-evolutionary theory from evolutionary economics, this paper constructs a composite indicator of Low-Carbon Green Energy Eco-Co-evolution (LCEE) encompassing three functional dimensions: efficiency advancement, kinetic energy replacement, and boundary adherence. Concurrently, by integrating innovation ecosystem theory with inclusive development theory, we propose the concept of “Inclusive Potential of Regional Innovation Ecosystems” (IEP), characterizing the systemic potential for transforming innovation outcomes into social welfare across four dimensions: Knowledge Matrix Abundance (KMF), Cultural Capillary Permeation (CCP), Technological Community Succession (TCS), and Social Root Nourishment (SRN). Taking China’s 2016 intellectual property (IP) powerhouse construction pilot as the institutional prototype of Industrial Intellectual Property Upgrading Reform (IPR), we incorporate IPR, IEP, and LCEE into a unified causal analytical framework, proposing a testable transmission logic of ‘institutional supply → ecological development → co-evolutionary synergy. Using panel data from 30 Chinese provincial-level administrative regions over 2010–2022, we employ a Spatial Durbin Difference-in-Differences (SDM-DID) model to identify the direct and spatial spillover effects of IPR on LCEE, and embed a Double Machine Learning (DML) framework to test the mediating mechanism of IEP while controlling for high-dimensional nonlinear interference. The findings reveal that IPR exerts a significant and robust direct promoting effect on LCEE, generating positive spatial spillovers to neighboring regions through the public disclosure of patent information. IEP significantly promotes local LCEE, yet its spatial spillover lacks statistical support due to structural conflicts in inter-dimensional transmission attributes. IEP plays a significant partial mediating role between IPR and LCEE, with the indirect effect accounting for over one-third of the total effect, a finding robust to alternative machine learning algorithms, sample split adjustments, and exclusion of contemporaneous competing policies. Sub-path tests reveal that KMF bears the strongest mediating efficacy, serving as the primary transmission channel, while CCP exhibits full mediation—the institutional effect on LCEE in the cultural dimension depends almost entirely on the mediating transformation through the public cultural service system. Heterogeneity analysis further demonstrates full mediation in the Low-Carbon Green Energy Eco-Kinetic Replacement (KER) dimension, indicating that the institutional catalytic effect on clean energy substitution must be realized through IEP transformation. This paper provides empirical evidence for the proposed causal pathway through which institutional public goods indirectly enhance the synergistic quality of carbon-energy transition via the inclusive potential of innovation ecosystems, providing theoretical foundations and policy implications that, while grounded in China’s institutional context, may offer valuable reference points for emerging market economies facing similar dual pressures of technological constraints and green transition. © 2026 by the authors.","double machine learning; inclusive potential of regional innovation ecosystems; industrial intellectual property upgrading reform; low-carbon green energy eco-co-evolution; spatial difference-in-differences","China; carbon; innovation; intellectual property rights; kinetic energy; machine learning; panel data; public goods; spillover effect","Article","Final","All Open Access; Gold Open Access","Scopus","2-s2.0-105048757205"
"Liu Y.; Yang J.; Chen J.","Liu, Yang (60743642400); Yang, Jiaming (60744339000); Chen, Jian (60743875900)","60743642400; 60744339000; 60743875900","Dynamic graph neural networks meet causal inference: estimating AI’s heterogeneous effects on supply chain resilience","2026","Future Technology","5","3","","331","343","0","10.55670/fpll.futech.5.3.29","https://www.scopus.com/pages/publications/105045139715?origin=resultslist","Estimating heterogeneous treatment effects in network-embedded environments requires methods that simultaneously account for relational change, conditional heterogeneity, and quasi-experimental shocks. This study proposes TGAT-CF, an approach that pairs a temporal graph attention encoder for evolving supplier-customer relationships with a generalized random forest for conditional treatment effects, triangulated against staggered difference-in-differences and double machine learning. Temporal graph embeddings replace scalar centrality as moderators, and the resulting design allows identification to be cross-checked across three estimators in settings where technology adoption unfolds inside relational dynamics. The framework is applied to a balanced quarterly panel of 2,847 Chinese A-share manufacturers over 20 quarters from 2020Q1 to 2024Q4, yielding 56,940 firm-quarter observations amid simultaneous AI diffusion and trade policy uncertainty. The temporal encoder reduces mean squared error by 21.4 percent relative to a static GraphSAGE baseline and by 6.6 to 9.4 percent relative to dynamic baselines (Diebold-Mariano, p < 0.05). A one-standard-deviation rise in AI stock raises supply chain resilience by 0.34 standard deviations, an effect that is 2.6 times larger under high uncertainty. Conditional effects differ by a factor of 2.9 between modular and centralized configurations, and the temporal profile follows a J-curve peaking at event time 2. Network centrality is the leading moderator, ahead of ownership structure, while operational efficiency, supplier adjustment, and information processing mediate nearly three-quarters of the total effect. The three estimates converge within a 7 percent band. AI capability, therefore, acts as a network-dependent, rather than a universal, determinant of supply chain resilience. © 2026, Future Publishing LLC. All rights reserved.","Causal Forest; Heterogeneous treatment effects; Supply chain resilience; Temporal graph attention network; Trade policy uncertainty","","Article","Final","All Open Access; Gold Open Access","Scopus","2-s2.0-105045139715"
"Wang G.; Wang Y.; Huang H.; Lv K.","Wang, Guokai (60814508500); Wang, Yi (60757401300); Huang, Huiting (60814404500); Lv, Kun (57670615100)","60814508500; 60757401300; 60814404500; 57670615100","Industrial Chain Intellectual Property Empowerment and Ecological Development of the Intelligent Economy and Carbon–Energy Metabolic Control Capacity: Causal Inference Based on Spatial Difference in Differences and Double Machine Learning Using Chinese Provincial Data","2026","Sustainability (Switzerland)","18","16","8491","","","0","10.3390/su18168491","https://www.scopus.com/pages/publications/105048649975?origin=resultslist","The central challenge of the energy transition lies in whether an economy possesses the institutional capacity to systematically regulate its own energy inputs and carbon emissions. Drawing upon social metabolism theory, this study constructs an indicator of carbon–energy metabolic control capacity (CMCC). Building on business ecosystem theory, it conceptualizes the intelligent economic ecosystem (IEE) and incorporates industrial chain intellectual property empowerment (IP) into a causal framework of institutional provision → ecosystem development → enhancement of metabolic control capacity. Using panel data from 30 provincial-level administrative regions in China covering the period 2010–2022, this study employs a spatial Durbin difference-in-differences (SDID) model and a double machine learning (DML) framework for empirical analysis. The results indicate that industrial chain intellectual property empowerment significantly enhances carbon–energy metabolic control capacity and generates positive spatial spillover effects on neighboring regions through the public diffusion of patent information. Furthermore, intelligent economic ecological development serves as a significant partial mediator between intellectual property empowerment and carbon–energy metabolic control capacity, with the indirect effect accounting for more than one-third of the total effect. This mediating mechanism remains robust after replacing machine learning algorithms, altering sample-splitting ratios, controlling for concurrent innovation policies, and excluding the impact of the COVID-19 pandemic. Path-specific mediation analysis further reveals that computing power acquisition and value transformation together with digital substrate robustness constitute the dominant transmission channels, whereas innovation metabolic flux contributes a relatively smaller mediating effect due to the long gestation period required for translating fundamental research into practical applications. Heterogeneity analysis further demonstrates that the transmission mechanism exhibits full mediation in the dimension of metabolic structure, indicating that the contribution of industrial chain intellectual property empowerment to the clean substitution of energy structures depends almost entirely on the mediating role of the intelligent economic ecosystem. These findings provide clear actionable guidelines for three specific policy-making domains to advance low-carbon transitions. First, intellectual property authorities should transition from quantity-driven patent creation to establishing cross-regional patent navigation and industrial chain IP pooling. Second, digital economy and industry regulators need to prioritize computing power value conversion (CCV) over raw infrastructure expansion to mitigate energy rebound effects. Third, energy and environmental agencies ought to integrate real-time algorithmic dispatching with green finance incentives. Ultimately, this study demonstrates that achieving deep low-carbon transformation requires leveraging institutional public goods to catalyze digital ecosystems, which in turn enable precise, dynamic carbon–energy metabolic control. © 2026 by the authors.","carbon–energy metabolic control capacity; double machine learning; ecological development of intelligent economy; industrial chain intellectual property empowerment; spatial difference-in-differences","China; business; COVID-19; economic development; empowerment; machine learning; navigation; pregnancy; public goods; spatial variation; spatiotemporal analysis","Article","Final","All Open Access; Gold Open Access","Scopus","2-s2.0-105048649975"
"Zhu X.; Shi J.; Mo S.","Zhu, Xiaoyu (60772920300); Shi, Jianxun (57802436900); Mo, Shu (59986453700)","60772920300; 57802436900; 59986453700","National big data pilot zones and urban carbon emission efficiency: Causal evidence from China via double machine learning","2026","Journal of Environmental Management","415","","130530","","","0","10.1016/j.jenvman.2026.130530","https://www.scopus.com/pages/publications/105046430853?origin=resultslist","Based on panel data from 282 Chinese prefecture-level cities (2008-2021), this study employs double machine learning and causal forest methods to evaluate the National Big Data Comprehensive Pilot Zone policy's causal effects on urban carbon emission efficiency. The policy increases carbon efficiency by 9.82% on average through four synergistic pathways: green technology innovation (28.4% mediation), industrial structure upgrading (14.1%), resource allocation efficiency (12.3%), and energy structure transformation (6.9%), collectively explaining 61.7% of total effects. Heterogeneity analysis reveals significant spatial differentiation, with policy effects 61% higher in central-western cities than eastern cities, 25% higher in resource-based cities, and 23% higher in low-digitalization cities, demonstrating “catch-up effects” and a “digital paradox.” Conditional average treatment effect estimation identifies digital infrastructure level, baseline efficiency, and industrial structure as key moderators, while spatial spillover analysis shows positive externalities on neighboring cities (13.8% indirect effects). Nineteen robustness tests confirm high reliability (4.3% coefficient variation). This study contributes by constructing a “big data → four mechanisms → carbon efficiency” theoretical framework, pioneering DML and causal forest application in environmental policy evaluation, and identifying optimal policy profiles for central-western, resource-based, low-digitalization, low-baseline-efficiency cities, providing empirical evidence for optimizing pilot layouts and formulating differentiated support policies. © 2026","Carbon efficiency; China; Green innovation; Heterogeneous effects; Machine learning methods; NBDCPZ policy","Big Data; Carbon; China; Cities; Environmental Policy; Machine Learning; China; Big data; Carbon; Energy efficiency; Environmental protection; Green manufacturing; Machine learning; Metadata; Spatial variables measurement; coal; coke; diesel fuel; fuel oil; gasoline; kerosene; liquefied petroleum gas; natural gas; petroleum; carbon; Carbon efficiency; Carbon emission efficiencies; China; Green innovations; Heterogeneous effects; Industrial structures; Machine learning methods; Machine-learning; NBDCPZ policy; Panel data; carbon emission; emission control; environmental policy; industrial structure; infrastructure planning; innovation; panel data; pollution policy; resource allocation; urban pollution; Article; big data; carbon emission; China; conceptual framework; controlled study; digitalization; economic development; energy consumption; environmental policy; gradient boosting machine; human; investment; machine learning; machine learning algorithm; pollution control; population size; random forest; resource allocation; support vector machine; treatment effect heterogeneity; urbanization; China; city; Learning systems","Article","Final","","Scopus","2-s2.0-105046430853"
"Ou Z.; Zhou Z.","Ou, Zhelin (59700729400); Zhou, Zhiqiang (60784364000)","59700729400; 60784364000","Can Smart Manufacturing Pilot Policy Curb Firms’ Symbolic Digital Transformation? Evidence from China Using Double Machine Learning","2026","Sustainability (Switzerland)","18","15","7989","","","0","10.3390/su18157989","https://www.scopus.com/pages/publications/105047077511?origin=resultslist","Symbolic digital transformation, whereby firms overstate digital initiatives through digital narratives without substantive upgrading, may undermine the developmental value of industrial digitalization. This study examines whether China’s Smart Manufacturing Pilot Policy (SMPP) curbs such behavior. Using panel data on Chinese A-share listed manufacturing firms from 2011 to 2024, we treat the staggered implementation of the SMPP as a quasi-natural experiment and estimate policy effects within a double machine learning framework. The baseline results show that the SMPP significantly reduces firms’ symbolic digital transformation (SDT), and this finding remains robust to alternative specifications and endogeneity tests. Dynamic effect analysis indicates that the policy generates a persistent restraining effect, although its marginal effect gradually declines as governance becomes more normalized over time. Mechanism analysis shows that the policy mainly works by easing financing constraints and reducing information asymmetry, while increased media attention creates a countervailing reputational incentive that may encourage SDT. Threshold analysis further reveals that the policy effect is stronger among firms with higher managerial myopia and is most pronounced when corporate opacity is moderate, but becomes insignificant once opacity exceeds a critical level. Overall, the SMPP promotes a shift from symbolic to substantive digital transformation and may provide indirect implications for sustainable manufacturing development. © 2026 by the authors.","causal mediating effect; double machine learning; smart manufacturing pilot policy; sustainable manufacturing; symbolic digital transformation; threshold effect","China; digitization; machine learning; manufacturing; panel data; policy strategy; threshold; transformation","Article","Final","All Open Access; Gold Open Access","Scopus","2-s2.0-105047077511"
"Zuo X.; Li H.; Wang C.; Cao A.; Wen H.","Zuo, Xingyi (60334658600); Li, Houjian (57196035227); Wang, Cheng (60334228400); Cao, Andi (57225149114); Wen, Haoyu (60334940600)","60334658600; 57196035227; 60334228400; 57225149114; 60334940600","Path to reducing pesticide input: Is agricultural production outsourcing effective?","2026","Ecological Economics","246","","109002","","","3","10.1016/j.ecolecon.2026.109002","https://www.scopus.com/pages/publications/105034681507?origin=resultslist","Excessive pesticide application in intensive agricultural systems poses serious environmental and health risks, yet the pathway to reducing pesticide input while maintaining crop yields remains debated. Existing approaches focus predominantly on the application stage itself, through technological substitution or regulatory mandates, with limited attention to upstream production processes. This study investigates whether agricultural production outsourcing contributes to the reduction of pesticide input in wheat production in China through a systemic prevention pathway. Using panel data from the China Land Economic Survey (CLES, 2020–2022) and employing a comprehensive identification strategy that combines propensity score matching, two-stage least squares, and double machine learning, we find that agricultural production outsourcing significantly reduces wheat pesticide expenditure by 41–57 yuan per mu (approximately 35 to 40%). This effect is mainly concentrated in upstream and midstream operations that influence baseline pest pressure rather than the spraying process itself, confirming that outsourcing suppresses chemical demand at source before any application decision is made. The pesticide-reducing effect is significantly larger for wheat than for rice, reflecting differences in mechanization compatibility, pest ecology, and the maturity of the service market. Mechanism analysis identifies three channels: improved mechanization levels, economies of scale arising from land concentration, and increased commercialization rates. These findings suggest that organizational innovation in the agricultural service market provides an incentive-compatible pathway for smallholder systems to achieve a balance between productivity and environmental sustainability, complementing existing regulatory and technological approaches to pesticide governance. © 2026 Elsevier B.V. All rights are reserved, including those for text and data mining, AI training, and similar technologies.","Agricultural Production Outsourcing; Double Machine Learning; Inference of Cause and Effect; Pesticide Reduction; Sustainable Intensification","China; agricultural intensification; agricultural market; agricultural production; commercialization; machine learning; outsourcing; pesticide; pesticide application; smallholder; wheat","Article","Final","","Scopus","2-s2.0-105034681507"
"Zhou M.; Yan Y.; Wang T.; Kieu M.; Yuan H.; Zhang C.","Zhou, Mo (57223894181); Yan, Ying (35749241800); Wang, Tao (57861327500); Kieu, Minh (56376631400); Yuan, Huazhi (36054046600); Zhang, Changan (60599189300)","57223894181; 35749241800; 57861327500; 56376631400; 36054046600; 60599189300","Exploring the heterogeneous relationship between abnormal driving events and freeways crash risk: A two stage analysis framework integrating causal inference and random parameters logit","2026","Accident Analysis and Prevention","233","","108557","","","0","10.1016/j.aap.2026.108557","https://www.scopus.com/pages/publications/105036708806?origin=resultslist","Establishing the context-dependent relationship between abnormal driving events (ADEs) and crash risk is fundamental for developing next-generation proactive safety systems. However, current methodologies often oversimplify by neglecting that ADE risk significance is influenced by operating contexts, and by ignoring contextual heterogeneity in event evolution within fixed pre-crash windows—both crucial for understanding crash causation and timing interventions. This study proposes a two-stage analytical framework. First, a causal forest with debiased machine learning (CF-DML) approach is employed to quantify the effect of ADE exposure on crash risk and assess its effect heterogeneity across contexts. Second, a random parameters logit model with heterogeneity in means (RPLHM) is used to characterize pre-crash temporal patterns as either ADE-dense or ADE-sparse. The analysis utilizes crash and ADE data from 2023 to 2024 on two freeways in Shandong Province, China, integrated with matched weather, traffic, and roadway geometry. Results show that hard acceleration and braking are positively associated with crash risk under pronounced context-specific heterogeneity, while sharp turning consistently correlates with reduced risk. Several contextual variables—including temperature, traffic volume, truck proportion, and speed dispersion—significantly moderate the ADE-crash relationship. The pre-crash ADE distribution is closely linked to temperature, wind speed, daytime, traffic volume, speed dispersion, and crash type. Accordingly, three prototypical risk contexts are identified: ADE-informative (where ADE exposure strongly indicates crash risk), pre-crash ADE-dense, and pre-crash ADE-sparse. Targeted traffic management countermeasures proposed for each context advance the mechanistic understanding of crash risk and provide a foundation for developing targeted, context-sensitive, and effective safety interventions. © 2026 Elsevier Ltd. All rights are reserved, including those for text and data mining, AI training, and similar technologies.","Abnormal driving events; Causal forests; Context-specific heterogeneity; Crash risk; Freeway safety; Random parameters logit","Acceleration; Accidents, Traffic; Automobile Driving; China; Environment Design; Humans; Logistic Models; Machine Learning; Risk Assessment; Risk Factors; Weather; Dispersions; Forestry; Highway accidents; Highway administration; Highway engineering; Highway traffic control; Information management; Learning systems; Motor transportation; Risk assessment; Risk management; Wind; Abnormal driving event; Causal forest; Context-specific heterogeneity; Crash risk; Driving events; Event risks; Freeway safeties; Pre crashes; Random parameters logit; Traffic volumes; area under  the  RATE  curve; area under the curve; Article; causal  inference; conceptual framework; debiased machine learning; dispersity; freeways crash risk; geometry; heterogeneous relationship; highway; human; machine learning; mitigation; random parameters logit; risk factor; safety procedure; speed dispersion; speeding (driving); traffic accident; treatment response; velocity; weather; weather dataset; weather forecasting; wind speed; acceleration; car driving; China; environmental planning; risk assessment; risk factor; statistical model; Data mining","Article","Final","","Scopus","2-s2.0-105036708806"
"Lee Y.; Medina C.A.; Xu Z.","Lee, Yangming (60375707400); Medina, Cesar A. (57216748041); Xu, Zhanyou (57369629000)","60375707400; 57216748041; 57369629000","Disentangling direct and pleiotropic SNP effects in alfalfa (Medicago sativa L.) using causal graph learning","2026","Scientific Reports","16","1","5216","","","0","10.1038/s41598-026-35876-w","https://www.scopus.com/pages/publications/105029553925?origin=resultslist","Alfalfa (Medicago sativa L.) is a critical forage crop whose improvement depends on resolving the complex genetic architecture of agronomic traits. While genome-wide association studies (GWAS) effectively identify statistically associated markers, they often fail to distinguish direct genetic effectors from indirect or pleiotropic signals arising from linkage disequilibrium and population structure. Here, we present a causal graph based genomic discovery framework that integrates de-confounded feature screening with causal graph learning to infer directional dependency structures from observational genomic data. Using Double Machine Learning to control for confounding and the PC algorithm for structural learning, we construct directed acyclic graphs that distinguish Direct Parent SNPs (DPSs), representing local effectors within the Markov Blanket of a trait, from Upstream Hub SNPs (UHSs), representing pleiotropic regulators with broad network connectivity. Applied to four stem-related traits in alfalfa, the framework reduces genome-wide associations to compact, interpretable causal-consistent networks. Predictive validation demonstrates that DPSs consistently outperform both upstream UHSs and random controls, confirming their role as precise trait-specific biomarkers, while UHSs exhibit limited direct predictive power consistent with signal dilution along causal pathways. Together, these results demonstrate that causal graph learning can act as a biologically grounded regularizer for GWAS in polyploid crops, enabling principled marker prioritization and providing a structural foundation for future multi-omics integration. © This is a U.S. Government work and not under copyright protection in the US; foreign copyright protection may apply 2026.","Alfalfa; Causal discovery; Causal graphical framework; Direct parent SNPs; Upstream Hub SNPs","Algorithms; Genetic Pleiotropy; Genome-Wide Association Study; Linkage Disequilibrium; Machine Learning; Medicago sativa; Phenotype; Polymorphism, Single Nucleotide; Quantitative Trait Loci; alfalfa; algorithm; gene linkage disequilibrium; genetics; genome-wide association study; machine learning; phenotype; pleiotropy; quantitative trait locus; single nucleotide polymorphism","Article","Final","All Open Access; Gold Open Access; Green Open Access","Scopus","2-s2.0-105029553925"
"Fang H.","Fang, Heyuan (59916591300)","59916591300","A causal inference for digital infrastructure construction and green innovation using double machine learning","2026","Discover Computing","29","1","32","","","3","10.1007/s10791-026-09922-0","https://www.scopus.com/pages/publications/105027813210?origin=resultslist","During global digital transformation, advancing digital infrastructure has emerged as a catalyst for green development in China. Leveraging the Broadband China Pilot policy as a quasi-natural experiment for digital infrastructure construction, this study employs double machine learning models and panel data of 285 Chinese cities from 2010 to 2022 to evaluate the policy’s impact on urban green innovation. Results demonstrate that digital infrastructure development significantly enhances both the quantity and quality of urban green innovation. These findings withstand robustness checks, including sample adjustments and model respecification. Mechanistic analyses reveal that digital infrastructure facilitates innovators’ access to environmental, technological, and market-related information, enabling more targeted and cost-effective green innovation. Heterogeneity analyses indicate a stronger policy effect on high-quality green innovation in eastern, western, and non-resource-dependent cities. This study provides critical insights for leveraging digital infrastructure to advance sustainable economic development through green innovation. © The Author(s) 2026.","Digital infrastructure; Double machine learning; Green innovation; Information accessibility","","Article","Final","All Open Access; Gold Open Access; Green Open Access","Scopus","2-s2.0-105027813210"
"Chen Y.; Hu Y.","Chen, Yinfeng (60008531800); Hu, Ying (58189296400)","60008531800; 58189296400","Global Value Chain Embedding and Low-Carbon Innovation Transition: A Sustainable Development Perspective on Carbon-Intensive Industries","2026","Sustainability (Switzerland)","18","15","7767","","","0","10.3390/su18157767","https://www.scopus.com/pages/publications/105047185464?origin=resultslist","The innovation-driven transformation of carbon-intensive industries is central to global climate governance and sustainable industrial specialization. Integrating Global Value Chain (GVC) embedding, external environmental dynamics, and industrial innovation, this study utilizes micro-to-macro extracted panel data from China’s carbon-intensive industries from 2007 to 2023 to construct a double debiased machine learning (DDML) model. We identify a robust innovation-promoting effect driven by both GVC participation and the GVC Domestic Content Ratio (DCR). Employing a causal mediation framework, we reveal that GVC embedding indirectly drives innovation by reshaping four functional dimensions: upgrading intermediate export quality, stimulating technology market activity, internalizing climate policy uncertainty, and aligning environmental violation disclosure. Furthermore, structural heterogeneity tests demonstrate that mature resource-based cities and backward-linked industries benefit substantially from learning-by-doing effects. In contrast, forward-linked industries and non-mature cities face an elevated risk of a positioning paradox and comparative advantage lock-in. This study provides rigorous empirical evidence for advancing SDG 9 in developing economies seeking to reconcile deeper global economic integration with carbon neutrality objectives. © 2026 by the authors.","carbon-intensive industry; global economic integration; global value chain; industrial innovation; sustainable development","China; carbon emission; comparative advantage; economic integration; environmental policy; export; global climate; heterogeneity; innovation; sustainable development","Article","Final","All Open Access; Gold Open Access","Scopus","2-s2.0-105047185464"
"Wang G.; Li J.; Mao J.; Fan L.; Ma X.; Yang M.; Liang Y.; Geng Y.; Li Y.","Wang, Guangyu (55738671300); Li, Jiangyue (57211879076); Mao, Jiefei (56597350300); Fan, Lianlian (54397095400); Ma, Xuexi (56779279700); Yang, Meiniu (57392775200); Liang, Yuanye (58555184200); Geng, Yixin (59756159100); Li, Yaoming (57200339660)","55738671300; 57211879076; 56597350300; 54397095400; 56779279700; 57392775200; 58555184200; 59756159100; 57200339660","Aridity-driven transition of soil organic carbon dominance from microbial- to plant-derived carbon","2027","Soil and Tillage Research","265","","107379","","","0","10.1016/j.still.2026.107379","https://www.scopus.com/pages/publications/105045207862?origin=resultslist","Soil organic carbon (SOC) constitutes one of the largest carbon reservoirs in terrestrial ecosystems, and its persistence plays a critical role in regulating the global carbon cycle and climate-carbon feedbacks. In dryland grasslands, however, the relative contributions of plant- versus microbial-derived carbon to SOC, as well as the environmental factors that modulate these contributions, remain poorly constrained. Using large-scale soil sampling across Central Asian grasslands, we quantified plant- and microbial-derived carbon in surface soils with amino sugar and lignin phenol biomarkers, and applied random forest, double machine learning and Bayesian structural equation modeling to identify drivers and regulatory pathways. At the regional scale, plant- and microbial-derived carbon contributed comparable proportions to SOC, but their relative contributions varied with both SOC content and aridity. Specifically, low-SOC soils exhibited higher proportions of plant-derived carbon, whereas high-SOC soils were relatively enriched in microbial-derived carbon. Along the aridity gradient, the proportion of microbial-derived carbon within the SOC pool decreased concurrently with an increase in the plant-derived fraction, marking an inversion in source dominance at an aridity (1–Aridity Index) of 0.78. This pattern suggests that intensified moisture limitation restricts microbial contributions, thereby leading to a greater retention of plant-derived carbon. Among environmental variables, total nitrogen was consistently identified as a key predictor of both plant- and microbial-derived carbon. While vegetation productivity influenced both microbial- and plant-derived carbon, microbial-derived carbon showed additional associations with soil properties and climatic conditions. Structural equation modeling further revealed a reorganization of regulatory pathways: under lower aridity, SOC-source composition was more closely associated with nutrient status, whereas under higher aridity, direct abiotic constraints were amplified, implying reduced microbial transformation under severe water stress. These results provide spatial evidence for a climate-sensitive transition in SOC accumulation pathways in drylands, improving mechanistic understanding necessary for predicting carbon persistence under increasing aridity. © 2026 Elsevier B.V. All rights are reserved, including those for text and data mining, AI training, and similar technologies.","Aridity gradient; Dryland grasslands; Microbial-derived carbon; Plant-derived carbon; Soil organic carbon","Carbon; Ecosystems; Forestry; Moisture; Plants; Ratios; Retention; Soil; Carbon cycle; Data mining; Ecosystems; Forestry; Learning systems; Moisture; Soil surveys; Soils; Aridity gradient; Derived carbons; Dry land; Dryland grassland; Microbial-derived carbon; Microbials; Plant-derived carbon; Relative contribution; Soil organic carbon; Structural equation models; aridity; carbon cycle; grassland; lignin; machine learning; phenol; soil organic matter; sugar; Organic carbon","Article","Final","","Scopus","2-s2.0-105045207862"
"Wan S.","Wan, Shenwei (58125802800)","58125802800","Place-based ecological restoration and self-rated health: Quasi-experimental evidence from China","2026","Economics and Human Biology","62","","101636","","","0","10.1016/j.ehb.2026.101636","https://www.scopus.com/pages/publications/105046473877?origin=resultslist","Large-scale ecological restoration is increasingly promoted as a strategy for environmental sustainability, but its implications for population health remain underexamined. We study whether China's national ecological restoration pilot improved residents’ self-rated health, and through which pathways these effects emerged. Using six waves of the China Family Panel Studies and the staggered rollout of the pilot across prefecture-level cities, we estimate two-way fixed-effects difference-in-differences models linking policy exposure to individual health outcomes. Ecological restoration was associated with a 0.1697-point increase in self-rated health on a five-point scale. Event-study estimates showed no evidence of differential pre-policy trends, and results were robust to placebo tests, Goodman-Bacon decomposition, propensity score matching, double machine learning, instrumental-variable analyses, and adjustment for overlapping environmental policies. Mediation analyses suggest that the health gains operated through environmental and biophysical, economic and material, and psychosocial pathways, including lower PM₂.₅ concentrations, greater greenness, reduced chronic disease, longer sleep duration, more frequent exercise, improved visibility, lower income inequality, higher perceived socioeconomic status, greater life satisfaction, and higher household income. Policy exposure was also associated with lower household medical and preventive-health expenditures. These findings suggest that place-based ecological restoration can function as a population health intervention by reshaping environmental exposures, material resources, and psychosocial conditions. © 2026","Cost-benefit; Difference-in-differences; Ecological restoration; Mediation analysis; Self-rated health","Adult; China; Conservation of Natural Resources; Environmental Restoration and Remediation; Female; Health Status; Humans; Male; Middle Aged; Socioeconomic Factors; adult; aged; Article; China; chronic disease; concentration (parameter); conceptual framework; controlled study; cost benefit analysis; dependent variable; ecological restoration; environmental exposure; environmental policy; exercise; explanatory variable; family; female; general health status assessment; health care cost; health care policy; health outcome; household; household income; human; income inequality; instrumental variable analysis; life satisfaction; machine learning; male; mediation analysis; particulate matter 2.5; population health; propensity score; quasi experimental study; self rated health; sleep time; social psychology; social status; China; ecosystem restoration; environmental protection; health status; middle aged; socioeconomics","Article","Final","","Scopus","2-s2.0-105046473877"
"Yang Z.; Kwan M.-P.; Zhang Y.","Yang, Zhenchuan (57225049755); Kwan, Mei-Po (7005364475); Zhang, Yan (57221362655)","57225049755; 7005364475; 57221362655","Spatiotemporal associations between PM2.5, greenspace, physical activity, and stress: a geographic ecological momentary assessment study in Hong Kong","2026","Environmental Research","308","","125659","","","0","10.1016/j.envres.2026.125659","https://www.scopus.com/pages/publications/105050440041?origin=resultslist","Urban environmental health studies often use static residence-based exposures, overlooking how mobility, cumulative exposure, and activity-travel contexts shape environmental perceptions, behavior and mental health. We examined the temporal- and context-specific associations among PM2.5, eye-level greenspace, physical activity, environmental perceptions, and perceived stress in Hong Kong. A two-day geographic ecological momentary assessment (GEMA) of 800 adults integrated 1.7 million PM2.5 measurements, 2.1 million accelerometer records, 4,800 GEMA assessments, and eye-level greenspace from 4.3 million street-view images. Exposures and physical activity were summarized from 5- to 600-min windows and analyzed across eight contexts using a directed acyclic graph-guided multi-relation double machine learning (DAG-MR-DML) framework. Associations varied substantially across contexts and exposure windows. Higher PM2.5 was associated with more light-intensity physical activity but less moderate-to-vigorous physical activity overall, whereas context-specific associations differed in direction. Objective greenspace showed limited associations with physical activity and was associated with higher stress overall but lower stress during mixed activities and active travel. By contrast, better perceived greenspace was associated with more physical activity and lower stress in selected contexts. Objective greenspace was not associated with better perceived greenspace overall and showed opposing context-specific estimates. Higher PM2.5 was associated with poorer perceived air quality, whereas perceived air pollution was associated with higher stress but not with physical activity. Cumulative PM2.5 and physical activity showed no sustained overall associations with stress, although context-specific associations ranged from beneficial to adverse. These findings demonstrate that mobility contexts and cumulative windows substantially influence environmental-health associations, highlighting the need for context-aware urban health interventions. © 2026 The Authors","Activity and travel contexts; Air pollution; Double machine learning; Greenspace; Mobility-based approach; Perceived stress; Physical activity","Learning systems; Machine learning; Activity and travel context; Double machine learning; Geographics; Green spaces; Hong-kong; Machine-learning; Mobility-based approach; Perceived stress; Physical activity; PM 2.5; Air quality","Article","Final","All Open Access; Hybrid Gold Open Access","Scopus","2-s2.0-105050440041"
"Wang Y.","Wang, Yuan (60646475500)","60646475500","Deconstructing the green productivity paradox: How AI-enabled green innovation shapes efficiency and technological change","2026","Technological Forecasting and Social Change","230","","124757","","","2","10.1016/j.techfore.2026.124757","https://www.scopus.com/pages/publications/105039900322?origin=resultslist","Manufacturing firms in China have become more active in AI-enabled green innovation (AIGI) with the support of the dual‐carbon agenda and increasingly strict environmental regulation. Yet the productivity returns to AIGI remain uneven. This study examines whether AIGI can explain differences in green total factor productivity (GTFP) and contribute to narrowing such gaps. Using firm-level data from Chinese manufacturing firms and double machine learning, the results reveal an asymmetric pattern: AIGI improves GTFP mainly through green efficiency change (GEC), while its short-run association with green technological change (GTC) is negative. This suggests that early productivity gains arise less from frontier-level green breakthroughs than from embedding AIGI into production, management, and organizational routines. The effect is more pronounced in pollution-intensive industries, state-owned enterprises, and firms outside eastern China. Mechanism tests confirm that the efficiency channel operates through improved resource allocation and a shift of innovation effort toward application and deployment. Digital strategy intensity weakens these gains and further strengthens the negative effect on GTC, reflecting integration burdens and capability rigidity in highly digitized firms. © 2026 Elsevier Inc.","AI-enabled green innovation; Digital strategy intensity; Green efficiency change; Green technological change; Green total factor productivity; Manufacturing firms","China; Environmental regulations; Green manufacturing; Technological forecasting; AI-enabled green innovation; Digital strategies; Digital strategy intensity; Green efficiency change; Green innovations; Green technological change; Green total factor productivity; Manufacturing firms; Technological change; Total factor productivity; artificial intelligence; digitization; innovation; manufacturing; sustainability; sustainable development; technological change; total factor productivity; Efficiency","Article","Final","","Scopus","2-s2.0-105039900322"
"Nam J.W.; Choi E.Y.; Ailshire J.A.; Chiang Y.-Y.","Nam, Jong Woo (57365600600); Choi, Eun Young (57211849395); Ailshire, Jennifer A. (24821265600); Chiang, Yao-Yi (60786965900)","57365600600; 57211849395; 24821265600; 60786965900","Unveiling population heterogeneity in health risks posed by environmental hazards using regression-guided neural network","2026","Scientific Reports","16","1","24483","","","1","10.1038/s41598-026-54345-y","https://www.scopus.com/pages/publications/105046650497?origin=resultslist","As environmental hazards become more frequent, it is critically important to understand their health impacts and identify individuals at disproportionately higher risk. Moderated Multiple Regression (MMR) provides a straightforward approach for investigating population heterogeneity by incorporating interaction terms between hazard exposure and population characteristics into a regression model. However, when vulnerabilities are embedded within complex, high-dimensional covariate spaces, MMR often fails to adequately model complex population heterogeneity. Here, we introduce a hybrid method, Regression-Guided Neural Networks (ReGNN), which integrates the flexibility of artificial neural networks (ANNs) within the structural form of a regression model. Briefly, ReGNN embeds an ANN inside a regression equation to generate a latent representation that nonlinearly combines potential sources of heterogeneity and moderates the effect of an environmental hazard. Because the outer layer maintains a regression structure, it delivers statistically robust inference while preserving traditional interpretability if augmented with Double Machine Learning (DML)-style residualization and cross-fitting. Through extensive simulation studies, we demonstrate ReGNN’s effectiveness in modeling complex heterogeneous effects. We further illustrate its utility by applying it to investigate population heterogeneity in the association of air pollution (PM2.5) with cognitive functioning scores. By comparing ReGNN’s results with those from traditional MMR models, we show that ReGNN can uncover patterns of heterogeneity that would otherwise remain hidden. © The Author(s) 2026.","","Air Pollution; Computer Simulation; Environmental Exposure; Humans; Neural Networks, Computer; Regression Analysis; adverse event; air pollution; artificial neural network; computer simulation; environmental exposure; human; regression analysis","Article","Final","All Open Access; Gold Open Access; Green Open Access","Scopus","2-s2.0-105046650497"
"Jia K.; Sun J.; Li B.","Jia, Kaiwei (57724860400); Sun, Jingyan (60861590800); Li, Bohua (57785783000)","57724860400; 60861590800; 57785783000","GAN and DML for causal inference: Does FinTech innovation reduce bank liquidity risk?","2026","Finance Research Letters","110","","110608","","","0","10.1016/j.frl.2026.110608","https://www.scopus.com/pages/publications/105050165840?origin=resultslist","Whether and how FinTech innovation affects banking liquidity risk remains debated, partly due to small, biased samples and confounding factors in existing empirical studies. To address these methodological challenges, we introduce an integrated approach that combines Generative Adversarial Networks (GAN) for data augmentation and Double Machine Learning (DML) for causal inference, alongside a text-based metric for measuring FinTech innovation. The results show that FinTech innovation significantly reduces banks' liquidity risk. GAN-augmented samples yield smaller standard errors, confirming the effectiveness of our approach in mitigating sample bias. Further mechanism analysis reveals that reducing information asymmetry and alleviating maturity mismatch are key channels through which FinTech innovation lowers liquidity risk. This study provides a robust empirical framework for small-sample research and offers practical insights for banks seeking to manage liquidity risk in the digital era.  © 2026 Elsevier Inc.","Banking liquidity risk; DML; Fintech; GAN; Information asymmetry; Mismatch of maturity","","Article","Final","","Scopus","2-s2.0-105050165840"
"Zhang Z.; Wang J.","Zhang, Zishan (60867013400); Wang, Ji (60866708700)","60867013400; 60866708700","Intelligent Manufacturing Pilot Demonstrations and Corporate ESG Performance: Evidence from Chinese Listed Manufacturers","2026","Sustainability (Switzerland)","18","17","8650","","","0","10.3390/su18178650","https://www.scopus.com/pages/publications/105050245318?origin=resultslist","This study examines whether China’s Intelligent Manufacturing Pilot Demonstration Program is associated with changes in Huazheng-rated environmental, social, and governance (ESG) performance among listed manufacturing firms. Using a panel of 2581 firms from 2012 to 2022, we exploit the staggered admission of 91 pilot firms. The preferred doubly robust group-time difference-in-differences estimator yields an average treatment effect of 0.881 Huazheng points, positive at the 10% level. The conventional firm and year fixed-effects estimate is 1.801 points and significant at the 1% level; it is retained as a benchmark rather than the main policy estimate. The direction remains positive across alternative fixed effects, lagged controls, a pre-COVID-19 sample, reweighting, matching, stacked estimation, randomization inference, wild-cluster bootstrap inference, and leave-one-out tests. Under the benchmark specification, the environmental and governance ratings rise significantly, whereas the social estimate is imprecise. The organizational regressions are consistent with possible information verification, managerial incentive, and financing channels, and cross-fitted double machine learning provides a functional-form check. Overall, pilot designation is associated with higher Huazheng-rated ESG performance, with evidence consistent with a possible policy effect. Selective designation and the provider-specific outcome preclude stronger claims about independently verified corporate sustainability. © 2026 by the authors.","China; Huazheng ESG ratings; intelligent manufacturing; small-sample inference; staggered difference-in-differences","China; firm size; governance approach; machine learning; manufacturing; policy approach; spatiotemporal analysis","Article","Final","All Open Access; Gold Open Access","Scopus","2-s2.0-105050245318"
"Chen W.; Tao C.; Zheng Y.; Shu J.; Liao H.","Chen, Wei (60550239400); Tao, Changqi (25928845900); Zheng, Yang (60549787300); Shu, Jia (60550018600); Liao, Huizhen (60550131000)","60550239400; 25928845900; 60549787300; 60550018600; 60550131000","Deciphering the code of climate policy in facilitating cross-boundary digital innovation for traditional enterprises: novel insights from patient capital","2026","Journal of Innovation and Knowledge","16","","101032","","","0","10.1016/j.jik.2026.101032","https://www.scopus.com/pages/publications/105034502894?origin=resultslist","This study examines how climate policies (CPs) facilitate traditional enterprises’ cross-boundary digital innovation (CBDI), with a particular focus on the interplay between capital structure and governance mechanisms. The empirical strategy employs a multi-period difference-in-differences approach for causal identification, complemented by double machine learning for robust inference and fuzzy-set Qualitative Comparative Analysis (fsQCA) to elucidate complex causal configurations. This integrated approach enables us to uncover the underlying mechanisms through which CP shapes innovation trajectories. The empirical results demonstrate that CP promotes digital innovation, particularly under optimised governance and capital conditions. Strategic equity enhances policy effectiveness through governance embedding, whereas relational capital exhibits a suppression–facilitation trajectory due to financial stability considerations. The fsQCA reveals two distinct innovation pathways that we label the Governance-Infused Capital Path and the Scale-Driven Capital Transformation Path, both of which underscore the synergistic roles of capital governance and firm scale in fostering innovation. Heterogeneity analysis reveals that densely populated regions and smaller firms exhibit stronger responsiveness to CP. The primary theoretical contribution of this study is delineating the dynamic correlations between CP, capital attributes and innovation outcomes and advancing knowledge on the influence of patient capital as a conduit for sustainable digital transformation. The findings provide actionable insights for policy design and open promising avenues for future inquiry at the nexus of climate governance and digital innovation. © 2026 The Author(s).","Climate policy; Dynamic adjustment; Patient capital; Traditional enterprises’ cross-boundary digital innovation","","Article","Final","All Open Access; Gold Open Access","Scopus","2-s2.0-105034502894"
"Lu F.; Wang J.; Zhai X.","Lu, Fei (57639582400); Wang, Jinsu (60784631500); Zhai, Xinglong (58039714000)","57639582400; 60784631500; 58039714000","Does culture-tourism integration policy enhance urban ecological resilience? Evidence from a multi-period difference-in-differences analysis of Chinese cities","2026","Frontiers in Public Health","14","","1870242","","","0","10.3389/fpubh.2026.1870242","https://www.scopus.com/pages/publications/105047003713?origin=resultslist","Objective – Global climate change and intensive human activities have posed escalating threats to urban ecosystem stability, underlining the critical role of strengthening ecological resilience in safeguarding environmental health and sustainable urban development. However, whether comprehensive industrial policies such as culture-tourism integration can effectively enhance ecological resilience remains insufficiently examined, particularly through causal inference approaches. Methods – Using panel data from 284 prefecture-level cities in China spanning 2010–2023, this study employs a multi-period difference-in-differences design as the core identification strategy to investigate the impact of culture-tourism integration policies on urban ecological resilience. A battery of robustness checks including PSM-DID, placebo tests, instrumental variable estimation, and double machine learning are adopted to support the reliability and plausibility of the results. Results – The results demonstrate that these policies significantly enhance urban ecological resilience, and this conclusion remains robust across multiple specifications. Mechanism analysis reveals that culture-tourism integration policies operate via three potential transmission channels: industrial structure upgrading, green technology innovation, and increased public environmental awareness. Heterogeneity analysis further reveals that the policy effects are statistically significant across all regions but exhibit greater marginal effects in central and western regions; the effects are more pronounced in non-designated historical and cultural cities and in higher-tier cities such as municipalities and provincial capitals. Conclusion – These findings provide robust empirical evidence that integrated culture-tourism strategies can synergize economic growth and ecological conservation, may generate public health co-benefits and have potential implications for environmental health. This study yields important policy implications for environmental health governance and sustainable development in emerging economies in alignment with the United Nations Sustainable Development Goals. Copyright © 2026 Lu, Wang and Zhai.","culture-tourism integration; difference-in-differences; double machine learning; ecological resilience; environmental health; green technology innovation; industrial structure upgrading; public environmental awareness","China; Cities; Climate Change; Conservation of Natural Resources; Culture; Ecosystem; Environmental Health; Humans; Sustainable Development; Tourism; China; city; climate change; cultural anthropology; ecosystem; environmental health; environmental protection; human; sustainable development; tourism","Article","Final","All Open Access; Gold Open Access; Green Open Access","Scopus","2-s2.0-105047003713"
"Wu H.; Li J.; Chen Y.; Liu D.","Wu, Hanrui (59334561700); Li, Jingyi (60784670900); Chen, Yao (60819058600); Liu, Dewen (55794967900)","59334561700; 60784670900; 60819058600; 55794967900","Dual-pilot policy, supervisory technology and overseas technology investment: Evidence from high-tech firms in China","2026","International Review of Economics and Finance","111","","105786","","","0","10.1016/j.iref.2026.105786","https://www.scopus.com/pages/publications/105048908242?origin=resultslist","Firms' overseas innovation activities are shaped by multiple national policies and are unlikely to respond substantially to a single policy in isolation. Against this background, this study examines whether two place-based innovation policies in China (the National Innovation Demonstration Zones and the Comprehensive Innovation Reform Pilot Zones) promote overseas technology investment by A-share listed high-tech firms. Using panel data for 2009–2023, we apply a Double Machine Learning approach to estimate the effect of the dual-policy framework. The results show that the dual pilot policy significantly increases firms’ overseas technology investment, and that its effect is stronger than that of either policy implemented alone, suggesting a significant synergistic relationship between innovation policies. We further investigate the moderating role of supervisory technology procurement and find an inverted-U-shaped effect on the relationship between the dual pilot policy and overseas technology investment. Heterogeneity analysis shows that the policy effect is concentrated among non-state-owned firms, firms with weaker innovation capability, and firms located in eastern China. This study contributes to institutional complementarity and collaborative governance research and provides practical implications for optimizing policy bundles and calibrating digital supervision. Copyright © 2026. Published by Elsevier Inc.","Collaborative governance; Dual-pilot policy; Institutional complementarity; Overseas technology investment; Supervisory technology","","Article","Final","All Open Access; Gold Open Access","Scopus","2-s2.0-105048908242"
"Youssef A.B.; Dahmani M.; La Torre D.","Youssef, Adel Ben (57202052557); Dahmani, Mounir (27867446900); La Torre, Davide (57317976900)","57202052557; 27867446900; 57317976900","Green finance and the efficiency of energy transition policies: An integrated MCDA and SHAP approach for OECD countries","2026","Journal of Cleaner Production","575","","149309","","","0","10.1016/j.jclepro.2026.149309","https://www.scopus.com/pages/publications/105047881251?origin=resultslist","This study examines how green finance strategies influence energy transition performance in 31 OECD countries. It combines a structured, literature-based indicator framework with WSM, TOPSIS, SMAA robustness analysis, and interpretable machine learning via Random Forest, XGBoost, and SHAP, and double machine learning for orthogonalized effect estimation. The results reveal significant differences among countries, with Denmark ranking as the top performer and several others constrained by fossil fuel dependence and structural barriers. The XGBoost model predicts the SMAA-based country ranking with an R2 value of 0.447. SHAP analysis identifies real GDP per capita, renewable energy public RD&D, and green patents as the three strongest predictors of transition performance rankings, followed by environmentally related tax revenues and energy productivity. Double machine learning shows that environmental tax revenues carry a robust orthogonalized effect on the transition rank, stable across nuisance learners and control sets. The 31 OECD countries fall into three strategic profiles: 8 renewable-dominant, 8 intermediate-transition, and 15 fossil-dominant. These findings demonstrate that effective green finance strategies require coherence among fiscal instruments, innovation support, energy productivity, and country-specific structural conditions. The study provides a comparative framework for designing differentiated policy strategies aligned with national transition capacities. © 2026 Elsevier Ltd.","Double machine learning; Energy transition; Green finance; OECD countries; SHAP; SMAA; TOPSIS","Economics; Energy policy; Fossil fuels; Learning systems; Machine learning; Patents and inventions; Taxation; Double machine learning; Energy productivity; Energy transitions; Green finance; Machine-learning; OECD countries; SHAP; SMAA; Tax revenue; TOPSIS; Energy transition","Article","Final","All Open Access; Green Open Access; Hybrid Gold Open Access","Scopus","2-s2.0-105047881251"
"Munir S.; Rashid M.; Shams H.A.","Munir, Saqib (60033712900); Rashid, Mushab (57193947932); Shams, Haider Ali (58554070500)","60033712900; 57193947932; 58554070500","The stability trap and the Biomass Paradox: conditional evidence from a hybrid ARDL-DML analysis of just energy transitions in the Global South","2026","SN Social Sciences","6","8","324","","","0","10.1007/s43545-026-01614-2","https://www.scopus.com/pages/publications/105046292141?origin=resultslist","The‍‌‍‍‌ Just Energy Transition (JET) in the Global South is a challenging and complex issue, being at the energy-poverty, sovereign financing, and geopolitical fragmentation intersection. This paper argues against the generally accepted view that geopolitical stability (GS) helps decarbonization in energy-import-dependent (EID) countries. We develop a hybrid Autoregressive Distributed Lag (ARDL) and Double Machine Learning (DML) framework to estimate conditional causal effects to investigate a panel of 29 Global South countries (1999–2024). Conventional dynamic models (ARDL) depict a positive association (+ 0.070) for the GS × EID interaction. Conventional dynamic models (ARDL) depict a positive association (+ 0.070) for the GS × EID interaction. In contrast, our Double Machine Learning (DML) conditional estimates for aggregate renewable consumption indicate a substantial sign reversal (estimate: -0.102). However, we reveal that this ‘Stability Trap’ is highly metric-dependent. When we exclude traditional biomass and estimate the model using strictly modern renewable electricity output, the conditional estimate reverses to a positive direction (+ 0.121), and ARDL confirms a significant positive long-run effect (+ 0.021, p < 0.05). This demonstrates that the negative penalty in aggregate metrics is largely a statistical artifact of the ‘Biomass Paradox.’ When modern green grid infrastructure is isolated, geopolitical stability is associated with a positive transition effect. We interpret this as a measurement artifact rather than a uniform failure of modern green investment. © The Author(s), under exclusive licence to Springer Nature Switzerland AG 2026.","Biomass Paradox; Causal inference; Double Machine Learning (DML); Geopolitical fragmentation; Global South; Just Energy Transition (JET); Stability trap","","Article","Final","","Scopus","2-s2.0-105046292141"
"Yu Z.; Zhang Z.; Yuan R.","Yu, Zhangqi (60416406300); Zhang, Zuopei (58016891600); Yuan, Runsong (57962308100)","60416406300; 58016891600; 57962308100","Identifying the causal effects of photovoltaic installations on grassland productivity using double machine learning: a case study in inner Mongolia","2026","Scientific Reports","16","1","7526","","","1","10.1038/s41598-026-39023-3","https://www.scopus.com/pages/publications/105031102754?origin=resultslist","Driven by the global energy transition and the “dual-carbon” goals, the rapid deployment of large-scale photovoltaic (PV) installations has profoundly reshaped land surface processes. This transformation is particularly pronounced in arid and semi-arid grassland ecosystems, where the potential ecological impacts of PV construction remain both critical and controversial. However, most existing studies rely primarily on correlation analyses, which fail to accurately identify the true causal effects of PV installations on ecosystem productivity. In this study, we focus on typical grasslands in Inner Mongolia, China, integrating multi-source remote sensing datasets including MODIS net primary productivity (NPP), meteorological, topographic, and anthropogenic factors. A double machine learning (DML) approach is employed within a quasi-experimental framework to quantify the ecological causal effects of PV construction. The results reveal that the average treatment effect (ATE) of PV installation on grassland NPP is − 0.00427 (p > 0.05), indicating a statistically insignificant overall impact. Nevertheless, substantial spatial heterogeneity exists: approximately 62.1% of PV sites exhibit positive ecological effects, whereas 37.9% show negative ones. SHapley Additive exPlanations (SHAP) based analysis further identifies that the spatial variability of PV-induced ecological effects is primarily regulated by environmental factors such as distance to water bodies, mean annual temperature, potential evapotranspiration, soil moisture, and drought index. This study demonstrates the effectiveness and advantages of the DML framework in identifying causal ecological interventions. The findings provide a scientific basis for implementing “ecology-prioritized, site-specific” PV development strategies and highlight the necessity of integrating ecological baseline assessments and spatially precise management to achieve a synergy between energy security and ecosystem conservation. © The Author(s) 2026.","Causal inference; Double machine learning; Grassland ecosystems; Net primary productivity; Photovoltaic","adult; article; case study; controlled study; double blind procedure; drug therapy; ecosystem; grassland; human; Inner Mongolia; machine learning; photovoltaics; productivity","Article","Final","All Open Access; Gold Open Access; Green Open Access","Scopus","2-s2.0-105031102754"
"Xiong Y.; Wang R.; Liu Z.; Zhang W.; Jiang X.; Lei X.","Xiong, Ying (60815101900); Wang, Rui (60814663900); Liu, Zejie (60814885000); Zhang, Wenbin (60814451900); Jiang, Xuchu (56433857900); Lei, Xiaosu (60814452000)","60815101900; 60814663900; 60814885000; 60814451900; 56433857900; 60814452000","Development of the Digital Economy and the Upgrading of Residents’ Consumption Structure: Spatial Spillovers and Heterogeneous Evidence from Chinese Provinces","2026","Sustainability (Switzerland)","18","16","8255","","","0","10.3390/su18168255","https://www.scopus.com/pages/publications/105048789348?origin=resultslist","The existing research has rarely integrated within-province associations, interprovincial spatial linkages, and multidimensional heterogeneity when examining how digitalization is related to increasing household consumption. Using a balanced panel of 30 provincial-level regions in China for 2011–2023, compiled from national and provincial statistical yearbooks (CSMAR) and the Peking University Digital Financial Inclusion Index, this study constructs a 0–1 digital economy development index with entropy-weighted TOPSIS. Two-way fixed effects estimate the average within-province relationship; global and local Moran’s I and a spatial Durbin model evaluate spatial dependence and decompose direct, indirect, and total effects. Panel quantile regressions and alternative spatial weight matrices serve as robustness checks, whereas instrumental variables and double/debiased machine learning provide supplementary identification evidence. Digital economy development is positively associated with consumption upgrading in the baseline model. Under economic distance weights, the direct, indirect, and total effects are all significantly positive, although their structure differs across consumption categories, urban and rural groups, regions, and temporal stages. The findings support combining digital infrastructure with service capacity, skills, consumer protection, and interprovincial governance while avoiding uniform policy prescriptions across regions. © 2026 by the authors.","digital economy development; double machine learning; spatial Durbin model; spatial heterogeneity; spatial spillover; upgrading of residents’ consumption structure","China; digitization; economic development; heterogeneity; infrastructure planning; machine learning; research method; spillover effect","Article","Final","All Open Access; Gold Open Access","Scopus","2-s2.0-105048789348"
"Zhuo S.; Jia L.","Zhuo, Shuaihe (56656120800); Jia, Lin (58690631800)","56656120800; 58690631800","Between degrees and dreams: Overeducation, digital literacy, and migration in China","2026","Technology in Society","89","","103504","","","0","10.1016/j.techsoc.2026.103504","https://www.scopus.com/pages/publications/105048094294?origin=resultslist","This study examines how overeducation, digital literacy, and demographic heterogeneity jointly shape internal migration in China. Using nationally representative CFPS data and a multi-method empirical strategy that includes logit and probit models, propensity score matching, and double machine learning, the analysis reveals that overeducation is positively related to the likelihood of migration, and that this effect intensifies under higher digital literacy. Age and gender moderate this relationship, with older adults and women exhibiting greater sensitivity to digital literacy when overeducated. Mediation analyses show that income and job satisfaction partially transmit the effect of the overeducation-digital literacy interaction on migration. These findings demonstrate that digital literacy has become an important stratifying mechanism shaping labor market reallocation and mobility. The policy implications highlight the need for digital inclusion strategies, tertiary education reform, and the creation of new employment opportunities to foster more equitable migration outcomes. © 2026 Elsevier Ltd.","China; Digital literacy; Double machine learning; Migration; Overeducation","Employment; Learning systems; Machine learning; Public policy; China; Digital literacies; Double machine learning; Logit models; Machine-learning; Migration; Multi methods; Overeducation; Probit models; Propensity score matching; Job satisfaction","Article","Final","","Scopus","2-s2.0-105048094294"
"Simonian J.","Simonian, Joseph (9244965400)","9244965400","An Adaptive Methodology for Detecting Lagged Confounding among Equity Risk Factors","2026","Journal of Financial Data Science","8","1","","61","75","0","10.3905/jfds.2025.1.211","https://www.scopus.com/pages/publications/105035178652?origin=resultslist","This article presents a comprehensive framework for causal inference that combines the concept of mutual information with machine learning–based causal estimation. The framework provides both direct and confounder-adjusted causal effect estimates using mutual information as the primary causal measure. Key features of the methodology are a do-operator approximation through residualization and adaptive selection between causal forests and double machine learning for heterogeneous treatment effect estimation. We apply our methodology to a case study using well-known equity factors and show that accounting for both contemporaneous and lagged confounding effects among factors provides important insights about their dependency relationships that challenge conventional assumptions about the effectiveness of simple, rule-based factor premium harvesting strategies. © 2026, With intelligence. All rights reserved.","","","Article","Final","","Scopus","2-s2.0-105035178652"
"Oyenubi A.","Oyenubi, Adeola (57189843134)","57189843134","Commute duration and subjective wellbeing in developing contexts: The role of safety concerns","2026","World Development Perspectives","43","","100807","","","0","10.1016/j.wdp.2026.100807","https://www.scopus.com/pages/publications/105042902671?origin=resultslist","Noting that commute duration has increased over time and the negative relationship between commute time and wellbeing, this paper examines the relationship between commuting and wellbeing in a developing country context. The premise is that the welfare loss associated with increased travel time is not uniformly distributed and disproportionately affect those of lower socioeconomic status. Data is sourced from the Gauteng City-Region Observatory Quality of Life (QoL) survey. Adopting the multivalued treatment framework, I estimate the relationship between commute duration and subjective wellbeing using the Double Machine Learning approach. I also check the robustness of results to unobserved factors. The result shows that longer commute (>45mumites) is associated with significant decline in wellbeing and concentrated amongst those of lower socioeconomic status. The key result links the literature on commuting and wellbeing to the literature on crime/safety and wellbeing. It is shown that safety concerns do not only mediate the relationship between commute duration and subjective wellbeing, but the mediation effect is gendered. The implication is that women of lower socioeconomic status account for a large proportion of welfare loss associated with increased travel time. © 2026 The Author","Gender; Public transport; Safety","","Article","Final","All Open Access; Hybrid Gold Open Access","Scopus","2-s2.0-105042902671"
"Yu D.; Yutong R.","Yu, Duan (60800909400); Yutong, Ruan (60800731100)","60800909400; 60800731100","ESG and corporate performance: An empirical study of technological innovation in China","2026","Technology in Society","89","","103522","","","0","10.1016/j.techsoc.2026.103522","https://www.scopus.com/pages/publications/105047947462?origin=resultslist","Environmental, social, and corporate governance (ESG) not only aligns with the global sustainable development goals but also represents the best approach for transforming the economic system and promoting consistent economic development. This study explores the effect of ESG on corporate technological advancement using panel data from Chinese A-share listed companies spanning 2013–2025. The results reveal four notable findings. (1) Corporate ESG significantly enhances corporate technological innovation, and this conclusion remains robust after a series of empirical tests. (2) Corporate ESG can effectively promote information transparency, optimize resource allocation and improve absorptive capacity, further enhancing corporate technological innovation. (3) The positive effect of ESG on corporate technological innovation is more pronounced for non-state-owned enterprises, firms in the eastern region and companies located in regions with stronger intellectual property protection. (4) Corporate ESG has a non-linear impact on technological innovation. Uncertainty in ESG information disclosure can have a negative impact on high-quality corporate development. The ESG sub-components present differentiated outcomes on technological innovation. The research findings have important policy implications for promoting sustainable corporate development. © 2026 Elsevier Ltd.","Corporate performance; Disclosure uncertainty; Double machine learning; ESG","China; Economic and social effects; Economics; Engineering research; Environmental protection; Industrial management; Sustainable development; Sustainable development goals; Corporate development; Corporate governance; Corporate performance; Corporates; Disclosure uncertainty; Double machine learning; Environmental governances; Machine-learning; Technological innovation; Uncertainty; economic development; economic system; empirical analysis; machine learning; resource allocation; state owned enterprise; Sustainable Development Goal; technological development; Public policy","Article","Final","","Scopus","2-s2.0-105047947462"
"Shang Y.; Jiang Y.; Chebbi K.; Zhao X.","Shang, Yujiao (60353418400); Jiang, Yuanying (55733595300); Chebbi, Kaouther (57201781419); Zhao, Xin (57210285679)","60353418400; 55733595300; 57201781419; 57210285679","The impact of extreme climate on urban resilience in China and the associated moderating mechanisms","2026","Environmental Science and Policy","183","","104453","","","0","10.1016/j.envsci.2026.104453","https://www.scopus.com/pages/publications/105045580599?origin=resultslist","Global climate change continues to intensify, with frequent extreme climate events and abnormal climate patterns profoundly altering humanity's living environment. As a rapidly urbanising developing nation, China's practices in building resilience against extreme climate hold significant global reference value. This research constructs an Urban Comprehensive Resilience Index and an Extreme Climate Index based on Chinese urban panel data, systematically examining the impact of extreme climate on urban resilience. Findings reveal that both extreme climate and urban resilience exhibit a spatially distinct ""eastern high, western low"" gradient pattern, with fluctuating temporal trends. Among the four resilience dimensions, social and economic resilience levels have strengthened, while engineering resilience has weakened, and ecological resilience remains largely stable. Extreme climate events exert a significant inhibitory effect on urban resilience, a conclusion upheld after rigorous endogeneity and robustness tests employing instrumental variables, double machine learning, and spatial econometric analysis. Further investigation indicates this suppression primarily manifests as extreme heat and drought weakening urban economic and social resilience. Through an analysis of moderating mechanisms, this paper further reveals that fiscal flexibility, industrial diversity, and technological innovation can effectively mitigate the negative impacts of extreme climate on urban resilience. Furthermore, this inhibitory effect exhibits marked heterogeneity across different levels of urban development, geographical locations and policy interventions; whilst it remained significant throughout the period 2006–2021, the intensity of its effect has generally shown a gradual decline. This research provides empirical evidence on the link between extreme climate and urban resilience, and offers scientific guidance for differentiated enhancement policies. © 2026 Elsevier Ltd.","Double machine learning; Extreme climate; Moderating mechanisms; Temporal-spatial analysis; Urban resilience","China; climate change; drought; ecosystem resilience; extreme event; machine learning; spatial analysis; temporal analysis; urban ecosystem; article; climate; climate change; drought; ecosystem resilience; epidemiology; extreme hot weather; global climate; human; instrumental variable analysis; machine learning; pharmaceutics; reference value; social resilience; spatial analysis; urban development","Article","Final","","Scopus","2-s2.0-105045580599"
"Liu X.; Xu C.; Song M.; Li J.; Xu X.","Liu, Xinyu (59185242500); Xu, Changxin (35249828700); Song, Min (36700492800); Li, Jiawen (57474326500); Xu, Xingwu (58951808800)","59185242500; 35249828700; 36700492800; 57474326500; 58951808800","Who benefits more from the renewable energy transition? Labor health inequality and employment form disparities","2026","Cities","175","","107223","","","0","10.1016/j.cities.2026.107223","https://www.scopus.com/pages/publications/105038719401?origin=resultslist","Renewable energy transition is increasingly linked to labor health inequalities, particularly with respect to differences in health outcomes between standard and non-standard employment groups. Using data from the Chinese General Social Survey in 2015, 2017, 2018, 2021 and 2023, this study applies ordered probit and double machine learning methods to investigate the associations between renewable energy transition and physical and mental health across employment forms, and to explore relevant correlational mechanisms. The results indicate that renewable energy transition is universally associated with improvements in physical health for both standard and non-standard employment workers. In contrast, mental health outcomes display pronounced inequality, with standard employment workers experiencing substantially greater improvements than non-standard employment workers. Further heterogeneity analyses show that the associations between renewable energy transition and workers' health vary systematically with leisure time, industry exposure and regional pollution levels. Additional evidence suggests that the universal physical health associations are closely linked to concurrent improvements in air and water quality, whereas unequal mental health outcomes are more strongly associated with differences in income stability and social security coverage across employment forms. This study offers important insights for designing more equitable policies to ensure that the benefits of renewable energy transition are more fairly shared. © 2026 Elsevier Ltd.","Mental health; Non-standard employment; Physical health; Renewable energy transition; Standard employment","China; alternative energy; employment; income; mental health; social security","Article","Final","","Scopus","2-s2.0-105038719401"
"Abouzaid O.; Boussedra F.","Abouzaid, Oumaima (60107397900); Boussedra, Faouzi (57194045547)","60107397900; 57194045547","Causal Machine Learning for Macroeconomic Forecasting Under Structural Breaks and Economic Uncertainty","2026","Economies","14","8","319","","","0","10.3390/economies14080319","https://www.scopus.com/pages/publications/105048421549?origin=resultslist","Macroeconomic forecasting has become increasingly challenging in environments characterized by structural breaks, nonlinear dynamics, and elevated economic uncertainty. Traditional econometric forecasting models frequently experience substantial predictive deterioration during periods of financial crises, geopolitical instability, and rapidly evolving macroeconomic conditions due to their reliance on assumptions of parameter stability and linear economic relationships. In response to these limitations, this study proposes an integrated causal machine learning framework designed to improve macroeconomic forecasting performance under structural instability and uncertainty. The proposed framework combines structural break detection techniques, machine learning algorithms, causal inference methodologies, and Explainable Artificial Intelligence (XAI) tools within a unified empirical architecture. More specifically, the study integrates Bai–Perron structural break analysis, Markov-Switching regime identification, Double Machine Learning (DML), Causal Forest estimation procedures, and SHAP-based explainability techniques. The empirical analysis employs a U.S. macroeconomic time-series dataset covering major crisis episodes, including the 2008 Global Financial Crisis, the COVID-19 pandemic, and the 2022 inflation shock. The dataset combines inflation, monetary, financial, energy-market, and uncertainty indicators obtained from publicly available U.S. macroeconomic databases. The empirical findings demonstrate that causal machine learning models significantly outperform conventional econometric frameworks such as VAR and TVP-VAR models, as well as standard machine learning algorithms including Random Forest (RF), XGBoost, and LSTM networks. The Double Machine Learning framework generates the strongest forecasting performance across all forecasting horizons, economic regimes, and robustness specifications. The results further reveal that macroeconomic relationships are highly regime-dependent and strongly influenced by uncertainty indicators, financial volatility, oil price shocks, and monetary policy dynamics. Explainability analysis additionally shows that uncertainty measures and energy market variables become dominant drivers of inflation forecasts during crisis periods characterized by elevated instability. The study contributes to the growing literature on macroeconomic forecasting by bridging econometric forecasting theory, causal inference methodologies, machine learning techniques, and explainable artificial intelligence within a unified forecasting framework. The findings provide important implications for central banks, policymakers, and financial institutions seeking more adaptive, transparent, and robust forecasting systems under uncertain macroeconomic environments. © 2026 by the authors.","causal machine learning; econometrics; economic uncertainty; explainable AI; inflation forecasting; macroeconomic forecasting; regime switching; structural breaks","","Article","Final","All Open Access; Gold Open Access","Scopus","2-s2.0-105048421549"
"Liu Y.; Wu J.; Zhou S.; Zhang Y.; Li P.","Liu, Yuning (60423126200); Wu, Jun (57222741708); Zhou, Shengbei (60160654000); Zhang, Yuqiao (60160516400); Li, Pengbo (57222749579)","60423126200; 57222741708; 60160654000; 60160516400; 57222749579","An interpretable–causal learning framework for identifying the drivers of surface urban Heat Island intensity: evidence from 527 urban clusters in China","2026","Ecological Indicators","189","","115232","","","0","10.1016/j.ecolind.2026.115232","https://www.scopus.com/pages/publications/105045483577?origin=resultslist","Under the combined effects of global warming and rapid urbanization, urban morphology has emerged as an important factor associated with variations in surface urban heat island intensity (SUHII) through its influence on surface physical properties and urban energy balance. Ho，wever, existing studies have largely relied on statistical correlation analyses and often lack standardized definitions of reference zones or sufficient control of confounding variables, making it challenging to disentangle environmental disturbances and identify the underlying drivers of SUHII and their spatial variability. To address these limitations, this study employs the Google Earth Engine platform to construct a multi-constraint framework for quantifying SUHII across 527 urban clusters in China and integrates LightGBM-SHAP with Double Machine Learning (DML) to establish an analytical framework that combines correlation analysis, causal inference, and mechanism interpretation. The results indicate pronounced spatial heterogeneity in summer daytime SUHII across China, with generally higher values observed in eastern and southern regions than in western and northern regions. Correlation analysis identifies impervious surface fraction (ISF) and tree canopy cover (PT) as the dominant statistical predictors. However, causal inference suggests that ISF (ATE = 0.374), largest patch index (LPI, ATE = 0.253), and water body proportion (PW, ATE = −0.240) exhibit relatively robust average estimated effects within the causal inference framework at the national scale. By contrast, PT, building height (BH), and patch density (PD) display substantial contextual dependence, with their thermal regulation effects varying across different climatic conditions, which may explain their inconsistent significance within the causal framework. By integrating correlation-based identification with causal validation, this study helps clarify the scope and limitations of urban morphological influences on SUHII and provides scientific support for the development of differentiated and evidence-informed urban planning strategies aimed at improving climate resilience. Copyright © 2026. Published by Elsevier Ltd.","Causal inference; Nonlinear mechanisms; Spatial heterogeneity; Surface urban heat island intensity; Urban morphology","China; Correlation methods; Morphology; Urban growth; Causal inferences; Correlation analysis; Impervious surface; Nonlinear mechanisms; Spatial heterogeneity; Surface fraction; Surface urban heat island intensity; Surface urban heat islands; Urban heat island intensities; Urban morphology; analytical framework; climate change; energy balance; global warming; heat island; heterogeneity; machine learning; spatial variation; urban area; urban morphology; urban planning; urbanization; Global warming","Article","Final","All Open Access; Gold Open Access","Scopus","2-s2.0-105045483577"
"Chen L.; Yang S.; Wang Y.; Lu Y.; Chang M.; Xiao Y.; Kong D.","Chen, Liang (57414822900); Yang, Shenghuan (60716378300); Wang, Yinjing (60716574800); Lu, Yifu (59546936900); Chang, Ming (36727157900); Xiao, Yi (57223122315); Kong, Deyuan (59546922400)","57414822900; 60716378300; 60716574800; 59546936900; 36727157900; 57223122315; 59546922400","Carbon emission reduction effects of computing power development: evidence from double machine learning","2026","Scientific Reports","16","1","19857","","","0","10.1038/s41598-026-49510-2","https://www.scopus.com/pages/publications/105043347996?origin=resultslist","Achieving the “dual carbon” goals constitutes a systemic endeavor requiring coordinated societal efforts. As a new productive force in the digital economy era, computing power development should actively contribute to advancing carbon neutrality. This study aims to clarify the quantitative relationship between computing power development and regional carbon emissions, explore the core pathways and heterogeneous characteristics of computing power-driven carbon reduction, and provide scientific support for leveraging computing power to empower green transformation. Leveraging panel data from 30 Chinese provinces (2011–2022), this study employs dual machine learning for benchmark regression and conducts robustness tests through variable substitution, capping, algorithm replacement, and instrumental variables. It empirically examines how computing power development affects regional carbon emissions and unveils the underlying mechanisms. The findings demonstrate that computing power development exerts significant carbon emission reduction effects, which remain robust across multiple sensitivity analyses. Multidimensional examination reveals that computing power infrastructure emerges as the principal driver, while industrial and technological dimensions exhibit limited contributions. Mechanism analysis identifies dual pathways through energy consumption structure optimization and industrial structure upgrading. Heterogeneity analysis indicates stronger emission reduction effects in western regions, inland areas, regions with weaker environmental regulations, and less economically developed areas. This study systematically reveals the decarbonization potential of computing power and provides empirical evidence, offering policy insights for regional green transformation. It further proposes recommendations for resource sharing, industrial cultivation, and differentiated regional policies. © The Author(s) 2026.","Carbon emission reduction; Computing power development; Energy consumption structure optimization; Industrial structure upgrading","article; carbon emission; double blind procedure; drug development; energy consumption; machine learning","Article","Final","All Open Access; Gold Open Access; Green Open Access","Scopus","2-s2.0-105043347996"
"Li W.; Wang B.; Li T.; Ma Y.; Jin H.; Zhao J.; Xue Z.; Su N.; He Y.; Shi J.; Liu X.; Liu X.; Wang T.; Wang J.; Li C.; Yan C.; Ma Y.; Qi Q.; Wang X.; Li W.; Huang B.; Wang D.; Wang X.; Qu Y.; Li X.; Qiu C.; Yang N.","Li, Wenbo (58979335700); Wang, Bao (56201554500); Li, Tianzun (56864756400); Ma, Yiwen (59565682000); Jin, Haoyong (58401154500); Zhao, Jiangli (57993166800); Xue, Zhiwei (59915742100); Su, Nan (57202815008); He, Yanya (59535580900); Shi, Jiaqi (57885549000); Liu, Xuchen (57581231200); Liu, Xiaoyang (59565775600); Wang, Tianzi (59565800800); Wang, Jiwei (57190181044); Li, Chao (56312082700); Yan, Can (57202755446); Ma, Yang (59565706300); Qi, Qichao (57020924000); Wang, Xinyu (60406707500); Li, Weiguo (57056803200); Huang, Bin (60406707600); Wang, Donghai (55509167600); Wang, Xuelian (53878808300); Qu, Yan (36194120600); Li, Xingang (60406658600); Qiu, Chen (49663888900); Yang, Ning (57216646286)","58979335700; 56201554500; 56864756400; 59565682000; 58401154500; 57993166800; 59915742100; 57202815008; 59535580900; 57885549000; 57581231200; 59565775600; 59565800800; 57190181044; 56312082700; 57202755446; 59565706300; 57020924000; 60406707500; 57056803200; 60406707600; 55509167600; 53878808300; 36194120600; 60406658600; 49663888900; 57216646286","A Causal and interpretable machine learning framework for postcranioplasty risk prediction and surgical decision support","2026","npj Digital Medicine","9","1","184","","","8","10.1038/s41746-026-02370-6","https://www.scopus.com/pages/publications/105030597459?origin=resultslist","Cranioplasty is associated with a substantial burden of postoperative complications. In this multicenter study, we developed a machine learning–based clinical decision-support tool to predict the risk of postoperative complications following cranioplasty. A set of nine features was selected for model development. Among the 15 algorithms evaluated, the random forest model demonstrated the best overall performance and was validated on data from both spatial and temporal external cohorts (AUROC = 0.949, internal cross-validation; 0.930, geographical validation; and 0.932, temporal validation). Subgroup analyses by age and sex demonstrated consistently high discriminative performance (lowest AUROC = 0.927) and good calibration (O/E ratio = 1.16, 95% CI: 0.97–1.40). Analysis of causal effects of modifiable intraoperative variables on postoperative complications, with diverse counterfactual explanations and causal inference methods, including double machine learning and the T-learner framework, revealed a protective effect of subcutaneous negative-pressure drainage (ATE = −0.241) and titanium mesh (ATE = −0.191). Finally, we present the model as an accessible web-based tool for individualized, real-time clinical decision-making (http://www.cranioplastycomplicationprediction.top). These findings provide a practical framework for postoperative risk stratification and support the optimization of intraoperative decision-making in cranioplasty. © The Author(s) 2026.","","Decision trees; Learning systems; Machine learning; Clinical decision support; Cranioplasty; Decision supports; Intra-operative; Learning frameworks; Machine-learning; Multi-centre study; Performance; Postoperative complications; Risk predictions; adult; algorithm; Article; clinical decision making; clinical decision support system; clinical feature; cohort analysis; controlled study; cranioplasty; cross validation; decompressive craniectomy; explainable machine learning; feature selection; female; human; major clinical study; male; multicenter study; postoperative complication; random forest; receiver operating characteristic; Shapley additive explanation; Decision support systems","Article","Final","All Open Access; Gold Open Access; Green Open Access","Scopus","2-s2.0-105030597459"
"Zhang C.; Ma D.; Ali F.; Zhang Y.; Wang B.; Zhang L.; Tang Q.; Liu C.; He Y.","Zhang, Chenjia (58924917100); Ma, Daokun (11640278500); Ali, Feiri (60600166800); Zhang, Yan (58873457500); Wang, Baojiang (57200118433); Zhang, Luping (60600387000); Tang, Qiang (60176499300); Liu, Chenchen (55868908800); He, Yi (60640021300)","58924917100; 11640278500; 60600166800; 58873457500; 57200118433; 60600387000; 60176499300; 55868908800; 60640021300","Exploring divergent drivers of gross primary productivity in rubber plantations and natural tropical forests in Xishuangbanna: SHAP combined with causal machine learning analysis","2026","Global Ecology and Conservation","70","","e04366","","","0","10.1016/j.gecco.2026.e04366","https://www.scopus.com/pages/publications/105046837156?origin=resultslist","Tropical rainforests in Southeast Asia are being rapidly converted to rubber plantations, yet how this vegetation conversion alters the environmental controls on gross primary productivity (GPP) remains poorly understood. Based on five years of eddy covariance flux data, meteorological observations, soil measurements, and leaf area index (LAI) data from a natural forest and a rubber forest in Xishuangbanna, China, we combined interpretable machine learning (SHAP) and double machine learning (DML) to compare the environmental factors driving daily GPP between the two forest types and quantify their potential causal effects. Six machine learning models (RF, XGBoost, LightGBM, SVM, MLP, AdaBoost) were evaluated for predictive performance using 26 variables. For natural forest, XGBoost showed the best performance (R² = 0.790), and LightGBM performed best in rubber forest (R² = 0.802). SHAP analysis identified soil temperature (ST), air temperature (AT), evapotranspiration (ET), and LAI as the key variables for predicting GPP in both forest types. However, the effects of these variables on GPP exhibited vertical spatial heterogeneity, with distinct patterns between the two forest types. In natural forest, ST was identified as the dominant limiting factor of GPP through DML validation (θ = 2.72, p < 0.001), with LAI as the second most important limiting factor (θ = −2.02, p < 0.001). In rubber forest, photosynthetic active radiation (PAR) exhibited the largest causal coefficient but was not statistically significant at the annual scale (θ = 2.45, p = 0.21). Seasonal analysis revealed that this non-significance was driven by the extremely weak causal effect of PAR on GPP during the dry-hot season (θ ≈ 0, p > 0.05), which offset its strong positive effects during the foggy-cool and rainy seasons. The role of LAI in regulating GPP was further examined through SHAP dependence plots and DML-based conditional average treatment effect (CATE) analysis. Both methods consistently revealed that the LAI- GPP response curves from the two forest types align seamlessly, with the optimal LAI range identified as 3.5–4.2, where the marginal contribution of LAI to GPP is significantly higher than in other intervals. Furthermore, remote sensing LAI for Hainan rubber forest was calibrated using quantile mapping based on field measurements from Xishuangbanna rubber forest, and the calibrated LAI enhanced GPP prediction performance in Hainan. © 2026 The Authors","Double machine learning; Gross primary productivity; Leaf area index; Machine learning; Rubber forest; Tropical forest","","Article","Final","All Open Access; Gold Open Access","Scopus","2-s2.0-105046837156"
"Ma Y.","Ma, Yukun (57219686183)","57219686183","Identification-robust inference for the LATE with high-dimensional covariates","2026","Journal of Econometrics","257","","106302","","","0","10.1016/j.jeconom.2026.106302","https://www.scopus.com/pages/publications/105045114534?origin=resultslist","This paper presents an inference method for the local average treatment effect (LATE) in the presence of high-dimensional covariates, regardless of the strength of identification. We propose an orthogonalized Anderson-Rubin test statistic that maintains uniformly valid asymptotic size. We provide an easy-to-implement algorithm for inferring the high-dimensional LATE by inverting our test statistic and employing the double/debiased machine learning method. Simulation results show that our test achieves better size control under both weak identification and high dimensionality, outperforming conventional alternatives. Applying the proposed method to railroad and population data to study the effect of railroad access on urban population growth, we observe wider confidence intervals than those obtained using conventional methods. © 2026 Elsevier B.V.","Double/debiased machine learning; Local average treatment effect; Weak identification","Learning algorithms; Learning systems; Machine learning; Statistical tests; Urban growth; Average treatment effects; Covariates; Double/debiased machine learning; High-dimensional; Higher-dimensional; Local average; Local average treatment effect; Machine-learning; Test statistics; Weak identification; Population statistics","Article","Final","All Open Access; Green Open Access","Scopus","2-s2.0-105045114534"
"Ma G.; Chen J.; Song Y.; Luo Y.; Xiao W.","Ma, Guoqun (57865942400); Chen, Jiangan (60347783900); Song, Yiliang (59451632200); Luo, Yan (60720889300); Xiao, Wenying (60720552600)","57865942400; 60347783900; 59451632200; 60720889300; 60720552600","The effect of water rights trading on China’s agricultural green total factor productivity","2026","Scientific Reports","16","1","20042","","","0","10.1038/s41598-026-47988-4","https://www.scopus.com/pages/publications/105043578308?origin=resultslist","Enhancing water use efficiency and clarifying water rights are critical to advancing the comprehensive green transformation of China’s agricultural sector. Using agricultural data from 30 provincial-level regions in China from 2010 to 2023, this paper applies a double machine learning approach to identify the causal impact of water rights trading on agricultural green total factor productivity (AGTFP). The results show that: (1) water rights trading significantly improves AGTFP; (2) mechanism analysis indicates that water rights trading affects AGTFP through enhanced local innovation capacity, cropland transfer, and improved utilization efficiency of livestock and poultry manure; (3) heterogeneity analysis shows that the promoting effect of water rights trading on AGTFP is more pronounced in regions with relatively scarce water resources and in non-major grain-producing areas; and (4) dynamic analysis indicates that water rights trading exerts a persistent positive effect on AGTFP. This paper provides empirical support and policy implications for improving the water rights trading system and promoting the green transformation of China’s agricultural sector. © The Author(s) 2026.","Agricultural green total factor productivity; Double machine learning model; Water rights trading","water; article; clinical trial; controlled study; machine learning; productivity","Article","Final","All Open Access; Gold Open Access","Scopus","2-s2.0-105043578308"
"Li Z.; Huang H.; Ouyang Z.","Li, Zhenghui (57193554581); Huang, Huiling (60122379900); Ouyang, Zhongzhe (57988411200)","57193554581; 60122379900; 57988411200","Assessing the effectiveness of Green Credit Policy implementation: Evidence from Chinese listed companies","2026","International Review of Financial Analysis","117","","105269","","","1","10.1016/j.irfa.2026.105269","https://www.scopus.com/pages/publications/105042882972?origin=resultslist","When green financial policies are introduced, companies tend to respond strategically to maximize profits. Using data from Chinese A-share listed companies from 2009 to 2021, we examine the impact of the Green Credit Policy (GCP) on company behavior from two dimensions: green statements and green actions. Unlike existing studies, we not only assess the overall effect of the GCP, but also distinguish between Type A and Type B companies to examine heterogeneous and dynamic responses under different levels of environmental regulation. We apply the difference-in-differences with double/debiased machine learning and stacking (DMLSDID) to estimate the effects of the GCP. The results suggest that the GCP improves companies’ environmental behavior, but its effects are heterogeneous and vary over time. For Type B companies in moderately regulated industries, GCP significantly promotes green actions in both the short and long term, while its effect on green statements is significant only in the short term; for Type A companies in highly regulated industries, no significant effect is found on either dimension in any time period. Mechanism analysis further suggests that external legitimacy pressures, such as government attention and online public opinion, enhance the effectiveness of the GCP, while internal compliance history, especially environmental violation history, may weaken its impact. Copyright © 2026. Published by Elsevier Inc.","Company environmental behavior; Difference-in-differences; Green credit policy","","Article","Final","","Scopus","2-s2.0-105042882972"
"Li S.; Qu Z.; Li X.; Wei Y.; Wang J.; Li Z.; Wang Y.","Li, Siyuan (60737653800); Qu, Zhanpeng (59729498700); Li, Xinying (60737460900); Wei, Yixin (60865961200); Wang, Jiayuan (60866418100); Li, Ziyao (60866710500); Wang, Yue (57217539378)","60737653800; 59729498700; 60737460900; 60865961200; 60866418100; 60866710500; 57217539378","Crossing or Halting at the Threshold? The Nonlinear Impact of Patent-Based Breakthrough Technological Innovation on Urban–Rural Common Prosperity in China","2026","Sustainability (Switzerland)","18","17","8886","","","0","10.3390/su18178886","https://www.scopus.com/pages/publications/105050218500?origin=resultslist","Does patent-based breakthrough technological innovation (KI) continually improve urban–rural common prosperity, or does its marginal relationship reverse beyond a sample-specific empirical turning point? Employing a balanced panel of 266 Chinese cities from 2011 to 2020, this study operationalizes KI via patent textual similarity (incorporating a 5-year forward and backward window) and substantiates an inverted U-shaped relationship with urban–rural common prosperity via the Lind–Mehlum test, with the estimated turning point located at the 34.7th percentile of the observed KI distribution. These baseline dynamics remain robust across lagged specifications, winsorization, sample restrictions, and double machine learning; IV estimates corroborate a similar nonlinear shape, although exclusion–restriction diagnostics are mixed. Transmission-channel results are stage-dependent: the innovation and entrepreneurship ecosystem exhibits a positive indirect association at low KI and a negative one at high KI, while non-farm employment absorption uncovers pronounced positive transmission, concentrated at low KI. Digital financial inclusion and informatization significantly modify the conditional KI–CP relationship, whereas the joint moderation test for industrial chain resilience is not statistically significant. Furthermore, spatial diagnostics and SDM estimates reveal significant spatial dependence and a robust positive indirect effect of KI across cities, despite limited regional heterogeneity. These findings underscore the importance of considering innovation intensity together with the conditions governing the distribution and diffusion of innovation gains. © 2026 by the authors.","breakthrough technological innovation; innovation and entrepreneurship ecosystem; invention patent textual similarity; non-farm employment absorption; sustainable urban–rural common prosperity","China; employment; entrepreneur; innovation; nonlinearity; regional development; spillover effect; technological change; threshold","Article","Final","All Open Access; Gold Open Access","Scopus","2-s2.0-105050218500"
"Liang S.; Long Y.; Xiao J.; Lu X.; Chen D.","Liang, Shi (59762981900); Long, Yuxin (60804264900); Xiao, Jun (60804298500); Lu, Xinhai (25931020000); Chen, Danling (57212818073)","59762981900; 60804264900; 60804298500; 25931020000; 57212818073","Urban Climate Risk Governance and Corporate Energy Intensity: Evidence From China's Climate Adaptation City Pilots","2026","Annals of the New York Academy of Sciences","1562","1","e70393","","","0","10.1111/nyas.70393","https://www.scopus.com/pages/publications/105048169082?origin=resultslist","Climate shocks can raise firms’ energy use by disrupting production, triggering repeated equipment shutdowns and restarts, and requiring temporary operational adjustments. This study examines whether urban adaptation governance reduces these frictions. Using nonfinancial A-share firms listed in Shanghai and Shenzhen from 2012 to 2025, we construct a firm–year panel of disclosed physical energy inputs and exploit the staggered rollout of China's Climate Adaptation City Pilots. Firm and year fixed-effects estimates show a significant decline in energy input intensity after cities enter the effective pilot period, with no systematic pretreatment differences. The result is robust to matched difference-in-differences, double machine learning, placebo timing, alternative measures, sample adjustments, and alternative policy-timing specifications. Energy-input and revenue-side analyses indicate that the decline is primarily reflected in lower aggregate energy inputs rather than revenue expansion. The mechanism analysis provides evidence consistent with a pollution-control practices channel. The effect is stronger for firms with greater energy dependence, firms in cities with higher baseline pollution pressure, and firms with lower pre-existing environmental-governance investment, but weakens as managerial environmental-governance cognition and the breadth of city energy-transition governance agendas increase. Urban risk governance can therefore influence firms’ real resource allocation by improving the operating conditions of production. © 2026 New York Academy of Sciences.","breadth of the urban energy-transition governance agenda; Climate Adaptation City Pilots; corporate pollution-control practices; firm energy intensity; managerial environmental-governance cognition","China; Cities; Climate; Climate Change; Humans; adaptation; Article; China; climate change; climate resilience; cognition; economic aspect; health care quality; human; pilot study; pollutant; pollution control; risk assessment; urban area; water supply; city; climate","Article","Final","All Open Access; Green Open Access","Scopus","2-s2.0-105048169082"
"Potanin B.","Potanin, Bogdan (57203880539)","57203880539","Double machine learning for a partially linear model with endogenous treatments and multivariate sample selection","2026","Statistics and Computing","36","4","200","","","0","10.1007/s11222-026-10933-6","https://www.scopus.com/pages/publications/105046769414?origin=resultslist","We propose double machine learning (DML) estimators for a partially linear model (PLM) with endogenous treatments and multivariate sample selection. We prove asymptotic normality of the estimators under mild regularity conditions and study finite sample properties on simulated data. The results demonstrate the importance of addressing sample selection in PLMs and the usefulness of the proposed estimators for avoiding selection bias. Moreover, we extend the proposed estimators to the case of endogenous switching. © The Author(s), under exclusive licence to Springer Science+Business Media, LLC, part of Springer Nature 2026.","Double machine learning; Partially linear model; Sample selection; Treatment effects","","Article","Final","","Scopus","2-s2.0-105046769414"
"Xu J.; Gong F.; Wang D.","Xu, Jun (57196733374); Gong, Fang (33767646600); Wang, Donghui (57193531145)","57196733374; 33767646600; 57193531145","The Subtle Burden: Everyday Discrimination and Racial/Ethnic Disparities in Self-Rated Health and Happiness in the United States","2026","Race and Social Problems","18","4","54","","","0","10.1007/s12552-026-09520-1","https://www.scopus.com/pages/publications/105050313959?origin=resultslist","Racial/ethnic health disparities remain a persistent problem in the United States, and everyday discrimination is a key psychosocial pathway contributing to these disparities. Prior research has mostly relied on older, nonrepresentative, or single-group data and has rarely tested theory-driven explanations for why associations between discrimination and health vary across racial/ethnic groups. Guided by the minority stress model and settler colonialism framework, we hypothesized that (1) everyday discrimination is associated with poor self-rated health (SRH) and unhappiness, net of sociodemographic controls, and (2) these associations vary by race/ethnicity, with the strongest associations among Hispanic and Asian American/Pacific Islander (AAPI) respondents. This quantitative study used pooled cross-sectional data from four waves (2018–2024) of the General Social Survey (n = 7924), based on nationally representative samples of U.S. adults. We applied logistic regression and causal inference methods, including propensity score matching and double machine learning, to estimate associations between discrimination and SRH/happiness. Findings supported both hypotheses. Everyday discrimination was reported by 74% of respondents and was associated with 62% higher odds of poor SRH and 58% higher odds of unhappiness. Hispanic and AAPI respondents showed the strongest associations between discrimination and SRH. The Black–White unhappiness difference was explained by sociodemographic factors rather than everyday discrimination, whereas American Indian/Alaska Native (AI/AN) respondents showed an SRH disadvantage unexplained by either factor. Everyday discrimination is pervasive and structurally patterned, and its associations with health vary across racial and ethnic groups. Institutional efforts should address exclusive treatment and perpetual foreigner stereotyping affecting both Hispanic and AAPI populations while addressing structural determinants such as socioeconomic inequality among Black Americans. Larger AI/AN samples are needed to identify the mechanisms underlying their SRH disadvantage. © Springer Science+Business Media, LLC, part of Springer Nature 2026.","Everyday discrimination; Happiness; Minority stress; Racial/ethnic disparities; Self-rated health; Settler colonialism","","Article","Final","","Scopus","2-s2.0-105050313959"
"Wu W.; Díaz I.; Horwitz L.I.","Wu, Wenbo (57226092111); Díaz, Iván (56114332200); Horwitz, Leora I. (14012680100)","57226092111; 56114332200; 14012680100","Design-based provider profiling with artificial intelligence to enhance quality and equity in health care delivery","2026","Health Services and Outcomes Research Methodology","26","3","","299","313","1","10.1007/s10742-025-00355-8","https://www.scopus.com/pages/publications/105014883268?origin=resultslist","Provider profiling is a critical tool for assessing the quality, cost, safety, and effectiveness of health care delivery, serving the needs of payers, providers, and patients. However, conventional profiling methods face significant limitations, including inflexible modeling, interpretability challenges, and inadequate attention to equity, which hinder evidence-based accountability. This article reviews existing provider profiling methods, highlighting their pitfalls, and introduces a novel design-based approach that leverages artificial intelligence (AI) to address these limitations. By integrating advanced AI techniques—such as causal inference, machine learning, natural language processing, and large language models—this framework enables the construction of versatile performance benchmarks tailored to diverse profiling objectives. The article also discusses the challenges of adopting AI in provider profiling, including algorithmic disparities, data privacy concerns, and the need for transparency, cost-effectiveness, and fairness. When implemented responsibly, AI-assisted provider profiling holds significant promise for advancing health care quality and equity, though its adoption will require collaboration among stakeholders and careful attention to ethical and operational considerations. © The Author(s), under exclusive licence to Springer Science+Business Media, LLC, part of Springer Nature 2025.","","article; artificial intelligence; benchmarking; cost effectiveness analysis; data privacy; drug therapy; evidence based practice; fairness; health care delivery; health care quality; human; large language model; machine learning; natural language processing","Article","Final","","Scopus","2-s2.0-105014883268"
"Pi Y.; Shuai J.","Pi, Yabin (58355220000); Shuai, Jinyao (60866849000)","58355220000; 60866849000","Open Government Data, Resource Allocation Efficiency, and Sustainable Development in Manufacturing Firms: A Quasi-Natural Experiment Based on City-Level Government Data Platforms","2026","Sustainability (Switzerland)","18","17","8796","","","0","10.3390/su18178796","https://www.scopus.com/pages/publications/105050263768?origin=resultslist","Open government data is a key institutional arrangement in market-oriented data factor reforms. Using the staggered rollout of city-level government data platforms in China as a quasi-natural experiment and panel data of listed manufacturing firms (2011–2024), we employ a staggered difference-in-differences design to examine the effect of open government data on firms’ resource allocation efficiency. We find that government data platforms significantly reduce resource misallocation, a result robust to propensity score matching, exclusion of concurrent policy shocks, and double machine learning. Channel-level tests do not find statistically significant transmission through government transparency, firm digital innovation, or fiscal subsidy reallocation. Directional identification shows that the effect operates primarily as a corrective force on capital-overallocated firms by curbing inefficient investment, rather than as a relief effect on constrained firms, and is more pronounced in high-digital-intensity industries, smaller cities, and regions with lower digital development. By reducing the wasteful use of capital, labour, and energy and improving the information environment in factor markets, open government data offers a low-cost, institutionalized instrument for reconciling productivity growth with sustainable resource use, with direct relevance to the United Nations (UN) Sustainable Development Goals (SDGs). © 2026 by the authors.","digital economy; open government data; resource allocation efficiency; staggered difference-in-differences; sustainable development","China; experimental study; fiscal policy; government; manufacturing; panel data; resource allocation; Sustainable Development Goal; United Nations","Article","Final","All Open Access; Gold Open Access","Scopus","2-s2.0-105050263768"
"Gianoli A.","Gianoli, Alberto (56928033400)","56928033400","Predictors of urban green areas globally using explainable and double machine learning","2026","City and Built Environment","4","1","17","","","0","10.1007/s44213-026-00083-w","https://www.scopus.com/pages/publications/105046154278?origin=resultslist","This paper examines the predictors of urban greenness across more than 10,000 urban centres worldwide using harmonised data from the Global Human Settlement Layer Urban Centres Database. Three complementary outcomes are examined: the share of population living in high green areas, the share of high green area within built-up area, and the overall share of green area within built-up area. Methodologically, the paper integrates XGBoost, SHAP, and Double Machine Learning (DML). XGBoost models identify the most important predictors and capture nonlinear relationships, SHAP values provide interpretable evidence on feature importance and effect direction, and DML estimates the conditional effect of a selected urban-form variable while adjusting for high-dimensional confounding. Across all three outcomes, average built-up height consistently emerges as the most important predictor in the models. The SHAP dependence plots indicate a strongly nonlinear and predominantly negative association: lower-rise urban forms are associated with higher greenness, whereas greater built-up height is associated with lower green-space provision and exposure. DML estimates suggest a negative conditional association between average built-up height and the greenness outcomes, under observed-confounding assumptions. Heterogeneity analyses further show that the estimated association varies across income groups and geographic contexts, with the largest point estimates in lower-middle-income cities. Overall, the findings suggest that urban greenness reflects layered processes linking physical constraints, spatial structure, and population exposure, and point to the need for greenness-sensitive densification policies. © The Author(s) 2026.","Built-up height; Double machine learning; Global cities; Urban greenness; XGBoost","","Article","Final","All Open Access; Gold Open Access","Scopus","2-s2.0-105046154278"
"Rotnitzky A.; Smucler E.; Robins J.M.","Rotnitzky, Andrea (59942290800); Smucler, Ezequiel (56422327000); Robins, James M. (35392741100)","59942290800; 56422327000; 35392741100","A note on the relation between one–step, outcome regression and IPW–type estimators of parameters with the mixed bias property","2026","Statistics and Probability Letters","236","","110796","","","0","10.1016/j.spl.2026.110796","https://www.scopus.com/pages/publications/105035861729?origin=resultslist","Bruns-Smith et al. (2025) established an algebraic identity between the one-step estimator and a specific outcome regression-type estimator for a class of parameters that forms a strict subset of the class introduced in Chernozhukov et al. (2022), assuming both nuisance functions are estimated as linear combinations of given features. They conjectured that this identity extends to the broader mixed bias class introduced in Rotnitzky et al. (2021). In this note, we prove their conjecture and further extend the result to allow one of the nuisance estimators to be non-linear. We also relate these findings to the work of Robins et al. (2007), who established other identities linking one-step estimators to outcome regression–type and IPW–type estimators. © 2026 Elsevier B.V.","Augmented estimators; Balancing weights; Double machine learning; Double robustness; Mixed bias property","","Article","Final","All Open Access; Green Open Access","Scopus","2-s2.0-105035861729"
"Schacht O.; Schwarz P.A.; Klaaßen S.; Oberpriller J.; Spindler M.","Schacht, Oliver (58504837900); Schwarz, Philipp Alexander (58505115200); Klaaßen, Sven (57219479500); Oberpriller, Johannes (57219763761); Spindler, Martin (60223083100)","58504837900; 58505115200; 57219479500; 57219763761; 60223083100","Bringing Light to the Threshold: Identification of Multi-Score Regression Discontinuity Effects with Application to LED Manufacturing","2027","Lecture Notes in Computer Science","16941 LNAI","","","587","602","0","10.1007/978-3-032-37654-1_34","https://www.scopus.com/pages/publications/105050242502?origin=resultslist","The regression discontinuity design (RDD) is a widely used framework for threshold-based causal effect estimation in causal inference. Recent extensions incorporating machine learning (ML) adjustments have made RDD an appealing approach for researchers utilizing causal ML toolkits. However, many real-world applications, such as production systems, involve multiple decision criteria and logically connected thresholds, necessitating more sophisticated identification strategies, which are not clearly addressed in the recent literature. We derive a novel identification result for the complier effect in the multi-score RDD (MRD) setting by extending unit behavior types to multiple dimensions. Further, we show that under mild assumptions, this identification result does not depend on subsets of units with constant response. We apply our findings to simulated and real-world data from opto-electronic semiconductor manufacturing, employing estimators that adjust for covariates through machine learning. Our results offer insights into enhancing current production policies by optimizing the cutoff points, demonstrating the applicability of MRD in a manufacturing context. © The Author(s), under exclusive license to Springer Nature Switzerland AG 2027.","","Machine learning; Optoelectronic devices; Regression analysis; Causal inferences; Covariates; Decision criterions; Identification strategies; Machine-learning; Multiple dimensions; Opto-electronics; Production system; Real-world; Semiconductor manufacturing; Learning systems","Conference paper","Final","","Scopus","2-s2.0-105050242502"
"Song F.; Huang Y.; Luo S.; Zhou Z.","Song, Fangzhou (59758460500); Huang, Yang (57222651864); Luo, Siqi (60213447000); Zhou, Zixun (57216747639)","59758460500; 57222651864; 60213447000; 57216747639","Social credit System pilots and corporate renewable energy technology Innovation: Insights from machine learning","2026","Technology in Society","87","","103378","","","4","10.1016/j.techsoc.2026.103378","https://www.scopus.com/pages/publications/105036840235?origin=resultslist","Achieving net-zero emissions requires transformative innovation in renewable energy technologies (RETI), but firms face persistent institutional and financial obstacles that hinder technological advancement. To address this challenge, we draw on institutional theory to examine whether China's social credit system (SCS) pilots, as a credit-based governance reform, can incentivize corporate RETI through regulatory and reputational channels. A Bidirectional Encoder Representations from Transformers (BERT) model constructs corporate RETI indicators from patents, while causal effects are estimated using a double machine learning (DML) framework complemented by a difference-in-differences (DID) design. Results indicate that the SCS enhances corporate RETI by easing financing constraints, improving credibility, and fostering credit-based interactions. This effect is more pronounced among firms receiving green subsidies, suggesting institutional complementarity between formal incentives and credit-based discipline. The findings offer new evidence regarding how credit-based governance structures shape the micro foundations of energy transitions. © 2026 Elsevier Ltd.","Institutional theory; Machine learning; Renewable energy technology innovation; Social credit system pilots","Energy policy; Engineering research; Machine learning; Patents and inventions; Renewable energy; Corporates; Credit system; Institutional theory; Machine-learning; Renewable energy technologies; Renewable energy technology innovation; Social credit system pilot; Technological advancement; Technology innovation; Zero emission; Learning systems","Article","Final","","Scopus","2-s2.0-105036840235"
"Huo L.; Zhu J.; Wang J.; Wen H.; Peng Z.; Guo X.; Liu Y.; Cui J.-H.","Huo, Lipeng (59142196500); Zhu, Jifeng (57205415774); Wang, Jian (57889263200); Wen, Heng (57219572861); Peng, Zheng (35590300200); Guo, Xiaoxin (8937930700); Liu, Yusha (57199717193); Cui, Jun-Hong (13806119500)","59142196500; 57205415774; 57889263200; 57219572861; 35590300200; 8937930700; 57199717193; 13806119500","A Causal Framework for Quantifying Task-Driven Selection Bias in Historical Deployment of Integrated Underwater Communication and Positioning Networks","2026","Journal of Marine Science and Engineering","14","16","1481","","","0","10.3390/jmse14161481","https://www.scopus.com/pages/publications/105048337455?origin=resultslist","To address task-driven selection bias in historical deployment records, this study proposes a structural-causal-model-based framework for quantifying bias in the utility assessment and deployment-effect estimation of integrated underwater communication and positioning networks. Four datasets were constructed under unbiased, communication-dominant, positioning-dominant, and joint-biased sampling mechanisms, and double machine learning (DML) was adopted to analyze overall utility and its communication/localization components under decision factors. The simulation results demonstrate that communication-dominated data overestimates overall utility by (Formula presented.), while location-dominated data underestimates by (Formula presented.). CATE analysis further identifies noise spectral level as the strongest effect modifier (feature importance (Formula presented.) ). The sea trial results show close agreement between simulated CRLB and measured RMSE, which supports the physical plausibility of the positioning utility model and the WOA23-based simulation pipeline underlying the causal analysis. © 2026 by the authors.","causal inference; deployment; DML; integrated communication positioning network system; underwater acoustic network","Computational methods; Data communication systems; Learning systems; Sampling; Underwater acoustic communication; Causal inferences; Deployment; Double machine learning; Integrated communication positioning network system; Machine-learning; Network systems; Selection bias; Task-driven; Underwater acoustic networks; Underwater communication; Underwater acoustics","Article","Final","All Open Access; Gold Open Access","Scopus","2-s2.0-105048337455"
"Wang C.; Wu F.; Shi X.; Yang W.; Liu X.","Wang, Chuanyi (59681165000); Wu, Fengping (25637954700); Shi, Xiangzeng (59944052800); Yang, Wentong (57373005300); Liu, Xinyu (59185242500)","59681165000; 25637954700; 59944052800; 57373005300; 59185242500","Driving factors of urban reclaimed water development in water-environment-sensitive regions: Coupled causal inference with double machine learning and causal forest","2026","Journal of Hydrology","675","","135586","","","2","10.1016/j.jhydrol.2026.135586","https://www.scopus.com/pages/publications/105038207798?origin=resultslist","Amid global water scarcity and ecological pressures, reclaimed water has become a key pathway to improving efficiency and alleviating water stress. Yet the causal mechanisms and heterogeneous responses remain underexplored. This study develops a six-dimension indicator system and advances a coupled double machine learning–causal forest framework, embedding city and year fixed effects to control unobservable heterogeneity and enhance robustness in causal inference. Using the Beijing–Tianjin–Hebei urban agglomeration as a case, nine core drivers are identified, including reclaimed water investment, per capita disposable income, pipeline length, and water sector employment, suggesting the importance of infrastructure conditions and underlying socioeconomic context. Cities exhibit distinct responses: resource-dominant cities show diminishing marginal returns, while peripheral cities display latecomer advantages. Development effects also reveal “high-efficiency windows” followed by “attenuation phases”, which may be associated with policy timing and urban development stages. These findings offer methodological innovation and practical guidance for differentiated, dynamic reclaimed water strategies. © 2026 Elsevier B.V. All rights are reserved, including those for text and data mining, AI training, and similar technologies.","Causal forest; Causal inference; Double machine learning; Region-tailored measures; Urban reclaimed water development","Beijing [China]; China; Hebei; Tianjin; Data mining; Economics; Forestry; Investments; Learning systems; Machine learning; Reclamation; Urban growth; Causal forest; Causal inferences; Double machine learning; Driving factors; Machine-learning; Re-claimed water; Region-tailored measure; Urban reclaimed water development; Water development; Water environments; agglomeration; environmental factor; environmental indicator; heterogeneity; innovation; machine learning; strategic approach; urban area; urban development; water resource; Efficiency","Article","Final","","Scopus","2-s2.0-105038207798"
"Liu J.; Li D.M.; Ju Q.R.; Zhang X.S.","Liu, Jianhong (55705847700); Li, Dianshi Moses (59144519700); Ju, Qinru Ruby (60227850500); Zhang, Xiaoran Sarah (59907863700)","55705847700; 59144519700; 60227850500; 59907863700","Structuring Macau’s Criminal Court Judgments with Large Language Models: Methodological Innovations for Data Accuracy and Sample Selection Bias","2026","Asian Journal of Criminology","21","1","14","","","1","10.1007/s11417-025-09475-z","https://www.scopus.com/pages/publications/105024107873?origin=resultslist","Court judgments, particularly in multilingual or low-standardization jurisdictions, remain an underutilized resource for empirical legal studies. This study develops an automated pipeline for creating structured data from Macau’s criminal court judgment files—documents presented in both Chinese and Portuguese—by leveraging a modern large language model (LLM) to parse and extract key variables. Validation against human-coded benchmarks shows high agreement with manual annotations, underscoring its reliability. We also address selection bias arising from nonrandom publication practices and outline strategies, such as instrumental-variables approaches and double machine learning, to enhance the robustness of statistical inference based on our dataset. The findings highlight the feasibility of transforming unstructured court records into analytically rich structured data, advancing computational criminology and empirical legal studies in Macau and more broadly. © The Author(s), under exclusive licence to Springer Nature B.V. 2025.","Double machine learning; Instrumental variables; Large language models; Legal text mining; Named entity extraction; Sample selection bias","","Article","Final","","Scopus","2-s2.0-105024107873"
"Gao R.; Zhang C.","Gao, Ruikai (60866124300); Zhang, Chenghu (55703887400)","60866124300; 55703887400","How Does Urban Climate-Resilience Governance Affect Corporate Green Transformation? Evidence from China","2026","Sustainability (Switzerland)","18","17","8804","","","0","10.3390/su18178804","https://www.scopus.com/pages/publications/105050260707?origin=resultslist","Cities increasingly use resilience policies to manage climate risk, but it remains unclear how these policies alter firms’ green strategies. Using a difference-in-differences design, we analyze 2011–2023 panel data for A-share listed firms around China’s Climate-Resilient City Construction (CRCC) pilot. CRCC exposure is associated with a higher text-based measure of corporate green transformation. The estimate is stable in parallel-trends and placebo tests, alternative outcome measures, exclusions of confounding policies and shocks, alternative specifications, double machine learning, pre-policy propensity-score matching, and instrumental-variable estimation. Mechanism estimates are consistent with three channels through which CRCC may affect firm behavior. CRCC strengthens executive green cognition, redirects environmental spending toward prevention, and supports green technological and management innovation. By contrast, the estimate for end-of-pipe investment is small and statistically insignificant. A pooled interaction test finds differences across firm life-cycle stages. Comparisons by city size, exemplary-city status, and supply-chain resilience remain descriptive because their grouping indicators are unavailable for pooled re-estimation. Spatial estimates reveal limited, non-monotonic spillovers. Overall, the results indicate that an urban adaptation policy can influence firm strategy, subject to the text-based outcome and the sample of Chinese listed firms. © 2026 by the authors.","Climate-Resilient City Construction; corporate green transformation; urban climate-resilience governance","China; adaptive management; climate change; firm size; green economy; panel data; spatiotemporal analysis; urban climate","Article","Final","All Open Access; Gold Open Access","Scopus","2-s2.0-105050260707"
"Li J.; Li S.; Ka Y.; Wang S.; Yuzhen G.; Liu W.","Li, Jianbin (57918770000); Li, Suiran (59537867100); Ka, Yuxiu (58705497500); Wang, Siwei (58706369600); Yuzhen, Gesang (60128707400); Liu, Wei (56593718800)","57918770000; 59537867100; 58705497500; 58706369600; 60128707400; 56593718800","From autoimmune inflammation to malignancy: causal genetic evidence for the RA-squamous cell lung cancer axis","2026","Arthritis Research and Therapy","28","1","3","","","0","10.1186/s13075-025-03703-8","https://www.scopus.com/pages/publications/105026717880?origin=resultslist","Background: The association between rheumatoid arthritis (RA) and lung cancer risk has attracted considerable clinical attention, but conclusions remain inconsistent due to confounding factors such as smoking, and previous studies have paid less attention to specific histological subtypes. This study aims to systematically elucidate the complex relationship between the two through an evidence triangulation strategy combining large-scale clinical cohort studies, machine learning risk prediction, and genetic causal inference. Methods: This study adopted an evidence triangulation strategy, integrating evidence from different populations and methods. First layer of evidence (clinical association, Chinese population): We conducted 1:1 propensity score matching analysis on a real-world cohort of 8,867 subjects (4,661 RA patients) (2014–2024, First Teaching Hospital of Tianjin University of Traditional Chinese Medicine), with particular focus on the association between RA and different lung cancer subtypes (adenocarcinoma, squamous cell carcinoma, small cell carcinoma). We also built machine learning models (logistic regression, random forest, XGBoost) based on 22 clinical features from this cohort to explore the feasibility of individualized risk prediction for overall lung cancer. Second layer of evidence (genetic causation, European population): We turned to use completely independent large-scale public GWAS summary data (RA: N = 92,044, European ancestry; squamous cell lung cancer: N = 63,053, European ancestry; smoking: N = 111,752, European ancestry), employing multivariable Mendelian randomization (MVMR) analysis, after adjusting for the genetic effects of smoking, to specifically explore the causal effect of RA on squamous cell lung cancer. Results: Clinical evidence reveals that the association between RA and lung cancer exhibits significant subtype specificity: after matching, RA significantly increases squamous cell lung cancer risk (adjusted OR = 2.415, 95% CI: 1.104–5.283, P = 0.027), but shows no significant association with adenocarcinoma (P = 0.437) or small cell carcinoma (P = 0.564). Machine learning models based on clinical features showed limited predictive ability (AUC = 0.57–0.68), revealing the challenge of translating population associations into individual predictions. In an independent European population, genetic analysis presents an instructive paradox: preliminary univariable MR analysis shows RA has a genetic protective effect on squamous cell lung cancer (OR = 0.985), while linkage disequilibrium score regression (LDSC) shows no significant genetic correlation between the two (rg = -0.019, P = 0.806). After simultaneously adjusting for the genetic effects of smoking in multivariable MR analysis, the causal promoting effect of RA on squamous cell lung cancer was revealed (OR = 1.02, 95% CI: 1.00–1.04, P = 0.046), explaining that the apparent protective effect observed in univariable analysis was actually caused by smoking confounding. Conclusion: RA specifically increases squamous cell lung cancer (but not other subtypes) risk. Multivariable Mendelian randomization resolves the causal paradox caused by smoking confounding. Clinical evidence (China) and genetic evidence (Europe) come from different populations and require further validation. Results support implementation of targeted squamous cell lung cancer screening for high-risk RA patients. © The Author(s) 2025.","Causal Inference; Evidence Triangulation; Mendelian Randomization; Propensity Score Matching; Rheumatoid Arthritis; Squamous Cell Lung Cancer","Aged; Arthritis, Rheumatoid; Carcinoma, Squamous Cell; Cohort Studies; Female; Genetic Predisposition to Disease; Humans; Inflammation; Lung Neoplasms; Machine Learning; Male; Middle Aged; Risk Factors; adult; aged; Article; cancer risk; cancer screening; Chinese; clinical feature; cohort analysis; controlled study; disease association; European; female; gene linkage disequilibrium; genetic analysis; high risk patient; human; lung adenocarcinoma; machine learning; major clinical study; male; middle aged; non small cell lung cancer; prediction; retrospective study; rheumatoid arthritis; risk factor; smoking; squamous cell lung carcinoma; teaching hospital; complication; epidemiology; genetic predisposition; genetics; inflammation; lung tumor; squamous cell carcinoma","Article","Final","All Open Access; Gold Open Access; Green Open Access","Scopus","2-s2.0-105026717880"
"Preeti; Kant S.","Preeti (60343622100); Kant, Shashi (56908060800)","60343622100; 56908060800","A machine learning framework and Granger causal links of climatic variables over Jammu & Kashmir (1972–2024)","2026","Next Sustainability","8","","100446","","","0","10.1016/j.nxsust.2026.100446","https://www.scopus.com/pages/publications/105046747754?origin=resultslist","This study analyzes long-term meteorological records (1972–2024) from Srinagar, Gulmarg, Qazigund& Jammu, Jammu & Kashmir to investigate climatic anomalies using statistical diagnostics, causal inference, and frequency extraction techniques. Multiple machine learning (ML) models—including Gradient Boosting (GBM), Extreme Gradient Boosting (XGBoost), Random Forest (RF), Multi-Layer Perceptron (MLP), and Linear Regression—were applied to quantify sunshine duration. Model comparison revealed that Linear Regression provided the most consistent performance (R2=0.57, RMSE = 2.20; CV mean R2=0.65), highlighting the dominance of linear dependencies with diurnal temperature range, relative humidity, and mean sea level pressure.Beyond predictive modeling, Granger causality tests demonstrated significant linkages between scalar momentum flux (derived from MSLP data) and key hydroclimatic variables. Scalar flux showed no predictive power for rainfall at lags 1–3, Rolling cross-correlation further revealed that the strength and direction of flux–rainfall associations varied across decades, with low-frequency variability dominating outside imputed data periods. Together, these findings show that sunshine duration and rainfall variability in the Himalayan climate are primarily governed by simple meteorological relationships and scalar flux dynamics, rather than complex nonlinear or autocorrelated processes. The results have potential applications in the renewable energy sector, particularly for improving solar energy generation forecasts by leveraging robust sunshine duration estimates and causality-based diagnostics of atmospheric fluxes.Granger causality applied to ENSO and NAO indices with NOAA OLR data demonstrates the temporal direction of influence on tropical convection, while Kullback–Leibler (KL) divergence quantifies the extent to which OLR distributions differ between positive and negative phases. Together, these diagnostics provide complementary insights into both predictive relationships and structural impacts of teleconnections on the radiation field. © 2026 The Authors. Published by Elsevier Ltd. This is an open access article under the CC BY-NC-ND license. http://creativecommons.org/licenses/by-nc-nd/4.0/","Machine learning; Srinagar climate variability; Sunshine duration","","Article","Final","All Open Access; Gold Open Access","Scopus","2-s2.0-105046747754"
"Liu C.; Lu H.; Liu L.; Tian P.; Peng Z.; Wu H.; Li Z.","Liu, Chenxi (59087346300); Lu, Hongyuan (60633863700); Liu, Lingbo (57200790041); Tian, Peng (59312693800); Peng, Zhenghong (7401791307); Wu, Hao (56158451600); Li, Zhigang (55707215900)","59087346300; 60633863700; 57200790041; 59312693800; 7401791307; 56158451600; 55707215900","Impact of environmental functions on electric vehicle charging experience considering contextual constraints","2026","Transportation Research Part D: Transport and Environment","160","","105594","","","0","10.1016/j.trd.2026.105594","https://www.scopus.com/pages/publications/105048723306?origin=resultslist","As the electric vehicle market expands, improving public charging experience has become critical to the sustainability of urban transport. Using Wuhan as an empirical case, this study develops a double machine learning framework to examine how urban functional environments shape charging experience through charging behavior, while incorporating competition intensity and time-of-use tariff differentiation as contextual constraints. Based on tens of millions of charging records, three main findings emerge. First, the functional environment has a significant positive causal effect on charging experience, about 60% of which is mediated by charging behavior. Second, only a few behavior types generate disproportionate experience gains, and these behaviors are linked to the joint presence of particular nearby urban functions. Third, moderate levels of competition intensity and time-of-use tariff differentiation amplify both the total effect and behavioral mediation. These findings inform station siting, operational optimization, and charging-network planning. © 2026 Elsevier Ltd. All rights are reserved, including those for text and data mining, AI training, and similar technologies.","Charging behavior; Contextual constraints; Double machine learning; Environmental function; Public electric vehicle charging station; User experience","Behavioral research; Charging (batteries); Charging stations; Competition; Electric vehicles; Learning systems; Machine learning; Sustainable development; Urban transportation; Charging behavior; Charging station; Contextual constraints; Double machine learning; Electric vehicle charging; Environmental functions; Machine-learning; Public electric vehicle; Public electric vehicle charging station; Users' experiences; Data mining","Article","Final","","Scopus","2-s2.0-105048723306"
"Zhu X.; Liang Y.; Tao T.; Huang L.","Zhu, Xiao (60784393800); Liang, Youcai (59517391300); Tao, Tao (57205718402); Huang, Liang (60784393900)","60784393800; 59517391300; 57205718402; 60784393900","Causal associations between hormone replacement therapy and brain structure: Evidence from large-scale Mendelian randomization and double machine learning","2026","Progress in Neuro-Psychopharmacology and Biological Psychiatry","149","","111885","","","0","10.1016/j.pnpbp.2026.111885","https://www.scopus.com/pages/publications/105047088960?origin=resultslist","Background: Hormone replacement therapy (HRT) is widely prescribed for the management of hormone deficiency, particularly during menopause, yet its causal effects on human brain structure remain incompletely understood. Observational studies have reported heterogeneous associations, underscoring the need for robust causal inference. Methods: We applied an integrated causal framework combining two-sample Mendelian Randomization (MR) and Double Machine Learning (DML) to evaluate the effects of four HRT-related exposures—age at initiation, age at cessation, ever-use of HRT, and a composite medication-based phenotype—on 1366 brain imaging–derived phenotypes from the UK Biobank. Genetic instruments were derived from large-scale GWAS summary statistics, and causal estimates were validated using non-parametric DML models with cross-fitting and performance evaluation. Results: Genetic instruments for age at HRT initiation, age at cessation, and ever-use of HRT were strong (median F-statistics 16.29–36.66). MR analyses identified a causal association between later initiation of HRT and lower orientation dispersion in the right inferior cerebellar peduncle (ubm-a-542; primary finding, no pleiotropy detected). An additional association with the left tapetum FA (ubm-a-243) was identified but exhibited significant directional horizontal pleiotropy (MR-Egger intercept P = 0.001) and is excluded from primary conclusions (Supplementary Note S2). Later cessation of HRT was associated with increased cortical thickness in the left middle occipital gyrus, reduced surface area in the left frontopolar cortex, and increased orientation dispersion in the splenium of the corpus callosum. Ever-use of HRT was causally linked to larger volumes of the right inferior frontal gyrus and right nucleus accumbens. These associations were corroborated by independent DML validation, which provided causally debiased estimates robust to high-dimensional confounding. Results for ukb-b-8080 (median F = 1.45) are provided in Supplementary Note S1 only; weak-instrument bias precludes causal inference. Conclusions: This study provides genetic-instrument-based and machine-learning-validated evidence for causal associations between HRT exposure-particularly its timing and lifetime use-and specific features of human brain structure, including white-matter microarchitecture, cortical thickness, and regional brain volume. These findings are FDR-controlled within exposures and independently replicated by DML, but require replication in external neuroimaging GWAS cohorts to establish definitive causal conclusions. They highlight the neurobiological relevance of sex steroid exposure and inform future research on brain aging and personalized hormone-based interventions. © 2026 Elsevier Inc.","","hormone; adult; age; Article; brain; brain size; brain structure; case control study; causality; cohort analysis; controlled study; cortical thickness (brain); double machine learning; female; genome-wide association study; hormone deficiency; hormone substitution; human; inferior cerebellar peduncle; inferior frontal gyrus; machine learning; major clinical study; male; Mendelian randomization analysis; middle occipital gyrus; neuroimaging; nuclear magnetic resonance imaging; nucleus accumbens; performance; phenotype; pleiotropy; splenium; statistics; surface area; tapetum (corpus callosum); UK Biobank","Article","Final","","Scopus","2-s2.0-105047088960"
"Virkud A.V.; Tchetgen E.T.; Schisterman E.F.; Pineles B.; Levine L.D.; Cole S.R.; Hinkle S.N.; Mumford S.; Gerson K.D.; Taylor B.D.; Blackwell S.; Peaceman A.; Parry S.; Johnson M.T.; Willis D.; Caniglia E.C.","Virkud, Arti (57188991687); Tchetgen, Eric Tchetgen (58777648000); Schisterman, Enrique (7003977688); Pineles, Beth (16029309100); Levine, Lisa (48161492300); Cole, Stephen (7401503585); Hinkle, Stefanie (57194017445); Mumford, Sunni (57193396521); Gerson, Kristin (24341469300); Taylor, Brandie (36096074300); Blackwell, Sean (7005821076); Peaceman, Alan (35402101600); Parry, Samuel (7101887492); Johnson, Mariah (60777763900); Willis, Dalynn (60777364600); Caniglia, Ellen (56257808700)","57188991687; 58777648000; 7003977688; 16029309100; 48161492300; 7401503585; 57194017445; 57193396521; 24341469300; 36096074300; 7005821076; 35402101600; 7101887492; 60777763900; 60777364600; 56257808700","Clarifying contradictions: transportability in 17OHP-C trials and preterm birth outcomes using doubly debiased machine learning","2026","American Journal of Epidemiology","195","8","","2237","2243","1","10.1093/aje/kwaf202","https://www.scopus.com/pages/publications/105046368184?origin=resultslist","Following the Meis et al. trial that identified a benefit of 17-alpha-hydroxyprogesterone caproate (17OHP-C) in reducing the risk of recurrent preterm birth (PTB) (risk difference (RD) −18.6%; 95% CI, −28.2%, −9.2%), a confirmatory trial (PROLONG) identified no benefit of 17OHP-C (RD, 1.2%; 95% CI, −3.0%, 5.3%). The leading hypothesis is that the difference was due to the heterogeneity in PTB risk. We implemented state-of-the-art methods, using doubly debiased machine learning for transportability to investigate whether the conflicting trial results could be explained by measured differences between trial populations. The estimated RD when transporting the effect in Meis to the PROLONG trial population was −18.6% (95% CI, −55.9%, 8.8%) comparing 17OHP-C to placebo. The estimated RD when transporting PROLONG to Meis was 5.2% (95% CI, −17.3%, 18.1%) comparing 17OHP-C to placebo. Transporting from PROLONG to Meis did not recover the protective effect observed in Meis, which we hypothesize is due to a hidden violation of one or more causal assumptions for transportability, such as the presence of unmeasured effect measure modifiers. Transporting from Meis to PROLONG did not recover the null point estimate observed in PROLONG, though the confidence interval was wide. Future studies should explore effect heterogeneity by PTB. © The Author(s) 2025. Published by Oxford University Press on behalf of the Johns Hopkins Bloomberg School of Public Health. This is an Open Access article distributed under the terms of the Creative Commons Attribution License (https://creativecommons.org/licenses/by/4.0/), which permits unrestricted reuse, distribution, and reproduction in any medium, provided the original work is properly cited.","17OHP-C; double debiased machine learning; preterm birth; transportability","17 alpha-Hydroxyprogesterone Caproate; Female; Humans; Machine Learning; Pregnancy; Premature Birth; Progestins; Randomized Controlled Trials as Topic; hydroxyprogesterone caproate; gestagen; hydroxyprogesterone caproate; birth rate; confidence interval; drug; health risk; heterogeneity; hormone; machine learning; abortion; adult; alcohol consumption; Article; attributable risk; body mass; controlled study; doubly debiased machine learning; education; ethnicity; female; gestational age; human; machine learning; marriage; methodology; newborn morbidity; newborn mortality; pregnancy outcome; pregnant woman; prematurity; preterm rupture of membranes; race; randomized controlled trial (topic); regression model; smoking; spontaneous abortion; stillbirth; substance use; transportability methodology; pregnancy; prevention and control","Article","Final","All Open Access; Green Open Access; Hybrid Gold Open Access","Scopus","2-s2.0-105046368184"
"Hoffmann N.I.","Hoffmann, Nathan I. (57204035422)","57204035422","Double robust, flexible adjustment methods for causal inference: An overview and an evaluation","2026","Social Science Research","139","","103420","","","0","10.1016/j.ssresearch.2026.103420","https://www.scopus.com/pages/publications/105048171254?origin=resultslist","Double robust methods for flexible covariate adjustment in causal inference have proliferated in recent years. Despite their apparent advantages in overcoming model misspecification, these methods are rarely used by social scientists. It is also unclear to what extent these methods actually outperform more traditional methods in applied settings. This article has two aims. First, it is a guide to some of the latest methods in double robust, flexible covariate adjustment using machine learning. Second, it tests them against more traditional statistical methods and flexible, non-double robust methods using simulated, cross-sectional data where the treatment effect is known. Double robust methods covered include Augmented Inverse Probability Weighting (AIPW), Targeted Maximum Likelihood Estimation (TMLE), and Double/Debiased Machine Learning (DML). Results suggest that these methods do outperform traditional methods in a wide range of simulations, but only when paired with flexible machine learning estimators. Notably, G-computation with the same flexible estimators obtains almost identical results, and standard regression methods have only slightly higher bias. In the scenarios considered in this article, flexibility and robustness to heterogeneous treatment effects appear to be more important properties than double robustness. © 2026 Elsevier Inc.","Causal inference; Computational methods; Double robust; Machine learning; Simulations","","Article","Final","All Open Access; Gold Open Access; Green Open Access","Scopus","2-s2.0-105048171254"
"Zou Y.; He H.; Tan X.; Huang Y.","Zou, Yukai (57221923538); He, Haoting (60732646500); Tan, Xueyu (60686953800); Huang, Yu (7501572630)","57221923538; 60732646500; 60686953800; 7501572630","Prediction and causal-oriented interpretation of population activity intensity across function-dominated urban spaces under built-environment heterogeneity","2026","Building and Environment","303","","114959","","","0","10.1016/j.buildenv.2026.114959","https://www.scopus.com/pages/publications/105044287172?origin=resultslist","Hourly population activity is a key dynamic input for assessing building operation, outdoor heat exposure, and the temporal use of urban spaces, yet it is commonly represented by static or aggregated indicators. This study develops an integrated framework that links fine-scale functional space classification, multi-scale activity prediction, and causal-oriented interpretation of built-environment effects. Using six major districts of Guangzhou, China, 200 m grids were classified into seven function-dominated space types based on building functional composition. Hourly Baidu heatmap data were combined with built environment indicators measured at 600 m, 1000 m, and 1800 m scales. CatBoost models were developed separately for workday and weekend conditions, SHAP was used to identify variables contributing to model predictions, and double machine learning (DML) was applied to estimate potential net effects while controlling for other observed factors. The results reveal distinct activity rhythms across functional contexts: residential and urban village-dominated spaces show stronger morning and evening activity, whereas office-dominated spaces exhibit more pronounced daytime activity on workdays. The models perform robustly across typologies, with R2 values mostly above 0.80, and the 1000 m scale provides relatively stable predictive performance. Transit accessibility and commercial facility supply are consistently associated with higher activity intensity, while the roles of building morphology and functional capacity vary by context and time. By explicitly distinguishing predictive attribution from potential net effects, this study provides a methodological advance for incorporating dynamic population activity into building energy, outdoor heat exposure, and urban environmental assessments without relying solely on static population assumptions. © 2026 Elsevier Ltd","Built environment; Causal-oriented interpretation; Explainable machine learning; Function-dominated spaces; Hourly population activity","China; Guangdong; Guangzhou; Learning systems; Machine learning; Office buildings; Urban planning; Activity intensities; Built environment; Causal-oriented interpretation; Explainable machine learning; Function-dominated space; Heat exposure; Hourly population activity; Machine-learning; Population activities; Urban spaces; accessibility; environmental assessment; machine learning; prediction; Forecasting","Article","Final","","Scopus","2-s2.0-105044287172"
"Xia H.; Qian M.","Xia, Haili (55240294200); Qian, Meng (60750167400)","55240294200; 60750167400","Big data zones and urban inclusive green growth: Evidence from China's national pilot policy","2026","International Review of Economics and Finance","110","","105608","","","0","10.1016/j.iref.2026.105608","https://www.scopus.com/pages/publications/105045277248?origin=resultslist","In the digital economy era, the key to transforming development paradigms toward a high-quality model of economic-social-environmental synergy lies in the precise control and efficient allocation of data as a crucial factor. Using panel data from 279 prefecture-level cities in China from 2010 to 2022, this study employs the “National Big Data Comprehensive Pilot Zone” as a quasi-natural experiment. It applies a double machine-learning model to empirically examine the impact of big-data policies on urban inclusive green growth and the underlying mechanisms. The findings reveal that big data pilot zone policies significantly boost cities' levels of inclusive green growth, a conclusion that remains robust after several stability tests. Mechanism analysis indicates that policies exert positive effects mainly through three pathways: promoting green technology leapfrogging, upgrading data elements and human capital, and strengthening environmental regulations. Heterogeneity analysis reveals that policy effects vary across cities depending on pilot zone type, resource endowments, and levels of digital economic development. Further analysis of extensions demonstrates that big data pilot zone policies have dual spatial effects: “local empowerment” and “cross-regional crowding out.” Currently, the policy's negative cross-regional spillover effects outweigh the synergistic effects of local benefits and spatial agglomeration, resulting in an overall negative regional impact. Copyright © 2026. Published by Elsevier Inc.","Double machine learning; Green technology leap; Inclusive green growth; National big data comprehensive pilot zone","","Article","Final","All Open Access; Gold Open Access","Scopus","2-s2.0-105045277248"
"Hwang S.; Bea E.; Lee D.E.; Kang D.H.; Yoo R.J.","Hwang, Soonkwan (60388481700); Bea, Eunji (60389043700); Lee, Dong Eun (60388901700); Kang, Dong Hyeon (60388062800); Yoo, Rang Jin (60388481800)","60388481700; 60389043700; 60388901700; 60388062800; 60388481800","AI-assisted optimization of warm forging using real-time MES sensor data","2026","International Journal of Advanced Manufacturing Technology","145","11-12","","8925","8945","0","10.1007/s00170-026-18747-6","https://www.scopus.com/pages/publications/105046427403?origin=resultslist","The increasing demand for high functionality and dimensional precision in manufacturing has intensified the need for advanced production technologies for corrosion-resistant stainless-steel fasteners. Conventional nut production relies largely on cold forging or machining; however, stainless steels such as SUS304 and SUS316 exhibit low formability at room temperature, resulting in machining-dependent processes with high cost and low material yield. To address these limitations, this study develops an intelligent warm-forging process system capable of producing stainless-steel nuts with improved precision and process stability, based on real-time multi-sensor data and AI modeling. Key process variables—including Material Heating Temperature, Wedge Stroke, Material Feed Length, Die Temperature, Product Temperature, Forming Force, and dimensional responses such as Head Outer Diameter, Body Outer Diameter, Product Height—were continuously collected from an operating production line. Statistical analysis, correlation analysis, causal inference, and machine-learning models were applied to quantify the effects of these variables on dimensional variation and defect rates. The resulting models were integrated into a smart-manufacturing execution system (MES) that supports real-time monitoring, AI-based defect prediction, and parameter guidance. A formal causal analysis using directed acyclic graphs (DAGs) and the DoWhy framework was conducted to distinguish causal from correlational relationships among process variables. Model generalization was assessed through temporally ordered train–test splitting and 5-fold cross-validation, and a systematic error-source analysis was performed to identify unmeasured confounders limiting dimensional prediction performance. The proposed framework demonstrates the feasibility of AI-assisted warm forging, enabling more consistent product quality, reduced deviation, and enhanced process reliability, thereby contributing to the digital transformation of Korea’s core manufacturing sectors. © The Author(s) 2026.","AI-assisted process optimization; Causal inference; Machine learning; Manufacturing Execution System (MES); Real-time sensor data; Smart manufacturing; Warm forging","Defects; Low temperature production; Machine learning; Quality control; Smart manufacturing; Upsetting (forming); AI-assisted process optimization; Causal inferences; Machine-learning; Manufacturing Execution System; Process optimisation; Real time sensors; Real-time sensor data; Sensors data; Smart manufacturing; Warm forging; Learning systems","Article","Final","All Open Access; Hybrid Gold Open Access","Scopus","2-s2.0-105046427403"
"Huang J.; Zhao X.; Du Y.; Ma H.; Cao Y.","Huang, Jingyi (60784703300); Zhao, Xueran (60784555400); Du, Yuanhe (59708071800); Ma, Hongkun (57867285400); Cao, Yuan (57008491800)","60784703300; 60784555400; 59708071800; 57867285400; 57008491800","Can Horizontal Ecological Compensation Mechanism Promote Regional Inclusive Green Growth? Evidence from Panel Data of 81 Cities in 8 Provinces of the Yellow River Basin","2026","Sustainability (Switzerland)","18","15","8012","","","0","10.3390/su18158012","https://www.scopus.com/pages/publications/105047074565?origin=resultslist","This study examines the empirical association between horizontal eco-compensation and regional inclusive green growth. Using panel data for 81 cities in eight provinces of the Yellow River Basin from 2012 to 2022, it applies a staggered difference-in-differences model, mediation regressions, and a spatial econometric model. Double machine learning with five-fold cross-fitting is used as a robustness exercise to mitigate multicollinearity and functional-form misspecification. Conditional on city and year fixed effects and the included covariates, policy implementation is positively associated with inclusive green growth in pilot cities. The mediation regressions are consistent with three possible channels—total factor productivity, science and technology expenditure, and industrial upgrading—but do not establish definitive causal mediation. The spatial estimates indicate a significant negative association with inclusive green growth in neighboring cities. Within-group estimates are significant for upstream and downstream cities but not for midstream cities, and the midstream estimate is significantly weaker than the downstream estimate. Estimates are also significant within the medium- and high-income groups, although full-sample interaction tests do not establish differences across economic development tiers. Because policy placement is not fully random and time-varying unobservables cannot be completely ruled out, the findings should be interpreted as conditional on the maintained identification assumptions. Policy recommendations, therefore, emphasize basin-specific targeting, stronger implementation capacity in weaker areas, cross-regional coordination, and expansion rules that weigh fiscal capacity, opportunity and transition costs, and marginal benefits. © 2026 by the authors.","ecological compensation mechanism; green development outcomes; inclusive green growth; watershed governance; Yellow River Basin","China; Yellow River Basin; compensation system; economic development; governance approach; green economy; machine learning; panel data; policy implementation; watershed","Article","Final","All Open Access; Gold Open Access","Scopus","2-s2.0-105047074565"
