"Authors","Author full names","Author(s) ID","Title","Year","Source title","Volume","Issue","Art. No.","Page start","Page end","Cited by","DOI","Link","Abstract","Author Keywords","Index Keywords","Document Type","Publication Stage","Open Access","Source","EID"
"Hałka A.; Szafranek K.","Hałka, Aleksandra (56416379000); Szafranek, Karol (57188631991)","56416379000; 57188631991","Whose Inflation Is It Anyway? Inflation Spillovers Between the Euro Area and Small Open Economies","2016","Eastern European Economics","54","2","","109","132","20","10.1080/00128775.2015.1126788","https://www.scopus.com/pages/publications/84961898739?origin=resultslist","For the last two years, inflation has been steadily falling across the countries of the European Union, generating mounting deflationary pressures. Recent studies suggest that apart from the global determinants influencing broad inflation measures (e.g., plummeting commodity prices), core inflation components are subject to the rising influence of globalization. Our analysis focuses on two aspects: the percentage of Harmonised Index of Consumer Prices (HICP) components affected by deflation, and the spillovers of headline, core, non-energy goods and services inflation between the euro area and selected small open economies. In order to address the issue of inflation broadness, we calculate the percentages of HICP components whose annual growth rates fall into certain ranges and introduce a simple measure, the discrepancy index, to show the relative strength of deflationary and inflationary groups. To address the problem of quantifying inflation spillovers across the selected economies, we use the Diebold and Yilmaz spillover indices. The results indicate that the share of deflationary groups for most countries has been consistently rising since 2010, with the discrepancy index approximating its all-time lows in the fourth quarter of 2014. Simultaneously we show that the spillover index for non-energy industrial goods and services inflation has recently risen considerably, with the measure for headline inflation remaining elevated and the one for core inflation dropping. The euro area remains a net inflation transmitter in most cases. © Copyright 2016 Taylor & Francis Group, LLC.","disaggregation; euro area; inflation; small open economy; spillovers; VAR","Europe; commodity price; economic analysis; European Union; inflation; international trade; small and medium-sized enterprise; spillover effect","Article","Final","","Scopus","2-s2.0-84961898739"
"Hammoudeh S.; Nguyen D.K.; Sousa R.M.","Hammoudeh, Shawkat (6602687914); Nguyen, Duc Khuong (25633212500); Sousa, Ricardo M. (35270013700)","6602687914; 25633212500; 35270013700","US monetary policy and sectoral commodity prices","2015","Journal of International Money and Finance","57","","","61","85","114","10.1016/j.jimonfin.2015.06.003","https://www.scopus.com/pages/publications/84939567820?origin=resultslist","Using a Structural VAR (SVAR) model, we examine the effects of the monetary policy of the United States on sectoral commodity prices (including the non-fuel commodity prices, food prices, beverage prices, prices of agricultural raw materials, prices of metals and prices of fuel (energy) commodities) and macroeconomic activity. The empirical evidence suggests that a U.S. monetary contraction leads to an immediate rise in the broad commodity price index, which possibly reflects an aggregation bias, greater expected inflation and speculation, high production costs or some overshooting due to overreactions. Then, the response erodes after six quarters as the positive interest rate shock vanishes and higher interest rates and liquidity drainage take traction. Despite this, the aggregate price response masks the existence of significant heterogeneity in the price responses of the different types of commodity sectors. More specifically, a positive interest rate shock leads to: (i) an initial pop in the price returns of the non-fuel commodities, which later reverses path and becomes negative (as in the case of the prices of agricultural raw materials); (ii) a positive and persistent rise in the volatile food prices; (iii) a fall in the beverage prices; and (iv) a persistent reduction in the prices of metals and the prices of energy prices. Our results also remain globally intact with respect to alternative specifications and identification schemes as well as to unconventional monetary policy effects. Similar results are also found when commodity futures prices are used. We conclude that policymakers should recognize the source of sector inflation before embarking on contractionary monetary policy. The design of core inflation targeting is also preferable to headline inflation targeting. © 2015 Elsevier Ltd.","Commodity prices; Monetary policy; Structural VAR","","Article","Final","","Scopus","2-s2.0-84939567820"
"Coutinho L.; Licchetta M.","Coutinho, Leonor (23391704500); Licchetta, Mirko (40761797300)","23391704500; 40761797300","Inflation Differentials in the Euro Area at the Time of High Energy Prices","2025","Open Economies Review","36","5","","1463","1497","2","10.1007/s11079-025-09802-y","https://www.scopus.com/pages/publications/105004351693?origin=resultslist","Inflation differentials in the euro area widened in 2022 to historically high levels in the context of a surge in energy and other commodity prices. On the one hand, some degree of inflation differentials within the euro area may be seen as a natural part of an adjustment process, rather than a problem per se for economic policy. On the other hand, persistent inflation differentials can adversely affect competitiveness in higher inflation countries. This paper uses principal component and panel regression models to investigate the drivers of inflation differentials. Our empirical estimates suggest the impact of a common shock – asymmetric across Member States and mostly related to the increase in energy and food prices – can explain up to two thirds of the increase in headline inflation in 2022. The estimated responses to the common factor increase with energy intensity, reflecting the important role of energy prices in driving global shocks to inflation, and decline with the share of services in Gross Value Added (GVA), suggesting that countries with a larger manufacturing sector have been more sensitive to common factors. The common factor is also found more prominent in 2020–22 than in previous periods. The remainder of inflation developments can be explained by more local and crisis related factors. Results are robust to including a lagged dependent variable in the model, instead of accounting for the autocorrelation in the residuals with GLS estimates. The lagged dependent variable captures some of the effect of the common factor, suggesting that persistence may be associated with a relatively long pass-through for the energy shock, related to the staggered nature of supply contracts and price setting in the euro area. © The Author(s), under exclusive licence to Springer Science+Business Media, LLC, part of Springer Nature 2025.","Deflation; Energy and the Macroeconomy; Inflation; Macroeconomic Issues of Monetary Unions; Price Level","Europe; competitiveness; energy market; inflation; macroeconomics; monetary union","Article","Final","","Scopus","2-s2.0-105004351693"
"Siami-Namini S.; Hudson D.; Trindade A.A.; Lyford C.","Siami-Namini, Sima (57201302278); Hudson, Darren (7202892942); Trindade, Adao Alexandre (8559896300); Lyford, Conrad (6508249946)","57201302278; 7202892942; 8559896300; 6508249946","Commodity price volatility and U.S. monetary policy: Commodity price overshooting revisited","2019","Agribusiness","35","2","","200","218","17","10.1002/agr.21564","https://www.scopus.com/pages/publications/85064087604?origin=resultslist","Commodity price volatility has created concerns for central bank policy-makers. Recent commodity prices peaked in the consequences of the financial crisis of 2007, and they have remained relatively volatile since. As they are often seen as being connected in a cause and effect relationship with inflation and real output, the driving forces behind commodity price volatility are necessary for the conduct of monetary policy. Using an autoregressive moving average with an exponential generalized autoregressive conditional heteroscedastic (ARMA-EGARCH) process, we extract the conditional variance series to find volatility spillover between monetary policy and commodity price index. The findings show that the volatility of agricultural commodity price index and other commodities price indices overshoot the long-run equilibrium price in response to an impulse in monetary policy. © 2018 Wiley Periodicals, Inc.","ARMA-EGARCH model; commodity prices; monetary policy; overshooting hypothesis; VECM approach","","Article","Final","","Scopus","2-s2.0-85064087604"
"Siami-Namini S.","Siami-Namini, Sima (57201302278)","57201302278","U.S. Monetary Policy and Commodity Prices: A SVECM Approach","2021","Economic Papers","40","4","","288","312","6","10.1111/1759-3441.12309","https://www.scopus.com/pages/publications/85105019623?origin=resultslist","This article discusses how U.S. monetary policy shocks can influence commodity prices. Historically, a lot of studies in the literature have investigated the impact of short-term interest rates on different types of commodity prices. This article takes a more comprehensive approach and contributes to the literature by analysing the effect of both short- and long-term interest rates as well as M2 money stock on commodity prices at aggregate and sub-indices levels. The “B-model” variant of structural vector error correction models (SVECMs) is used to estimate the restricted contemporaneous impact matrix (SR) and the restricted long-term impact matrix (LR). Furthermore, SVECMs impulse response functions are used to evaluate the extent to which monetary policy shocks explain commodity prices. In contrast with the results of previous studies, we do not find evidence of a strong response pattern of commodity prices to monetary policy shocks in the short term. However, monetary policy shocks can explain commodity prices and their components in the long term. From a policy point of view, monetary authorities should exercise caution in using short-term effects of monetary policy instruments on commodity prices, given their long-term impact is inflationary while there are no beneficial short-term effects. © 2021 The Economic Society of Australia.","B-model; Commodity prices; Monetary policy; SVECMs","","Article","Final","","Scopus","2-s2.0-85105019623"
"Cruz M.; Sánchez A.; Amann E.","Cruz, Moritz (8582823100); Sánchez, Armando (26650270600); Amann, Edmund (7006601766)","8582823100; 26650270600; 7006601766","Mexico: Food price increases and growth constraints","2011","Cepal Review","","105","","73","86","7","10.18356/0aafee9a-en","https://www.scopus.com/pages/publications/84861412635?origin=resultslist","This paper uses dynamic panel techniques to evaluate the extent to which Mexico's consumer price index will be affected by food price inflation in the long term. We argue that sharp increases in international food prices (of the type seen since 2001) are likely to persist and to reinforce domestic growth constraints in Mexico. Our results suggest that in an economy like Mexico's that is highly dependent on imported food, the consumer price index will be noticeably affected by international food price increases. Conducting monetary policy without reference to the structural issue of food price inflation is therefore likely to be ineffective in controlling inflation and could be damaging in terms of its impact on demand and growth. Thus, the revitalization of the Mexican agricultural sector should be a centrepiece of future counter-inflationary policy.","Economic growth; Economic statistics; Food prices; Food production; Inflation; Mathematical analysis; Mexico; Price indices","","Article","Final","","Scopus","2-s2.0-84861412635"
"Gospodinov N.; Jamali I.","Gospodinov, Nikolay (6506561526); Jamali, Ibrahim (37066057700)","6506561526; 37066057700","Monetary policy uncertainty, positions of traders and changes in commodity futures prices","2018","European Financial Management","24","2","","239","260","35","10.1111/eufm.12150","https://www.scopus.com/pages/publications/85034230683?origin=resultslist","This paper examines the sensitivity of commodity price changes to monetary policy uncertainty. We find evidence that the response of commodity price changes hinges on the sign of the monetary policy shock, the level of monetary policy uncertainty as well as a recession dummy. Uncertainty associated with negative monetary policy shocks leads to a decrease in commodity prices and excess speculative activity. The results from estimating an asset pricing model suggest that monetary policy uncertainty appears not to be a priced risk factor in the cross-section of commodity price changes. © 2017 John Wiley & Sons, Ltd.","asset pricing model; commodity prices; Fama-Macbeth regression; futures basis; futures data; monetary policy uncertainty; positions of traders; speculators","","Article","Final","","Scopus","2-s2.0-85034230683"
"Agnello L.; Castro V.; Hammoudeh S.; Sousa R.M.","Agnello, Luca (56637054100); Castro, Vítor (7006824332); Hammoudeh, Shawkat (6602687914); Sousa, Ricardo M. (35270013700)","56637054100; 7006824332; 6602687914; 35270013700","Global factors, uncertainty, weather conditions and energy prices: On the drivers of the duration of commodity price cycle phases","2020","Energy Economics","90","","104862","","","47","10.1016/j.eneco.2020.104862","https://www.scopus.com/pages/publications/85088904579?origin=resultslist","We investigate the role of global factors in explaining the length of commodity price cycle phases, using a continuous-time Weibull duration model and data for a panel of 33 countries over the period 1980Q1–2015Q4. We find evidence of increasing (constant) positive duration dependence for commodity price booms and busts (normal time spells). Global macroeconomic conditions - in particular, inflation, economic policy uncertainty and monetary policy actions - significantly affect the duration of all commodity price cycle phases. Global environmental conditions also impact the duration of commodity price booms, with a rise in average temperature (rainfall) increasing (reducing) their lengths. A larger number of military conflicts around the globe is associated with shorter booms and busts. Finally, we find that higher oil prices are linked with longer booms and shorter busts. © 2020 Elsevier B.V.","Commodity price cycles; Continuous-time Weibull model; Global factors","Continuous time systems; Costs; Economics; Energy policy; Oil booms; Public policy; Commodity prices; Continuous-time; Duration dependence; Duration modeling; Economic policies; Environmental conditions; Military conflicts; Monetary policies; commodity price; crude oil; economic conditions; economic policy; environmental conditions; inflation; macroeconomics; monetary policy; price dynamics; weather; Crude oil price","Article","Final","All Open Access; Green Open Access","Scopus","2-s2.0-85088904579"
"Klotz P.; Lin T.C.; Hsu S.-H.","Klotz, Philipp (56400592600); Lin, Tsoyu Calvin (55467839200); Hsu, Shih-Hsun (57135929200)","56400592600; 55467839200; 57135929200","Global commodity prices, economic activity and monetary policy: The relevance of China","2014","Resources Policy","42","","","1","9","43","10.1016/j.resourpol.2014.08.001","https://www.scopus.com/pages/publications/84908403057?origin=resultslist","After decades of strong economic growth, industrialization and rising living standards, China has become a dominant player in commodity markets. This study attempts to shed light on the role of China in global commodity price dynamics.The empirical analysis applies (Toda and Yamamoto, 1995, J Econom, 66, 225-250) type Granger causality tests and Generalized Impulse Response Functions (GIRF) to examine causal linkages and short-run dynamics between global commodity prices, economic activity, and monetary policy of China from 1998 to 2012.Our results provide evidence that economic activity is Granger causing both energy and industrial metals prices. As for the GIRF analysis, our findings suggest that energy and industrial metals prices respond positively to an increase in the economic activity and that agricultural as well as energy commodity prices overshoot after a drop in the real interest rate of China. We further find evidence that industrial metals prices tend to be higher when China's exchange rate system is relaxed. © 2014 Elsevier Ltd.","China; Commodity price; Generalized impulse response function; Overshooting; Toda-Yamamoto","China; China; Commodity prices; Impulse response functions; Overshooting; Toda-Yamamoto; commodity price; economic activity; economic growth; empirical analysis; exchange rate; globalization; Granger causality test; monetary policy","Article","Final","","Scopus","2-s2.0-84908403057"
"Carrière-Swallow Y.; Koumtingué N.F.; Weber S.","Carrière-Swallow, Yan (54394984200); Koumtingué, Nelnan Fidèle (56509610400); Weber, Sebastian (57209138028)","54394984200; 56509610400; 57209138028","Inflation and Monetary Policy in a Low-Income and Fragile State: The Case of Guinea","2025","Journal of African Economies","34","1","","1","25","1","10.1093/jae/ejad024","https://www.scopus.com/pages/publications/85212325440?origin=resultslist","Inflation in low-income countries is often high and volatile, driven by external shocks. In addition, inflation in fragile states is affected by highly volatile domestic factors that complicate monetary policy's ability to deliver price stability. We estimate the drivers of inflation in Guinea since the early 2000s, a period in which the country suffered major shocks from pandemics, commodity price movements, and multiple military coups, and during which inflation averaged 12%. Results confirm that global commodity and transport prices account for a large share of the variation in inflation. The contribution of monetary policy shocks to inflation is moderate, reflecting its broadly neutral stance throughout most of the last two decades. However, monetary policy has occasionally made larger contributions to inflation, and recently helped contain price pressures from high commodity prices. The effectiveness of monetary policy reflects a strong relationship between monetary aggregates and the exchange rate.  © 2024 The Author(s). Published by Oxford University Press on behalf of the Centre for the Study of African Economies, all rights reserved.","fragile states; inflation; low-income countries; monetary policy","Guinea; commodity price; developing world; exchange rate; inflation; monetary policy; political conflict; price dynamics","Article","Final","","Scopus","2-s2.0-85212325440"
"Fertő I.; Podruzsik S.","Fertő, Imre (8314653200); Podruzsik, Szilárd (56199257800)","8314653200; 56199257800","Price Caps, Retail Margins and Pork Price Transmission in Hungary","2026","Agribusiness","","","","","","0","10.1002/agr.70153","https://www.scopus.com/pages/publications/105048551276?origin=resultslist","This paper examines vertical price transmission in the Hungarian pork-leg supply chain during a period of high food inflation and intensive retail-market intervention. Using weekly data from 2021w7 to 2026w19, we distinguish two directly linked market pairs: producer-to-retail procurement and retail procurement-to-consumer. Baseline ARDL estimates show strong upstream pass-through, with a long-run elasticity of 0.785 from producer to procurement prices, but much weaker downstream pass-through, with an elasticity of 0.275 from procurement to net consumer prices. Policy-regime estimates, supported by Newey-West HAC-robust inference, indicate that the food-price-cap-only period coincided with sharply compressed downstream pass-through, while upstream transmission remained substantial. Nonlinear ARDL and threshold diagnostics do not support a robust long-run asymmetry interpretation. The findings suggest that incomplete pork-leg price transmission in Hungary was concentrated mainly at the consumer-facing retail-pricing stage, rather than reflecting uniformly weak transmission along the entire supply chain. © 2026 Wiley Periodicals LLC.","food price inflation; Hungary; pork market; price caps; retail regulation; supply chains; vertical price transmission","","Article","Article in press","All Open Access; Bronze Open Access","Scopus","2-s2.0-105048551276"
"Thorbecke W.; Zhang H.","Thorbecke, Willem (6701691043); Zhang, Hanjiang (35212452900)","6701691043; 35212452900","Monetary policy surprises and interest rates: Choosing between the inflation-revelation and excess sensitivity hypotheses","2009","Southern Economic Journal","75","4","","1114","1122","4","","https://www.scopus.com/pages/publications/66349136817?origin=resultslist","Romer and Romer (2000) reported that federal funds rate increases may raise expected inflation by revealing the Federal Reserve's private information about inflation. Gurkaynak, Sack, and Swanson (2005a) presented evidence that funds rate increases lowered long-term expected inflation. To choose between these hypotheses, we examine how monetary policy surprises affect daily traded commodity prices, term interest rates, and forward interest rates. We find that funds rate increases in the 1970s raised gold and silver prices and that increases after 1989 lowered gold and silver prices. We also find that funds rate hikes over both sample periods primarily affected short-term interest rates and near-term forward rates. For the 1970s, these results suggest that Romer and Romer's explanation is correct. For recent years, they indicate that funds rate increases affect real rates and may also be consistent with the findings of Gurkaynak, Sack, and Swanson.","","","Article","Final","","Scopus","2-s2.0-66349136817"
"Goyal A.; Pandey V.","Goyal, Ashima (57210730810); Pandey, Vipasha (60698695500)","57210730810; 60698695500","Indian Industrial Pricing Under Flexible Inflation Targeting","2026","South Asian Journal of Macroeconomics and Public Finance","","","","","","0","10.1177/22779787261457203","https://www.scopus.com/pages/publications/105042265162?origin=resultslist","A puzzling characteristic of post-pandemic Indian inflation is the fall, within 10 years of adopting flexible inflation targeting (FIT), in core inflation to lifetime lows despite high growth and recurrent commodity price shocks. Establishing the credibility of FIT is expected to take time in emerging markets (EMs) since prerequisites are thought to include independent central banks (CBs) that focus only on inflation, giving up other types of intervention. The Indian CB, however, continued foreign exchange intervention and its coordination with the government improved over the period. Even so, our evidence from multiple exercises with a disaggregated industry panel suggests firms’ pass-through of supply shocks reduced in the FIT period. The results support the effectiveness of the communications and expectations channel in EMs compared to other channels. EM features imply prerequisites for successful FIT may not be the traditional ones. Flexible, not strict, inflation targeting, with procedures adapted to the context, can reduce growth sacrifice while lowering inflation. JEL Classification: E31, E32 © 2026 The Author(s)","expectations channel; firms’ price-setting; Inflation targeting; supply shocks","","Article","Article in press","","Scopus","2-s2.0-105042265162"
"Sekine A.","Sekine, Atsushi (56524993100)","56524993100","Commodity price pass-through and inflation in Japan: a nonlinear time series analysis","2025","Applied Economics Letters","32","6","","808","811","3","10.1080/13504851.2023.2289412","https://www.scopus.com/pages/publications/105001930278?origin=resultslist","Declining pass-through of commodity prices in Japan has been reported in the related literature. In this study, I investigate why the pass-through has declined in Japan over time. By estimating the threshold autoregressive model that considers past inflation rates, I find that the short- and long-run pass-throughs are lower in low-inflation regimes. This suggests that the state of inflation plays an important role in understanding declining pass-through in Japan. Second, energy prices have a significant effect on inflation in both the short and long run. However, I could not identify the effects of non-energy prices on inflation. This result suggests that the Bank of Japan needs to pay significant attention to energy prices to control inflation, particularly when it faces high inflation. © 2023 Informa UK Limited, trading as Taylor & Francis Group.","Commodity price; inflation; pass-through; threshold autoregressive model","Japan; central bank; commodity price; energy market; financial policy; inflation; time series analysis","Article","Final","","Scopus","2-s2.0-105001930278"
"Ewing B.T.; Thornton M.; Yanochik M.","Ewing, Bradley T. (7005781888); Thornton, Mark (7101787056); Yanochik, Mark (6506258087)","7005781888; 7101787056; 6506258087","Investment in New Proved Oil Reserves: An Austrian Perspective","2017","Journal of Business Valuation and Economic Loss Analysis","12","s1","20160017","","","0","10.1515/jbvela-2016-0017","https://www.scopus.com/pages/publications/85026674888?origin=resultslist","Exploration and production (E&P) companies must replace oil produced with new proved reserves in order to sustain their existence, generate future revenues and value. Extensions constitute the largest type of additions to new proved reserves. Adding reserves through extensions is capital intensive and both the real price of oil (represented by real refiner acquisition cost) and real interest (represented by real yield on 10 year Treasury bond) will influence the investment in new discoveries of proved reserves. However, recent periods of unusually high commodity prices and ultra-low interest rates, often linked to monetary policy, may have led to an over-investment in reserves through extensions. Accordingly, using U.S. data (1977-2014) we test for the existence of ""explosive behavior"" in the volume of extensions over time with financial time series econometric methods referred to as right-tail ADF tests which have traditionally been used for identifying speculative bubbles in asset markets. Empirical evidence identifies a period of explosive (""bubble-like"") behavior in the time series of extensions having occurred beginning 2010 through 2014. This research provides an Austrian explanation for the empirical results consistent with the notion of malinvestment. © 2017 Walter de Gruyter GmbH, Berlin/Boston 2017.","Malinvestment; New; Proved; Reserves","","Article","Final","","Scopus","2-s2.0-85026674888"
"Dietrich A.M.","Dietrich, Alexander M. (57222896124)","57222896124","Consumption categories, household attention, and inflation expectations: Implications for optimal monetary policy","2024","Journal of Monetary Economics","147","","103594","","","10","10.1016/j.jmoneco.2024.103594","https://www.scopus.com/pages/publications/85192071302?origin=resultslist","What inflation measure should central banks target? This paper highlights a mechanism where monetary policy optimally targets headline inflation if households pay limited attention to different consumption categories when forming inflation expectations. This result stands in contrast to standard rational expectations models, where optimal policy targets core inflation. The core inflation rate excludes volatile energy and food prices (non-core) from headline inflation. Using novel survey data on inflation expectations for disaggregated consumption categories, I find household expectations are disproportionately driven by beliefs about future non-core prices. A model of bounded rationality accounts for the empirical evidence. While forming inflation expectations, households pay more attention to the volatile non-core components. Embedding this framework into a multi-sector New Keynesian model, I show that targeting headline rather than core inflation provides welfare gains. © 2024 Elsevier B.V.","Expectations; Inflation; Monetary policy; Survey","","Article","Final","","Scopus","2-s2.0-85192071302"
"Pourroy M.; Carton B.; Coulibaly D.","Pourroy, Marc (55216578100); Carton, Benjamin (26647360600); Coulibaly, Dramane (54779419400)","55216578100; 26647360600; 54779419400","Food prices and inflation targeting in emerging economies","2016","International Economics","146","","","108","140","33","10.1016/j.inteco.2015.12.001","https://www.scopus.com/pages/publications/84955567343?origin=resultslist","The two episodes of food price surges in 2007 and 2011 followed by a drop in 2014 have been particularly challenging for developing and emerging economies' central banks and have raised the question of how monetary authorities should react to such external relative price shocks. We investigate the optimal monetary policy that manages food price shocks. To this end, we develop a new-Keynesian small open-economy model that incorporates world food price shocks. We show that the optimal monetary policy depends on country income level. In low and medium income countries, overall consumer price targeting is optimal, while in high-income countries non-food inflation targeting is the best option. This result holds not only because food represents a significant share in total consumption in low and medium income countries, but also because of food good composition. Indeed, the poorer the country, the higher the share of purely domestic food in consumption and the more detrimental lack of attention to the evolution in food prices. © 2016 CEPII (Centre d'Etudes Prospectives et d'Informations Internationales), a center for research and expertise on the world economy.","Commodities; DSGE models; Food prices; Monetary policy","","Article","Final","All Open Access; Green Open Access","Scopus","2-s2.0-84955567343"
"Wagan Z.A.; Chen Z.; Seelro H.; Shah M.S.","Wagan, Zulfiqar Ali (57200528205); Chen, Zhang (56413258000); Seelro, Hakimzadi (57200530125); Shah, Muhammad Sanaullah (57208004346)","57200528205; 56413258000; 57200530125; 57208004346","Assessing the effect of monetary policy on agricultural growth and food prices","2018","Agricultural Economics (Czech Republic)","64","11","","499","507","13","10.17221/295/2017-AGRICECON","https://www.scopus.com/pages/publications/85063545977?origin=resultslist","Agricultural growth is closely associated with sustainable economic development. This is especially true from the perspective of developing countries, such as India and Pakistan, where significant portions of the labour force are dependent on agriculture for their livelihood. This study analysed the impact of macroeconomic policy (i.e. monetary policy) on employment, food inflation, and agricultural growth by analysing to what extent monetary policy is effective in controlling food price inflation, the effect of contractionary monetary policy on the agricultural sector’s employment and productivity, and the extent of monetary policy transmission to money market rates and 10-year interest rates. We did so by applying a factor-augmented vector autoregressive model proposed by Bernanke et al. (2005) to agricultural data from 1995 and 1996 to 2016 for India and Pakistan, respectively. We found that tight monetary policy significantly reduced food inflation and agricultural production while increasing the rural unemployment rate. Short-term and 10-year interest rates increased owing to the contractionary monetary policies pursued by both countries. An inclusive monetary policy whereby policymakers work alongside governments to achieve price stabilisation and reasonable employment rates is recommended. © 2018, Czech Academy of Agricultural Sciences. All rights reserved.","Agricultural growth; Food inflation; Monetary policy","","Article","Final","All Open Access; Gold Open Access","Scopus","2-s2.0-85063545977"
"Ayyoub M.","Ayyoub, Muhammad (57218554735)","57218554735","International Linkages of Inflation-Output Dynamics: Fresh GVAR Evidence from Pakistan and Its Trading Partners","2024","Economic Papers","43","3","","236","256","0","10.1111/1759-3441.12416","https://www.scopus.com/pages/publications/85191738148?origin=resultslist","The key purpose of this study is to explore the relationship between inflation and output dynamics in a global macroeconomic framework by utilising time-series data from Pakistan and thirty-two trading partners which account for around 95 per cent of foreign trade of Pakistan, over the period 1979Q2–2016Q4. By featuring the GVAR approach, this paper empirically examined the international linkages to account for cross-country inflationary spillovers. The findings show that both foreign and global variables jointly and significantly matter for the inflation-output relationship in developing economies, in general and, in particular, in the economy of Pakistan. The findings from general impulse response functions (GIRF) reveal that shocks to the US real output, oil prices and food prices are transmitted and settled quickly, and put forward a significant impact on real GDP and inflation in Pakistan and its trading partner economies. Inflation in Pakistan is driven more strongly by the global changes in oil and food prices than GDP. For monetary policy formulation, the central bank should take into account developments in inflation-output dynamics of Pakistan's major trading partners. © 2024 The Economic Society of Australia.","global VAR; impulse response functions; inflation-output dynamics; inflationary spillovers; monetary policy; Pakistan; trade flows","","Article","Final","","Scopus","2-s2.0-85191738148"
"Yao W.; Alexiou C.","Yao, Wei (57417552400); Alexiou, Constantinos (35863917800)","57417552400; 35863917800","Exploring the transmission mechanism of speculative and inventory arbitrage activity to commodity price volatility. Novel evidence for the US economy","2022","International Review of Financial Analysis","80","","102027","","","16","10.1016/j.irfa.2022.102027","https://www.scopus.com/pages/publications/85123099224?origin=resultslist","In the realm of monetary policy, we explore the transmission mechanism that relates speculative activity, inventory arbitrage activity, and commodity price volatility. In this direction, an ARMA-GARCH model is adopted to test this transmission effect on seven commodities using weekly U.S. data for the period 2008:12 to 2018:6. The results suggest that inventory arbitrage activities transmit monetary policy's effect onto commodities by strengthening the effect of the real interest rate on commodities' prices; in the case of palladium and crude oil's price conditional variances however the opposite effect is established. Speculative activities transmit monetary policy's effect mainly on commodities by increasing the positive effect of the real interest rate on metals and crude oil's prices, and on palladium and crude oil's price conditional variances. Our results show that inventory arbitrage activities are negatively related with commodities' prices, whilst speculative activities are positively related with commodities' prices. The two activities appear to exert mixed effects on commodities' price conditional volatilities. Additional evidence indicates that the relationship between the real interest rate and commodities' prices is positive and significant when unconventional monetary policy is considered, whilst we find that the real interest rate does not have any significant impact on most commodities' price conditional volatilities. © 2022 The Authors","Commodity price volatility; Inventory arbitrage activity; Monetary policy; Speculative activity; Transmission mechanism","","Article","Final","All Open Access; Green Open Access; Hybrid Gold Open Access","Scopus","2-s2.0-85123099224"
"Dongmo C.","Dongmo, Christophe (57189341910)","57189341910","Human Rights and the International Governance of Unfair Trade Policies Towards Africa","2025","Handbook on Business, Human Rights, and the Environment in Africa","","","","827","848","0","10.1007/978-3-032-03261-4_35","https://www.scopus.com/pages/publications/105030636175?origin=resultslist","Africa captures a sizeable share and has a significant place in the world economy. The continent has a large domestic market that possesses important opportunities and challenges for international trade. Even though Africa still only has 2% of world trade, international trade is key to Africa’s economic growth because trade is vital to the continent’s economic future. However, Africa still faces capacity challenges or constraints in international trade. These include small domestic markets, high costs of transportation, higher commodity prices, and headline inflation. Other restraints to trade relate to low capability to negotiate trade agreements, limited funds for research and development, deficits in meeting multilateral trading commitments, and deficits in market access. As a result, the low performance in trade facilitation indicators hampers the development of intra-African trade. Therefore, many African countries underperform in linear shipping connectivity, e-commerce, and doing business indicators. The objective of this chapter is to demonstrate that stronger connections between trade activities and the protection of human rights are critical for sustainable economic development in African countries. Trade and human rights are interconnected as trade offers opportunities for increasing peoples’ enjoyment of human rights including their right to development. International trade is a means to increase the resources available to States for advancing human rights and has positive effects on poverty reduction. The chapter argues that Africa’s marginalisation in the international trade system leads to specific human rights violations both for individuals and nation-states. Given its potential to create an integrated, more productive, and competitive market, the internationalisation of trade is a sign of progress and economic growth. The chapter urges African governments to match their national laws with international human rights frameworks, prioritise the protection of vulnerable and marginalised trade stakeholders, and expedite the development and strengthen the implementation of National Action Plans (NAPs) on business and human rights. Therefore, Africa’s Regional Economic Communities (RECs) should commit to increasing its financial support for growth-enhancing regional infrastructure. They should also call for a shift from bilateral agreements to commitments with “economic zones” that link the economic interests of leading and lagging countries in these RECs. African countries must undertake ambitious domestic structural reforms to increase the continent’s supply capacity. This will require improved digital and physical connectivity, smart macroeconomic management through stable and competitive exchange rates, low inflation, and more effective regulatory and legal institutions. © The Editor(s) (if applicable) and The Author(s), under exclusive license to Springer Nature Switzerland AG 2025.","Africa; Human rights; International trade; Unfair trade policies","Competition; Costs; Economic and social effects; Electronic commerce; Inflation; International law; Market Research; Regional planning; Sustainable development; Africa; Domestic markets; Economic community; Economic growths; Human rights; Regional economic; Trade policies; Unfair trade policy; World economy; World trade; International trade","Book chapter","Final","","Scopus","2-s2.0-105030636175"
"","","","Economic Survey (2023-2024): State of the Economy Steady as She Goes","2024","Finance India","38","3","","527","564","1","","https://www.scopus.com/pages/publications/85212942234?origin=resultslist","Indian economy recovered swiftly from the pandemic, with its real GDP in FY 24 being 20 percent higher than FY20 levels. (Grew at the rate of 6.6%). despite the core inflation rate being around 3%, the RBI has kept interest rates unchanged for quite some time. Structural reforms such as GST and the IBC have also matured and are delivering evisaged results. Economic Survey 2024 conservatively projected a real GDP growth rate of 6.5%-7%. Any escalation of geopolitical conflicts in 2024 may lead to supply dislocations, higher commodity prices, reviving inflationary pressures and stalling monetary policy easing with potential repercussions for capital flows. This can also influence RBI's monetary policy stance. Domestic growth drivers have supported economic growth in FY24 despite uncertain global economic performance. Improved balance sheets will help the private sector cater to strong investment demand. While merchandise exports are likely to increase with improving growth prospects in AEs, services exports are also likely to witness a further uptick. © Indian Institute of Finance.","Atmanirbhar; Bharat Abhiyan; Digitization; India; Infrast ructure; Macro-Economics; Pandemic; Public Spending","","Article","Final","","Scopus","2-s2.0-85212942234"
"Cebiroğlu G.; Avdiu K.; Unger S.","Cebiroğlu, Gökhan (56784372500); Avdiu, Kujtim (57209658039); Unger, Stephan (57205672265)","56784372500; 57209658039; 57205672265","On the dynamic price pass-through effect of commodities to CPI constituents","2022","SN Business and Economics","2","3","27","","","0","10.1007/s43546-021-00192-0","https://www.scopus.com/pages/publications/105000431547?origin=resultslist","This paper analyzes the price pass-through effect of the most heavily traded commodities to CPI constituents. We investigate the differences between US, EU, and China CPI constituent dependency on commodity prices, and analyze the dynamics of the price pass-through effect. Our major finding is that due to globalization the US exhibits a high degree of de-industrialization indicated by a breakdown of the commodity price pass-through effect, while European and Chinese consumer prices exhibit a significant exposure to commodity price fluctuations. © The Author(s), under exclusive licence to Springer Nature Switzerland AG 2022.","Commodities; CPI; Inflation; Price pass-through; VAR","","Article","Final","","Scopus","2-s2.0-105000431547"
"Oduncu A.; Degerli A.; Kilinc Z.","Oduncu, Arif (51461774800); Degerli, Ahmet (51461294300); Kilinc, Zubeyir (7801693851)","51461774800; 51461294300; 7801693851","The role of commodity prices on emerging country inflation dynamics","2011","International Research Journal of Finance and Economics","74","","","84","88","0","","https://www.scopus.com/pages/publications/80053145918?origin=resultslist","There are two concerns that have arisen for commodity markets recently. The first one is the exceptionally high level of price volatility and the second one is the strong price rise. Although the challenges posed by high and volatile commodity prices are important worldwide, they are more immediate for emerging countries. This paper examines the pass through from commodity prices to consumer price index (CPI) for an emerging country, namely, Turkey. As a result of analysis, we have two main findings. First, it is estimated that a 10% increase in the price of oil results in a 0.3% increase in CPI, a 10% increase in the price of copper results in a 0.6% increase in CPI and finally a 10% increase in the price of wheat results in a 1.2% increase in CPI. Second, the half-life of oil is 1 month, the halflife of copper is 4 months and the half-life of wheat is 7 months. Thus, the price of oil has the fastest pass-through and the price of wheat has the slowest pass-through to inflation. © EuroJournals Publishing, Inc. 2011.","Commodity prices; Consumer price index; Emerging country; Pass-through the views expressed in this paper are those of the authors and do not necessarily represent the official views of the central bank of the republic of Turkey","","Article","Final","","Scopus","2-s2.0-80053145918"
"Richards T.J.; Paudel U.","Richards, Timothy J. (7201873433); Paudel, Ujjwol (59154867800)","7201873433; 59154867800","Minimum wages and pass-through","2026","American Journal of Agricultural Economics","108","2","","462","493","2","10.1111/ajae.12554","https://www.scopus.com/pages/publications/105005780231?origin=resultslist","Retail food prices rose dramatically in late 2021. Some argue that this food price inflation was due to “greedflation,” or firms increasing downstream prices simply because they can. In this study, we investigate the sources of “overshifting” store-level cost shocks into downstream prices, or the apparent ability of retailers to pass along price increases that are proportionately larger than increases in cost. We use exogenous changes in minimum wages as our setting and study how food retailers pass increases in labor costs along to consumers in the form of higher food prices. We derive a new theoretical model of retail price pass-through and show that demand curvature, market power, and consumer search behavior each likely affect observed rates of retail price pass-through. Our structural analysis shows that, after controlling for the primary determinants of wage pass-through, market power and demand curvature explain much of the variation in cost pass-through, although general price inflation has an important role in accentuating the rate of minimum wage pass-through. Our findings have important implications for minimum wage policy, and for understanding the role of cost shocks in food price inflation. © 2025 Agricultural & Applied Economics Association.","consumer search; demand curvature; food price inflation; imperfect competition; minimum wages; pass-through","competition (economics); consumption behavior; demand analysis; food market; inflation; minimum wage; price dynamics; retailing","Article","Final","","Scopus","2-s2.0-105005780231"
"Richards T.J.; Allender W.J.; Hamilton S.F.","Richards, Timothy J. (7201873433); Allender, William J. (35727582100); Hamilton, Stephen F. (57213298072)","7201873433; 35727582100; 57213298072","Commodity price inflation, retail pass-through and market power","2012","International Journal of Industrial Organization","30","1","","50","57","28","10.1016/j.ijindorg.2011.05.003","https://www.scopus.com/pages/publications/83955162946?origin=resultslist","When commodity prices rise, wholesalers and retailers of products derived from basic commodities respond by passing along at least a portion of the price increase to consumers. In this paper we examine whether firms respond differently to positive commodity price shocks than to negative commodity price shocks; that is, whether commodity price volatility alters market power. We exploit recent volatility in food commodity prices over the period 2007-2010 to investigate how commodity price shocks translate into market power in two different vertically-structured food product industries: potatoes and fluid milk. For potatoes, we find both wholesale and retail market power decreases (increases) during periods of rising (falling) commodity prices. Moreover, price-cost margins widen a substantially greater degree in response to negative shocks than margins narrow in response to positive shocks, indicating that commodity price volatility increases market power. For fluid milk, we find that market power likewise declines during periods of rising commodity prices; however, market power does not significantly change during periods of falling commodity prices, suggesting that commodity price volatility decreases market power. © 2011 Elsevier B.V. All rights reserved.","Market power; Pass-through; Random parameter model","Commerce; Sales; Commodity prices; Fluid milks; Food commodity; Market Power; Pass-through; Price increase; Price-cost margin; Random parameter model; Retail market; Costs","Article","Final","","Scopus","2-s2.0-83955162946"
"Ginn W.; Pourroy M.","Ginn, William (57202815176); Pourroy, Marc (55216578100)","57202815176; 55216578100","Should a central bank react to food inflation? Evidence from an estimated model for Chile","2020","Economic Modelling","90","","","221","234","30","10.1016/j.econmod.2020.05.011","https://www.scopus.com/pages/publications/85085166628?origin=resultslist","We examine whether food price shocks are a major source of macroeconomic fluctuations. We estimate a small open economy DSGE model using an alternative Taylor rule applied to Chilean data. The empirical evidence suggests that food inflation played a non-trivial role in shaping Chile's de facto monetary policy actions. Consistent with its commitment to price stability, the central bank increases the policy rate in reaction to food inflation. Despite an immediate monetary policy reaction to a food price shock, the policy rate gradually tapers off. This is due to a second-round effect on non-food inflation propagated by the food price shock. A main finding is that monetary policy that targets headline inflation is welfare improving. © 2020 Elsevier B.V.","Commodities; DSGE model; Food prices; Monetary policy","","Article","Final","All Open Access; Bronze Open Access","Scopus","2-s2.0-85085166628"
"Priewe J.","Priewe, Jan (25024975400)","25024975400","Old and new proposals for global monetary reform","2022","Review of Keynesian Economics","10","4","","533","558","4","10.4337/roke.2022.04.05","https://www.scopus.com/pages/publications/85140997460?origin=resultslist","The post-Bretton Woods monetary system in characterised by the hegemony of the US dollar despite increasing features of a multi-currency system. There is no other currency in sight to succeed the dollar. Yet there are severe downsides that seem to increase on several fronts. The paper diagnoses five major challenges: exchange rates driven by non-fundamentals, current-account imbalances, a hierarchy of interest rates (including dependency from US monetary policy), commodity-price bonanzas, and lack of global liquidity in hard currency. Major reform proposals are reviewed, focusing on reforms of Special Drawing Rights on the one hand and on a new exchange-rate system on the other. Regarding the latter, a novel system is proposed, focused on the largest foreign-exchange market, the dollar–euro market. The proposal includes target zones, mutual interventions, and a Tobin tax on currency transactions. A precondition is strengthening the international role of the euro. The currency blocs on both sides of the North Atlantic could form a bloc of more than 80 countries. The new system of managed floating could later be extended by other reserve currencies. More exchange-rate stability around the globe would reduce the country risk premiums in the Global South and trigger other positive externalities. © 2022 The Author.","Bretton Woods; dollar standard; foreign exchange; international monetary arrangements; international monetary system","","Article","Final","","Scopus","2-s2.0-85140997460"
"Farias C.; Silva M.","Farias, Cleyton (59172673000); Silva, Marcelo (57200756926)","59172673000; 57200756926","Commodity prices and business cycles in small open economies: the role of news shocks","2023","EconomiA","24","2","","264","311","0","10.1108/ECON-02-2023-0023","https://www.scopus.com/pages/publications/85196040940?origin=resultslist","Purpose: The authors explore the hypothesis that some movements in commodity prices are anticipated (news shocks) and can trigger aggregate fluctuations in small open emerging economies. This paper aims to discuss the aforementioned objective. Design/methodology/approach: The authors build a multi-sector dynamic stochastic general equilibrium model with endogenous commodity production. There are five exogenous processes: a country-specific interest rate shock that responds to commodity price fluctuations, a productivity (TFP) shock for each sector and a commodity price shock. Both TFP and commodity price shocks are composed of unanticipated and anticipated components. Findings: The authors show that news shocks to commodity prices lead to higher output, investment and consumption, and a countercyclical movement in the trade-balance-to-output ratio. The authors also show that commodity price news shocks explain about 24% of output aggregate fluctuations in the small open economy. Practical implications: Given the importance of both anticipated and unanticipated commodity price shocks, policymakers should pay attention to developments in commodity markets when designing policies to attenuate the business cycles. Future research should investigate the design of optimal fiscal and monetary policies in SOE subject to news shocks in commodity prices. Originality/value: This paper contributes to the knowledge of the sources of fluctuations in emerging economies highlighting the importance of a new source: news shocks in commodity prices. © 2023, Cleyton Farias and Marcelo Silva.","Commodity prices; DSGE; News shocks; Small open economies","","Article","Final","All Open Access; Gold Open Access; Green Open Access","Scopus","2-s2.0-85196040940"
"Jakšić S.","Jakšić, Saša (55496939200)","55496939200","Modelling Determinants of Inflation in CESEE Countries: Global Vector Autoregressive Approach","2022","Review of Economic Perspectives","22","1","","137","169","2","10.2478/revecp-2022-0007","https://www.scopus.com/pages/publications/85133925974?origin=resultslist","After a prolonged period of relatively stable price levels, the beginning of the third decade of the 21st century has brought inflation once again into the spotlight. This paper focuses on the inflation dynamics in a set of post-communist countries that eventually became members of the European Union. Due to EU accession augmented by the globalization process and involvement in global value chains (GVC), the international impacts are becoming progressively important for the domestic inflation dynamics and domestic variables are not sufficient to fully describe the domestic inflation dynamics. The employed methodology, Global Vector Autoregressive (GVAR) approach, allows modelling interactions and spillovers among countries, making the most of its advantages over the usual VAR models that model each economy separately and panel models, where countries are often treated as independent units. The results of the empirical analysis confirm that the globalisation process has led to increasing the importance of international impacts on the domestic inflation dynamics. On the other hand, the results also indicate that accounting for a larger set of countries decreases the severity of the commodity price shocks and makes them less persistent. Furthermore, monetary policy acts as a buffer against adverse shocks, especially in the countries that are still not members of the euro-zone. The findings of the paper show that the analysed countries are pronouncedly heterogeneous. Hence, each of the analysed economies has its own set of country-specific factors which, from country to country, play a more important or a less significant role in explaining national inflation dynamics. Thus, the paper should contribute to a more comprehensive understanding of the inflation dynamics in the policy-making context.  © 2022 Saša Jakšić, published by Sciendo.","CESEE; food prices; generalized forecast error variance decomposition; generalized impulse response functions; Global VAR; inflation; monetary policy; oil prices; real exchange rate","","Article","Final","All Open Access; Gold Open Access; Green Open Access","Scopus","2-s2.0-85133925974"
"Watanabe T.","Watanabe, Tsutomu (55700118500)","55700118500","Discussion of ""Food price pass-through in the euro area: Non-linearities and the role of the common agricultural policy""","2012","International Journal of Central Banking","8","1","","219","225","0","","https://www.scopus.com/pages/publications/84859040315?origin=resultslist","[No abstract available]","","","Article","Final","","Scopus","2-s2.0-84859040315"
"De Gregorio J.","De Gregorio, José (6701727289)","6701727289","Commodity prices, monetary policy, and inflation","2012","IMF Economic Review","60","4","","600","633","61","10.1057/imfer.2012.15","https://www.scopus.com/pages/publications/84871582964?origin=resultslist","During the second half of the 2000s, the world experienced a rapid and substantial rise in commodity prices. This shock posed complex challenges for monetary policy, in particular because of the significant increase in food and energy prices, and the repercussions they had on aggregate inflation measures. This paper discusses the role of commodity price shocks (CPS) in monetary policy in the light of recent episodes of such shocks. It begins by discussing whether monetary policy should target core or headline inflation, and what should be the role of CPS in setting interest rates. It is argued that there are good reasons to focus on headline inflation, as most central banks actually do. Although core inflation provides a good indicator of underlying inflation pressures, the evolution of commodity prices should not be overlooked, because of pervasive second-round effects. This paper reviews the evidence on the rise of inflation across countries and reports that food inflation, more than energy inflation, has relevant propagation effects on core inflation. This finding is particularly important in emerging market economies, where the share of food in the consumer basket is significant. The evidence also shows that countries that had lower inflation during the run up of commodity prices before the global crisis had more inflation in the subsequent rise after the global crisis, suggesting that part of the precrisis inflationary success may have been because of repressed inflation. This paper also discusses other factors that may explain different inflationary performances across countries. © 2012 International Monetary Fund.","","","Review","Final","All Open Access; Green Open Access","Scopus","2-s2.0-84871582964"
"Tober S.; Zimmermann T.","Tober, Silke (8410484000); Zimmermann, Tobias (33368421500)","8410484000; 33368421500","Monetary policy and commodity price shocks","2009","Intereconomics","44","4","","231","237","3","10.1007/s10272-009-0300-4","https://www.scopus.com/pages/publications/69049115302?origin=resultslist","Against the background of the dramatic changes in the prices of oil and other raw materials in the recent past, this paper analyses the effects of commodity price shocks in a New Keynesian model. The focus is on the central bank's choice of inflation target and the degree of real wage rigidity. It turns out that using core inflation rather than headline inflation is the superior strategy. Targeting expected headline inflation, as practised by most central banks, is a viable practical alternative to the core inflation target. © Springer-Verlag 2009.","","","Article","Final","","Scopus","2-s2.0-69049115302"
"Moorthy V.; Kolhar S.","Moorthy, Vivek (7005175445); Kolhar, Shrikant (38761592300)","7005175445; 38761592300","Rising food inflation and India's monetary policy","2011","Indian Growth and Development Review","4","1","","73","94","17","10.1108/17538251111125016","https://www.scopus.com/pages/publications/79957727161?origin=resultslist","Purpose - The purpose of this paper is to analyse the implications of sharply rising food prices for monetary policy in India and similar emerging economies at present. Design/methodology/approach - This paper uses analytical arguments from relevant macroeconomic literature and evidence from late 1960s US data to examine whether the 1970s stagflation was due to the OPEC price hike. It develops a two person (rich and poor), two commodity (food and non-food) model to examine the impact of rising food prices on GDP, on measures of inflation, and on welfare, in the model. Findings - Previously neglected evidence indicates that stagflation (simultaneously rising unemployment and inflation) preceded the OPEC price hike. The model results indicate that when food prices rise, the GDP deflator falls relative to the consumer price index (CPI). Research limitations/implications The impact of supply shocks should be investigated by carefully examining links between abnormal rainfall and weather and output and prices on commodity by commodity basis. Further, technical issues pertaining to construction of a composite CPI representative of the population need to be explored. Practical implications Monetary policy in India (and similar emerging economies) should focus upon a population weighted CPI or some variant thereof. Social implications High GDP growth should not lead to complacency, since when food prices are rising, the overall welfare impact may be negative. Originality/value - The model presented in this paper explains the sustained divergence in India, in recent years, between the CPI versus the GDP deflator measures of inflation. It also highlights a possible similar divergence between GDP and overall welfare. © 2011 Emerald Group Publishing Limited. All rights reserved.","Agriculture; Distribution of wealth; Fiscal policy; India; Inflation; Monetary policy","","Article","Final","","Scopus","2-s2.0-79957727161"
"Priewe J.","Priewe, Jan (25024975400)","25024975400","Old and new proposals for global monetary reform","2024","Dollar Hegemony: Past, Present, and Future","","","","91","116","0","10.4337/9781035320936.00008","https://www.scopus.com/pages/publications/85188720217?origin=resultslist","The post-Bretton Woods monetary system in characterised by the hegemony of the US dollar despite increasing features of a multi-currency system. There is no other currency in sight to succeed the dollar. Yet there are severe downsides that seem to increase on several fronts. The paper diagnoses five major challenges: exchange rates driven by non-fundamentals, current-account imbalances, a hierarchy of interest rates (including dependency from US monetary policy), commodity-price bonanzas, and lack of global liquidity in hard currency. Major reform proposals are reviewed, focusing on reforms of Special Drawing Rights on the one hand and on a new exchange-rate system on the other. Regarding the latter, a novel system is proposed, focused on the largest foreign- exchange market, the dollar-euro market. The proposal includes target zones, mutual interventions, and a Tobin tax on currency transactions. A precondition is strengthening the international role of the euro. The currency blocs on both sides of the North Atlantic could form a bloc of more than 80 countries. The new system of managed floating could later be extended by other reserve currencies. More exchange-rate stability around the globe would reduce the country risk premiums in the Global South and trigger other positive externalities. © 2022 Edward Elgar Publishing Ltd. All rights reserved.","Bretton Woods; Dollar standard; Foreign exchange; International monetary arrangements; International monetary system","","Book chapter","Final","","Scopus","2-s2.0-85188720217"
"Badamvaanchig M.; Islam M.; Kakinaka M.","Badamvaanchig, Mungunzul (57221266733); Islam, Moinul (55348122400); Kakinaka, Makoto (35345036700)","57221266733; 55348122400; 35345036700","Pass-through of commodity price to Mongolian stock price: Symmetric or asymmetric?","2021","Resources Policy","70","","101955","","","6","10.1016/j.resourpol.2020.101955","https://www.scopus.com/pages/publications/85098629142?origin=resultslist","Mongolia is a natural resource-rich country, so that its stock market is highly dependent on price fluctuations of commodities, particularly copper and coal. One crucial problem is that the responses of the stock market performance to a shock of the commodity price can be nonlinear or asymmetric. This study addresses such asymmetric linkages by applying nonlinear autoregressive distributed lags (NARDL) models during the period from January 2007 to December 2018. The results show clear evidence of asymmetric long-run relationships between stock price and the commodity price, supporting that different behaviors of stock price in response to positive and negative shocks on the commodity price. Specifically, our analysis presents a positive relationship between copper price and stock price in the case of a positive shock on copper price, but no clear relationship in the case of a negative shock on copper price. The results also reveal a positive relationship between coal price and stock price in the case of a negative shock on coal price, but no clear relationship in the case of a positive shock on coal price. The Mongolian stock market is favorably sensitive to an increase in copper price but vulnerable to a decline in coal price. Possible explanations behind the results are also discussed. © 2020 Elsevier Ltd","Asymmetry; Commodity price; Mongolia; Nonlinear ARDL; Stock price","Mongolia; Coal; Coal deposits; Commerce; Copper; Auto-regressive; Commodity prices; Copper prices; Mongolia; Mongolians; Price fluctuation; Stock market performance; Stock price; commodity market; commodity price; econometrics; numerical model; price dynamics; regression analysis; stock market; Financial markets","Article","Final","","Scopus","2-s2.0-85098629142"
"Belke A.; Awad J.","Belke, Ansgar (6603636270); Awad, Jouzeph (56730254600)","6603636270; 56730254600","On the pass-through of food prices to local inflation in MENA countries","2015","WSEAS Transactions on Business and Economics","12","","","307","316","7","","https://www.scopus.com/pages/publications/84937550518?origin=resultslist","This paper investigates the effects of global food price shocks to consumer prices in Middle East and North African (MENA) countries using a multiple regression model to examine the short- and long-term impact. The paper finds significant relationships between global food price and local inflation and these relationships vary dependent on the studied countries. The effect of GDP growth on CPI inflation is significant with different lags. We find that countries with a similar long-run effect are related with each other through synchronized business cycles. We could find evidence that the pass-through impact is different regarding the country-specific agriculture production level but not the income level. © 2015 World Scientific and Engineering Academy and Society. All Rights Reserved.","Consumer price index; Food price pass-through; MENA region","","Article","Final","","Scopus","2-s2.0-84937550518"
"","","","Erratum to previously published articles (Innovation and Green Development (2025) 4(1), (S2949753124000742), (10.1016/j.igd.2024.100197))","2025","Innovation and Green Development","4","4","100278","","","0","10.1016/j.igd.2025.100278","https://www.scopus.com/pages/publications/105013625306?origin=resultslist","The publisher regrets not promptly reminding the authors of IGD 100037 and 100197 about missing reference details cited in the text. For IGD 100037 (https://doi.org/10.1016/j.igd.2023.100037), the author would like to add/correct the following reference details. • ITF Transport Outlook (2021) ITF Transport Outlook 2021, 2021. ITF Transport Outlook 2021 [WWW.Document]. OECD. URL https://www.oecd.org/en/publications/itf-transport-outlook-2021_16826a30-en.html (accessed 8.5.25).• (International Energy Agency, 2021) International Energy Agency, 2021. India Energy Outlook 2021 – Analysis [WWW.Document]. IEA. URL https://www.iea.org/reports/india-energy-outlook-2021 (accessed 8.5.25).• (World Bank, 2020) World Bank, 2020. Indicators | Data [WWW.Document]. URL https://data.worldbank.org/indicator (accessed 8.5.25).• (The report of the world resource institute, 2020) The report of the world, resource institute, 2020. World Resources Report | World Resources Institute [WWW.Document]. URL https://www.wri.org/initiatives/world-resources-report (accessed 8.5.25).• International Energy Agency (2022) International Energy Agency, 2022. World Energy Outlook 2022 – Analysis [WWW.Document]. IEA. URL https://www.iea.org/reports/world-energy-outlook-2022 (accessed 8.5.25).• Change (Ulucak and Khan 2020) to (Danish et al 2020) Danish, Ulucak, R., Khan, S.U.-D., 2020. Determinants of the ecological footprint: Role of renewable energy, natural resources, and urbanization. Sustainable Cities and Society 54, 101996. https://doi.org/10.1016/j.scs.2019.101996• Al Mulali et al. (2015) Al-Mulali, U., Ozturk, I., & Lean, H. H. (2015). The influence of economic growth, urbanization, trade openness, financial development, and renewable energy on pollution in Europe. Natural Hazards, 79(1), 621–644. https://doi.org/10.1007/s11069-015-1865-9• International Energy Agency (2020) International Energy Agency, 2020. World Energy Outlook 2020 – Analysis [WWW.Document]. IEA. URL https://www.iea.org/reports/world-energy-outlook-2020 (accessed 8.5.25).• Khan et al. (2018) Khan, S.A.R., Zhang, Y., Anees, M., Golpîra, H., Lahmar, A., Qianli, D., 2018. Green supply chain management, economic growth and environment: A GMM based evidence. Journal of Cleaner Production 185, 588–599. https://doi.org/10.1016/j.jclepro.2018.02.226• (Dietz & Rosa, 1994) Dietz, T., Rosa, E.A., 1994. Rethinking the Environmental Impacts of Population, Affluence and Technology. Human Ecology Review 1, 277–300.• Pesaran and Shin (1999) Pesaran, M.H., Shin, Y., 1999. An Autoregressive Distributed-Lag Modelling Approach to Cointegration Analysis, in: Strøm, S. (Ed.), Econometrics and Economic Theory in the 20th Century: The Ragnar Frisch Centennial Symposium, Econometric Society Monographs. Cambridge University Press, Cambridge, pp. 371–413. https://doi.org/10.1017/CCOL521633230.011• Pesaran et al. (2001) Pesaran, M.H., Shin, Y., Smith, R.J., 2001. Bounds Testing Approaches to the Analysis of Level Relationships. Journal of Applied Econometrics 16, 289–326.• Change “Shahnazi (2019)” to (Shahnazi and Dehghan Shabani, 2019) Shahnazi, R., Dehghan Shabani, Z., 2019. The effects of spatial spillover information and communications technology on carbon dioxide emissions in Iran. Environ Sci Pollut Res Int 26, 24198–24212. https://doi.org/10.1007/s11356-019-05636-7• Change “Li (2020)” to (Lin and Li, 2020) Lin, B., Li, Z., 2020. Is more use of electricity leading to less carbon emission growth? An analysis with a panel threshold model. Energy Policy 137, 111121. https://doi.org/10.1016/j.enpol.2019.111121For IGD 100197 (https://doi.org/10.1016/j.igd.2024.100197), the author would like to add/correct the following reference details. • Change (Abbas, 2020) to (Abbas and Lan, 2020) Abbas, S. K., & Lan, H. (2020). Commodity Price Pass-Through and Inflation Regimes. Energy Economics, 92, Article ID: 104977. https://doi.org/10.1016/j.eneco.2020.104977• (Martin and Moser, 2016) Martin, Patrick R., & Moser, Donald V. 2016. Managers' green investment disclosures and investors' reaction, Journal of Accounting and Economics, Volume 61, Issue 1, 239–254. https://doi.org/10.1016/j.jacceco.2015.08.004• Change “Yin et al.” to (Yin et al., 2021) Yin, Shi, Nan Zhang, Baizhou Li, & Hengmin Dong. 2021. Enhancing the effectiveness of multi-agent cooperation for green manufacturing: Dynamic co-evolution mechanism of a green technology innovation system based on the innovation value chain, Environmental Impact Assessment Review, Volume 86, 2021, 106475. https://doi.org/10.1016/j.eiar.2020.106475The publisher would like to apologise for any inconvenience caused. © 2025 The Author(s)","","","Erratum","Final","All Open Access; Gold Open Access; Green Open Access","Scopus","2-s2.0-105013625306"
"Lundberg C.; Skolrud T.; Adrangi B.; Chatrath A.","Lundberg, Clark (57192926072); Skolrud, Tristan (55181735500); Adrangi, Bahram (6603619576); Chatrath, Arjun (6701310668)","57192926072; 55181735500; 6603619576; 6701310668","Oil Price Pass through to Agricultural Commodities†","2021","American Journal of Agricultural Economics","103","2","","721","742","33","10.1002/ajae.12088","https://www.scopus.com/pages/publications/85083288096?origin=resultslist","Energy represents an important share of production costs for many agricultural commodities. Previous studies have found mixed evidence of a pass-through relationship between oil prices and agricultural commodity prices, a relationship that has the potential to disrupt farm-level decision making. We propose that these mixed findings are in part due to heterogeneity in the pass-through relationship across time horizons. We use a new wavelet-based regression approach to explore horizon-based heterogeneity in the relationship between oil and agricultural commodity prices. We find strong evidence of heterogeneity across time horizons and commodities. We develop a stylized model of agricultural production and show that agricultural contracts can generate price stickiness that leads to heterogeneity in input price pass through over different horizons. We also find evidence that recent technological shifts have led to a structural change in this horizon-based heterogeneity. © 2020 Agricultural and Applied Economics Association","Agricultural commodities; horizons; oil prices; price transmission; wavelets","agricultural market; agricultural production; agricultural trade; commodity market; decision making; energy market; heterogeneity; oil trade; price dynamics; structural change","Article","Final","","Scopus","2-s2.0-85083288096"
"Amatov A.; Dorfman J.H.","Amatov, Aitbek (57193404140); Dorfman, Jeffrey H. (7007131711)","57193404140; 7007131711","The effects on commodity prices of extraordinary monetary policy","2017","Journal of Agricultural and Applied Economics","49","1","","83","96","21","10.1017/aae.2016.34","https://www.scopus.com/pages/publications/85013672462?origin=resultslist","This article examines the relationship between Federal Reserve monetary policy and other macroeconomic indicators to both a broad commodity price index and an agricultural commodity price index by employing a vector error correction model. Excessive liquidity and the recent long period of ultralow interest rates appear to have played a statistically significant role in affecting prices in the commodities markets. The responses of commodity prices to monetary policy that we estimate generally conform to earlier findings, but the sensitivity of the responses appears different in the face of the unprecedented scope of recent Fed activism. © 2016 The Author(s).","Commodity prices; monetary policy; quantitative easing","","Article","Final","All Open Access; Gold Open Access","Scopus","2-s2.0-85013672462"
"Guogang W.","Guogang, Wang (26659017000)","26659017000","The Realization Mechanism of China's Monetary Policy Objectives: 2001-2010","2013","China Finance and Economic Review","2","3","","5","18","0","10.1515/cfer-2013-020303","https://www.scopus.com/pages/publications/85135876721?origin=resultslist","This article explores the realization mechanism for the final and interim targets of China's monetary policy from 2001 to 2010. It finds that the three significant price surges in the ten years were not the results of loose monetary policy. While maintaining rapid economic growth, China avoided the inflation linked with excess monetary supply. The introduction of total new lending in the interim targets also showed the maturing of China's monetary policy target system. To improve China's monetary operation, three measures need to be taken: Firstly, basing stabilizing monetary policy on the trend of the non-food price index within the CPI; secondly, readjusting the definition of money according the different characteristics of transaction money and reserve money; and thirdly, including yuan exchange rates into the intermediate objectives of monetary policy. © 2013 China Finance and Economic Review. All right reserved.","Monetary policy; Objective; Realization mechanism","","Article","Final","","Scopus","2-s2.0-85135876721"
"Alam M.R.; Gilbert S.","Alam, Md Rafayet (57192117132); Gilbert, Scott (7202266282)","57192117132; 7202266282","Monetary policy shocks and the dynamics of agricultural commodity prices: evidence from structural and factor-augmented VAR analyses","2017","Agricultural Economics (United Kingdom)","48","1","","15","27","34","10.1111/agec.12291","https://www.scopus.com/pages/publications/84997831659?origin=resultslist","Fluctuation in commodity prices is a significant and timely issue to be studied. This study is to examine the impact of monetary policy and other macroeconomic shocks on the dynamics of agricultural commodity prices. The major contributions of this study are twofold. First, unlike other studies that use indexes, this study analyzes the commodities individually, affording the inclusion of commodity-specific fundamentals such as the level of inventory—an important determinant of commodity price—in a structural VAR framework. Second, it exploits a rich data set of agricultural commodity prices which includes commodities that are usually overlooked in the literature, and extracts a common factor using the dynamic factor model to understand the extent of comovement of the prices and to gauge the extent to which macroeconomic shocks drive the “comovement” in a factor-augmented VAR (FAVAR) framework. The findings show that monetary policy, global economic conditions, and the U.S. dollar exchange rates play an important role in the dynamics of agricultural commodity prices. © 2016 International Association of Agricultural Economists","Agricultural commodities; E32; E43; E52; FAVAR; Monetary policy; Q02","agricultural price; commodity price; data set; macroeconomics; monetary policy; price dynamics","Article","Final","","Scopus","2-s2.0-84997831659"
"Lee J.","Lee, Jim (8843527000)","8843527000","Food and energy prices in core inflation","2009","Economics Bulletin","29","2","","847","860","3","","https://www.scopus.com/pages/publications/77953506512?origin=resultslist","Many central bankers have made monetary policy decisions by focusing on core inflation data that exclude food and energy prices from overall inflation. In this paper, estimation results from multivariate GARCH models show that food prices not only help forecast future core inflation, but their conditional variance also affects the conditional variance of core inflation. Energy prices, on the other hand, affect core inflation primarily through the GARCH-in-mean effect. To the extent that food and energy prices affect the underlying trend and volatility of overall inflation, policymakers should not ignore these components in their assessment of future inflation risk.","","","Article","Final","","Scopus","2-s2.0-77953506512"
"Giri F.","Giri, Federico (57194267924)","57194267924","The relationship between headline, core, and energy inflation: A wavelet investigation","2022","Economics Letters","210","","110214","","","21","10.1016/j.econlet.2021.110214","https://www.scopus.com/pages/publications/85121383098?origin=resultslist","This paper investigates if core inflation, the measure of price growth obtained excluding the more volatile items such as energy and food prices, is a good approximation of headline inflation that considers the entire bundle. Starting from the mid-90s, our answer is negative. From a monetary policy perspective, this raises the issue of whether controlling core inflation is still useful to anchor medium-run inflation. Using the wavelet methodology, our analysis suggests that starting from the end of the 90s core inflation is weakly correlated with headline inflation especially at the lower frequencies. Energy inflation is strongly correlated with headline inflation at a broad range of frequencies, casting doubt on its exclusion from a trend inflation measure. © 2021 Elsevier B.V.","Core inflation; Energy inflation; Headline inflation; Medium-run; Wavelets","","Article","Final","","Scopus","2-s2.0-85121383098"
"Jaworski K.; Olipra J.","Jaworski, Krystian (57203852409); Olipra, Jakub (57203852602)","57203852409; 57203852602","Cutting VAT rate on food products in a high-inflation environment. Does it work out?","2025","Food Policy","131","","102816","","","6","10.1016/j.foodpol.2025.102816","https://www.scopus.com/pages/publications/85217961694?origin=resultslist","In February 2022, the Polish government reduced the VAT rate on basic food products from 5% to 0% in order to curb elevated inflation. Using multiple state-of-the-art robust estimators within a dynamic difference-in-differences approach, we estimated that the VAT rate reduction initially contributed to an average 2.1–2.8% decrease in the prices of affected products. Therefore, the immediate pass-through of the tax reduction in retail food prices was limited (only 44.0–58.2%), resulting in a 0.3–0.4 percentage point decrease in headline inflation. The effect of the VAT rate cut reached its peak within 5 months, achieving an almost full pass-through of approximately 94.6%, which led to a reduction in headline inflation by about 0.7 percentage points. We argue that the high effectiveness of the VAT reduction in Poland would not have been possible without the active role of the Office of Competition and Consumer Protection. Lowering VAT rate limited the budgetary revenues by only 0.3% GDP (value equivalent to 0.5% of private consumption), which means that it was a relatively cost-effective tool in providing relief to households in a high-inflation environment, especially for poorer consumers with a higher share of food in total expenditures. © 2025 Elsevier Ltd","Difference-in-differences; Event study; Fiscal policy; Inflation; Monetary policy","Poland [Central Europe]; fiscal policy; food product; inflation; monetary policy; statistical analysis","Article","Final","All Open Access; Hybrid Gold Open Access","Scopus","2-s2.0-85217961694"
"Okwu A.T.; Obiakor R.T.; Falaiye O.B.; Owolabi S.A.","Okwu, Andy T. (36895106800); Obiakor, Rowland T. (38961701200); Falaiye, Olusola B. (38961219700); Owolabi, Sunday A. (55201875900)","36895106800; 38961701200; 38961219700; 55201875900","Empirical analysis of the effects of monetary policy innovations on stabilization of commodity prices in Nigeria","2011","European Journal of Economics, Finance and Administrative Sciences","","32","","64","79","0","","https://www.scopus.com/pages/publications/79957884908?origin=resultslist","This study examined the effects of monetary policy innovations on stabilization of commodity prices in Nigeria. The design is basically exploratory in that the study leaves room for further study in the area. The methodology is empirical econometric analysis approach. Variables used for analysis were consumer price index (CPI), broad money aggregates (BMA) and monetary policy rate (MPR). These variables were considered appropriate indicators of monetary policy innovations and commodity price responses. Main tool of analysis was a multiple regression model specified on perceived functional link between the indicators of Central Bank of Nigeria's monetary policy innovations and commodity prices indicator. CPI as a proxy for commodity prices was treated as response variable while BMA and MPR were treated as causal variables. Data on the variables were used to estimate parameters of the model via the OLS techniques. Estimates of model parameters were evaluated based on relevant statistics from the regression output. The result showed that positive relationship existed between the respective indicators of monetary policy innovations and indicator of commodity prices. Also, monetary policy rate had more immediate effect than broad money on consumer price index, and that commodity prices responded more to monetary policy rates than to broad money aggregates. The result also indicated that, although both broad money and monetary policy rate exerted positive effect on commodity prices, only broad money exerted significant effect at 0.05 level of significance. However, overall effect of both on commodity prices was statistically significant. Consequently, the study recommended, among other things, that the Central Bank of Nigeria should always determine optimal mix of both policy variables to ensure stabilization of consumer goods and other commodity prices, and engender confidence in the Bank's monetary policy. © EuroJournals, Inc. 2011.","Commodity prices; Monetary policy innovations; Stabilization","","Article","Final","","Scopus","2-s2.0-79957884908"
"May B.","May, Ben (57199849510)","57199849510","World Economic Prospects Monthly","2018","Economic Outlook","42","","","1","29","0","10.1111/1468-0319.12318","https://www.scopus.com/pages/publications/85041041236?origin=resultslist","Overview: entering 2018 with plenty of momentum. ▀ Further evidence that the global economy ended last year on a high note is consistent with our view that world GDP growth in 2018 will be around 3.2%, a little better than the likely rise of 3% in 2017 and the best annual outturn since 2011. ▀ The global economy has entered 2018 with plenty of momentum. In December, the global composite PMI continued to trend upwards, rising to its highest level of 2017. This was primarily down to developments in the manufacturing sector, with several emerging markets recording especially strong gains. ▀ While the strength of the manufacturing PMI bodes well for global trade, other timely trade indicators, particularly from Asia, have been less positive. On balance, though, we have nudged up our forecast for world trade growth iwn 2018 to 4.8%. But this would still be a slowdown after last year's estimated rise of 6%. ▀ This partly reflects the change in the drivers of GDP growth from 2017. We still expect a modest slowdown in China, triggering a sharper drop-off in import growth there. Eurozone GDP growth is also likely to slow slightly, to 2.2%, which is still well above our estimate of potential growth. By contrast, we have nudged up our US GDP growth forecast for this year to 2.8% – 0.5pp higher than the probable 2017 outturn – as looser fiscal policy will not be fully offset by tighter monetary policy. The recent rise in commodity prices, further dollar weakness and still-strong global trade growth all bode well for prospects in many emerging markets. ▀ Some commentators have questioned the durability of the global economic expansion, reflecting the long period of uninterrupted GDP growth and concerns that a financial market slowdown could eventually impinge on growth. But economic expansions do not die of old age. And while equity markets look expensive on many metrics, we expect strong earnings growth to push equity prices higher over the coming months. Meanwhile, although various geopolitical risks remain, more generally economic uncertainty has diminished. © Oxford Economics 2018","","Asia; Europe; United States; economic development; geopolitics; global economy; Gross Domestic Product; manufacturing; monetary policy; uncertainty analysis","Article","Final","","Scopus","2-s2.0-85041041236"
"Lyu Y.; Yi H.; Cao J.; Yang M.","Lyu, Yongjian (57203076977); Yi, Heling (57221230026); Cao, Jin (35298759600); Yang, Mo (55703290600)","57203076977; 57221230026; 35298759600; 55703290600","Time-varying monetary policy shocks and the dynamics of Chinese commodity prices","2022","Pacific Basin Finance Journal","75","","101836","","","7","10.1016/j.pacfin.2022.101836","https://www.scopus.com/pages/publications/85136188839?origin=resultslist","With the trading volume and openness of the Chinese commodity futures market being developed substantially in recent years, this paper explores the effects of Chinese monetary policy shocks on the dynamics of commodity futures prices under dynamic structural changes by imposing reduced constraints. The results show the following: (1) Monetary policy shocks are fundamental triggers for price changes in most Chinese commodity futures market indices and positive monetary policy shocks significantly push up both aggregate market indices and some sectoral market indices. (2) Commodity sectors have heterogeneous reactions to monetary policy shocks. For example, unlike other commodity sectors, grain is barely affected by monetary policy shocks, which may be due to price regulation of agricultural products and low levels of sector financialization. (3) The relationship between monetary policy shocks and price changes in commodity futures markets is time-varyingly dependent on the economic environment. In particular, the impulse responses for most of the commodity futures market indices tend to be larger during the global financial crisis period, then gradually declined from 2009. © 2022 Elsevier B.V.","Chinese commodity futures market; Monetary policy; Time-varying impulse responses","","Article","Final","","Scopus","2-s2.0-85136188839"
"Benedetti I.","Benedetti, Ilaria (57209836032)","57209836032","Unequal burdens: Food price convergence, divergence, and inequality in the European Union","2026","International Review of Economics and Finance","111","","105671","","","0","10.1016/j.iref.2026.105671","https://www.scopus.com/pages/publications/105045907416?origin=resultslist","In recent years, the European Union (EU) has experienced an unprecedented surge in food prices, driven by overlapping global shocks such as the COVID-19 pandemic, supply chain disruptions, and the Russia-Ukraine conflict. This paper examines how these shocks have translated into unequal burdens across EU member states, with a particular focus on their distributional consequences. Using monthly Harmonised Index of Consumer Prices (HICP) data disaggregated by food category (ECOICOP 4-digit level) from 2005 to 2025, we apply β- and σ-convergence frameworks to assess whether food price dynamics have aligned or diverged across countries. Over the two decades, EU food prices display significant β- and σ-convergence up to 2019, but this process reverses sharply during 2020-2025: cross-country dispersion widens to historically high levels and β turns from negative (catch-up) to positive (divergence). The reversal is most pronounced between euro-area and non-euro-area countries and between Eastern and Western Europe, and it disproportionately affects lower-income households and countries with smaller economic bases, amplifying pre-existing inequalities in purchasing power and food security. These findings underscore the regressive nature of food price inflation and the need for targeted fiscal and monetary policies to mitigate its unequal impact and support economic cohesion within the EU. © 2026 The Author.","EU economic integration; Food price convergence; HICP; Household welfare","","Article","Final","All Open Access; Gold Open Access","Scopus","2-s2.0-105045907416"
"Salisu A.A.; Swaray R.; Sa'id H.","Salisu, Afees A. (55392158900); Swaray, Raymond (15830507800); Sa'id, Hadiza (55260155300)","55392158900; 15830507800; 55260155300","Improving forecasting accuracy of the Phillips curve in OECD countries: The role of commodity prices","2021","International Journal of Finance and Economics","26","2","","2946","2975","3","10.1002/ijfe.1944","https://www.scopus.com/pages/publications/85089676774?origin=resultslist","We investigate the power of commodity prices to improve inflation forecast performance in 21 Organization for Economic Cooperation and Development (OECD) countries, within the framework of commodity prices-augmented Phillips curve model. Using monthly data spanning over 57 years, we use single and multi-factor predictor models, and Westerlund and Narayan (2012, 2015) estimator to address inherent issues of heteroscedasticity, persistence and endogeneity, which present empirical challenges to erstwhile attempts to forecast inflation. Contrary to Stock and Watson (1999) findings, our results overwhelmingly show that commodity prices significantly improve the power of Phillips curve-based inflation forecasts in OECD countries. These findings hold for both core and headline measures of inflation, and within extensive in-sample and various out-of-sample forecast horizons. In addition, we find differential degrees of commodity prices-inflation pass-through, with agricultural and energy commodity prices exerting the highest pass-through to inflation. We further evaluate and compare the forecast performance of our augmented inflation forecast models with that of conventional random walk model as a benchmark. Our results overwhelmingly confirm that commodity prices-augmented versions of inflation forecast models outperformed popular random walk models in all forecast horizons. © 2020 John Wiley & Sons, Ltd.","commodity prices; inflation forecasts; monetary arrangement; OECD countries; Phillips curve","commodity price; forecasting method; inflation; OECD","Article","Final","All Open Access; Green Open Access","Scopus","2-s2.0-85089676774"
"Hamori S.","Hamori, Shigeyuki (6701462115)","6701462115","The information role of commodity prices in formulating monetary policy: Some evidence from Japan","2007","Economics Bulletin","5","13","","1","7","8","","https://www.scopus.com/pages/publications/78649685981?origin=resultslist","This paper uses the BOJ index published by the Bank of Japan to empirically analyze the relationship between the commodity price index and macroeconomic variables in Japan. The BOJ index was found to be valid as a leading indicator of the consumer price index before the zero interest policy was introduced. Afterwards, however, this relationship ceased to exist.","","","Article","Final","","Scopus","2-s2.0-78649685981"
"Aron J.; Muellbauer J.","Aron, Janine (7005413649); Muellbauer, John (6603371066)","7005413649; 6603371066","Improving forecasting in an emerging economy, South Africa: Changing trends, long run restrictions and disaggregation","2012","International Journal of Forecasting","28","2","","456","476","11","10.1016/j.ijforecast.2011.05.004","https://www.scopus.com/pages/publications/84856722834?origin=resultslist","Forecasting inflation is particularly challenging in emerging markets, where trade and monetary policy regimes have shifted and the exchange rate and food prices are highly volatile. This study shows that the information in long-run co-integrated relationships for relative prices in South Africa is helpful in outperforming univariate benchmark models for forecasting inflation. It also investigates gains to the inflation forecast accuracy as a result of aggregating weighted forecasts of the sub-component price indices, versus forecasting the aggregate consumer price index itself. Rich multivariate equilibrium correction models employ general and sectoral information for ten sub-components, including structural breaks and institutional changes. Model selection over the period 1979-2003 generates pseudo out-of-sample forecasts, four quarters ahead, until 2007. The largest gain in forecast accuracy against naïve benchmark models comes from incorporating equilibrium correction into the long-run. For more sophisticated models, aggregating the weighted forecasts of the sub-components outperforms the aggregate forecasts. The analysis also contributes to an improved understanding of sectoral inflationary pressures. © 2011 International Institute of Forecasters.","CPI sub-components; Disaggregation; Equilibrium correction models; Evaluating forecasts; Model selection; Multivariate time series; Sectoral inflation","","Article","Final","","Scopus","2-s2.0-84856722834"
"Liu L.; Tsang A.","Liu, Ligang (55715389600); Tsang, Andrew (59274675300)","55715389600; 59274675300","Pass-through effects of global commodity prices on China's inflation: An empirical investigation","2008","China and World Economy","16","6","","22","34","15","10.1111/j.1749-124X.2008.00135.x","https://www.scopus.com/pages/publications/56649112611?origin=resultslist","The present paper uses a two-step approach to estimate the pass-through effects of changes in international commodity prices and the RMB exchange rate on domestic consumer price inflation in China. We first estimate the pass-through effects of international commodity prices on producer prices and then estimate the pass-through effects of producer price inflation on consumer price inflation. We find that a 10-percent increase in international commodity prices would lead to China's producer prices increasing by 1.2 percent 3 months later, which in turn would increase China's domestic inflation by 0.24 percent over the same period. However, a 10-percent appreciation of the RMB exchange rate against the US dollar would help to reduce increases in producer prices by 4.4 percent over the following 3 months, which in turn would lead to a 0.89-percent decline in consumer price inflation over the same period. Our findings suggest that appreciation of the RMB in an environment of rising global commodity prices and a weak US dollar could be an effective instrument to help contain inflation in China. © 2008 Institute of World Economics and Politics, Chinese Academy of Social Sciences.","China; Commodity price; Exchange rate; Pass-through","","Article","Final","All Open Access; Bronze Open Access","Scopus","2-s2.0-56649112611"
"Lemaire T.; Vertier P.","Lemaire, Thibault (57225207431); Vertier, Paul (57226668722)","57225207431; 57226668722","International Commodity Prices Transmission to Consumer Prices in Africa","2025","World Bank Economic Review","39","3","","522","552","1","10.1093/wber/lhae034","https://www.scopus.com/pages/publications/105012414572?origin=resultslist","In this paper, global commodity prices pass-through to consumer prices are estimated in Africa. The estimation sample includes monthly data for 48 countries over the period 2002m02-2021m04. Sixteen commodity prices are considered separately, rather than aggregate indices that use weights unrepresentative of consumption in Africa. Using local projections in a panel data set, the maximum estimated pass-through is of 23 percent, and the long-run pass-through is of about 20 percent, higher than usually found in the literature. Country-specific regressions are also considered: in the latter, the estimated pass-through is lower for countries with a higher GDP per capita, a lower share of food and energy in the consumption basket, a better quality of transport infrastructure, and a higher openness to trade. Finally, commodity-specific pass-throughs are correlated with the share of corresponding goods in the consumer basket and with the import dependency ratio for this commodity.  © 2024 The Author(s). Published by Oxford University Press on behalf of the International Bank for Reconstruction and Development / THE WORLD BANK.","Africa; commodity prices; energy prices; food prices; inflation","Africa; commodity price; consumption behavior; Gross Domestic Product; inflation; price dynamics","Article","Final","All Open Access; Green Open Access","Scopus","2-s2.0-105012414572"
"Dabrowski M.","Dabrowski, Marek (7102470639)","7102470639","Currency crises in post-Soviet economies - A never ending story?","2016","Russian Journal of Economics","2","3","","302","326","29","10.1016/j.ruje.2016.08.002","https://www.scopus.com/pages/publications/85011652503?origin=resultslist","Since the collapse of the Soviet Union, its successor states have suffered from cyclical currency crises. The most recent episode of 2014-2016 was caused by a combination of external and domestic factors. The former include tighter US monetary policy, slower global growth, and declining commodity prices, whereas the latter include the formerSoviet Union (FSU) economies' extreme macroeconomic fragility (a legacy of past crises), numerous microeconomic rigidities and structural distortions in addition to governmental deficits. In addition, the Russian-Ukraine conflict dealt a heavy blow to both economies and their neighbors. Effective anti-crisis policies must aim at eliminating all deep-rooted causes of repeated financial and macroeconomic turbulence and must involve deep structural and institutional reforms in the entire region.  © 2016 Non-profit partnership ""Voprosy Ekonomiki"". Hosting by Elsevier B.V. All rights reserved.","Commodity prices; Currency crisis; Former Soviet Union; Global financial crisis; Monetary regimes; Russia; Ukraine","","Article","Final","All Open Access; Gold Open Access; Green Open Access","Scopus","2-s2.0-85011652503"
"Chen P.; Miao X.","Chen, Peng (56927105700); Miao, Xinru (58127083500)","56927105700; 58127083500","Understanding the role of China's factors in international commodity price fluctuations: A perspective of monetary-fiscal policy interaction","2024","Economic Analysis and Policy","81","","","1464","1483","4","10.1016/j.eap.2024.02.022","https://www.scopus.com/pages/publications/85186072236?origin=resultslist","This paper examines the role of China's factors in international commodity price fluctuations from a perspective of monetary-fiscal policy interaction. We employ a nonlinear Interacted-VAR model to investigate whether the impact of China's monetary policy shocks on international commodity prices is conditional on its fiscal policy stances. Using several measures of China's fiscal policy stance, we estimate their interaction with monetary policy identified through Interacted-VAR analysis. We find that the response of international commodity prices to China's monetary policy is much stronger and more persistent in the presence of its active fiscal policy stance. The empirical findings are very consistent when using several alternative model specifications. Moreover, our analysis suggests that failing to take into account the interaction of monetary-fiscal policies in the model might lead to incorrectly assessing the impact of monetary policy on commodity price fluctuations. In addition, our results reveal the substantial heterogeneity in the impact of China's factors on commodity prices across sectors. These empirical findings offer insights into the interaction of monetary-fiscal policies, as well as the role of China's factors in the international commodity markets. © 2024 Economic Society of Australia, Queensland","China's factor; Commodity prices; Fiscal policy; Interacted-VAR; Monetary policy; Policy interaction","","Article","Final","","Scopus","2-s2.0-85186072236"
"Blanco C.; Diz S.","Blanco, Cesar (57222099952); Diz, Sebastian (57225922872)","57222099952; 57225922872","Optimal Monetary Policy with Non-homothetic Preferences","2025","International Journal of Central Banking","21","2","","309","350","2","","https://www.scopus.com/pages/publications/105004924515?origin=resultslist","We study optimal monetary policy in a multisector model where preferences are non-homothetic. We find that a lowerthan-one income elasticity in food demand, due to non-homotheticity, reduces the weight on food inflation in the optimal index that the monetary authority should target. The reasons are threefold. First, food price stabilization requires large deviations of output from the efficient level. Second, food demand becomes insensitive to monetary policy. Third, the low sectoral marginal propensity to consume implies that food price volatility has a reduced impact on aggregate demand. These results provide a rationale for targeting an index that excludes food inflation. © 2025, European Central Bank. All rights reserved.","","","Article","Final","","Scopus","2-s2.0-105004924515"
"Sekine A.","Sekine, Atsushi (56524993100)","56524993100","Pass-through of exchange rates, import prices, and commodity prices into domestic prices in Japan: a STAR approach","2026","Japanese Economic Review","","","","","","0","10.1007/s42973-026-00272-6","https://www.scopus.com/pages/publications/105046634844?origin=resultslist","Since the outbreak of the COVID-19 pandemic, domestic prices in Japan have changed substantially. During the same period, exchange rates, import prices, and commodity prices also fluctuated widely worldwide. This study examines the pass-through of these external prices to domestic prices in Japan and investigates how it depends on the state of inflation. Using an exponential smooth transition autoregressive model that incorporates past inflation rates, we find significant nonlinearities in pass-through. The results show that the pass-through of import prices measured in domestic currency increases when past inflation deviates substantially from zero, both in Japan and in the United States. These findings highlight the importance of the inflation environment in explaining changes in pass-through during the post-pandemic period. We further show that pass-through has remained relatively high and highly responsive to past inflation in the United States. In contrast, pass-through in Japan remains relatively low and less sensitive to inflation, even during periods of elevated inflation. This suggests that import-price shocks may have more limited effects on domestic prices in Japan because of greater price stickiness. Finally, we examine the contributions of exchange rates and contract-currency import prices (or Japan-specific commodity prices) to domestic-currency import-price pass-through. The results indicate that contract-currency import prices play a more important role than exchange rates in explaining domestic price changes in Japan. © The Author(s) 2026.","Commodity prices; Exchange rate pass-through; Inflation environment; Producer prices; Smooth transition autoregressive model; Sticky prices","","Article","Article in press","All Open Access; Hybrid Gold Open Access","Scopus","2-s2.0-105046634844"
"García C.J.; González W.D.","García, Carlos J. (19134410200); González, Wildo D. (50263675800)","19134410200; 50263675800","Exchange rate intervention in small open economies: The role of risk premium and commodity price shocks","2013","International Review of Economics and Finance","25","","","424","447","13","10.1016/j.iref.2012.08.012","https://www.scopus.com/pages/publications/84866045460?origin=resultslist","We study the effect of country risk premium and commodity price shocks on monetary policy in small open economies. Risk premium shocks not only can explain most of the variance in the exchange rate, but also can expand GDP. Our estimations indicate that the impact of a real depreciation on exports far exceeds not only the balance sheet effect, but also the effect of an increase in the cost of imported inputs. However, in a more complex environment, where the changes in exports are offset by negative shocks to commodity prices, the contraction stemming from the balance sheet effect reappears. © 2012 Elsevier Inc.","Bayesian econometrics; Exchange rates; Monetary policy rules; Ramsey problem; Risk premium shocks","","Article","Final","","Scopus","2-s2.0-84866045460"
"Castro C.; Jiménez-Rodríguez R.","Castro, César (57188961424); Jiménez-Rodríguez, Rebeca (22937474300)","57188961424; 22937474300","The pass-through of energy commodity price volatility along the pricing chain in the euro area: A disaggregate approach","2025","International Review of Economics and Finance","104","","104733","","","3","10.1016/j.iref.2025.104733","https://www.scopus.com/pages/publications/105024355298?origin=resultslist","This paper extends the existing literature by assessing the pass-through of energy commodity price volatility to producer and consumer price volatility in the euro area at a disaggregated level. To do so, we first construct an appropriate database that matches euro area production sectors to the corresponding consumer goods. We next decompose the international commodity price indices by categories into a common factor and an idiosyncratic factor. We then estimate vector autoregression models for each branch and for each energy commodity category, including the common and idiosyncratic factors. Our results indicate that the volatility of the common factor is the main driver of producer and consumer price volatility, significantly affecting producer prices in more than half of the branches (especially energy-intensive branches such as petroleum , electricity-gas , and chemicals ), while most other branches absorb these shocks and maintain price stability. The volatility in the idiosyncratic components for coal, oil, and gas markets, by contrast, shows only limited pass-through. Overall, euro area producers largely absorb uncertainty, preserving consumer price stability, though some unaffected branches may exploit market volatility for price adjustments. © 2025 The Authors.","Consumer price volatility; Energy commodity price volatility; Principal component analysis; Producer price volatility; SVAR model","","Article","Final","All Open Access; Gold Open Access; Green Open Access","Scopus","2-s2.0-105024355298"
"Bhar R.; Hamori S.","Bhar, Ramaprasad (6701340151); Hamori, Shigeyuki (6701462115)","6701340151; 6701462115","Information content of commodity futures prices for monetary policy","2008","Economic Modelling","25","2","","274","283","41","10.1016/j.econmod.2007.06.006","https://www.scopus.com/pages/publications/38349161009?origin=resultslist","This paper empirically examines the information content of commodity futures prices for monetary policy. We use the cross correlation function approach to empirically analyze the relationship between commodity futures prices and economic activities (e.g., consumer prices and industrial production) between January 1957 and February 2005. Empirical results show that commodity prices can serve as information variables for monetary policy not only in mean, but also in variance. © 2007 Elsevier B.V. All rights reserved.","CCF approach; Commodity futures prices; Information variable","","Article","Final","","Scopus","2-s2.0-38349161009"
"Su Z.","Su, Zhifang (57085683900)","57085683900","Why Chinese central bank should focus on headline inflation","2014","Acta Oeconomica","64","","","39","51","1","10.1556/AOecon.64.2014.Suppl.4","https://www.scopus.com/pages/publications/84954320467?origin=resultslist","In this paper, we explore the change in short-term headline-core inflation dynamic relationship using threshold error correction model, and explain why the Chinese central bank should focus on headline inflation when conducting monetary policy. The results find that: (1) the deviation between core and headline inflation is eliminated mainly through reverting core inflation to headline inflation in high inflation period, indicating that headline inflation catches the long-term trend of inflation much better than core inflation does; (2) movements in food price have become a significant source of public's inflation expectations and food inflation persistence is increasing, reflecting that the rising food price may not have been a transient phenomenon but has become a part of the long-term trend of inflation. The above conclusions imply Chinese central bank should not implement the monetary policy based on core inflation excluding food price but should make a certain response to the surging food price. © 2014 Akadémiai Kiadó, Budapest.","Core inflation; Headline inflation; Threshold vector error correction model","China; central bank; error correction; inflation; monetary policy; numerical model; vector","Conference paper","Final","","Scopus","2-s2.0-84954320467"
"Kebede H.A.","Kebede, Hundanol A (59158065600)","59158065600","The Pass-Through of International Commodity Price Shocks to Producers' Welfare: Evidence from Ethiopian Coffee Farmers","2022","World Bank Economic Review","36","2","","305","328","9","10.1093/wber/lhab020","https://www.scopus.com/pages/publications/85132720184?origin=resultslist","International commodity price shocks may have large impacts on producers in developing countries. In this paper, a unique household panel data from Ethiopia is utilized to show that a decrease in international coffee price has strong pass-through to the consumption of households that rely on coffee production as a main source of livelihood. It also results in decreases in on-farm labor supply (particularly male labor supply) and induces reallocation of labor towards non-coffee fields, but has negligible effect on off-farm labor supply. The decline in consumption has significant consequences on child malnutrition: children born in coffee-producing households during low coffee price periods have lower weight-for-age and weight-for-height z-scores than their peers born in non-coffee households.  © 2021 The Author(s) 2021. Published by Oxford University Press on behalf of the International Bank for Reconstruction and Development / THE WORLD BANK.","child health; commodity price shocks; consumption smoothing; Ethiopia; income shocks","Ethiopia; coffee; commodity price; consumption behavior; developing world; farmers knowledge; income distribution","Article","Final","All Open Access; Gold Open Access","Scopus","2-s2.0-85132720184"
"Emediegwu L.E.; Rogna M.","Emediegwu, Lotanna E. (57221399828); Rogna, Marco (57189244888)","57221399828; 57189244888","Agricultural commodities’ price transmission from international to local markets in developing countries","2024","Food Policy","126","","102652","","","12","10.1016/j.foodpol.2024.102652","https://www.scopus.com/pages/publications/85194459434?origin=resultslist","The transmission of commodities prices from international to local markets is an interesting and deeply investigated topic. A fast and strong link between the two levels of the market is seen by economists as a sign of local market efficiency, allowing actors to respond fast to signals coming from the international market. However, empirical evidence on the topic is mixed, ranging from a very weak linkage between prices in the two markets to a high-speed and almost complete transmission. The present paper aims to advance the knowledge on the topic by focusing on the price transmission of four main cereals – maize, rice, sorghum, and wheat – in 23 developing and fragile economies. Employing a recent World Bank dataset with prices for several local markets in select countries, we estimate panel vector autoregressions (PVAR) to analyze the pass-through effects of international price shocks on local food prices. We find evidence for a relatively strong price transmission elasticity for all commodities except sorghum. Furthermore, the observed transmission of shocks is almost immediate. We present the policy implications of these findings. © 2024 The Author(s)","Commodities prices; Developing countries; Panel VAR; Price transmission","agricultural market; commodity price; developing world; vector autoregression","Article","Final","All Open Access; Green Open Access; Hybrid Gold Open Access","Scopus","2-s2.0-85194459434"
"Triantafyllou A.","Triantafyllou, Athanasios (56490236700)","56490236700","Investing in commodities in times of uncertainty and lax monetary policy","2022","Research Anthology on Macroeconomics and the Achievement of Global Stability","","","","860","888","0","10.4018/978-1-6684-7460-0.ch047","https://www.scopus.com/pages/publications/85161886847?origin=resultslist","This chapter presents empirical evidence showing the impact of economic uncertainty and monetary policy on the volatility of commodity futures markets. The findings are in line with those of the relevant literature according to which rising uncertainty predicts rising volatility in commodity markets. The author shows that the unobservable economic uncertainty measures of Jurado et al. (2015) have a significant and long-lasting positive impact on the volatility of commodity prices. Hence, the OLS regression results show that commodity markets are significantly affected by the rising degree of unpredictability in the macroeconomy, while they are relatively immune to observable macroeconomic fluctuations. The expansionary monetary policy is followed by rising volatility in agricultural and energy markets, while it has much smaller effect on the volatility of metals markets. Financialization in commodity markets has increased the dynamic linkages between monetary policy shocks and commodity price volatility. © 2023 by IGI Global. All rights reserved.","","","Book chapter","Final","","Scopus","2-s2.0-85161886847"
"Andrle M.; Berg A.; Morales R.A.; Portillo R.; Vlcek J.","Andrle, Michal (56057424300); Berg, Andrew (7401596523); Morales, R. Armando (57189886966); Portillo, Rafael (55251907100); Vlcek, Jan (7101993105)","56057424300; 7401596523; 57189886966; 55251907100; 7101993105","On the Sources of Inflation in Kenya: A Model-Based Approach","2015","South African Journal of Economics","83","4","","475","505","5","10.1111/saje.12072","https://www.scopus.com/pages/publications/84975780086?origin=resultslist","We develop a semi-structural new-Keynesian open-economy model - with separate food and non-food inflation dynamics to study the sources of inflation in Kenya in recent years. To do so, we filter international and Kenyan data (on output, inflation and its components, exchange rates and interest rates) through the model to recover a model-based decomposition of most variables into trends (or potential values) and temporary movements (or gaps) - including for the international and domestic relative price of food. We use the filtration exercise to recover the sequence of domestic and foreign macroeconomic shocks that account for business cycle dynamics in Kenya over the last few years, with a special emphasis on the various factors (international food prices, monetary policy) driving inflation. We find that while imported food price shocks have been an important source of inflation, both in 2008 and more recently, accommodating monetary policy has also played a role, most notably through its effect on the nominal exchange rate. We also discuss the implications of this exercise for the use of model-based monetary policy analysis in sub-Saharan African countries. © 2014 Economic Society of South Africa.","Food Prices; Forecasting; Kenya; Low-Income Countries; Monetary Policy","Kenya; Sub-Saharan Africa; economic analysis; exchange rate; food market; inflation; interest rate; Keynesian theory; model test; monetary policy; price dynamics","Article","Final","All Open Access; Bronze Open Access","Scopus","2-s2.0-84975780086"
"Kaur S.","Kaur, Simranjeet (57224871485)","57224871485","A Decade of Impact of Monetary Policy on Food Inflation: An Overview and Future Direction","2023","Vision","27","4","","498","509","6","10.1177/09722629211015603","https://www.scopus.com/pages/publications/85107177450?origin=resultslist","This article presents a systematic literature review spanning the decade of 2010–2020 in a thematic fashion. It provides an in-depth analysis of how monetary policy regimes are responding to food inflation. It discusses about factors driving food inflation and the manner in which efficiency of financial markets facilitate policy transmission. Further, it explains how food insecurity is exacerbated by rise in food prices and the way high-income countries protect their farmers through input subsidies, indirectly contributing to global food price hike. It also argues that a strong monetary policy credibility can lend stationarity and mean-reversion to inflation rates. Next, it discusses the issues faced by central banks in measurement of inflation such as conflict of choice in different inflation measures and supply side constraints ranging from high farm-to-fork mark-ups to cartelization and hoarding. In subsequent section, it deals with the question whether to target headline or core inflation. After that, it presents a snapshot of various advanced and emerging countries operating their monetary policy in the presence of fiscal policy. It illustrates that the degree of fiscal intervention should be decided according to individual threshold of every country, taking into account the proportion of Ricardian and non-Ricardian population. © 2021 MID.","Commodity Price Shocks; Core Inflation; Food Inflation; Headline Inflation; Monetary Policy","","Article","Final","","Scopus","2-s2.0-85107177450"
"Kara E.","Kara, Engin (35272211900)","35272211900","Does US monetary policy respond to oil and food prices?","2017","Journal of International Money and Finance","72","","","118","126","21","10.1016/j.jimonfin.2016.12.004","https://www.scopus.com/pages/publications/85009982874?origin=resultslist","A common view is that US monetary policy does not respond to changes in volatile energy and food prices. Despite this view, the popular New Keynesian models assume Taylor-type rules under which the short-term interest rates react to headline inflation. This paper evaluates the fit of alternative Taylor rules within an estimated New Keynesian model. A main finding is that the US central bank includes energy and food prices in its policy rule, although the weight assigned to these prices is much smaller than their share in the economy. © 2016 Elsevier Ltd","Core inflation; DSGE models; Multiple Calvo; Sector-specific shocks; Taylor rules","","Article","Final","","Scopus","2-s2.0-85009982874"
"Palazzi R.B.; Meira E.; Klotzle M.C.","Palazzi, Rafael Baptista (57210845522); Meira, Erick (57191618655); Klotzle, Marcelo Cabus (36165006200)","57210845522; 57191618655; 36165006200","The sugar-ethanol-oil nexus in Brazil: Exploring the pass-through of international commodity prices to national fuel prices","2022","Journal of Commodity Markets","28","","100257","","","16","10.1016/j.jcomm.2022.100257","https://www.scopus.com/pages/publications/85127941768?origin=resultslist","Understanding the pass-through mechanisms from international energy and agricultural markets to domestic energy markets is crucial for policy making, fuel hedging and risk management strategies. We provide a first insight into the asymmetric effects of international energy and agricultural commodity prices on fuel prices in Brazil, a country that supplies much of the ethanol that the world demands. Closing prices data for the years between 2015 and 2020 are considered under a multivariate nonlinear autoregressive distributed lag (NARDL) framework. Our findings suggest that prices for the reformulated blendstock for oxygenate blending (RBOB) have had both short- and long-run asymmetric effects on domestic gasoline prices in Brazil, while surges in heating oil (HO) prices have led to declines in Brazilian ethanol prices. We also consider nonparametric causality tests, which support the findings towards a considerable influence of HO on Brazilian ethanol price returns. Policy and stakeholder implications are further discussed, along with avenues for future studies. © 2022 Elsevier B.V.","Asymmetric pass-through; Commodity markets; Ethanol; Gasoline; NARDL","","Article","Final","","Scopus","2-s2.0-85127941768"
"Fasanya I.O.; Awodimila C.P.","Fasanya, Ismail O. (55391158800); Awodimila, Crystal P. (57218510645)","55391158800; 57218510645","Are commodity prices good predictors of inflation? The African perspective","2020","Resources Policy","69","","101802","","","28","10.1016/j.resourpol.2020.101802","https://www.scopus.com/pages/publications/85089379308?origin=resultslist","This paper examines the predictive ability of commodity prices in forecasting inflation in two largest African economies. We consider an augmented Phillips curve model with symmetric and asymmetric commodity prices to forecast headline and core inflation using different methodological approaches. We found evidence of persistency, endogeneity and conditional heteroscedasticity in the predictors; thus, we apply the Westerlund and Narayan (2015) estimator which allow for these features in the predictive model. Consequently, we extend our model to account for asymmetries in commodity price changes. Our results show that commodity price indexes are good predictors for both headline and core inflation in both Nigeria and South Africa. Therefore, amidst all the competing multi-predictor framework, commodity prices outperform all other variants both in the in-sample and out-of-sample forecasts. © 2020 Elsevier Ltd","","Nigeria; South Africa; Economics; Forecasting; Predictive analytics; Commodity prices; Conditional heteroscedasticity; Core inflation; Methodological approach; Out-of-sample forecast; Phillips curves; Predictive abilities; Predictive modeling; asymmetry; commodity price; developing world; inflation; prediction; Costs","Article","Final","","Scopus","2-s2.0-85089379308"
"Iddrisu A.-A.; Alagidede I.P.","Iddrisu, Abdul-Aziz (57213198628); Alagidede, Imhotep Paul (23970253600)","57213198628; 23970253600","Monetary policy and food inflation in South Africa: A quantile regression analysis","2020","Food Policy","91","","101816","","","50","10.1016/j.foodpol.2019.101816","https://www.scopus.com/pages/publications/85077706685?origin=resultslist","Although optimal monetary policy stabilizes food inflation theoretically, empirical studies remain limited not only in the context of volumes and the estimation approaches, but are focused on selected advanced and emerging countries to the neglect of Africa where poverty and dominance of food in the consumption basket are more pronounced. We provide empirical evidence in the context of South Africa using quantile regressions. Rising food prices are destabilized even further by restrictive monetary policy; a finding that has ramifications for inflation targeting, especially given that a quarter of the country's population is food poor. © 2020 Elsevier Ltd","Consumption basket; Food Inflation; Monetary policy; Poverty; Quantile regression","South Africa; food intake; food policy; inflation; monetary policy; numerical model; poverty alleviation; regression analysis","Article","Final","","Scopus","2-s2.0-85077706685"
"Schischke A.; Rathgeber A.","Schischke, Amelie (57219598366); Rathgeber, Andreas (54405765300)","57219598366; 54405765300","Commodities and monetary policy—the role of interest rates revisited","2025","Journal of International Money and Finance","158","","103416","","","2","10.1016/j.jimonfin.2025.103416","https://www.scopus.com/pages/publications/105014251527?origin=resultslist","In this study, we examine whether and how the impact of monetary policy on commodity markets changed due to the unconventional monetary policy actions, such as large-scale asset purchase programs and forward guidance, implemented by the Federal Reserve when the interest rate reached its zero lower bound (ZLB) posterior to the financial crisis. Utilizing a structural vector autoregressive (SVAR) model and a sub-period analysis, we identify a significant influence of interest rates on commodity prices before the crisis, with a contractionary monetary policy shock leading to rising prices. However, during the ZLB period, unconventional monetary policy shocks resulted in declining commodity prices, highlighting a directional shift. Our findings underscore the role of monetary policy mechanisms in shaping commodity markets and reveal variations across commodity classes, particularly industrial metals and precious metals. These insights hold practical implications for investors and policymakers. © 2025 The Authors","(Un-)conventional monetary policy; Commodity prices; Structural breaks; Structural vector autoregressive model","","Article","Final","All Open Access; Hybrid Gold Open Access","Scopus","2-s2.0-105014251527"
"Arintoko A.; Kadarwati N.; Badriah L.S.","Arintoko, Arintoko (57216759095); Kadarwati, Nunik (58072265000); Badriah, Lilis Siti (57209984076)","57216759095; 58072265000; 57209984076","The Asymmetric Effects of Global Energy and Food Prices, Exchange Rate Dynamics, and Monetary Policy Conduct on Inflation in Indonesia","2024","Ekonomika","103","2","","66","89","7","10.15388/Ekon.2024.103.2.4","https://www.scopus.com/pages/publications/85199457306?origin=resultslist","This research analyzes the asymmetric effects of global energy and food prices and monetary variables, including the exchange rate and money supply, on the consumer price index (CPI). The model is intended to differentiate the influence of increases and decreases in global energy and food prices, exchange rates, and money supply which cause inflation/deflation from changes in the CPI. The analysis uses the Nonlinear Autoregressive Distributed Lag (NARDL) and Quantile Regression models on data from January 2001 to February 2023. The study results show that the decline in global energy prices significantly reduces the CPI in the long run. Energy subsidies allow increases in international energy prices not to increase the CPI significantly. Meanwhile, the increase in global food prices causes inflation in the short run. The exchange rate has the most significant effect on the CPI. Depreciation of the rupiah significantly increases the CPI, which means it causes inflation, while appreciation of the rupiah does not have a significant effect. Finally, increases and decreases in the money supply have a considerable positive effect on the CPI, which confirms the logic of the monetarist view that inflation is a monetary phenomenon. Efforts to reduce dependence on imports of food and energy commodities are the key to reducing risks when importing energy and food due to rupiah depreciation. Efforts to consistently stabilize the exchange rate can support controlling and stabilizing import prices. Energy and food subsidy policies are vital in controlling inflation due to increased world energy and food prices. Copyright Â© 2024 Arintoko Arintoko, Lilis Siti Badriah, Nunik Kadarwati.","asymmetric effects; Consumer Price Index; global energy and food prices; Nonlinear Autoregressive Distributed Lag model; Quantile Regression model","","Article","Final","All Open Access; Gold Open Access; Green Open Access","Scopus","2-s2.0-85199457306"
"Nguyen T.M.L.","Nguyen, Thi Mai Lan (60399574000)","60399574000","Output Effects of Monetary Policy in Emerging and Developing Countries: Evidence from a Meta-Analysis","2020","Emerging Markets Finance and Trade","56","1","","68","85","11","10.1080/1540496X.2019.1601081","https://www.scopus.com/pages/publications/85065087567?origin=resultslist","Using 45 studies conducted between 2001 and 2014, this paper employs a meta-regression analysis (MRA) to synthesize vector-autoregressive findings of output effects of a tightening in monetary policy in 32 emerging and developing countries. The outcomes indicate a publication bias. However, tightening of monetary policy has a negative real effect on output. Primary studies including commodity price variable(s) tend to report stronger negative effects. Output effects are likely to be more negative in an economy with a developed financial system and less effective in an economy with high inflation volatility. © 2019, © 2019 The Author(s). Published with license by Taylor & Francis Group, LLC.","C83; E52; interest rate; meta-regression analysis; monetary policy; output effect; publication bias","","Article","Final","All Open Access; Green Open Access; Hybrid Gold Open Access","Scopus","2-s2.0-85065087567"
"Trentinaglia M.T.; Peri M.; Gobbi A.; Baldi L.","Trentinaglia, Maria Teresa (57201087990); Peri, Massimo (35088715000); Gobbi, Alessandro (56898673700); Baldi, Lucia (56235160400)","57201087990; 35088715000; 56898673700; 56235160400","Agricultural drought and food inflation: evidence on the role of monetary policy","2026","Agricultural and Food Economics","14","1","50","","","1","10.1186/s40100-026-00491-w","https://www.scopus.com/pages/publications/105040911078?origin=resultslist","While the impact of extreme weather events on food prices has been widely documented, much less is known about the effects of milder but more frequent weather disturbances—such as water shortages, or vegetation stress—that compromise agricultural production and can silently but persistently drive food inflation. Despite their cumulative relevance, there is still no comprehensive assessment of how such recurrent shocks and food price inflation interact with monetary policy, an essential instrument to preserve price stability. This study addresses this gap by examining how central banks respond to weather-induced food inflationary pressures, with a particular focus on low-income countries where food represents a large share of household expenditure. To this end, the interconnectedness between weather shocks, macroeconomic variables, and monetary policy is explored through a Panel Vector Autoregressive model estimated on quarterly data for 107 countries from 2000Q1 to 2019Q4, and separately for high- middle- and low-income economies. We introduce the Agricultural Stress Index, a satellite-based measure of agricultural land under water stress, as a novel proxy for less abrupt but more frequent weather disruptions. Results show that food prices are highly sensitive to such shocks, with stronger and more persistent effects in low-income countries. Moreover, central banks in these economies tend to lower policy rates, an expansionary response that may inadvertently amplify food inflationary pressures. These findings highlight the importance of prompt monetary policy responses to contrast the inflationary consequences of recurrent water stress. © The Author(s) 2026.","Agricultural drought; ASI; Food inflation; Monetary policy; Panel VAR","","Article","Final","All Open Access; Gold Open Access; Green Open Access","Scopus","2-s2.0-105040911078"
"Aizenman J.; Binici M.","Aizenman, Joshua (7003665762); Binici, Mahir (35557905900)","7003665762; 35557905900","Exchange market pressure in OECD and emerging economies: Domestic vs. external factors and capital flows in the old and new normal","2016","Journal of International Money and Finance","66","","","65","87","62","10.1016/j.jimonfin.2015.12.008","https://www.scopus.com/pages/publications/84955607987?origin=resultslist","We study the ways domestic and external global factors (such as risk appetite, global liquidity, U.S. monetary policy, and commodity prices) affected the exchange market pressure before and after the global financial crisis, as well as the role of these factors during the Federal Reserve's tapering episode. Utilizing a comprehensive database on capital controls, we investigate whether control measures have a significant impact on mitigating exchange market pressure associated with capital flows [net and gross]. Using quarterly data over the 2000–2014 period and a dynamic panel model estimation, we find that external factors played a significant role in driving exchange market pressure for both OECD countries and emerging market countries, with a larger impact on the latter. While the effect of net capital flows on exchange market pressure is muted, short-term gross portfolio inflows and outflows comprise important factors that account for exchange market pressure. Short-term portfolio flows and long-term foreign direct investment flows have a significant impact on exchange market pressure for emerging market economies and no significant effect for OECD countries. Capital controls seem to significantly reduce the exchange market pressure, although the economic size of this impact is highly dependent on the institutional quality. © 2015 Elsevier Ltd","Capital controls; Capital flows; Exchange market pressure; Tapering","","Article","Final","","Scopus","2-s2.0-84955607987"
"Ding S.; Zheng D.; Cui T.; Du M.","Ding, Shusheng (57200879523); Zheng, Dandan (57225192633); Cui, Tianxiang (55877037200); Du, Min (59116931700)","57200879523; 57225192633; 55877037200; 59116931700","The oil price-inflation nexus: The exchange rate pass- through effect","2023","Energy Economics","125","","106828","","","38","10.1016/j.eneco.2023.106828","https://www.scopus.com/pages/publications/85164675743?origin=resultslist","Crude oil prices have been considered one of the key drivers of inflation worldwide, reaching a peak in 2022. Inflation targeting plays a pivotal role in such a high inflation episode. In this vein, the exchange rate is a key channel in transmitting the high commodity price into the domestic price level, known as the exchange rate pass-through effect. On this basis, this paper scrutinizes the connection between oil prices and inflation through RMB exchange rates. We verify that the covariance between exchange rates and oil prices are sound factors in explaining and predicting inflation in China. We advocate that policymakers can use the exchange rate as an inflation stabilizer by reducing the covariance between the exchange rate and oil price, especially for emerging economies and during the turmoil periods. This could be extremely helpful to frustrate the exchange rate pass-through effect of high commodity prices globally, which sheds new insights into stabilizing inflation and assisting inflation targeting for emerging economies. © 2023 The Author(s)","Exchange rate pass-through; Global inflation drivers; Impulse function; Inflation targeting; MIDAS method","China; Commodity prices; Emerging economies; Exchange rate pass-through; Exchange rates; Global inflation driver; Impulse function; Inflation targeting; MIDAS method; Oil Prices; Price inflation; commodity price; exchange rate; financial market; inflation; oil supply; Costs","Article","Final","All Open Access; Green Open Access; Hybrid Gold Open Access","Scopus","2-s2.0-85164675743"
"Zhang X.; Liu Y.","Zhang, Xiaoyu (57209239989); Liu, Yongfu (57219333331)","57209239989; 57219333331","The dynamic impact of international agricultural commodity price fluctuation on Chinese agricultural commodity prices","2020","International Food and Agribusiness Management Review","23","3","","391","409","17","10.22434/IFAMR2019.0172","https://www.scopus.com/pages/publications/85092234165?origin=resultslist","The correlation between Chinese and international commodity prices may be nonlinear because of China's minimum agricultural commodity purchase price policy and temporary storage policy. In order to research this nonlinear dynamic correlation mechanism, we construct a nonlinear Granger causality test model and a nonlinear autoregressive distribution lag model including Chinese and international agricultural commodity (soybean, corn, rice, and wheat) price variables. Our empirical results reveal that a unidirectional causal relation exists between international and Chinese prices for soybeans and corn; specifically, international prices of soybeans and corn Granger-cause Chinese prices of soybeans and corn. Moreover, the pass-through effects between Chinese and international commodity prices are asymmetric; Chinese agricultural commodity prices respond more strongly to positive shocks than negative shocks of international agricultural commodity prices. © 2020 Wageningen Academic Publishers.","Asymmetry; Domestic agricultural commodity price; International agricultural commodity price; NARDL model; Nonlinear granger causality","","Article","Final","All Open Access; Gold Open Access","Scopus","2-s2.0-85092234165"
"Thorbecke W.","Thorbecke, Willem (6701691043)","6701691043","Sectoral evidence on Indonesian economic performance after the pandemic","2023","Asia and the Global Economy","3","2","100069","","","8","10.1016/j.aglobe.2023.100069","https://www.scopus.com/pages/publications/85190689940?origin=resultslist","The Indonesian economy has a long history of steady growth punctuated by times of turmoil and crisis. Recently Indonesia has faced the COVID-19 pandemic, inflation, contractionary U.S. monetary policy, and fluctuating commodity prices. To examine how the economy is faring since the pandemic began, this paper compares sectoral stock returns since COVID-19 hit the Indonesian economy with forecasted returns based on macroeconomic variables. The results indicate that coal, iron and steel, health care, and pharmaceuticals are outperforming more than three years after the coronavirus crisis began. Tobacco, industrials, and sectors related to construction are underperforming. The regression evidence also indicates that Indonesian sectors are primarily exposed to the Indonesian stock market. Coal, iron and steel and natural resources stocks are less exposed to the Indonesian stock market and more exposed to the world stock market. Almost no sectors exhibit exposure to contractionary U.S. monetary policy. The importance of the Indonesian stock market in explaining stock returns reflects the fact that the Indonesian economy is largely driven by domestic demand. To increase its resilience, Indonesia should also nurture labor-intensive exports. © 2023 The Author(s)","Domestic demand; Exports; Foreign direct investment; Indonesia; Stock market exposures; The COVID-19 pandemic","","Article","Final","All Open Access; Gold Open Access; Green Open Access","Scopus","2-s2.0-85190689940"
"Shabanzadeh-Khoshrody M.; Ahangarkolaee S.S.; Javdan E.; Kenari R.E.","Shabanzadeh-Khoshrody, Mehdi (57191489602); Ahangarkolaee, Saeed Shahabi (57765264100); Javdan, Ebrahim (57193571340); Kenari, Reza Esfanjari (57950309800)","57191489602; 57765264100; 57193571340; 57950309800","Government policies in managing food price anomalies: Evidence from Iran","2026","Journal of Policy Modeling","48","1","","73","88","1","10.1016/j.jpolmod.2025.05.006","https://www.scopus.com/pages/publications/105011259838?origin=resultslist","Food price volatility presents a persistent policy challenge for resource-dependent economies, particularly during periods of global shocks and country-specific external pressures, such as international sanctions in the case of Iran. This study examines the effectiveness of two major policy instruments -exchange rate management and monetary policy- in mitigating food price anomalies in Iran. Using seasonal data from 2004 to 2022 and employing the Autoregressive Distributed Lag (ARDL) model, the research identifies the key drivers of food price anomalies and evaluates the relative and joint impact of exchange rate depreciation and money supply growth. Results show that the most severe anomalies coincided with global crises (2007–2008, 2011, 2020, 2022) and intensified sanctions (2011–2012, 2018). Exchange rate depreciation and expansionary monetary policy significantly increased anomalies in both the short and long run, while higher import volumes helped dampen price fluctuations. Notably, monetary policy exhibited the strongest and most persistent effect. The error correction mechanism indicates a slow adjustment process, suggesting long-lasting impacts of shocks. The study recommends greater coordination between monetary and exchange rate policies, along with fiscal discipline, exchange rate unification, subsidy reforms, inflation-aligned interest rates, and strengthened strategic reserves to enhance resilience in Iran’s food market. © 2025 The Society for Policy Modeling.","ARDL model; exchange rate policy; Food price anomaly; global food shocks; Iran; monetary policy","","Article","Final","","Scopus","2-s2.0-105011259838"
"Cevik E.I.; Gillman M.","Cevik, Emrah I. (26653963900); Gillman, Max (7102997673)","26653963900; 7102997673","The Impact of the fed monetary policy shocks on commodity markets: Evidence from time-varying local projections","2025","Finance Research Letters","86","","108763","","","1","10.1016/j.frl.2025.108763","https://www.scopus.com/pages/publications/105022793359?origin=resultslist","We investigate the impact of US Federal Reserve unanticipated monetary policy shocks on real gold, silver and oil prices. We use the US monetary policy uncertainty shock of Bu et al. (2021), over a period with both conventional and unconventional Fed policy. Accounting for potential time variation in the transmission of shocks, a time-varying local projection model with stochastic volatility is employed. Results reveal that monetary policy shocks exert statistically significant effects on commodity prices, with marked differences before and after 2008, highlighting the importance of accounting for dynamic and evolving relationships in the monetary policy-–commodity price nexus. © 2025 Elsevier Inc. All rights are reserved,","Fed; Gold and silver; Local projections; Monetary policy; Oil; Time-varying regression model","","Article","Final","","Scopus","2-s2.0-105022793359"
"Balakrishnan P.; Parameswaran M.","Balakrishnan, Pulapre (55171948000); Parameswaran, M. (35146252400)","55171948000; 35146252400","What lowered inflation in India: monetary policy or commodity prices?","2022","Indian Economic Review","57","1","","97","111","8","10.1007/s41775-022-00134-z","https://www.scopus.com/pages/publications/85132864511?origin=resultslist","India has seen lower inflation by historical standards for the past 6 years. This has been attributed to the adoption of inflation targeting by the central bank, the Reserve Bank of India in 2016. In particular, it has been asserted that the lower inflation reflects the anchoring of expectations. We evaluate these claims. An econometric investigation indicates that there is no basis to the claim that inflation has been lowered due to the anchoring of expectations. On the other hand, we are able to account for the trajectory of inflation in India after 2016 in terms of an alternative explanation of inflation, namely the structuralist. © 2022, The Author(s) under exclusive licence to Editorial Office, Indian Economic Review.","India; Inflation models; Inflation targeting; Monetary policy; Structuralist macroeconomics","","Article","Final","All Open Access; Bronze Open Access; Green Open Access","Scopus","2-s2.0-85132864511"
"Comunale M.; Simola H.","Comunale, Mariarosaria (57192411015); Simola, Heli (56925070400)","57192411015; 56925070400","The pass-through to consumer prices in CIS economies: The role of exchange rates, commodities and other common factors","2018","Research in International Business and Finance","44","","","186","217","13","10.1016/j.ribaf.2017.07.076","https://www.scopus.com/pages/publications/85026354789?origin=resultslist","This empirical study considers the pass-through of key nominal exchange rates and commodity prices to consumer prices in the Commonwealth of Independent States (CIS), taking into account the effect of idiosyncratic and common factors influencing prices. In order to do that, given the relatively short window of available quarterly observations (1999–2014), we choose heterogeneous panel frameworks and control for cross-sectional dependence. The exchange rate pass-through is found to be relatively high and rapid for CIS countries in the case of the nominal effective exchange rate, but not significant for the bilateral rate with the US dollar. We also show that global factors in combination with financial gaps and commodity prices are important. In the case of large rate swings, the exchange rate pass-through of the bilateral rate with the US dollar becomes significant and similar to that of the nominal effective exchange rate. © 2017 Elsevier B.V.","Commodity prices; Commonwealth of independent states; Cross-sectional dependence; Dynamic panel data; Exchange rate pass-through; Exchange rates; Financial cycle; Inflation","","Article","Final","","Scopus","2-s2.0-85026354789"
"Pal D.","Pal, Debdatta (56411624200)","56411624200","Do agricultural prices respond to interest on reserves?","2023","Economics and Finance Letters","10","1","","94","101","0","10.18488/29.v10i1.3311","https://www.scopus.com/pages/publications/85164794103?origin=resultslist","This paper elucidates the responsiveness of agricultural commodity prices to changes in interest on reserves, an unconventional monetary policy. It uses a vector autoregression model on monthly data for the United States, from October 2008 to July 2019. The empirical findings show that an increase in the interest rate on reserves leads to a drop in the price of corn, sorghum, and cotton. An increase in the interest on reserves declines the money supply, which increases the real interest rate and makes bonds lucrative over alternative investments such as agricultural commodities. This depresses the farm commodity prices, and the effect reaches its maximum after nearly four months. However, the impact on wheat prices is relatively weak. The estimations are robust to alternate specifications. The results of this study confirm the strong linkage between money supply and the prices of agricultural commodities. Food security for those nations that are heavily dependent on imported food grain from the U.S. market are dependent on the U.S. monetary policy. © 2023 Conscientia Beam. All Rights Reserved.","Agricultural commodity price; Interest rate on reserves; Monetary policy; Time series analysis; United States; Vector autoregression","","Article","Final","All Open Access; Gold Open Access","Scopus","2-s2.0-85164794103"
"Sahoo S.; Kumar S.; Gupta B.","Sahoo, Satyananda (7102977070); Kumar, Sujeesh (55500587000); Gupta, Barkha (57224670252)","7102977070; 55500587000; 57224670252","Pass-through of international food prices to emerging market economies: A revisit","2020","Reserve Bank of India Occasional Papers","41","1","","47","76","3","","https://www.scopus.com/pages/publications/85100727615?origin=resultslist","Sharp upturns in international food prices in 2007-08 and 2010-11 have motivated a close scrutiny of their volatility, transmission and supply chains. While global food prices have remained tame since 2012, the uptick in prices of major food groups in the second half of 2019 is expected to add to the upside risks of domestic food prices across emerging market economies (EMEs), which are already witnessing high food inflation pressures due to internal supply shock conditions. Against this backdrop, this study intends to re-examine whether global food prices hold any implications for domestic prices in EMEs which have higher shares of food in their overall consumption baskets. Using data from January 2007 to July 2019, the study finds that short-term elasticities, in the range of 0.02-0.16, are lower than long-term elasticities. Moreover, there are large cross-country divergences in long-term transmission elasticities. © 2020, Reserve Bank of India. All rights reserved.","Food price transmission; Law of one price; Vector error correction model","","Article","Final","","Scopus","2-s2.0-85100727615"
"Siklos P.L.","Siklos, Pierre L. (7005627079)","7005627079","The macroeconomic response to real and financial factors, commodity prices, and monetary policy: International evidence","2021","Economic Systems","45","1","100850","","","6","10.1016/j.ecosys.2020.100850","https://www.scopus.com/pages/publications/85099855595?origin=resultslist","This study estimates a variety of small dynamic factor macro models where the factors are time-varying. The sample consists of 20 economies from around the world. Using quarterly data since the late 1990s, I find that the focus of some policymakers on the negative spillovers from monetary shocks is exaggerated. Four separate types of shocks are identified, and these can easily offset each other with a neutral to positive overall economic impact in some economies investigated here. However, a few economies, namely Brazil, Chile and China, experience a net economic loss from spillovers. © 2021 Elsevier B.V.","Commodity prices; Dynamic factor models; Emerging markets; Time-varying estimates","","Article","Final","","Scopus","2-s2.0-85099855595"
"Bhanumurthy N.R.; Dua P.; Kumawat L.","Bhanumurthy, N.R. (8561350100); Dua, Pami (7004230169); Kumawat, Lokendra (37107857600)","8561350100; 7004230169; 37107857600","Weather shocks and agricultural commodity prices in India","2013","Climate Change Economics","4","3","1350011","","","9","10.1142/S2010007813500115","https://www.scopus.com/pages/publications/85028629990?origin=resultslist","We analyze the impact of weather shocks on price formation in spot and futures market for food in India where until the recent introduction of commodity futures markets in 2005, the transmission of these shocks to short-term (spot) price movements was unclear. Hitherto, the price discovery mechanism was weak and end price was expected to be different (mostly higher unless some product prices were administered) from the market-clearing price. In addition, this weak mechanism was expected to result in higher price volatility. The introduction of a futures market is expected to reduce risk, a major component in agricultural production as well as in price formation. Though the commodity futures market in India is nascent, we model transmission of weather shocks to futures and spot prices using monthly data. Based on cointegration analysis, our results suggest strong long-run co-movement between futures prices and spot prices for commodities traded in futures markets. Changes in rainfall affect both futures and spot prices with different lags. However, rainfall shocks generate larger responses from futures prices than from spot prices. Although there could be other factors that affect futures prices, after controlling for fuel prices, our results clearly show the transmission mechanism of weather shocks from futures to spot prices. We also explore the changes in responsiveness of prices of major agricultural commodities to rainfall with introduction of futures contracts to facilitate the pass-through of various types of shocks to agricultural commodity prices. Using smooth transition regression, we find that the bivariate relationships between rainfall and prices of rice, wheat and pulses show some nonlinearity with the structural change happening after the introduction of futures market. These relations ARe found to be much stronger in the post-structural change period that broadly coincides with the introduction of futures market. © 2013 World Scientific Publishing Company.","futures prices; India; JEL Codes: E30; JEL Codes: G14; JEL Codes: Q10; smooth transition models; spot prices; Weather shock","","Article","Final","","Scopus","2-s2.0-85028629990"
"Fertő I.; Bareith T.","Fertő, Imre (8314653200); Bareith, Tibor (57211468212)","8314653200; 57211468212","Does Monetary Policy Stabilise Food Inflation in Hungary?","2024","Agris On-line Papers in Economics and Informatics","16","4","","69","77","1","10.7160/aol.2024.160405","https://www.scopus.com/pages/publications/85216110918?origin=resultslist","This study examines the relationship between monetary policy and food price inflation in Hungary from January 2007 to December 2023 using the Nonlinear Autoregressive Distributed Lag (NARDL) model. Our analysis reveals that although the short-term impact of monetary policy on food prices is minimal, there is a notable long-term effect where implementing tighter monetary measures increases food price inflation over time. Policymakers must take a nuanced approach when dealing with food price shocks, considering both monetary and fiscal interventions. Our research highlights the significance of combining monetary policy actions with specific fiscal strategies and structural changes in the agriculture to reduce the negative effects of food inflation and protect the well-being of vulnarable populations. © (2024), (Faculty of Economics and Management). All rights reserved.","asymmetry; Food prices; inflation; monetary policy; Nonlinear ARDL","Hungary; agricultural change; commodity price; fiscal policy; food product; inflation; monetary policy; structural change; vulnerability","Article","Final","All Open Access; Gold Open Access; Green Open Access","Scopus","2-s2.0-85216110918"
"Wolter A.H.; Ehlers T.; Luetjens K.; Gollnick V.","Wolter, Alexander H. (57224772807); Ehlers, Thorsten (56285868100); Luetjens, Klaus (57224785947); Gollnick, Volker (6507944725)","57224772807; 56285868100; 57224785947; 6507944725","Commodity price pass-through in the US airline industry and the hidden perks of consolidation","2021","Journal of Air Transport Management","95","","102100","","","4","10.1016/j.jairtraman.2021.102100","https://www.scopus.com/pages/publications/85108276005?origin=resultslist","How do changing jet fuel prices impact airline revenues? As expenses for jet fuel are one of the most relevant cost factors for airlines, their economic success largely depends on the ability to match changes on the cost side with an adaption on the revenue side. While previous studies primarily focused on the impact of fuel price changes to consumer prices, this paper empirically examines the ability of US airlines to pass-through lagged jet fuel prices to scaled operating revenues from an airline driven perspective. Our results suggest that the extent to which an exogenous increase in fuel prices can be passed on to revenues will deviate according to the competitive situation faced by an airline. Based on these findings our research should also be of interest for European policy makers who are discussing actions to exogenously increase jet fuel prices due to environmental reasons. © 2021 Elsevier Ltd","Airline market consolidation; Airline market segmentation; Asymmetric fuel price pass-through; Fuel price pass-through; Jet fuel tax; Pass-through under competitive pressure","Europe; United States; action plan; airline industry; commodity price; empirical analysis; fuel consumption; policy making; price dynamics; tax system","Article","Final","","Scopus","2-s2.0-85108276005"
"Huang W.; Mollick A.V.; Nguyen K.H.","Huang, Wanling (56035137800); Mollick, André Varella (6603200531); Nguyen, Khoa Huu (56082234400)","56035137800; 6603200531; 56082234400","Dynamic responses and tail-dependence among commodities, the US real interest rate and the dollar","2017","Empirical Economics","53","3","","959","997","7","10.1007/s00181-016-1165-6","https://www.scopus.com/pages/publications/84990831569?origin=resultslist","Theoretical models suggest monetary policy is transmitted to commodity prices. We quantify this channel using several empirical methods under daily data. In early 2009, the US real interest rate became negative, with sample mean varying from 1.75 % (in the mid-1997 to January 28, 2009, subsample) to -1.50% (in January 29, 2009, to mid-September 2013 subsample). Gold displays higher risk-adjusted returns earlier, while copper and oil have higher risk-adjusted returns more recently. Shocks to the exchange rate and the real interest rate in VARs explain almost 30 % for oil and 32 % for copper more recently when impulse responses are more significant. The time-varying correlation of oil with the real interest rate in the more recent period is - 0.462 , and its correlation with the exchange rate is - 0.460 , compared to - 0.089 and - 0.120 , respectively, in the earlier period. Vine copula methods identify a dependence pattern of C-vine copula with t-copula in almost every pair among commodity prices, the real value of the US dollar and the US real interest rate. © 2016, Springer-Verlag Berlin Heidelberg.","Commodities; Exchange rates; Time-varying correlations; US real interest rates; VARs; Vine copulas","United States; commodity price; correlation; exchange rate; interest rate; monetary policy; theoretical study","Article","Final","","Scopus","2-s2.0-84990831569"
"Sivarajasingham S.; Applanaidu S.-D.","Sivarajasingham, Selliah (56636200100); Applanaidu, Shri-Dewi (56429508900)","56636200100; 56429508900","Is food price inflation transitory? Empirical evidence from Sri Lanka","2015","Asian Social Science","11","15","","22","38","1","10.5539/ass.v11n15p22","https://www.scopus.com/pages/publications/84930679568?origin=resultslist","Food prices are excluded from core measures of inflation in many countries assuming food prices are transitory. Exclusion of food prices may lead to information loss, leading to higher inflationary expectations, a downward bias to forecasts of future inflation and lags in policy responses. Assumption that log food price series behave by way of I(1) and differenced log food price series linger in the manner of I(0) process leads to model misspecification. Correct identification of the memory in the food price series is vital for the correct model specification and is important for policy makers. This study aims to examine whether food price inflation is transitory in Sri Lanka by estimating the memory properties of food price series using non-parametric, semi-parametric and parametric tests. The study covers the period from January, 2003 to December, 2013. Results show that food price inflation, nonfood price inflation and headline inflation, and global food price inflation series are fractionally integrated. Food price series in Sri Lanka commoves with global food prices. Research findings show that food price inflation is not transitory, long memory series. The outcomes of this attempt have consequential implications towards food policy, trade policy and monetary policy makers. These findings suggest that neglecting food prices may render the core inflation measure a biased measure of long run inflation. © 2015 Canadian Center of Science and Education. All rights reserved.","Food price inflation; Fractionally integration; Long memory; Sri Lanka; Transitory","","Article","Final","All Open Access; Gold Open Access","Scopus","2-s2.0-84930679568"
"Luong P.V.; Xu X.","Luong, Phat V. (57516118800); Xu, Xiaowei (55706237000)","57516118800; 55706237000","Pass-through of commodity price shocks in distribution channels with risk-averse agents","2020","International Journal of Production Economics","226","","107609","","","1","10.1016/j.ijpe.2019.107609","https://www.scopus.com/pages/publications/85077163414?origin=resultslist","We apply variance analysis for studying the risk sharing mechanism in distribution channels, in which the risk-averse buyer and supplier are suffered from commodity price shocks. We obtain the closed-form optimal pass-through rate that minimizes the total channel price/cost risk and maximizes the channel throughput for a Stackelberg leadership game and a Nash bargaining solution. Using the commodity price data in the steel industry, we demonstrate that the pass-through rate should be set between 40 and 80% for major metal alloys. © 2019 Elsevier B.V.","CARA; Pass-through; Risk aversion; Stainless steel; Surcharge; Variance analysis","Risk analysis; Risk management; Stainless steel; Steelmaking; CARA; Pass-through; Risk aversion; Surcharge; Variance analysis; Risk assessment","Article","Final","","Scopus","2-s2.0-85077163414"
"Vatsa P.; Pino G.; Miljkovic D.","Vatsa, Puneet (56380408000); Pino, Gabriel (55867202800); Miljkovic, Dragan (7006524024)","56380408000; 55867202800; 7006524024","Food Prices, Core Inflation, and Inflation Expectations in the United States","2026","Applied Economic Perspectives and Policy","48","2","","435","446","0","10.1002/aepp.70038","https://www.scopus.com/pages/publications/105022109573?origin=resultslist","Using partially identified Bayesian structural vector autoregressions, we examine how food price shocks have influenced core inflation and inflation expectations in the United States since 1990. This is important, given the conspicuousness of food prices and the substantial share of food expenditure in households' budgets. Shocks raised one-year expectations immediately, with effects lasting nine quarters; they increased core inflation with a short delay. Long-term expectations were largely unaffected. Counterfactuals show that one-year expectations would have been lower in 2020 and 2022 without these shocks. The findings suggest food price shocks warrant a measured response, not an overreaction, from central banks. © 2025 Agricultural & Applied Economics Association.","Bayesian SVAR; core inflation; food prices; inflation expectations","","Article","Final","All Open Access; Bronze Open Access","Scopus","2-s2.0-105022109573"
"de Winne J.; Peersman G.","de Winne, Jasmien (57193427829); Peersman, Gert (6603880096)","57193427829; 6603880096","Macroeconomic effects of disruptions in global food commodity markets: Evidence for the United States","2016","Brookings Papers on Economic Activity","2016","FALL","","183","286","28","10.1353/eca.2016.0028","https://www.scopus.com/pages/publications/85013858213?origin=resultslist","We use two approaches to examine the macroeconomic consequences for the United States of disruptions in global food commodity markets. First, we embed a novel quarterly composite global production index for the four basic staples—corn, wheat, rice, and soybeans—in a standard vector autoregression model, and we estimate the dynamic effects of global food commodity supply shocks on the U.S. economy. As an alternative, we also estimate the consequences of 13 narratively identified global food commodity price shocks. Both approaches lead to similar conclusions. Specifically, an unfavorable food commodity market shock raises food commodity prices, and leads to a rise in food, energy, and core inflation, and also to a persistent decline in real GDP and consumer expenditures. A closer inspection of the pass-through reveals that households do not only reduce food consumption. In fact, there is a much greater decline in durable consumption and investment. Overall, the macroeconomic effects turn out to be a multiple of the maximum impact implied by the share of food commodities in the consumer price index and household consumption. © 2016, Brookings Institution Press. All rights reserved.","","","Article","Final","All Open Access; Bronze Open Access; Green Open Access","Scopus","2-s2.0-85013858213"
"Erten B.; Tuzcuoglu K.","Erten, Bilge (35784149400); Tuzcuoglu, Kerem (57204979770)","35784149400; 57204979770","Output Effects of Global Food Commodity Shocks","2018","Journal of Globalization and Development","9","1","","","","2","10.1515/jgd-2018-0011","https://www.scopus.com/pages/publications/85058209661?origin=resultslist","The dramatic fluctuations in global food prices over the past two decades have generated significant concern about their destabilizing macroeconomic effects. While the pass-through effects of international food prices on domestic prices have been widely documented, these estimates have not taken into account reverse causality, omitted variable bias, or differences in sources of international food price fluctuations. We use sign restrictions to identify relevant demand and supply shocks that explain the volatility in global food prices. We quantify their dynamic effects on several components of food exporters' and food importers' domestic output, including household consumption, government consumption, investment, and net exports. Our findings reveal that identifying the sources of the shocks driving global food prices is crucial to evaluating their domestic effects. Expansions in global economic activity that increase global food prices stimulate the domestic output of both food-importing and food-exporting economies; however, disruptions in global food commodity markets that lead to rising real food prices have large contractionary effects for food importers due to deteriorating trade balances and falling household consumption. We also document that the adverse effects of unfavorable global food shocks on household consumption are greater for food-importing countries with relatively high shares of household food expenditures and large food trade deficits. © 2018 Walter de Gruyter GmbH, Berlin/Boston.","Domestic output effects; Global demand shocks; Global food prices; Oil shocks; Sign restrictions; Transmission mechanisms","","Article","Final","","Scopus","2-s2.0-85058209661"
"Samka F.K.; Huang L.; Ren Y.","Samka, Fabrice Kehven (60682018500); Huang, Luchen (59043629000); Ren, Yanjun (8378579000)","60682018500; 59043629000; 8378579000","The impact of climate change on food security: evidence from Sub-Saharan Africa","2026","International Journal of Agricultural Sustainability","24","1","2680626","","","0","10.1080/14735903.2026.2680626","https://www.scopus.com/pages/publications/105041185896?origin=resultslist","The impact of climate change has gained extensive attention over the past few decades, while its impact on Sub-Saharan Africa (SSA), a region where agriculture is particularly vulnerable to climate variability, still requires more in-depth and focused research, including its effects on food security. Using panel data from 1980 to 2021, this study investigates the effects of climate change (temperature and rainfall) and ecological footprints on food security in SSA and its four sub-regions, including pathways through inflation and trade. Results show that increases in temperature and ecological footprints improve food security in SSA. Increased rainfall decreases food security in Western SSA but increases it in Middle and Southern SSA. Temperature improves food security in Eastern and Western SSA, while ecological footprints improve food security in Eastern, Western and Southern SSA. Increases in temperature and ecological footprint improve trade, while an increase in rainfall and temperature reduces inflation. However, increases in ecological footprint increases inflation. we recommend climate-resilient agriculture, strengthening climate information and early warning systems and expanding irrigation infrastructure. Region-specific strategies include the adoption of flood-tolerant crops in Western SSA, sustainable resource management in Southern SSA, and the scaling up of climate-smart agriculture in Eastern SSA. fiscal and monetary policies should be put in place to stabilize food prices. © 2026 The Author(s). Published by Informa UK Limited, trading as Taylor & Francis Group.","Climate change; ecological footprints; fixed and random effects model; food production index; Sub-Saharan Africa","Sub-Saharan Africa; agricultural management; agricultural trade; climate change; ecological footprint; food production; food security; inflation; information system; precision agriculture","Article","Final","All Open Access; Gold Open Access; Green Open Access","Scopus","2-s2.0-105041185896"
"Sekine A.","Sekine, Atsushi (56524993100)","56524993100","Effects of mineral-commodity price shocks on monetary policy in developed countries","2015","Applied Economics","47","31","","3332","3346","3","10.1080/00036846.2015.1013618","https://www.scopus.com/pages/publications/84927912143?origin=resultslist","This article investigates effects of changes in mineral commodity prices on monetary policy. Using macroeconomic data from three mineral-producing countries (Australia, Canada and New Zealand) and two non-mineral-resource countries (USA and UK), I estimate the impulse response functions of the policy interest rates and the core consumer price index (CPI) inflation rates to mineral-commodity price shocks. I find that the central banks in both groups of the examined countries significantly respond to mineral-commodity price shocks. In responses to an unexpected 10% increase in mineral commodity prices, the central banks are estimated to increase their policy interest rates by approximately 0.8 percentage points. Moreover, the central banks seem to take anticipatory policy reactions to control core CPI variations triggered by these shocks. Thus, mineral commodity prices would act as important determinants of the monetary policies in both groups of the examined countries. These findings would be useful for analysing Taylor rules in their countries. However, effects of the increase in their policy interest rates on core CPI inflation cannot be identified for the examined countries. © 2015 Taylor & Francis.","counterfactual analysis; impulse responses; mineral commodity prices; response decompositions; structural vector autoregressions","Australia; Canada; New Zealand; United Kingdom; United States; central bank; commodity price; inflation; interest rate; macroeconomics; mineral; monetary policy; vector autoregression","Article","Final","","Scopus","2-s2.0-84927912143"
"Baba C.; Duval R.; Lan T.; Topalova P.","Baba, Chikako (57225209898); Duval, Romain (24281258400); Lan, Ting (58449873900); Topalova, Petia (24342460200)","57225209898; 24281258400; 58449873900; 24342460200","The 2021-22 inflation surge in Europe: a Phillips-curve-based dissection","2025","Applied Economics Letters","32","10","","1383","1388","4","10.1080/13504851.2024.2303383","https://www.scopus.com/pages/publications/85182160879?origin=resultslist","This paper analyzes the drivers of the inflation surge in Europe in 2021–22 and its cross-country variation. The analysis highlights significant differences in Phillips curve parameters across countries. Inflation is more sensitive to slack and external price pressures in emerging Europe, which contributed to a greater passthrough of the global commodity price shocks and higher inflation. Across Europe, inflation also appears to have become increasingly backward looking and more sensitive to commodity price shocks since the onset of the COVID-19 pandemic. This finding helps explain why conventional models consistently underpredicted the 2021–2022 inflation surge. © 2024 Informa UK Limited, trading as Taylor & Francis Group.","backward-looking; external price; Inflation; Phillips curve; slack","Europe; commodity price; COVID-19; economic analysis; inflation; pandemic; price dynamics; regional economy","Article","Final","","Scopus","2-s2.0-85182160879"
"Rodríguez G.; Vassallo R.; Castillo B. P.","Rodríguez, Gabriel (7203006167); Vassallo, Renato (58184034000); Castillo B., Paul (36084087300)","7203006167; 58184034000; 36084087300","Effects of external shocks on macroeconomic fluctuations in Pacific Alliance countries","2023","Economic Modelling","124","","106302","","","24","10.1016/j.econmod.2023.106302","https://www.scopus.com/pages/publications/85152542258?origin=resultslist","Given Pacific Alliance (PA) countries’ dependence on the external sector amidst volatile global financial conditions and increased trade openness, it is important to understand the time-varying impact of external shocks on these economies to assess their resilience. We use data for 1994Q1-2019Q4 and VAR models with time-varying parameters and stochastic volatility to study the heterogeneity of responses to financial, real, and nominal external shocks. The results suggest that external shocks have played a significant role in domestic cycles (50% on average), but their impact became temporarily larger during the global low-interest-rate period; i.e., the impact of export price and Fed rate shocks on GDP increased the most, peaking in 2002–2011, whereas the effect of shocks originating in China, although the largest, remained stable. In addition, a more predictable and countercyclical monetary policy in response to commodity price shocks diminished the transmission of external shocks, thereby increasing PA economies’ external resilience. © 2023 Elsevier B.V.","Autoregressive vectors with time-varying parameters; Bayesian estimation and comparison; External shocks; Macroeconomic fluctuations; Pacific Alliance countries; Stochastic volatility","","Article","Final","","Scopus","2-s2.0-85152542258"
"Triantafyllou A.","Triantafyllou, Athanasios (56490236700)","56490236700","Investing in commodities in times of uncertainty and lax monetary policy","2020","Recent Advances and Applications in Alternative Investments","","","","1","36","0","10.4018/978-1-7998-2436-7.ch001","https://www.scopus.com/pages/publications/85128115154?origin=resultslist","This chapter presents empirical evidence showing the impact of economic uncertainty and monetary policy on the volatility of commodity futures markets. The findings are in line with those of the relevant literature according to which rising uncertainty predicts rising volatility in commodity markets. The author shows that the unobservable economic uncertainty measures of Jurado et al. (2015) have a significant and long-lasting positive impact on the volatility of commodity prices. Hence, the OLS regression results show that commodity markets are significantly affected by the rising degree of unpredictability in the macroeconomy, while they are relatively immune to observable macroeconomic fluctuations. The expansionary monetary policy is followed by rising volatility in agricultural and energy markets, while it has much smaller effect on the volatility of metals markets. Financialization in commodity markets has increased the dynamic linkages between monetary policy shocks and commodity price volatility. © 2020, IGI Global.","","","Book chapter","Final","","Scopus","2-s2.0-85128115154"
"Landgraf S.; Chowdhury A.","Landgraf, Steven (56835361400); Chowdhury, Abdur (7202527650)","56835361400; 7202527650","Factoring emerging markets into the relationship between global liquidity and commodities","2015","Journal of Economic Studies","42","4","","622","640","3","10.1108/JES-11-2013-0171","https://www.scopus.com/pages/publications/84941363688?origin=resultslist","Purpose – What caused the mid-2000s world commodity price “bubble” and the recent commodity price growth? Some have suggested that rapid global industrial growth over the past decade is the key driver of price growth. Others have argued that high commodity prices are a result of excessively loose monetary policy. The purpose of this paper is to extend the current research in this area by incorporating emerging economies, the BRIC (Brazil, Russia, India, and China) nations specifically, into global measures. Design/methodology/approach – The paper uses a vector error correction (VEC) model and computes variance decomposition and impulse response functions (IRFs). Findings – The empirical analysis suggest that the “demand channel” plays a large part in explaining commodity price growth whether BRIC countries are included or excluded from the analysis. However, excess liquidity may also play a part in explaining price growth. In addition, factoring in BRIC country data leads to the conclusion that unexpected movements in liquidity eventually explain more of the variation in commodity prices than unexpected demand shocks. This specific result is not caught in the sample that only incorporates advanced economies. Research limitations/implications – Despite the theory of Frankel (1986) and the findings of previous global vector autoregression (VAR)/VEC analyses, interest rates, especially shocks, have a minimal impact on consumer and commodity prices. Perhaps future studies should include an interest rate in their analysis that more closely reflects interest rates associated with information used by commodity consumers, producers, and investors. Some analyses such as Hua (1998) use the LIBOR rate, which is highly associated with developed financial markets in the advanced economies. Data quality and availability in the BRIC countries severely limited the length of the time period analyzed and the frequency of the data. Finding longer sample periods or higher frequency data can help to minimize bias in future research. In this paper, monetary aggregates and short-term interest rates were loosely connected to monetary policy. It would also be interesting to directly examine how special programs like quantitative easing influenced global liquidity. Practical implications – The results of the IRFs and variance decompositions confirm some of the previous findings reported in Belke et al. (2010), Hua (1998), and Swaray (2008) that suggest that positive shocks to liquidity positively impact commodity prices. In particular, both samples suggest that this is a short-run impact that occurs after two quarters. However, in the sample that includes information about liquidity from BRIC countries, excess liquidity positively affects commodity prices after six and seven quarters as well. The insignificant results of Granger causality tests of the effect of monetary variables on commodity prices suggests that this relationship is limited to movements in liquidity that is unexpected by agents in the system. These “shocks” could be attributed to a number of factors including exogenous monetary policy changes such as the unprecedented responses by the Federal Reserve during and after the 2008 global financial crisis. Social implications – First, empirical research that claims to analyze relationships at a “global” level needs to account for the growing influence of emerging economies and not simply the advanced economies. Otherwise, results may be biased as they were when too much of the forecast error variance in commodity prices was attributed to shocks to output when it should have been attributed to shocks to excess liquidity. Second, those who criticize expansionary monetary policy in the advanced countries, especially by the Federal Reserve, for pushing up commodity prices should also direct their attention toward monetary authorities elsewhere, especially the BRIC countries, since information on excess liquidity from these countries adds to the influence that global excess liquidity has on commodity prices. Third, monetary policymakers in the advanced countries need to closely monitor liquidity in the BRIC countries, since the discrepancies between the ALL and ADV samples suggests that BRIC excess liquidity affects commodity prices in a way that cannot be captured by examining advanced country data alone. Originality/value – No other paper in this area looked at the BRIC countries. © 2015, Emerald Group Publishing Limited.","BRIC; Commodity price; Global monetary policy","","Article","Final","","Scopus","2-s2.0-84941363688"
"Reicher C.P.; Utlaut J.F.","Reicher, Christopher Phillip (59146025400); Utlaut, Johannes Friederich (56377213200)","59146025400; 56377213200","Monetary policy shocks and real commodity prices","2013","B.E. Journal of Macroeconomics","13","1","","715","749","3","10.1515/bejm-2012-0083","https://www.scopus.com/pages/publications/84907704667?origin=resultslist","In this paper we document the effects of monetary policy shocks on real commodity prices. Based on a VAR estimated using long-run restrictions, an expansionary monetary policy shock causes real commodity prices and output both to rise sharply for a short period of time. We find that a simple dynamic equilibrium model of commodity supply and demand can give a realistic response of real commodity prices to monetary policy shocks, for a wide range of parameter values. Furthermore, we find that based on historical simulations, shocks to monetary policy played an important role in commodity price fluctuations during the Great Recession, but they have contributed negligibly to commodity price movements overall since 1970. Even though monetary policy shocks have a robust and large marginal effect on real commodity prices, most monetary policy shocks are small, and most fluctuations in real commodity prices are correspondingly small. © 2013 by Walter de Gruyter Berlin Boston.","commodity prices; long-run restrictions; monetary policy; overshooting","","Article","Final","","Scopus","2-s2.0-84907704667"
"Da D.","Da, Dakpoulé (57970074700)","57970074700","Effects of exogenous shocks on the monetary policy credibility: evidence from the West African Economic and Monetary Union region","2025","Cogent Economics and Finance","13","1","2514688","","","1","10.1080/23322039.2025.2514688","https://www.scopus.com/pages/publications/105012738361?origin=resultslist","In the last five years, external shocks have been persistent. Although the effect of these shocks on inflation has received attention, their effects on the credibility of monetary policy have been little explored, especially in the context of monetary union. This paper seeks to empirically investigate the effect of selected exogenous shocks on the credibility of monetary policy in the West African Economic and Monetary Union (WAEMU) region from 2006 to 2023. Using the heterogeneous Structural Vector Autoregressive (SVAR) panel model and Mixed-Frequency Vector Autoregressive (MF-VAR), we find that external shocks are associated with a deterioration in the credibility of monetary policy in the short term. However, the effect varies according to the type of climatic shock on the one hand, and commodity prices on the other. Climate shocks have a persistent effect on the credibility of monetary policy compared with commodity price shocks. Our results suggest that monetary authorities should pay attention to external shocks. Given that they have limited control over external shocks, particularly climate shocks, they should contribute to collective action in response to the challenges posed by climate change by setting up or supporting green projects in the countries of the union. The findings highlight the necessity of coordinating monetary and fiscal policy to reduce inflation during these shocks. © 2025 The Author(s). Published by Informa UK Limited, trading as Taylor & Francis Group.","credibility; Development Economics; Economics; Exogenous shocks; International Economics; Macroeconomics; MF-VAR; Monetary Economics; monetary policy; PSVAR; WAEMU","","Article","Final","All Open Access; Gold Open Access; Green Open Access","Scopus","2-s2.0-105012738361"
"Hmadouch Y.A.","Hmadouch, Younes Ait (59496098800)","59496098800","Domestic and External Drivers of Inflation in Oil Importing Developing Countries","2025","International Journal of Energy Economics and Policy","15","1","","344","356","0","10.32479/ijeep.17763","https://www.scopus.com/pages/publications/85213807779?origin=resultslist","This paper explores inflation drivers in 12 oil-importing developing economies, focusing on domestic and external drivers, such as monetary policy rate, government expenditure, global oil prices, exchange rate, imports, global food prices, and other factors. The study aims to establish a hierarchy of these drivers from the most to the least significant, which is essential for a better implementation of anti-inflationary policies in oil-importing developing countries. Using Seemingly Unrelated Regression (SUR) model and second-generation panel unit root test to handle cross-sectional dependence, and applying Dumitrescu-Hurlin panel Granger causality approach to confirm SUR outcomes, this research paper revealed for the period between 2000Q1, and 2023Q2 that lagged inflation is the most important driver of current inflation, supporting the theoretical concept of inertial inflation. Unexpectedly, this study showed that monetary policy rate is positively impacting inflation, confirming the presence of the price puzzle. Additionally, monetary base doesn’t have any significant impact on aggregate price level, meaning that the inflation is not a monetary phenomenon for the studied countries. Producer prices, used as a proxy for domestic supply shocks, seemed to have a positive and significant effect on inflation. Government expenditure, trade openness, and global oil prices have notable effects. Even if all the studied countries are oil importers, the impact of oil prices on inflation is mitigated by subsidies and price controls. Finally, inflation is negatively affected by imports and exchange rate. The study underscores the necessity for new central bank tools adapted to these countries context, monetary and fiscal policies coordination, a strategic use of subsidies, and an integrated policy to improve market competition. © 2025, Econjournals. All rights reserved.","Dumitrescu and Hurlin Panel Causality; Inflation Drivers; Monetary Policy; Oil Prices; Oil-importing Developing Countries","","Article","Final","All Open Access; Gold Open Access","Scopus","2-s2.0-85213807779"
"Patnaik A.","Patnaik, Anuradha (55606828900)","55606828900","Should the RBI Target Only on the Core Inflation?","2025","Economic and Political Weekly","60","32","","13","16","0","","https://www.scopus.com/pages/publications/105014220546?origin=resultslist","Whether the Reserve Bank of India should target inflation excluding food prices is empirically evaluated. Using monthly data on year-on-year headline inflation, food inflation and core inflation from January 2014 to January 2024, the article assesses the exact nature of food inflation in India and tests if second-round effects of food inflation exist. The empirical results reveal that food inflation is persistent in India and its volatility spills over to core inflation. The core inflation converges with the headline inflation and so significant second-round effects exist. © 2025, Economic and Political Weekly. All rights reserved.","","","Note","Final","","Scopus","2-s2.0-105014220546"
"Leibtag E.","Leibtag, Ephraim (14054212300)","14054212300","How much and how quick? Pass through of commodity and input cost changes to retail food prices","2009","American Journal of Agricultural Economics","91","5","","1462","1467","20","10.1111/j.1467-8276.2009.01365.x","https://www.scopus.com/pages/publications/74549118451?origin=resultslist","Ephraim Leibtag focuses on how quickly pass through of commodity and input cost changes to retail food prices in the US. A number of factors combined to lead to the run-up in commodity prices in 2007 and 2008. More rapid expansion in demand and slower growth in production began in the 1990s and contributed to declining global demand for reserve stocks of grains beginning in the early 2000s. Some recent research has begun to address the connection between price changes at earlier stages of production and retail price inflation measures. Despite the sharp decline in commodity prices due to the recession of 2008-2009, the longterm factors that led to accelerated increases in food and energy commodity prices in 2007 and 2008 may soon return. The impact of these commodity price changes on retail food prices will again be a topic of great interest.","","United States; commodity price; food market; inflation; price determination; price dynamics; retailing","Article","Final","","Scopus","2-s2.0-74549118451"
"Lambert D.K.; Miljkovic D.","Lambert, David K. (55085226100); Miljkovic, Dragan (7006524024)","55085226100; 7006524024","The sources of variability in U.S. food prices","2010","Journal of Policy Modeling","32","2","","210","222","29","10.1016/j.jpolmod.2010.01.001","https://www.scopus.com/pages/publications/77951297474?origin=resultslist","Food prices surged in the United States and around the world between 2006 and 2008. Global increases have been attributed to income growth in the developing world, diversion of farm products from food to industrial usage, speculation in commodity markets, and energy price increases. Although pass-through of farm commodity price increases to retail prices may be mitigated by additional processing costs and food sector organizational structure, food prices in the U.S. have also recently outpaced general price increases. Time series analysis of factors influencing monthly food prices from 1970 through February 2009 suggest that innovations in farm prices and manufacturing wages, rather than consumer incomes or the prices of other food production inputs including fuel play the most significant role in determining food price changes. © 2010 Society for Policy Modeling.","Energy prices; Farm prices; Food prices; United States","","Article","Final","","Scopus","2-s2.0-77951297474"
"Novotná A.","Novotná, Adriana (57660220800)","57660220800","Monetary Policy and Food Inflation in Central Europe: Evidence from the Visegrad Countries","2026","Agris On-line Papers in Economics and Informatics","18","2","","121","133","0","10.7160/aol.2026.180208","https://www.scopus.com/pages/publications/105046339599?origin=resultslist","This study examines the relationship between monetary policy and food inflation in the Visegrad Group, using monthly data and applying both OLS and quantile regression methods. Because the model is estimated in first differences and includes a three-month lag of the policy rate, all results reflect short-run month-to-month dynamics of food inflation. The analysis reveals that the monetary policy rate is significantly associated with food inflation across several quantiles, with stronger effects observed during periods of higher inflation. The study also examines the roles of exchange rates, industrial and transport inflation, with a robustness check replacing transport inflation with energy prices. This adjustment confirmed the relevance of energy prices in food inflation dynamics. The results indicate that while monetary policy does affect food prices, its effectiveness depends on the level of inflation and underlying supply-side factors. Quantile regression proves to be a valuable tool in capturing these heterogeneities. These findings can support policymakers in designing more responsive and effective strategies to manage food inflation under varying economic conditions. © (2026), (Faculty of Economics and Management). All Rigths Reserved.","food inflation; monetary policy; OLS; quantile regression; Visegrad group countries","Central Europe; food market; inflation; monetary policy; policy making; regression analysis","Article","Final","All Open Access; Gold Open Access","Scopus","2-s2.0-105046339599"
"Berck P.; Leibtag E.; Solis A.; Villas-Boas S.","Berck, Peter (6701708788); Leibtag, Ephraim (14054212300); Solis, Alex (57225305799); Villas-Boas, Sofia (57207573375)","6701708788; 14054212300; 57225305799; 57207573375","Patterns of pass-through of commodity price shocks to retail prices","2009","American Journal of Agricultural Economics","91","5","","1456","1461","17","10.1111/j.1467-8276.2009.01364.x","https://www.scopus.com/pages/publications/74549171684?origin=resultslist","The pass-through of corn, wheat, and gasoline prices can be re-estimated and compared with rough estimate of the level of pass-through that can be derived from the cost share of the commodity in the final product. Farm to shelf markups have always concerned farmers, who typically receive a very small share of the shelf price. The retail price data set comes from scanner data on two product categories from 184 retail grocery stores in California. There is considerable variation in price from store to store, despite the fact that all these stores belong to the same chain. Chain management has stated that the stores take independent price decisions. The fixed effects consider all the variation in the store and store customers that are invariant in time like location and number of employees. There are fewer sales when commodity prices go up, indicating that that net prices should be used for pass-through analysis.","","California; United States; Triticum aestivum; Zea mays; commodity price; energy market; estimation method; maize; price dynamics; retailing; wheat","Article","Final","","Scopus","2-s2.0-74549171684"
"Wei H.; Lahiri R.","Wei, Honghong (57907607900); Lahiri, Radhika (55910702800)","57907607900; 55910702800","The impact of commodity price shocks in the presence of a trading relationship: A GVAR analysis of the NAFTA","2019","Energy Economics","80","","","553","569","9","10.1016/j.eneco.2019.01.022","https://www.scopus.com/pages/publications/85061811337?origin=resultslist","This paper investigates the commodity price shocks and monetary shocks in the region covered by the North American Free Trade Agreement (NAFTA), using a global vector autoregression (GVAR) approach. Our focus is on commodity price shocks which impact both directly through the aggregate price level, as well as through monetary policy related aggregates such as short-term interest rates. We first contrast the response of the real economy to commodity price shocks in two periods: 1983Q2–2015Q2 and 1994Q1–2015Q2, where the beginning of the second sample coincides with a statistically identified structural break, as well as the introduction of NAFTA. The results indicate that the commodity price shocks, such as for oil and metal, have a bigger impact on the real economy after NAFTA came into force, with metal prices having a larger quantitative impact on output in comparison to oil prices. Next, we investigate whether these changes have different implications for the impact of domestic monetary shocks in the three countries. We find that while the post-NAFTA period is characterized by a stronger domestic monetary policy response to commodity price shocks, the response to monetary shocks per se varies in the two time periods. In particular U.S. monetary policy, as reflected in shocks to short-term interest rates, has a weaker influence in the post-NAFTA period. Overall, the influence of global, commodity price shocks in the region relative to domestic monetary shocks is greater in the post-NAFTA period. © 2019 Elsevier B.V.","Commodity price shocks; Global vector autoregression; Monetary shocks; Trading agreements","United States; Aggregates; Costs; International trade; Regression analysis; Commodity prices; Monetary policies; Monetary shocks; North American free trade agreements; Short-term interests; Structural break; Trading relationships; Vector autoregressions; commodity price; free trade; interest rate; monetary policy; trade relations; vector autoregression; Public policy","Article","Final","","Scopus","2-s2.0-85061811337"
"Ibrahim M.; Nghiem X.-H.","Ibrahim, Mansor (7402468619); Nghiem, Xuan-Hoa (57223142811)","7402468619; 57223142811","Commodity Prices and Inflation in Indonesia: Does the Pass-Through Really Matter?","2026","Australian Economic Papers","65","2","","149","163","0","10.1111/1467-8454.70018","https://www.scopus.com/pages/publications/105025037464?origin=resultslist","We estimate the commodity price pass-through to consumer price and food price inflation for the case of Indonesia using quarterly data from Q1 2000 to Q3 2023. In the analysis, we consider the aggregate commodity price as well as its two components, namely, energy price and non-energy price. Employing the local projections method, we find evidence supporting significant spillover from changes in aggregate commodity price, energy price and non-energy price to consumer price inflation, which is apparent when the commodity price changes are positive, and the inflation level is high. We also document significant responses of the food prices to changes in the commodity prices under high inflation environment. Among the three commodity prices, the non-energy price seems to have the largest pass-through to both consumer and food price inflation. Moreover, as compared to its effects on consumer price inflation, the non-energy price pass-through to food price inflation is relatively stronger. These results bear important implications for monetary policy responses amid wide swings in commodity prices. © 2025 John Wiley & Sons Australia, Ltd.","commodity prices; Indonesia; inflation; inflation environment","","Article","Final","","Scopus","2-s2.0-105025037464"
"Tang H.C.","Tang, Hsiao Chink (33167856700)","33167856700","Commodity prices and monetary policy in emerging East Asia during the global financial crisis","2014","Asian-Pacific Economic Literature","28","1","","137","160","2","10.1111/apel.12049","https://www.scopus.com/pages/publications/84899516335?origin=resultslist","In the first phase of the global financial crisis, rising inflation was a major concern for emerging East Asian central banks. Coupled with a slowing US economy, regional central banks faced a monetary policy dilemma of either addressing higher inflation or supporting moderate growth. Higher food and fuel prices were the major drivers of headline inflation. Their causes, however, were a confluence of mutually reinforcing cyclical and structural factors. Understandably, different economies faced a different balance of risks between price stability and growth; but to attribute the inflation to supply shocks alone was misleading. This was unsettling given that inflation and inflation expectations were on the rise, and without much credibility, the reluctance of many central banks to raise interest rates risked repeating the mistake the advanced economies made in the 1970s. Without credibility, inflation expectations are unlikely to be well anchored. To gain credibility, a central bank must 'walk-the-talk', and understandably it must have the autonomy to do so. © 2014 Crawford School of Public Policy, The Australian National University and Wiley Publishing Asia Pty Ltd.","","","Article","Final","","Scopus","2-s2.0-84899516335"
"Sekine A.; Tsuruga T.","Sekine, Atsushi (56524993100); Tsuruga, Takayuki (16424964300)","56524993100; 16424964300","Effects of commodity price shocks on inflation: A cross-country analysis","2018","Oxford Economic Papers","70","4","","1108","1135","33","10.1093/oep/gpy015","https://www.scopus.com/pages/publications/85054231131?origin=resultslist","Large fluctuations in commodity prices since the 2000s are a renewed concern among policymakers about price stability. This paper investigates the effects of commodity price shocks on headline inflation with a cross-country panel. We find that the effects of commodity price shocks on inflation virtually disappear within about one year after the shock. This transitory effect suggests a low risk of a persistent second-round effect on inflation. While the effect on the price level varies across country groups, the transitory effect is fairly robust. We also allow for the possibility that the effect of commodity price shocks may vary, depending on inflation regimes. Even in this case, we observe the transitory effects at least in countries with exchange-rate flexibility. © Oxford University Press 2018. All rights reserved.","","","Article","Final","All Open Access; Green Open Access","Scopus","2-s2.0-85054231131"
"Wei Y.","Wei, Yanfeng (56389835800)","56389835800","The informational role of commodity prices in formulating monetary policy: a reexamination under the frequency domain","2015","Empirical Economics","49","2","","537","549","15","10.1007/s00181-014-0870-2","https://www.scopus.com/pages/publications/84938555227?origin=resultslist","This paper employs the frequency domain causality test proposed by Breitung and Candelon (J Econom 132:363–378, 2006) to investigate whether commodity prices are useful in formulating monetary policy. Based on the monthly U.S. data from January 1957 to December 2011, we find the frequency domain causal relationship between non-oil commodity prices and economic activities (e.g., consumer prices and industrial production) has changed dramatically over time. Our results indicate that the non-oil commodity prices are useful in setting monetary policy in the 1970s and the beginning of 1980s, but the usefulness has disappeared completely since the early 1980s. In contrast, the oil price or the commodity price index including oil price can still be used as an informational variable for managing monetary policy after the early 1980s. © 2014, Springer-Verlag Berlin Heidelberg.","Commodity prices; Frequency domain causality; Predictive power","United States; commodity price; economic activity; monetary policy; price dynamics","Article","Final","","Scopus","2-s2.0-84938555227"
"Naylor J.; Deaton B.J.; Ker A.","Naylor, Jamie (57216501593); Deaton, B. James (36940608700); Ker, Alan (6602122031)","57216501593; 36940608700; 6602122031","Assessing the effect of food retail subsidies on the price of food in remote Indigenous communities in Canada","2020","Food Policy","93","","101889","","","19","10.1016/j.foodpol.2020.101889","https://www.scopus.com/pages/publications/85083745491?origin=resultslist","The Canadian government currently subsidizes food retailers in the 25 remote communities in Nunavut through the Nutrition North Canada program. The program expects each dollar of the food subsidy to be fully passed on to the consumer in the form of lower prices. Unfortunately, existing audits and reviews of the program have failed to determine the pass-through rate of the subsidy. Using regression analysis on food price data in each of the 25 communities, subsidy rates, and covariates that control for community characteristics, we overcome the limitations of past research and provide the first-ever estimate of the pass-through rate of Nutrition North in Nunavut. Our results suggest that most, if not all, of the subsidy is passed on to the consumer in lower food prices. © 2020 Elsevier Ltd","Food security; Isolated communities; Nutrition North Canada; Subsidy pass-through","Canada; Nunavut; food consumption; food market; food policy; indigenous population; regression analysis; retailing; subsidy system","Article","Final","","Scopus","2-s2.0-85083745491"
"Tegene A.","Tegene, Abebayehu (55554199400)","55554199400","High and volatile commodity prices: What do they mean for food prices and consumers: Discussion","2009","American Journal of Agricultural Economics","91","5","","1468","1469","1","10.1111/j.1467-8276.2009.01366.x","https://www.scopus.com/pages/publications/74549218975?origin=resultslist","Abebayehu Tegene focuses on the impact of high and volatile commodity prices on food prices and consumers. Richards and Pofahl estimated a structural econometric model of the retail food market. They modeled consumer demand using a mixed logit and modeled suppliers and retailers as leaders and followers, respectively, in a two-stage pricing game. Richards and Pofahl presented a very elegant approach for analyzing margins and retailer or wholesaler conduct. They used a reduced-form specification by regressing the log of retail prices on logs of input prices and other control variables. They used shelf-prices, transaction prices, and a frequency index for sales/promotions as dependent variables to examine the sensitivity of pass-through rates to price measurements, Commodity prices were estimated to take four to twenty-seven months to pass through to retail prices at rates ranging from 0.5% to 7%.","","commodity price; consumption behavior; econometrics; estimation method; food market; logit analysis; retailing","Article","Final","","Scopus","2-s2.0-74549218975"
"Hwang S.H.; Kwon D.","Hwang, Sun Ho (56963098200); Kwon, Dohyoung (57207253743)","56963098200; 57207253743","Sources of emerging market business cycles: an open-economy factor-augmented VAR approach","2024","Applied Economics Letters","31","12","","1129","1135","0","10.1080/13504851.2023.2176438","https://www.scopus.com/pages/publications/85148470907?origin=resultslist","This paper constructs an open-economy factor-augmented VAR model to assess the dynamic effects of global shocks on emerging market economies and to quantify their relative importance in explaining macroeconomic fluctuations in emerging countries. An unexpected favourable shock to global demand and supply has a strong and positive effect on emerging markets, whereas an unanticipated rise in global interest rates and commodity prices leads to a significant decline in aggregate activity. Variance decomposition analysis implies that more than 80% of the variation in emerging market output growth can be attributed to the global shocks. In particular, the global demand shock is the most critical, explaining roughly 30% of the fluctuation in output growth. The global supply shock is closely associated with the medium-to-long-term variation in output growth, explaining about 17%, whereas the monetary policy and commodity price shocks are relatively relevant for the short-term variation, explaining about 20% respectively. © 2023 Informa UK Limited, trading as Taylor & Francis Group.","Emerging market economies; factor-augmented VAR; global shocks","business cycle; commodity price; interest rate; macroeconomics; market development; monetary policy; vector autoregression","Article","Final","","Scopus","2-s2.0-85148470907"
"Toledo F.; Rochon L.-P.","Toledo, Fernando (57203843607); Rochon, Louis-Philippe (7003541254)","57203843607; 7003541254","Monetary policy challenges in Latin America","2023","Monetary Policy Challenges in Latin America","","","","1","272","0","","https://www.scopus.com/pages/publications/85178973644?origin=resultslist","This ground-breaking book analyses the severe monetary policy challenges facing Latin American countries. Contributors reflect on how these issues should be addressed by policy-makers, identifying the need for a synergic response from regional central banks. Arguing that the challenges currently faced by regional central banks are intrinsically related, this book examines the risks generated by an international climate of uncertainty. It explores how to address inflationary pressures, output contraction, external vulnerabilities, tightness in advanced central banks' monetary policies, nominal dollar appreciation, and falling commodity prices. Chapters focus on key elements of monetary policy, including transmission channels, exchange rates, international reserves, sustainable finance, and income inequality, to give an alternative view on the position of regional central banks in the global financial system. Monetary Policy Challenges in Latin America will be an invaluable resource for students and scholars of monetary policy, development economics, banking, and political economy. It will also be essential reading for policy-makers seeking new perspectives on monetary policy. © Fernando Toledo and Louis-Philippe Rochon 2023. All rights reserved.","","","Book","Final","","Scopus","2-s2.0-85178973644"
"Tibor B.; Imre F.","Tibor, Bareith (57211468212); Imre, Fertő (8314653200)","57211468212; 8314653200","Can monetary policy stabilise food inflation?; [Stabilizálhatja-e a monetáris politika az élelmiszer-inflációt?*]","2023","Statisztikai Szemle","101","4","","354","380","7","10.20311/STAT2023.04.HU0354","https://www.scopus.com/pages/publications/85158970256?origin=resultslist","While optimal monetary policy is theoretically recognized to provide food price stability, the empirical evidence about this effect is limited, especially in the countries of the European Union and within this in Central and Eastern Europe. This paper investigates the role of monetary policy shocks on food inflation in Hungary over the period January 2007 to November 2022. Hungary is a good case study because of its higher than average share of food in the consumer basket in the EU. Using a quantile regression analysis, we find that neither monetary policy nor the exchange rate has an effect on food inflation across quantiles. However, inflation plays a significant role in driving food price increases. The global food price index increases food price inflation in the lower quantile. The results are robust to different specifications and measures of variables. © 2023,Statisztikai Szemle. All Rights Reserved.","foodprices; inflation; monetary policy","","Article","Final","All Open Access; Gold Open Access; Green Open Access","Scopus","2-s2.0-85158970256"
"Roger L.; Smith G.; Morrissey O.","Roger, Lionel (57211470793); Smith, Gregory (57211468218); Morrissey, Oliver (7003935480)","57211470793; 57211468218; 7003935480","Exchange Rate and Inflation Dynamics in a Resource Rich Setting: The Case of Zambia","2019","South African Journal of Economics","87","4","","490","514","5","10.1111/saje.12236","https://www.scopus.com/pages/publications/85074064842?origin=resultslist","This paper investigates the relationship between copper prices, the exchange rate and consumer price inflation in Zambia using a structural vector autoregression with quarterly data for 1995–2014 and a combination of sign and zero restrictions to identify relevant global and domestic shocks. The paper makes two contributions. First, it provides new measures of exchange rate pass through (ERPT), based on less restrictive assumptions than previous estimates, to show how changes in the value of the kwacha are reflected in changes in consumer prices (distinguishing food and non-food inflation). Second, the ERPT is disaggregated to demonstrate that measured ERPT depends on the nature of the shock, with implications for policy responses. Although the price of copper is the most important driver of the exchange rate, the fluctuations it caused are associated with a low pass-through of about 7% (consistent with a period of relatively low inflation). Exchange rate fluctuations caused by monetary shocks, in contrast, come with a pass-through of up to 25% (and even more for food prices). A fast response by monetary authorities can mitigate the adverse effects of exchange rate shocks. © 2019 Economic Society of South Africa","Copper Prices; Exchange Rate Pass Through; Zambia","Zambia; commodity price; copper; exchange rate; global economy; inflation; time series analysis","Article","Final","All Open Access; Green Open Access","Scopus","2-s2.0-85074064842"
"Ahumada H.; Cornejo M.","Ahumada, Hildegart (8853827300); Cornejo, Magdalena (56190551500)","8853827300; 56190551500","Explaining commodity prices by a cointegrated time series-cross section model","2015","Empirical Economics","48","4","","1667","1690","18","10.1007/s00181-014-0827-5","https://www.scopus.com/pages/publications/84939885832?origin=resultslist","This paper analyzes idiosyncratic and common determinants of commodity prices by adopting a time series-cross section approach. Different from the previous empirical literature, we allow for long-run and short-run effects, testing for cointegration and accounting for cross-dependence among different commodities. An automatic model selection algorithm is used to obtain a dominant congruent econometric model, selecting among many potential explanatory variables. As the effects of commodity prices’ determinants may vary over time and across commodities and we are estimating single conditional models, poolability and exogeneity issues are also evaluated. Our results indicate that commodity price formation in the long run is determined by supply and demand factors, apart from the US exchange rate. We find significant effects of individual commodity production and the demand-pull of China’s economy. The economic growth of both emerging and developed countries as well as the dollar’s depreciation, inventory changes, and easier monetary policies also have significant short-run effects on real commodity prices. © 2014, Springer-Verlag Berlin Heidelberg.","Automatic selection; Cointegration; Commodity prices; Exogeneity; Poolability; Time series-cross section","","Article","Final","All Open Access; Bronze Open Access; Green Open Access","Scopus","2-s2.0-84939885832"
"Houngbédji H.S.; Bassongui N.","Houngbédji, Honoré S. (57226474345); Bassongui, Nassibou (57221304428)","57226474345; 57221304428","Monetary Policy and Governance, Commodity Price Volatility and Tax Revenues in Sub-Saharan Africa","2023","Public Finance Review","51","6","","838","863","1","10.1177/10911421231151497","https://www.scopus.com/pages/publications/85164515090?origin=resultslist","This paper investigates the mitigating role of monetary policy and governance in the tax revenue effects of commodity price volatility (CPV) in sub-Saharan Africa. We propose a dynamic panel threshold regression to take into account both the nonlinearity in the relationship between tax revenues and CPV and the endogeneity issues. The estimations show that CPV hurt tax revenues only in the high regime of CPV. Thus, a one-standard-deviation increase in CPV significantly reduces sub-Saharan Africa tax revenues. We also show that low-interest rate, better credits to the economy, and better control of corruption mitigate the detrimental effects of CPV. Sub-Saharan African policymakers should promote accommodative monetary policies, nonconventional monetary policies, and good political governance to tackle the detrimental effects of CPV. © The Author(s) 2023.","commodity price volatility; E52; E62; governance; JEL Code:; monetary policy; O13; tax revenues","","Article","Final","","Scopus","2-s2.0-85164515090"
"Anand R.; Prasad E.S.; Zhang B.","Anand, Rahul (56797559900); Prasad, Eswar S. (55531425000); Zhang, Boyang (56796937900)","56797559900; 55531425000; 56796937900","What measure of inflation should a developing country central bank target?","2015","Journal of Monetary Economics","74","","","102","116","55","10.1016/j.jmoneco.2015.06.006","https://www.scopus.com/pages/publications/84939807096?origin=resultslist","In closed or open economy models with complete markets, targeting core inflation enables monetary policy to maximize welfare by replicating the flexible price equilibrium. We analyze this result in the context of developing economies, where a large proportion of households are credit constrained and the share of food expenditures in total consumption expenditures is high. We develop an open economy model with incomplete financial markets to show that headline inflation targeting improves welfare outcomes. We also compute the optimal price index, which includes a positive weight on food prices but, unlike headline inflation, assigns zero weight to import prices. © 2015 Elsevier B.V.","Core inflation; Financial frictions; Headline inflation; Inflation targeting; Monetary policy framework","","Article","Final","","Scopus","2-s2.0-84939807096"
"Majumder M.K.; Raghavan M.; Vespignani J.","Majumder, Monoj Kumar (57189385957); Raghavan, Mala (36024379100); Vespignani, Joaquin (55617197800)","57189385957; 36024379100; 55617197800","The impact of commodity price volatility on fiscal balance and the role of real interest rate","2022","Empirical Economics","63","3","","1375","1402","17","10.1007/s00181-021-02168-3","https://www.scopus.com/pages/publications/85122969205?origin=resultslist","The objective of this study is to explore the impact of commodity price volatility on the governments’ fiscal balance. Using a dynamic panel data model for 108 countries from 1993 to 2018, this study finds that governments’ fiscal balance deteriorates with commodity price volatility, especially for commodity-exporting economies. A one standard deviation increase in commodity price volatility leads to a reduction of approximately 0.04 units in the fiscal balance as a percentage of gross domestic product. Further, we examine the role of real interest rates in influencing the relationship between commodity price volatility and fiscal balance. The empirical results suggest that the negative impact of commodity price volatility on fiscal balance can be mitigated with a lower real interest rate. This implies under the sticky price assumption, an accommodative monetary policy could be effective in moderating the negative effect of commodity price volatility on fiscal balance. © 2021, The Author(s), under exclusive licence to Springer-Verlag GmbH Germany, part of Springer Nature.","Commodity price volatility; Commodity prices; Fiscal balance; Real interest rate","commodity price; economic impact; fiscal policy; interest rate; panel data","Article","Final","All Open Access; Bronze Open Access; Green Open Access","Scopus","2-s2.0-85122969205"
"Carrara A.F.; Barros G.S.C.","Carrara, Aniela Fagundes (55584475200); Barros, Geraldo Sant’Ana de Camargo (26653953000)","55584475200; 26653953000","Supply shocks and monetary policy in the Brazilian economy: An analysis of the impact of commodity prices on inflation between 2002 and 2014; [Choques de oferta e política monetária na economia Brasileira: Uma análise do impacto dos preços das commodities na inflação entre 2002 e 2014]","2019","Nova Economia","29","3","","757","794","2","10.1590/0103-6351/4070","https://www.scopus.com/pages/publications/85081603941?origin=resultslist","This study investigates how the supply shocks, originated by commodity prices, have impacted on the Brazilian inflation, the way, and how efficiently monetary policy of the country has reacted. To this purpose, a semi-structural model containing a Phillips curve, an IS curve, and two versions of the Central Bank’s reaction function were estimated. The method of estimation used was the autoregression with Vector Error Correction (VEC) in its structural version. The results suggest that the Brazilian inflation rate has an important index component, but it is also affected by the expectation that the market shows about the inflation, and by the price behavior on the supply side. They both have some impact on inflation expectations. © 2019, Universidade Federal de Minas Gerais. All rights reserved.","Commodity prices; Inflation; Monetary policy; Supply shocks","","Article","Final","All Open Access; Gold Open Access; Green Open Access","Scopus","2-s2.0-85081603941"
"Iliyasu J.; Sanusi A.R.","Iliyasu, Jamilu (58111052900); Sanusi, Aliyu Rafindadi (57220058704)","58111052900; 57220058704","Relative price shocks and core inflation in Nigeria: implication of second-round effects for monetary policy","2024","Global Business and Economics Review","30","4","","383","403","5","10.1504/GBER.2024.138791","https://www.scopus.com/pages/publications/85195214864?origin=resultslist","This study employs a structural vector autoregression (SVAR) model to examine the second-round effects of shocks in food and energy prices on core inflation in Nigeria. First, the findings support the existence of second-round effects, showing that increases in energy and food prices have a positive and significant impact on core inflation. Second, the study finds that the response of core inflation to shocks in energy and food prices has increased since 2016. This study concludes that the sustained inflationary pressures in food and energy prices may have been transmitted to core inflation items in Nigeria. Furthermore, the evidence suggests that monetary tightening can help offset these second-round effects of food and energy price inflation. Therefore, one policy implication of this finding is that mitigating the second-round effects will require the Central Bank of Nigeria to aggressively respond to energy and food price shocks, though this may slow output growth. © 2024 Inderscience Enterprises Ltd.","core inflation; food and energy price; monetary policy; Nigeria; second-round effects; structural vector autoregression; SVAR","","Article","Final","","Scopus","2-s2.0-85195214864"
"Hansen J.; Gross I.","Hansen, James (7404334594); Gross, Isaac (57200671634)","7404334594; 57200671634","Commodity price volatility with endogenous natural resources","2018","European Economic Review","101","","","157","180","9","10.1016/j.euroecorev.2017.10.006","https://www.scopus.com/pages/publications/85042149022?origin=resultslist","Natural resource reserves are exogenous in models of small commodity exporters. Changes in the stock of reserves play no role in the macroeconomy including in business cycle volatility, trade dynamics or exchange rate volatility. We consider richer supply dynamics and model exploration and depletion. We show that an endogenous supply of reserves is important for capturing the stylised facts associated with commodity price shocks including a commodity currency, the crowding-out of non-commodity activity (Dutch-Disease) and a volatile business cycle. We also consider how exploration and depletion affect the ranking of optimal monetary and taxation policies. When natural resource reserves are held fixed, monetary policy is an efficient tool for stabilising the effects of commodity price shocks. However, when exploration and depletion are accounted for, using interest rates to stabilise the effects of commodity price changes becomes inefficient. Using taxes on the resource sector, specifically an ad valorem royalty, remains efficient. © 2017 Elsevier B.V.","Commodity currencies; commodity prices; Dutch Disease; non-renewable resources; optimal policy","Europe; business cycle; commodity price; currency; energy policy; export; interest rate; monetary policy; natural resource","Article","Final","","Scopus","2-s2.0-85042149022"
"Montes-Rojas G.; Toledo F.","Montes-Rojas, Gabriel (14833342900); Toledo, Fernando (57203843607)","14833342900; 57203843607","External Shocks and Inflationary Pressures in Argentina: A Post-Keynesian-Structuralist Empirical Approach","2022","Review of Political Economy","34","4","","789","806","9","10.1080/09538259.2021.1993001","https://www.scopus.com/pages/publications/85119703845?origin=resultslist","We examine two external shocks that trigger inflationary pressures in Argentina. The first corresponds to a shock in international prices of agricultural commodities exported by this country. The second external shock affects the nominal exchange rate ($/U$S). Through the estimation of a quarterly VAR with directional quantiles model for the 2004–2019 period, we show how the pass-through from these external shocks to the inflation rate operates asymmetrically and mainly through increments in nominal wages. We estimate that an external shock in the international agricultural commodities prices exported by Argentina engenders a pass-through of 10 per cent, vis-à-vis a shock in the nominal exchange rate with a pass-through of 25 per cent. We explain these results highlighting the relevance of the class struggle as a key inflationary transmission mechanism, in line with Post-Keynesian-Structuralist conflicting claims models of inflation. These empirical results pose significant challenges for economic policy design, particularly pondering the adoption of measures that aim to decouple the potentially disruptive effects of these external shocks on inflationary pressures in Argentina. © 2021 Informa UK Limited, trading as Taylor & Francis Group.","Argentina; conflicting claims models of inflation; External shocks; international agriculture commodities prices; nominal exchange rate; VAR models; wages","","Article","Final","","Scopus","2-s2.0-85119703845"
"Galbraith J.K.","Galbraith, James K. (7103300698)","7103300698","Inequality and economic and political change: A comparative perspective","2011","Cambridge Journal of Regions, Economy and Society","4","1","","13","27","46","10.1093/cjres/rsq014","https://www.scopus.com/pages/publications/79952957533?origin=resultslist","This paper describes the evolution of inequality in the world economy since 1963 and describes the relationship between inequality, development, political regimes and the functional distribution of income. The movement of inequality within-countries since 1971 exhibits a strong common pattern across countries, suggesting that changes in the between-sector terms of trade and world interest rates exerted a powerful influence; thus, commodity prices and the global effects of monetary policy appear critical to changing inequality worldwide. We also find that political regimes matter: egalitarian regime types exhibit lower measures of inequality, after controlling for economic variables, region and changes over time. © The Author 2010. Published by Oxford University Press on behalf of the Cambridge Political Economy Society. All rights reserved.","inequality; Kuznets curve; monetary policy; Theil statistics","comparative study; economic reform; income distribution; interest rate; Kuznets curve; monetary policy; policy analysis; political change; political economy; terms of trade","Article","Final","All Open Access; Bronze Open Access","Scopus","2-s2.0-79952957533"
"Alazzawi S.; Hlasny V.","Alazzawi, Shireen (37087016500); Hlasny, Vladimir (13407112700)","37087016500; 13407112700","The Inflationary Impact of a Large Devaluation across the Income Distribution: The Case of Egypt in 2016","2025","Journal of African Economies","34","1","","26","52","3","10.1093/jae/ejad025","https://www.scopus.com/pages/publications/85214585649?origin=resultslist","Large-scale currency devaluations often result in rapid inflation, disproportionately affecting households with lower incomes, as they typically allocate a higher portion of their expenses to tradable goods. In this study, we examine cost-of-living changes of households across the income distribution in a relatively highly regulated, modest-inequality economy - Egypt - following the November 2016 devaluation of the Egyptian Pound when it depreciated by approximately 50%. We model the exchange rate pass through to domestic prices of various commodities, and the consumption responses by distinct economic groups, using true cost-of-living indices. We first quantify the exchange-rate pass-through to commodity prices, and then introduce a readily applicable methodology based on minimal data requirements to study the distributional implications for households' cost of living and welfare, taking substitution effects and changes in preferences into consideration. Our findings reveal that over 30% of the rise in the cost of living of the average household was due to the devaluation, raising the amount of compensating variation necessary to keep households at their 2015 real welfare levels by 30% to 40% compared to the counterfactual scenario absent devaluation. These effects were more pronounced for some regions and among the poorest households. These disparities in welfare effects underscore the importance of designing and implementing targeted transfers to mitigate the negative impact of similar devaluations.  © 2024 The Author(s). Published by Oxford University Press on behalf of the Centre for the Study of African Economies, all rights reserved.","currency devaluation; Egypt; exchange rate pass through; inflation inequality; monetary reform; true cost-of-living indices","Egypt; commodity price; consumption behavior; currency devaluation; exchange rate; household expenditure; income distribution; inflation; welfare economics","Article","Final","","Scopus","2-s2.0-85214585649"
"Soybilgen B.; Yazgan M.E.; Kaya H.","Soybilgen, Barış (57190881040); Yazgan, M. Ege (15125307700); Kaya, Hüseyin (36151016600)","57190881040; 15125307700; 36151016600","Nowcasting Turkish Food Inflation Using Daily Online Prices","2023","Journal of Business Cycle Research","19","2","","171","190","3","10.1007/s41549-023-00084-2","https://www.scopus.com/pages/publications/85164169357?origin=resultslist","This study uses a sample of daily food prices scraped from retail chains’ websites for the period from July 2018 to December 2020, comprising over 5.9 million data points. Using these food prices, we construct 132 food price subindexes compatible with official data published by the Turkish Statistical Institute (Turkstat), which are published only once a month. We then use the online food price subindexes to calculate the primary food inflation rate. We find that changes in our online food price index and the Turkstat data are closely related. The daily online food price index is then used to nowcast official food and headline inflation. Our results show that the online index successfully nowcasts the official inflation rates, providing results considerably earlier than the official rate is announced. We also observe that the implementation of the first coronavirus restrictions in Turkey in early 2020 caused online food prices to jump, whereas official food prices did not experience the same spike. © 2023, The Author(s), under exclusive licence to Springer Nature Switzerland AG.","Consumer Price Index; Exchange Rate; Food Price Index; Forecasting; Nowcasting","","Article","Final","","Scopus","2-s2.0-85164169357"
"Abbas S.K.; Lan H.","Abbas, Syed Kanwar (37664318300); Lan, Hao (57210824317)","37664318300; 57210824317","Commodity price pass-through and inflation regimes","2020","Energy Economics","92","","104977","","","55","10.1016/j.eneco.2020.104977","https://www.scopus.com/pages/publications/85095728926?origin=resultslist","Does an increase in the energy and commodity prices drive consumer prices? The energy and commodity markets affect the inflation process through international trade. This poses policy implications for monetary policy to forecast inflation and also smooth the impact of international relative price movements. We investigate the pass-through of a broad range of agricultural and energy commodity prices to inflation across different inflation regimes. Our distinctive regime-varying methodology captures asymmetric response of inflation to the world commodity prices. We establish the first evidence of the pass-through of commodity prices to inflation across different periods of low and high inflation regimes and also stable and unstable inflation regimes. The results show that the duration of staying in an unstable inflation regime is smaller in the commodity markets. Both short-run and long-run pass-through of agricultural, food and energy commodities are higher compared to other commodities. The energy commodity particularly drives the inflation process for advanced economies, emerging economies and also the European Union countries. Overall, the dynamics of inflation and commodity prices change in the inflation environment, pointing to implications for conducting optimal monetary policy. © 2020 Elsevier B.V.","Commodity markets; Inflation dynamics; Regime-varying commodity prices pass-through","Europe; Agricultural robots; Agriculture; Financial markets; International trade; Public policy; Advanced economies; Asymmetric response; Emerging economies; European Union countries; Inflation process; Monetary policies; Policy implications; World commodities; commodity market; financial market; inflation; international trade; monetary policy; price determination; price dynamics; trade policy; Costs","Article","Final","","Scopus","2-s2.0-85095728926"
"Mija S.; Slobozian D.; Cuhal R.; Stratan A.","Mija, Simion (56633838300); Slobozian, Dorin (55761215900); Cuhal, Radu (55761467700); Stratan, Alexandru (55323256400)","56633838300; 55761215900; 55761467700; 55323256400","How core inflation reacts to the second round effects","2013","Romanian Journal of Economic Forecasting","16","1","","98","118","2","","https://www.scopus.com/pages/publications/84878859955?origin=resultslist","In order to evaluate the second round effects on core inflation, an econometric model based on auto-regressive vector technique was built. The way the core inflation reacts to the changes of oil and food prices on international markets, is an important matter for monetary policy. Another important issue for monetary policy is outlined by the internal markets, and mainly the way the core inflation responds, accordingly, to the changes of the fuel and food prices. The payoff of these changes on core inflation is a priori considered to be significant. The paper tests the above-mentioned hypothesis and the results of the study justify the impact of changes in oil and food prices on core inflation.","Autoregressive vector; Commodity price; Core inflation; Exchange rate; Inflation; Second round effects; Transmission mechanism","","Article","Final","","Scopus","2-s2.0-84878859955"
"Andrle M.; Berg A.; Morales R.A.; Portillo R.; Vlcek J.","Andrle, Michal (56057424300); Berg, Andrew (7401596523); Morales, R. Armando (57189886966); Portillo, Rafael (55251907100); Vlcek, Jan (7101993105)","56057424300; 7401596523; 57189886966; 55251907100; 7101993105","On the sources of inflation in Kenya: A model-based approach","2018","Monetary Policy in Sub-Saharan Africa","","","","274","308","0","10.1093/oso/9780198785811.003.0015","https://www.scopus.com/pages/publications/85052537355?origin=resultslist","The authors develop a semi-structural, New Keynesian open-economy model with separate food and non-food inflation dynamics to study the sources of inflation in Kenya in recent years. They filter international and Kenyan data through the model to recover a model-based decomposition of most variables into trends (or potential values) and temporary movements (or gaps), including for the international and domestic relative price of food. The filtration exercise helps recover the sequence of domestic and foreign macroeconomic shocks that account for business cycle dynamics in Kenya over the last few years, with a special emphasis on the various factors (international food prices, monetary policy) driving inflation. The authors find that while imported food price shocks have been an important source of inflation, both in 2008 and more recently, accommodating monetary policy has also played a role, most notably through its effect on the nominal exchange rate. © The International Monetary Fund 2018. All rights reserved.","Africa; Developing countries; Food prices; Forecasting; Inflation; Kenya; Low-income countries; Monetary policy; Semi-structural models","","Book chapter","Final","","Scopus","2-s2.0-85052537355"
"Akuoko-Konadu E.","Akuoko-Konadu, Emmanuel (58197147200)","58197147200","External Factors and Domestic Policies: Determinants of Inflation in ECOWAS","2026","Ekonomicky Casopis","74","3-4","","159","182","0","10.31577/ekoncas.2026.03-04.03","https://www.scopus.com/pages/publications/105048734207?origin=resultslist","Food price inflation remains a critical challenge in ECOWAS, where high import dependence and weak institutional frameworks heighten vulnerability to external shocks. This study examines the determinants of inflation in ECOWAS, focusing on the asymmetric effects of global food price shocks from 2010 to 2022. We discover that the pass-through of food prices more than doubles in high-inflation environments and heightens during economic recessions. The WAEMU’s fixed exchange rate and fiscal rules sever the standard inflationary link between public debt and inflation observed in more flexible regimes. Strong institutional quality provides a universal stabilising effect across all countries. Our findings are consistent with theories of state-dependent amplification, where pre-existing macroeconomic vulnerabilities critically determine an economy’s resilience to external shocks. © 2026 Institute of Economic Research SAS and the Institute for Forecasting (Centre of Social and Psychological Sciences) of the Slovak Academy of Sciences. All rights reserved.","convergence; ECOWAS; GMM; inflation","","Article","Final","All Open Access; Gold Open Access","Scopus","2-s2.0-105048734207"
"Filardo A.J.; Lombardi M.J.; Montoro C.; Ferrari M.M.","Filardo, Andrew J. (6602767007); Lombardi, Marco J. (36897413100); Montoro, Carlos (54987893400); Ferrari, Massimo Minesso (57815228900)","6602767007; 36897413100; 54987893400; 57815228900","Monetary policy, commodity prices, and misdiagnosis risk","2020","International Journal of Central Banking","16","2","","45","79","6","","https://www.scopus.com/pages/publications/85082073767?origin=resultslist","How should monetary policy respond to commodity prices when the underlying drivers are difficult to diagnose accurately? If monetary authorities misdiagnose commodity price swings as being driven primarily by external supply shocks when they are in fact driven by global demand shocks, the conventional wisdom—to look through the first-round effects of commodity price fluctuations—may no longer be sound policy advice. To analyze this question, we employ the multi-economy DSGE model of Nakov and Pescatori (2010), which splits the global economy into commodity-exporting and non-commodity-exporting economies. In an otherwise conventional DSGE setup, commodity prices are modeled as changing endogenously with global supply and demand developments, including global monetary policy conditions. This framework allows us to explore the implications of monetary policy decisions when there is a risk of misdiagnosing the drivers of commodity prices. We ﬁrst conﬁrm that monetary authorities deliver better economic performance when they are able to accurately identify the global nature of the shocks, i.e., global supply and demand shocks, driving commodity prices. Moreover, we show that when it is diﬃcult to identify these shocks, monetary authorities can minimize some of the adverse feedbacks from misdiagnoses by targeting core inﬂation. Finally, we highlight the implications of misdiagnosis risk in the case where the monetary authority misinterprets supply-driven increases in commodity prices as demand driven; the contraction in both output and core inﬂation is larger than in the case of an accurate diagnosis. In light of recent empirical studies documenting the signiﬁcance of global demand in driving commodity prices, these ﬁndings call for giving greater prominence to global factors in domestic monetary policymaking and highlight potential gains from focusing on accurate diagnoses of domestic and global sources of shocks © 2020, European Central Bank. All rights reserved.","","","Article","Final","","Scopus","2-s2.0-85082073767"
"Harvey D.I.; Kellard N.M.; Madsen J.B.; Wohar M.E.","Harvey, David I. (57074857400); Kellard, Neil M. (23100162400); Madsen, Jakob B. (7201696075); Wohar, Mark E. (35607651900)","57074857400; 23100162400; 7201696075; 35607651900","Long-Run Commodity Prices, Economic Growth, and Interest Rates: 17th Century to the Present Day","2017","World Development","89","","","57","70","43","10.1016/j.worlddev.2016.07.012","https://www.scopus.com/pages/publications/84995477360?origin=resultslist","A significant proportion of the trade basket of many developing countries is comprised of primary commodities. This implies relative price movements in commodities may have important consequences for economic growth and poverty reduction. Taking a long-run perspective, we examine the historical relation between a new aggregate index of commodity prices, economic activity, and interest rates. Initial empirical tests show that commodity prices present a downward trend with breaks over the entire industrial age, providing clear support for the Prebisch–Singer hypothesis. It would also appear that this trend has declined at a faster rate since the 1870s. Conversely, several GDP series such as World, Chile, China, UK, and US, trend upward with breaks. Such trending behavior in both commodity prices and economic activity suggests a latent common factor like technological innovation. To assess the relationships between economic series, we apply a stationary VAR (Vector Autoregression) to model movements around trends. Strikingly, there is evidence that commodity prices Granger cause income and interest rates, while interest rates Granger cause commodity prices. From these results and the related impulse response function analysis, the historical perspective provides some useful information for contemporary policy makers. For example, loose monetary policy has tended to support higher commodity prices. Moreover, commodity price movements have an asymmetric country effect on economic activity; periods of falling commodity prices will support GDP growth for commodity importers like the US but depress growth for commodity exporters such as Chile. © 2016 Elsevier Ltd","economic growth; interest rates; Prebisch–Singer hypothesis; primary commodities; structural breaks; VAR","Chile; China; United Kingdom; United States; commodity price; developing world; economic activity; economic growth; Gross Domestic Product; hypothesis testing; interest rate; seventeenth century; vector autoregression","Article","Final","All Open Access; Green Open Access","Scopus","2-s2.0-84995477360"
"Miles D.; Panizza U.; Reis R.; Ubide Á.","Miles, David (7201525119); Panizza, Ugo (6603250608); Reis, Ricardo (8622256800); Ubide, Ángel (7801338472)","7201525119; 6603250608; 8622256800; 7801338472","And yet it moves: Inflation and the great recession","2017","Geneva Reports on the World Economy","","9781912179053","","","","16","","https://www.scopus.com/pages/publications/85032585671?origin=resultslist","Over the last decade, the developed world has been hit by the deepest recession since the Great Depression and a rollercoaster in commodity prices. And yet, core inflation has been both low and relatively stable. A rule of thumb that inflation is always near 2%, and perhaps more often than not just a bit beneath it, has been quite reliable. The young, or those with short memories, could be forgiven for looking condescendingly at their older friends who speak of inflation as a major economic problem. But, like Galileo Galilei told his contemporaries who thought the Earth was immovable, “Eppur si muove” (“and yet it moves”). Since most societies regard stable inflation as a goal, it is tempting to describe this solid anchoring of inflation as a great achievement of monetary policy. But what if it was just luck? Will the great anchoring soon be followed by a great bout of inflation, or by a descent into deflation, just as the Great Moderation was followed by the Great Recession? The starting point of this report is a contrast between what happened to inflation after the Great Recession with what standard theories might predict. We note that around 2010, pretty much all standard theories seemed to point towards volatile and potentially unanchored inflation. Yet, inflation was stable and anchored. Why? The report sifts through many sources of data and refines versions of standard theories to make sense of what happened. It explores the impact on inflation of the dynamics of commodity prices, the anchoring of inflation expectations, the shifts in the Phillips curve, the evolution of mark-ups, and the effect of global factors. It discusses the effect on monetary policy decisions of slack mismeasurement, attitudes towards the symmetry of inflation targets, potential hysteresis effects, consideration of financial stability, and threats to central bank independence. The conclusion is that it has, in fact, been a mixed bag of good and bad policies, and of good and bad luck, that has kept inflation low and relatively stable. But this inflation performance is not an unambiguous success: while low and stable from an historical perspective, inflation has been lower and more volatile than in the years leading up to the crisis. As this report shows, estimates of so called ‘pure inflation’ and market-based measures of inflation expectations have declined both in the US and the Eurozone. It is possible that this reflects the size and persistence of the shocks that have hit the economy, and that inflation and inflation expectations will eventually return to target. But it is also possible that underlying inflation has permanently shifted lower post crisis. This is a potential source of worry if it implies that, when the next recession hits, policymakers will have less room to lower real interest rates and cushion the shock. What are the policy lessons that could minimise the scope for policy mistakes and reduce the role of luck next time around - when the dice may fall less favourably? In the report, we discuss the desirability of periodic reviews of the inflation target and suggest that central bank balance sheets should stay much larger than pre-crisis. We also conclude that there is a crucial role for guidance on policy from central banks, but also highlight the costs of forward guidance in terms of constraining future discretion. We conclude that flexible inflation targeting remains a sensible strategy which should be implemented symmetrically when inflation is above or below target. Central banks have achieved something that was by no means guaranteed in the aftermath of the financial crisis. But there is no room for complacency. No matter what one thinks of past inflation, it moves, and keeping it steady remains a job for central banks. © 2017 International Center for Monetary and Banking Studies.","","","Article","Final","","Scopus","2-s2.0-85032585671"
"Neri S.; Nobili A.","Neri, Stefano (57977801900); Nobili, Andrea (16834157700)","57977801900; 16834157700","The Transmission of US Monetary Policy to the Euro Area","2010","International Finance","13","1","","55","78","22","10.1111/j.1468-2362.2010.01251.x","https://www.scopus.com/pages/publications/77953142559?origin=resultslist","This paper studies how changes in the federal funds rate by the US Federal Reserve affect the eurozone economy. In our analysis, the international transmission mechanism works through movements in the exchange rate, commodity prices, short-term interest rates and the trade balance. We find that an increase in the federal funds rate causes the euro to immediately depreciate, while commodity, and in particular oil, prices decline sharply, reflecting a decline in demand. Lower commodity prices stimulate household consumption in the short run, and the higher aggregate demand induces an expansion of eurozone economic activity. Our results show that the effects of changes in the federal funds rate on commodity prices are greater than previously found in the literature. Our analysis also assesses the likely effects on the eurozone economy of the European Central Bank's (ECB's) own responses to macroeconomic developments. We find that the expansionary effect of lower commodity prices and a depreciated euro on the eurozone economy is partially offset by the ECB increasing short-term nominal interest rates to curb inflationary pressures in an expanding economy. This result highlights the importance of commodity prices and the euro-dollar exchange rate as inputs into European monetary policy-making, as seen, for example, in the Eurosystem staff macroeconomic projections used by the Governing Council to assess the risks to price stability. © 2010 Blackwell Publishing Ltd.","","","Article","Final","","Scopus","2-s2.0-77953142559"
"Osadchaya G.I.; Vartanova M.L.; Seleznev I.A.; Kiseleva E.E.","Osadchaya, Galina Ivanovna (35737719800); Vartanova, Marina Lvovna (57224545877); Seleznev, Igor Aleksandrovich (57203573051); Kiseleva, Evgeniia Evgenyevna (57211179330)","35737719800; 57224545877; 57203573051; 57211179330","Assessment of the Financial and Economic Security Level of the EAEU Member States in the Context of Growing Macroeconomic Uncertainty","2022","Universal Journal of Accounting and Finance","10","1","","17","24","0","10.13189/ujaf.2022.100103","https://www.scopus.com/pages/publications/85122747853?origin=resultslist","The main factors of macroeconomic uncertainty for the Eurasian Economic Union member states are the threat of a global financial crisis, long-term restrictive measures associated with the spread of the pandemic, trade wars between major states, new sanctions, volatility in commodity prices, growing inflationary pressures, internal risks of tightening monetary policy, volatility of national currencies, as well as an increase in the budget deficit and total debt. There is a need to protect against undesirable external influences and radical internal changes in the conditions of global instability, to assess the socio-economic potential of the Eurasian Economic Union member states on the way to a single integration space, in other words, the need for security is a basic, fundamental need, both for the life of an individual and including society and the state, which makes this study more relevant. The COVID-19 pandemic had a major impact on many economic and social processes. In these difficult conditions of external factors’ influence, the system of ensuring financial and economic security acquires significance. The conducted research allows concluding that, firstly, the economic security of the countries of the Eurasian Economic Union is a complex concept that reflects the state of the financial system of countries, their ability to timely and reliably meet needs of the economy in the amounts necessary to provide growth of the economy in the conditions of integration. Moreover, the indicators of budget and stability of investments of each of the countries determine the level of the EAEU member financial security. Copyright © 2022 by authors, all rights reserved.","Economic security; Eurasian Economic Union (EAEU); Financial; Foreign economic security; Global instability; Globalization; Macroeconomic uncertainty; Protection; Threats and risks","","Article","Final","All Open Access; Gold Open Access","Scopus","2-s2.0-85122747853"
"Garciga C.; Knotek II E.S.","Garciga, Christian (57210158389); Knotek II, Edward S. (24822504700)","57210158389; 24822504700","Forecasting GDP growth with NIPA aggregates: In search of core GDP","2019","International Journal of Forecasting","35","4","","1814","1828","4","10.1016/j.ijforecast.2019.03.024","https://www.scopus.com/pages/publications/85069742785?origin=resultslist","In addition to GDP, which is measured using expenditure data, the U.S. national income and product accounts (NIPAs) provide a variety of measures of economic activity, including gross domestic income and other aggregates that exclude one or more of the components that make up GDP. Similarly to the way in which economists have attempted to use core inflation—which excludes volatile energy and food prices—to predict headline inflation, the omission of GDP components may be useful in extracting a signal as to where GDP is going. We investigate the extent to which these NIPA aggregates constitute “core GDP.” In an out-of-sample forecasting exercise using a novel real-time dataset of NIPA aggregates, we find that consumption growth and the growth of GDP excluding inventories and trade have historically outperformed a canonical univariate benchmark for forecasting GDP growth, suggesting that these are promising measures of core GDP growth. © 2019 International Institute of Forecasters","Consumption; Forecasts; GDI; GDP; Real-time data; Survey of professional forecasters","","Article","Final","","Scopus","2-s2.0-85069742785"
"Wu L.; Liu Y.; Zhao F.; Gong L.","Wu, Liyuan (57204880318); Liu, Yanzhao (57950049200); Zhao, Fuyang (57195508836); Gong, Liutang (7202769743)","57204880318; 57950049200; 57195508836; 7202769743","The Departure of PPI and CPI, Financial Friction Heterogeneity and Monetary Policy Choice; [PPI与CPI背离、金融摩擦异质性与货币政策选择]","2021","Modern Economic Science","43","3","","1","15","0","","https://www.scopus.com/pages/publications/85190496261?origin=resultslist","The phenomenon of long-term deviation between PPI and CPI from the second half of 2011 to the beginning of 2016 has been widely concerned by all sectors of the society. This paper analyzes this phenomenon from the perspective of commodity prices, vertical production structure and financial friction heterogeneity between upstream and downstream firms and discusses the choice of monetary policy rules. The study found that, first, negative commodity price shocks lead to the decline of PPI, then the resulting expansionary monetary policy and China's structural financial friction pull up CPI from the demand side and cost side respectively, leading to the reverse deviation between PPI and CPI, which provides a new theoretical explanation for the deviation between PPI and CPI. Second, we compare the monetary policy rules targeting PPI inflation, CPI inflation and weighted inflation of PPI and CPI and find that the welfare loss caused by targeting weighted inflation is the least. This conclusion shows that while stabilizing CPI, the central bank should also pay attention to the stability of PPI. Third, we compare the quantity instrument and price instrument of monetary policy. The results show that from the welfare point of view, price instrument are significantly better than quantity instrument. The research of this paper also emphasizes the important meaning of the heterogeneity of upstream and downstream financial frictions to the understanding of China's economic features and the design of policies. © 2021 Editorial Board of Modern Economic Science. All rights reserved.","financial friction; monetary policy; price index; structural frictions; vertical production structure; welfare analysis","","Article","Final","","Scopus","2-s2.0-85190496261"
"Türken F.; Yildirim M.O.","Türken, Fatma (59533961300); Yildirim, Mustafa Ozan (57213886703)","59533961300; 57213886703","Second-round effects of food prices on core inflation in Turkey","2024","Economics and Business Review","10","4","","32","55","3","10.18559/ebr.2024.4.1485","https://www.scopus.com/pages/publications/85216392104?origin=resultslist","Turkey has recently experienced persistently high food inflation, among the highest in emerging markets, with food accounting for a significant proportion of consumer expenditures. This study investigates the second-round effects of food price shocks on core inflation using monthly data from January 2013 to June 2024 through a Bayesian Structural Vector Autoregressive (SBVAR) model. Incorporating domestic and international macroeconomic variables, the model identifies second-round effects by imposing theory-based constraints and leveraging Bayesian methods. Results reveal that core inflation reacts strongly to food price shocks, with rising food prices worsening inflation expectations and amplifying second-round effects on overall inflation. Historical decomposition reveals a more persistent impact of food price shocks on core inflation and expectations post-COVID-19. These findings underscore the importance of closely monitoring food price dynamics to safeguard price stability in Turkey, highlighting their critical role in shaping inflationary pressures.  © 2024 Fatma Türken et al., published by Sciendo.","Bayesian Structural VAR; core inflation; food prices; second-round effects","","Article","Final","All Open Access; Gold Open Access","Scopus","2-s2.0-85216392104"
"Kamrul Hassan A.F.M.; Salim R.A.","Kamrul Hassan, A.F.M. (56658751700); Salim, Ruhul A. (7006494520)","56658751700; 7006494520","Is there any Link Between Commodity Price and Monetary Policy? Evidence from Australia","2011","Economic Analysis and Policy","41","3","","205","215","6","10.1016/S0313-5926(11)50033-5","https://www.scopus.com/pages/publications/84909584869?origin=resultslist","The aim of this paper is to examine whether the commodity prices predict inflation, unemployment and short term interest rate in Australia. Advanced time series econometric modeling such as vector autoregressive model, cointegration and granger causality are used for this purpose. The empirical results show that three commodity prices (COMRL, COMNRL and COMBSMTL) precede inflation. However, no evidence of reverse causation is found. These findings have important implication for monetary authority. Inflation targeting experience has so far been hit by positive supply shocks. In case of negative supply shock, commodity price may be useful in singling out the likely direction of inflation. © 2011 Economic Society of Australia (Queensland) Inc.","","","Article","Final","All Open Access; Green Open Access","Scopus","2-s2.0-84909584869"
"Núñez H.M.; Otero J.; Trujillo-Barrera A.","Núñez, Héctor M. (55418382200); Otero, Jesús (7102841786); Trujillo-Barrera, Andrés (55369547700)","55418382200; 7102841786; 55369547700","Wholesale price rigidities and exchange rate pass-through: Evidence from daily data of agricultural products","2023","International Economics","176","","100454","","","8","10.1016/j.inteco.2023.08.005","https://www.scopus.com/pages/publications/85170425979?origin=resultslist","We provide insights into the extent of rigidities and the exchange rate pass-through (ERPT) of wholesale food prices at the regional level in a small open emerging economy. Notably, we utilize a novel and extensive micro-database of wholesale prices in markets within the principal and intermediate Colombian cities. The granularity of the data provides the advantage of assessing whether temporal and spatial aggregation procedures conceal transmission channels from the exchange rate to wholesale agricultural prices. Our initial exploratory analysis of wholesale pricing characteristics suggests that the Colombian food sector demonstrates moderate price rigidity, with fewer price asymmetries in response to positive and negative exchange rate fluctuations. Furthermore, cross-section results indicate a lifelong ERPT of 27% in our preferred model specification. Moreover, outcomes from a non-linear autoregressive distributed lag (NARDL) analysis show cointegration between the exchange rate and wholesale prices in 81% of the cases, complete exchange rate pass-through (with notable heterogeneity across products), and less prevalence of price asymmetries. © 2023 CEPII (Centre d'Etudes Prospectives et d'Informations Internationales), a center for research and expertise on the world economy","Asymmetry; Exchange rate pass-through; Heterogeneity; Nominal rigidity; Wholesale prices","","Article","Final","","Scopus","2-s2.0-85170425979"
"Umar Z.; Sayed A.; Gubareva M.; Vo X.V.","Umar, Zaghum (56274328600); Sayed, Ayesha (57204178457); Gubareva, Mariya (56850438400); Vo, Xuan Vinh (22939657900)","56274328600; 57204178457; 56850438400; 22939657900","Influence of unconventional monetary policy on agricultural commodities futures: network connectedness and dynamic spillovers of returns and volatility","2023","Applied Economics","55","22","","2521","2535","26","10.1080/00036846.2022.2103084","https://www.scopus.com/pages/publications/85135472543?origin=resultslist","Our research examines connectedness landscape and the dynamic spillovers of volatility and returns in the network comprising eleven agricultural commodities and US shadow short rate in a quality of inflation indicator, observed in monetary policymaking. We use daily data from November 2000 to May 2021. We document monetary policy as a net transmitter of spillover for both return and volatility of agricultural commodities. We find significant volatility connectedness among agricultural commodities. The connectedness is shown to be of a time-varying nature, exhibiting considerable increases during periods of market turmoil. The results of this paper provide relevant insights into the interrelations of US monetary policy and agricultural commodity prices, being, hence, potentially useful for commodity investors, brokers and dealers, as well as for market regulators designing policy solutions for financial stability enhancements. © 2022 Informa UK Limited, trading as Taylor & Francis Group.","agricultural commodities; connectedness; Monetary policy; volatility spillover","United States; agriculture; investment; market conditions; monetary policy; spillover effect","Article","Final","","Scopus","2-s2.0-85135472543"
"Iddrisu A.-A.; Alagidede I.P.","Iddrisu, Abdul-Aziz (57213198628); Alagidede, Imhotep Paul (57207928952)","57213198628; 57207928952","Asymmetry in food price responses to monetary policy: a quantile regression approach","2021","SN Business and Economics","1","3","52","","","11","10.1007/s43546-021-00056-7","https://www.scopus.com/pages/publications/105000344737?origin=resultslist","The dominance of food in the consumption baskets of many developing countries remains a policy challenge, as it drives overall inflation in these countries. While optimal monetary policy, theoretically, is acknowledged to provide stability in the prices of food, very little is known empirically about this effect, particularly on Africa where food is a major component of the consumption baskets. With the aid of quantile regression, we provide empirical evidence on monetary policy-food inflation nexus in the context of Ghana, an inflation targeting country with food alone constituting 43.9% of the consumption basket. We find that contractionary monetary policy is destabilizing for food prices, particularly at the 20th, 25th, 30th, 35th, 40th, and the 45th quantiles of food price distribution. In addition, whiles transportation cost and output are important drivers of food prices across the specified quantiles, exchange rate movements and changes in the world food prices are not. These findings present significant policy implications for welfare and monetary policy conduct in Ghana and many developing countries with similar food credentials in their consumption baskets. © The Author(s), under exclusive licence to Springer Nature Switzerland AG part of Springer Nature 2021.","","","Article","Final","","Scopus","2-s2.0-105000344737"
"Belke A.H.; Bordon I.G.; Hendricks T.W.","Belke, Ansgar H. (6603636270); Bordon, Ingo G. (35298477800); Hendricks, Torben W. (23468928800)","6603636270; 35298477800; 23468928800","Monetary policy, global liquidity and commodity price dynamics","2014","North American Journal of Economics and Finance","28","","","1","16","35","10.1016/j.najef.2013.12.003","https://www.scopus.com/pages/publications/84901499852?origin=resultslist","This paper examines the interactions between money, interest rates, goods and commodity prices at a global level. Aggregated data for major OECD countries are therefore analysed in a cointegrated VAR framework. Our empirical results for the period ranging from the 1970s to 2008 support the view that, when controlling for interest rate changes and thus different monetary policy stances, money (defined as a global liquidity aggregate) is still a key factor to determine the long-run homogeneity of commodity and goods prices movements. © 2013 Elsevier Inc.","Commodity prices; CVAR analysis; Global liquidity; Inflation; International spillovers","","Article","Final","","Scopus","2-s2.0-84901499852"
"Adeosun O.A.; Olayeni O.R.; Ayodele O.S.","Adeosun, Opeoluwa Adeniyi (57218319180); Olayeni, Olaolu Richard (55918323700); Ayodele, Olumide Steven (60514452200)","57218319180; 55918323700; 60514452200","Oil-food price dynamics in an oil-dependent emerging economy","2021","International Journal of Energy Sector Management","15","1","","36","57","13","10.1108/IJESM-03-2020-0015","https://www.scopus.com/pages/publications/85088803343?origin=resultslist","Purpose: This paper aims to examine the transmission from oil price to local food price returns in Nigeria from January 1995 to May 2019. Design/methodology/approach: To circumvent erratic behaviours and account for possibilities of noises at the edge of the wavelet signals, the paper combines wavelet and Markov-switching techniques to determine the significance and magnitude of oil–food price dynamics across different time scales. Findings: It is shown that oil to food price pass-through changed across frequencies. Notably, results reveal a swift pass-through which signals the dominance of the direct effect of oil price shocks on food prices with evidence of weak spillover in the short term. The medium- and long-term horizons witness the dominance of the indirect effect of oil price shocks with much sluggish transmission to food prices; the highest significant pass-through of about 4% are also observed when the oil price is denominated in the naira–USD exchange rate. Originality/value: The study improves understanding of the relationship between oil price shocks and domestic food price returns. It shapes policy prescription on appropriate inflation targeting strategies of monetary authorities. © 2020, Emerald Publishing Limited.","Agricultural; Crude oil; Food Price; Markov Switching Model; Nigeria; Oil Price; Wavelet transform","Costs; Economics; Oils and fats; Design/methodology/approach; Different time scale; Emerging economies; Exchange rates; Indirect effects; Local foods; Markov switching; Oil price shocks; Crude oil price","Article","Final","","Scopus","2-s2.0-85088803343"
"Midrigan V.","Midrigan, Virgiliu (22980853800)","22980853800","Is firm pricing state or time dependent? Evidence from U.S. manufacturing","2010","Review of Economics and Statistics","92","3","","643","656","12","10.1162/REST_a_00016","https://www.scopus.com/pages/publications/77955124041?origin=resultslist","If pricing is state dependent, firms are more likely to adjust whenever aggregate and idiosyncratic shocks reinforce each other and trigger desired price changes in the same direction. Using measures of technology shocks derived from production function estimates for fourdigit U.S. manufacturing industries, I find that sectoral inflation rates are more sensitive to negative, as opposed to positive, technology disturbances in periods of higher economy-wide inflation, commodity price increases, and expansionary monetary policy shocks. I argue, using a state-dependent sticky price model that matches salient features of the U.S. microprice data, that these results suggest that pricing is statedependent in U.S. manufacturing. © 2010 The President and Fellows of Harvard College and the Massachusetts Institute of Technology.","","","Article","Final","","Scopus","2-s2.0-77955124041"
"Hosny A.","Hosny, Amr (55177698200)","55177698200","Inflation in Egypt: Internal or External Driven?","2013","Middle East Development Journal","5","3","1350019","","","5","10.1142/S1793812013500193","https://www.scopus.com/pages/publications/85070805196?origin=resultslist","This paper investigates whether internal or external factors explain inflation in Egypt over the period 2003M1–2012M12. Using an autoregressive distributed lag model, results indicate that money supply and global commodity prices affect inflation in the long-run, while important short-run factors are inflation persistence, exchange rate depreciation and supply side bottlenecks. It is also shown that global commodity prices, especially energy prices, pass-through into headline inflation in Egypt with a short lag. These results take into account the different stationary characteristics of different time series variables and are robust to different model specifications. Policy recommendations include the necessity of reforming the government’s energy subsidy bill, less monetization of the deficit and gradual liberalization of the currency in order to curb inflationary pressures in Egypt and put the economy on a more sustainable path. © 2013, © Economic Research Forum.","autoregressive distributed lag; Egypt; Inflation","","Article","Final","","Scopus","2-s2.0-85070805196"
"Bassongui N.; Houngbédji H.S.","Bassongui, Nassibou (57221304428); Houngbédji, Honoré Sèwanoudé (57226474345)","57221304428; 57226474345","Monetary policy and distributional effects of agricultural commodity price volatility in Sub-Saharan Africa","2024","Revue d'Economie du Developpement","33","3","","125","129","0","10.3917/edd.373.0125","https://www.scopus.com/pages/publications/85191614163?origin=resultslist","This paper uses panel quantile regression to illustre how agricultural commodity price volatility exacerbates inequality in Sub-Saharan Africa. Nevertheless, restrictive monetary policies and currency unions mitigate the adverse effects of such price volatility. © 2024 De Boeck SupÃ©rieur. All rights reserved.","Commodity price; inequality; monetary policy","","Article","Final","All Open Access; Green Open Access","Scopus","2-s2.0-85191614163"
"Rezitis A.N.; Tsionas M.","Rezitis, Anthony N. (6603596783); Tsionas, Mike (57190842582)","6603596783; 57190842582","Modeling asymmetric price transmission in the European food market","2019","Economic Modelling","76","","","216","230","31","10.1016/j.econmod.2018.08.004","https://www.scopus.com/pages/publications/85054303420?origin=resultslist","In this study, we employ a multivariate panel error correction model (PVECM) to investigate asymmetric price transmission among the farm, processor, and retail segments of the European food supply chain for the 2005–2016 period. The results indicate that, in both the long- and short-run, retail prices respond more strongly to processor price increases than decreases and the same occurs for processor prices due to farm price changes. Thus, the findings demonstrate the presence of positive asymmetric price transmission in the European food supply chain. Finally, the results of the present study indicate that the food price pass-through varies greatly across product category and across countries, and that the pass-through to producer prices is greater than that to consumer prices. © 2018 Elsevier B.V.","Asymmetric price transmission; European food supply chain; Multivariate panel vector error correction models","","Article","Final","All Open Access; Bronze Open Access","Scopus","2-s2.0-85054303420"
"Ott H.","Ott, Hervé (55771127000)","55771127000","Extent and possible causes of intrayear agricultural commodity price volatility","2014","Agricultural Economics (United Kingdom)","45","2","","225","252","26","10.1111/agec.12043","https://www.scopus.com/pages/publications/84895519233?origin=resultslist","Wheat, corn, rice, soybeans, and cotton experienced higher volatility in the second half of the 2000s. For the sample at hand, the unit root tests only validate a new period of high volatility for wheat and cotton. If in the next couple of years however, corn, rice and soybeans maintain their higher volatility, a new period of high volatility may also be validated statistically. Regarding the factors driving the intrayear volatility GMM estimates show that ""commodity market fundamentals"" i.e., the stock-to-use ratio and to a lesser extent the degree of internationalization, are the most systematically statistically significant coefficients among commodities. Over time, consecutive low stock-to-use ratios and a thin international market provoke typically high volatility. Speculative activity and liquidity in the agricultural derivative market have a stabilizing effect on the spot price, if any. Finally, ""common macro"" factors significantly impact volatility, especially the volatility of petrol and of exchange rates; their dispersion importance over the sample is quite sizeable. However, it is difficult to establish a link between, on the one hand, loose monetary policy, business cycle and inflation, and, on the other hand, commodity price volatility, as the sign of the estimated coefficient changes depending on the commodity and the estimated elasticities are quite low. © 2013 International Association of Agricultural Economists.","Agricultural commodity price volatility; GMM estimates; Instrument variables; Unit root tests","Glycine max; Gossypium hirsutum; Triticum aestivum; Zea mays; agricultural economics; agricultural market; commodity; cotton; globalization; maize; model validation; monetary policy; price dynamics; soybean; wheat","Article","Final","","Scopus","2-s2.0-84895519233"
"Can U.; Cepni O.; Kazdal A.; Yilmaz M.H.","Can, Ufuk (57217425737); Cepni, Oguzhan (57194427831); Kazdal, Abdullah (57224776231); Yilmaz, Muhammed Hasan (57197051893)","57217425737; 57194427831; 57224776231; 57197051893","When weather meets prices: climate anomalies and inflation dynamics in Türkiye","2026","Portuguese Economic Journal","25","3","","287","312","0","10.1007/s10258-026-00289-0","https://www.scopus.com/pages/publications/105041220442?origin=resultslist","This paper examines how climate anomalies influence inflation and its main components in Türkiye. Using monthly data from January 2003 to February 2024, we employ local projection methods to estimate the short- and medium-term effects of various climate anomalies across a broad set of inflation indicators. The results show that climate anomalies have a significant short-term impact on headline inflation, food prices – especially unprocessed food – producer prices, and rent prices. These effects generally diminish over time and may even reverse in the medium term. Analyzing asymmetric temperature responses, we find that unusually cold winters drive prices higher, most notably for food and producer prices, while unusually hot summers can have a disinflationary effect. Wind anomalies have minimal impact on overall price movements, whereas precipitation anomalies mainly affect unprocessed food prices. The findings reveal a complex, multidimensional relationship between climate conditions and inflation, underscoring the need for a more nuanced approach to climate-related risks in macroeconomic analysis and policy formulation. © The Author(s) under exclusive licence to ISEG – Instituto Superior de Economia e Gestão 2026.","Climate anomalies; Inflation; Local projections; Türkiye","","Article","Final","","Scopus","2-s2.0-105041220442"
"Borrallo F.; Cuadro-Sáez L.; Gras-Miralles Á.; Perez J.J.","Borrallo, Fructuoso (57269624000); Cuadro-Sáez, Lucía (24764630900); Gras-Miralles, Águeda (59183159900); Perez, Javier J. (35450739500)","57269624000; 24764630900; 59183159900; 35450739500","The transmission of shocks to food and energy commodity prices to food inflation in the euro area*","2026","Applied Economics Letters","33","3","","411","416","2","10.1080/13504851.2024.2369711","https://www.scopus.com/pages/publications/85196616001?origin=resultslist","We estimate how shocks to food and energy (fuel) commodity prices pass-through to food consumer prices in the euro area, where the current episode of substantial and persistent increase in food prices is unprecedented when looking at the past decades. We extend the workhorse food value-chain model of Ferrucci et al. (2012) to account for fuel prices and asymmetries. We show that there is a persistent and significant effect of shocks to food and energy commodity prices on food inflation that reaches a maximum at around 12 months after the shock. We also show that both types of shocks impact food consumer prices in an asymmetric way, with increases in prices having a significant, positive effect, while price decreases have a milder effect in the case of food commodities and a statistically non-significant effect in the case of energy commodities. © 2024 Informa UK Limited, trading as Taylor & Francis Group.","asymmetries; energy prices; euro area; Food prices","Europe; commodity price; consumption behavior; energy resource; European Union; food market; inflation; price determination; price dynamics","Article","Final","","Scopus","2-s2.0-85196616001"
"Devereux M.B.; Smith G.W.","Devereux, Michael B. (7007064657); Smith, Gregor W. (7406738737)","7007064657; 7406738737","Testing the Present-Value Model of the Exchange Rate with Commodity Currencies","2021","Journal of Money, Credit and Banking","53","2-3","","589","596","6","10.1111/jmcb.12774","https://www.scopus.com/pages/publications/85102467190?origin=resultslist","Countries that specialize in commodity exports often exhibit a correlation between the relevant commodity price and the value of their currency. We explore an explanation for this correlation based on the present-value, monetary model of the exchange rate. An increase in the commodity price leads to an increase in the expected, future policy interest rate and so to an immediate appreciation. We test the model's over-identifying restrictions for Canada, Australia, and New Zealand. There, controlling for the effect of commodity prices in predicting current and future monetary policy leaves those prices no significant, remaining role in statistically explaining exchange rates. © 2021 The Ohio State University","commodity currency; exchange rate; monetary policy","","Article","Final","","Scopus","2-s2.0-85102467190"
"Zhu X.; Yu X.","Zhu, Xiaoke (58899899700); Yu, Xiaohua (35207571100)","58899899700; 35207571100","Food inflation and macroeconomic dynamics in the US: Evidence from an estimated DSGE model","2025","Finance Research Letters","75","","106895","","","9","10.1016/j.frl.2025.106895","https://www.scopus.com/pages/publications/85216893293?origin=resultslist","This study aims to investigate whether and how food inflation influences U.S. macroeconomic dynamics. To this end, we develop and estimate a heterogeneous dynamic stochastic general equilibrium (DSGE) model incorporating both the food and non-food sectors. Calibration and Bayesian estimation methods are employed to derive the key parameters involved in this model. Our analysis reveals that key macroeconomic variables exhibit significant nonlinear responses to food price shocks. Notably, a quarter of headline inflation can be attributed to food inflation in the post-pandemic era. Furthermore, a higher labor substitution parameter and lower consumption substitution elasticity amplify the economic recession. In response to food price shocks, moderate monetary policies can mitigate declines in real GDP and consumption but potentially exacerbate inflation. © 2025 The Author(s)","Food inflation; Macroeconomic dynamics; New Keynesian; Post-pandemic period; Uncertainty","","Article","Final","All Open Access; Green Open Access; Hybrid Gold Open Access","Scopus","2-s2.0-85216893293"
"Saman C.; Alexandri C.","Saman, Corina (25960354000); Alexandri, Cecilia (57208166886)","25960354000; 57208166886","The impact of the world food price index on some east-european economies","2018","Journal of Business Economics and Management","19","2","","268","287","9","10.3846/jbem.2018.5208","https://www.scopus.com/pages/publications/85063996833?origin=resultslist","This paper deals with the dynamic response of exchange rates, inflation and agricultural foreign trade in Bulgaria, Poland and Romania to global food prices. We employ time-varying VARs with stochastic volatility to estimate the behaviour of these macroeconomic variables over the 2001M1– 2015M12 period. The original contribution of this paper is that it captures the time variation and nonlinearities of the relationship between variables taking into account food price volatility and its macroeconomic implications. The main findings of the paper are: (i) high global food prices were transmitted to domestic economies causing pressure on inflation in the long run; (ii) in the short run the impact of a positive shock in international food price increases domestic inflation, depreciates the currency and reduces the agricultural trade; (iii) the vulnerabilities to global food prices are more pregnant for Romania and Bulgaria; (iv) the difference in the transmission of world prices is related to the different status of the countries as regards food and agricultural trade. The findings of the research would be significant for the governments to promote policies to help farmers respond to the rising of food prices by growing more and responding to export opportunities that may arise. © 2018 The Author(s).","Agricultural trade; Bayesiatime-varying VARs; Exchange rate pass-through; Food prices; Inflation; Stochastic volatility; World food price pass-through","","Article","Final","All Open Access; Gold Open Access; Green Open Access","Scopus","2-s2.0-85063996833"
"Mallick S.K.; Sousa R.M.","Mallick, Sushanta K. (15765484600); Sousa, Ricardo M. (35270013700)","15765484600; 35270013700","Commodity Prices, Inflationary Pressures, and Monetary Policy: Evidence from BRICS Economies","2013","Open Economies Review","24","4","","677","694","67","10.1007/s11079-012-9261-5","https://www.scopus.com/pages/publications/84881042621?origin=resultslist","We assess the transmission of monetary policy and the impact of fluctuations in commodity prices on the real economy for the five biggest and fastest growing emerging market economies: Brazil, Russia, India, China and South Africa (BRICS). Using modern econometric techniques, we show that a monetary policy contraction has a negative effect on output, suggesting that it can lean against unexpected macroeconomic shocks even when the financial markets are not well-developed in this group of countries. We also uncover the importance of commodity price shocks, which lead to a rise in inflation and demand an aggressive behaviour from central banks towards inflation stabilisation. © 2012 Springer Science+Business Media New York.","Bayesian VAR; Commodity prices; Emerging markets; Monetary policy; Panel VAR; Sign Restrictions VAR","Brazil; China; India; Russian Federation; South Africa; Bayesian analysis; central bank; commodity price; developing world; econometrics; financial market; inflation; macroeconomics; monetary policy; national economy","Article","Final","","Scopus","2-s2.0-84881042621"
"Catão L.A.V.; Chang R.","Catão, Luis A.V. (55911457800); Chang, Roberto (7403713601)","55911457800; 7403713601","World food prices and monetary policy","2015","Journal of Monetary Economics","75","","","69","88","39","10.1016/j.jmoneco.2014.12.010","https://www.scopus.com/pages/publications/84943270050?origin=resultslist","How should monetary policy respond to large fluctuations in world food prices? We study this question in an open economy model in which imported food has a larger weight in domestic consumption than abroad and international risk sharing can be imperfect. A key novelty is that the real exchange rate and the terms of trade can move in opposite directions in response to world food price shocks. This exacerbates the policy trade-off between stabilizing output prices vis a vis the real exchange rate, to an extent that depends on risk sharing and the price elasticity of exports. We characterize implications for dynamics, optimal monetary policy, and the relative performance of practical monetary rules. While CPI targeting and expected CPI targeting can dominate PPI targeting if international risk sharing is perfect, even seemingly mild departures from the latter make PPI targeting a winner. © 2015 Elsevier B.V.","Monetary policy; Real exchange rates; Small open economy; Terms of trade","","Article","Final","","Scopus","2-s2.0-84943270050"
"Hammoudeh S.; Nguyen D.K.; Sousa R.M.","Hammoudeh, Shawkat (6602687914); Nguyen, Duc Khuong (25633212500); Sousa, Ricardo M. (35270013700)","6602687914; 25633212500; 35270013700","China's monetary policy framework and global commodity prices","2024","Energy Economics","138","","107767","","","12","10.1016/j.eneco.2024.107767","https://www.scopus.com/pages/publications/85201489981?origin=resultslist","This paper examines the effects of China's monetary policy on global commodity prices over the quarterly period 1996:Q1–2021:Q4. Using a Bayesian Structural VAR model, we evaluate the impact of interest rate shocks (as a price rule) and shocks to the monetary aggregate (M2) (as a quantity rule) on those commodity prices. Our main findings are fourfold. First, a positive interest rate shock has a negative and persistent effect on commodity prices, with beverages and metals commodity prices falling the most in response to such shock. Second, a positive shock to the growth rate of M2 has a strong impact on the prices of non-fuel commodities, agricultural raw materials, and metals. Still, the highly volatile food and fuel (energy) commodity prices are less affected. Third, while both the growth rate of M2 and the interest rate seem relevant macroeconomic stabilizers, the quantity instrument appears more effective than the price instrument in explaining commodity prices. Finally, while interest rate hikes are linked with a persistent rise in world uncertainty, monetary expansions lead to a long-lived fall in this variable. All in all, our study provides new evidence about the impact of China's monetary policy on global commodity prices using a rich dataset and an econometric setup that accounts for uncertainty. © 2024 The Authors","Bayesian structural VAR; China; Commodity prices; Monetary policy instruments; Uncertainty","China; Bayesian; Bayesian structural VAR; China; China's monetary policies; Commodity prices; Interest rates; Monetary policies; Monetary policy instrument; Policy instruments; Uncertainty; Bayesian analysis; commodity price; growth rate; interest rate; monetary policy; numerical model; uncertainty analysis; vector autoregression; Inflation","Article","Final","All Open Access; Hybrid Gold Open Access","Scopus","2-s2.0-85201489981"
"Mahmoudinia D.","Mahmoudinia, Davoud (53663818300)","53663818300","The asymmetric effects of monetary policy, currency crises and oil price on food inflation in Iran: an application of quantile regression","2026","Macroeconomics and Finance in Emerging Market Economies","19","1","","176","198","5","10.1080/17520843.2021.2005926","https://www.scopus.com/pages/publications/85121146631?origin=resultslist","Since the food component has a large weight in the CPI basket and food inflation plays one of the main roles in determining the headline inflation in Iran, this paper looks at connections between monetary policy, currency crisis, sanction and food price. To examine the dynamics and asymmetric effects of these relationships, we employ quantile regression. Empirically, we show that the coefficients of monetary policy, exchange rate and currency crisis on the food prices in different quantiles are positive and significant. In most cases, we show that food prices in Iran are responsive to the price of oil.More importantly, the inflation of food is strongly linked to economic sanctions, and the effect is significant across all quantiles. To verify robustness, the food price model was estimated using ARDL model as an alternative. The present study came up with the same results when compared to quantile regression.Eventually, asymmetric effects at different quantiles were confirmed. © 2021 Informa UK Limited, trading as Taylor & Francis Group.","currency crisis; Food inflation; Iran; monetary policy; oil price; quantile regression","","Review","Final","","Scopus","2-s2.0-85121146631"
"Bjerde A.","Bjerde, Anna (58175121100)","58175121100","“Laying Foundations for Building Back Better in Ukraine” ‒ Policy Actions and Principles for a Strong Transition and Recovery Process","2023","CESifo Forum","24","2","","5","9","1","","https://www.scopus.com/pages/publications/85152013219?origin=resultslist","Russia’s invasion of Ukraine is causing massive economic and social repercussions in Ukraine, including a sharp increase in poverty.1 Ukraine’s GDP is estimated to have contracted by about 30 percent in 2022, due to the reduction in economic activity caused by the destruction of productive capacity, damage to arable land, and reduced labor supply. Poverty is estimated to have increased from 5.5 percent in 2021 to 25 percent in 2022 with income below US$6.5 per day2 and headline inflation hit 26.6 percent in December 2022, with food price inflation hurting the poor. As of January 3, 2023, 17,994 civilian casualties were recorded. The invasion of Ukraine has also triggered the largest human displacement crisis in the world at present: since the onset of the war, approximately 5.4 million people have been displaced within Ukraine and over 8.1 million have moved to neighboring countries (UNHCR) © 2023, CESifo Forum.All Rights Reserved.","","","Article","Final","","Scopus","2-s2.0-85152013219"
"Kohler K.; Stockhammer E.","Kohler, Karsten (56865436400); Stockhammer, Engelbert (6602304165)","56865436400; 6602304165","Flexible exchange rates in emerging markets: shock absorbers or drivers of endogenous cycles?","2023","Industrial and Corporate Change","32","2","","551","572","15","10.1093/icc/dtac036","https://www.scopus.com/pages/publications/85143285237?origin=resultslist","While flexible exchange rates are commonly regarded as shock absorbers, heterodox views suggest that they can play a pro-cyclical role in emerging markets. This article provides theoretical and empirical support for this view. Drawing on post-Keynesian and structuralist theories, we propose a simple model in which flexible exchange rates in conjunction with external shocks become endogenous drivers of boom-bust cycles, once financial effects from foreign-currency debt are accounted for. We present empirical evidence for regular cycles in nominal US-dollar exchange rates in several emerging markets that are closely aligned with cycles in economic activity. An econometric analysis suggests the presence of a cyclical interaction mechanism between exchange rates and output, in line with the theoretical model, in Chile, South Africa, and partly the Philippines. Further evidence indicates that such exchange rate cycles cannot exclusively be attributed to external factors, such as commodity prices, US monetary policy or the global financial cycle. We therefore argue that exchange rate cycles in emerging markets are driven by the interplay of external shocks and endogenous cycle mechanisms.  © 2022 The Author(s). Published by Oxford University Press in association with Oxford University Press and the Industrial and Corporate Change Association.","","Chile; currency; economic activity; empirical analysis; exchange rate; monetary policy; theoretical study","Article","Final","All Open Access; Green Open Access; Hybrid Gold Open Access","Scopus","2-s2.0-85143285237"
"Olamide E.G.; Maredza A.","Olamide, Ebenezer Gbenga (57210337832); Maredza, Andrew (57872688300)","57210337832; 57872688300","A dynamic regression panel approach to the determinants of monetary policy and economic growth: The SADC experience","2019","African Journal of Economic and Management Studies","10","3","","385","399","6","10.1108/AJEMS-10-2018-0302","https://www.scopus.com/pages/publications/85070375211?origin=resultslist","Purpose: Empirically, the purpose of this paper is to investigate policy variables that determine monetary policy and economic growth of some selected countries within the economic bloc of Southern Africa Development Community (SADC). The selected countries are Botswana, Democratic Republic of Congo, Lesotho, Madagascar, Malawi, Mozambique, Namibia, South Africa, Swaziland, Zambia and Zimbabwe. Design/methodology/approach: Annual time series data for a panel of 11 Southern African countries spanning 1980–2015 were employed in the study. The major instrument of estimation is the dynamic regression panel model. In order to conform to econometric principles, robustness checks were carried out on the variables of interest so as to avoid spurious results. An estimation of impulse response and variance decomposition analyses were to complement the approach to the study. Findings: The result of the long-run dynamic panel regression reveals that GDP growth rate, inflation rate, exchange rate, money supply and oil and commodity prices do have profound impact on monetary policy within SADC. It was further revealed from the study that commodity price shock is the major exogenous determinant of monetary policy dynamics and the effect is transmitted via exchange rate channel to macroeconomics of the region; with inflation rate and money supply playing a major role in the transmission mechanism as it affects the economies of the countries in this region. Practical implications: The policy implication is that inflation is seen as a major challenge to the countries under review. Among other things, a hybrid of inflation and monetary targeting should be adopted to complement each other as policy combination within the region. Originality/value: The study accounts for the determinants of monetary policy vis-à-vis growth potentials of some selected countries in SADC, using a combination of dynamic regression panel approach and SVAR elements. © 2019, Emerald Publishing Limited.","Economic growth; Monetary policy; Panel ARDL; SADC","","Article","Final","","Scopus","2-s2.0-85070375211"
"Thamae R.I.","Thamae, Retselisitsoe I. (55835239600)","55835239600","The role of food price inflation in lesotho","2012","International Journal of Economic Policy in Emerging Economies","5","4","","367","386","4","10.1504/IJEPEE.2012.052324","https://www.scopus.com/pages/publications/84882940436?origin=resultslist","The paper analyses the role of food price movements in inflation within the Lesotho's economy. The results reveal that food inflation has generally not only been more volatile and higher than non-food inflation, but also more persistent than the inflation of non-food products. Furthermore, food price movements are discovered to have significant impact on core inflation, thereby giving evidence that food prices contain some useful information about the underlying inflation trends in Lesotho. On the other hand, the results have shown the presence of strong second-round price effects between food and non-food inflation. These findings, therefore, imply that the setting and communication of monetary policy in Lesotho should be based on developments in underlying inflation rather than overall inflation. However, any attempt to capture the underlying inflation using measures that exclude food items only on the basis of their high volatility would be unjustified. © 2012 Inderscience Enterprises Ltd.","Core inflation; Food inflation; Inflation persistence; Lesotho; Underlying inflation","","Conference paper","Final","","Scopus","2-s2.0-84882940436"
"Adam C.","Adam, Christopher (57211125980)","57211125980","On the macroeconomic management of food price shocks in low-income countries","2011","Journal of African Economies","20","SUPPL. 1","ejr008","i63","i99","8","10.1093/jae/ejr008","https://www.scopus.com/pages/publications/79955423813?origin=resultslist","Global food prices have risen sharply in recent years and have become more volatile. In this paper, I examine how these developments are transmitted to domestic food and non-food markets in low-income economies and consider the options available to policymakers concerned with managing the macroeconomic consequences of global food price shocks. I first review the simple economics of the transmission of global food price movements to food and non-food prices in low-income countries. I then use a simple dependent-economy model to illustrate the real macroeconomic and distributional effects of alternative fiscal and trade policy responses to food shocks and how these are determined by the structural characteristics of low-income economies. In the final section, I consider how food price shocks impact on the aggregate price level and, in particular, the implications of increased food price volatility has for the design and conduct of monetary policy in low-income economies. © The author 2011. Published by Oxford University Press on behalf of the Centre for the Study of African Economies. All rights reserved.","","fiscal policy; food market; low income population; macroeconomics; monetary policy; numerical model; policy making; price dynamics; trade policy","Article","Final","","Scopus","2-s2.0-79955423813"
"","","","Politiques monétaires: Le grand écart","2008","Revue de l'OFCE","105","2","","229","248","0","10.3917/reof.105.0229","https://www.scopus.com/pages/publications/67649279939?origin=resultslist","The financial crisis and inflationary pressures driven by oil and food prices generated various monetary policy answers. The Fed lowered the target for the Federal Funds rate by 3 percentage points since last August to 2.25% and will lower it again to 1.75% from April to avoid a too sharp slowdown of US activity. The ECB kept interest rates unchanged and will leave them at 4%, waiting for inflation to decelerate below 2% in the euro area. The Bank of England cut the base rate by 0.75 percentage point to 5.0 and will lower it to 4.25% by early 2009, to allow inflation to decelerate without output growth falling too rapidly. The Bank of Japan will maintain interest rates at 0.5% with inflation remaining subdued and output growth prospects uncertain. © Presses de Sciences Po.","Interest rates; Monetary policy","","Article","Final","All Open Access; Bronze Open Access; Green Open Access","Scopus","2-s2.0-67649279939"
"Jiménez-Rodríguez R.; Morales-Zumaquero A.","Jiménez-Rodríguez, Rebeca (22937474300); Morales-Zumaquero, Amalia (55664117700)","22937474300; 55664117700","Commodity price pass-through along the pricing chain","2022","Review of World Economics","158","1","","109","125","18","10.1007/s10290-021-00425-2","https://www.scopus.com/pages/publications/85109260014?origin=resultslist","This paper analyses the commodity price pass-through along the pricing chain for the global commodity price index and the indices of its main categories (i.e., agricultural raw materials, food and beverages, energy and metals) in the world, advanced and emerging economies. To do so, the study considers country-by-country vector autoregression models and pool the results by taking weighted means for 18 advanced economies and 19 emerging countries, as well as for the world (defined as the sum of advanced and emerging economies). The results show the following: (i) there is evidence in favour of partial pass-through from commodity prices to producer prices, although the evidence for the pass-through to consumer prices is less evident; (ii) the pass-through in the world seems to be led by both advanced and emerging countries for producer prices and only by advanced economies for consumer prices; (iii) higher prices in the four categories (agricultural raw materials only in the short-run) induce significant higher producer prices in almost all cases, with shocks in the prices of energy and metals showing the largest effects; and (iv) energy prices explain the highest variability of producer and consumer prices. © 2021, The Author(s).","Commodity price pass-through; Consumer prices; Producer prices","","Article","Final","All Open Access; Green Open Access; Hybrid Gold Open Access","Scopus","2-s2.0-85109260014"
"Iliyasu J.; Sanusi A.R.","Iliyasu, Jamilu (58111052900); Sanusi, Aliyu Rafindadi (57220058704)","58111052900; 57220058704","Climate change’s impact on commodity prices: a new challenge for monetary policy","2024","Portuguese Economic Journal","23","2","","187","212","13","10.1007/s10258-023-00237-2","https://www.scopus.com/pages/publications/85170075915?origin=resultslist","Climate change is a global issue that is driving up commodity prices such as food, energy and fertiliser. In this light, this study examines the effects of climate change on international commodity prices (food, energy, and fertilisers) from 1961 to 2020. The study employs a Bayesian Vector Autoregression (BVAR) model identified with sign restrictions. First, this study finds that climate change causes an increase in commodity prices, with the effect being greatest for energy, followed by fertilisers, and least for food prices. Second, this study also finds that climate change may have amplified the short-run impact of fertiliser and energy prices on food prices. Third, the estimates suggest that climate change may have a negative impact on global real GDP. Overall, this study’s findings of global climate change’s positive effects on commodity prices and a negative impact on global real GDP, suggests that monetary authorities may face higher inflation-output trade-off. Hence, this study argues that climate change may be a new challenge to monetary policy strategy, particularly in countries that are net importers of staple foods and have a large share of food items in their consumer price index. © The Author(s) under exclusive licence to ISEG – Instituto Superior de Economia e Gestão 2023.","and R3; Climate change; E31; E58; Energy prices; Fertiliser prices; Food prices; Monetary policy","","Article","Final","All Open Access; Green Open Access","Scopus","2-s2.0-85170075915"
"Duarte C.B.","Duarte, Cristiano Boaventura (57216488713)","57216488713","Corporate debt expansion in emerging countries after 2008: profile, determinants and policy implications","2019","Finance, Growth and Inequality: Post-Keynesian Perspectives","","","","179","209","2","10.4337/9781788973694.00019","https://www.scopus.com/pages/publications/85136382736?origin=resultslist","Cristiano Duarte explores corporate debt expansion in emerging countries after the 2008 crisis, emphasizing the growth of leverage, net foreign exchange exposure, and the deterioration in firms’ debt repayment capacity. Next, the author does a panel regression to identify the main changes in the determinants of emerging market corporate debt expansion before and after the 2008 crisis. The conclusion suggests that the exchange rate was one of the most important determinants through the period 2000–2016, and also in the period before 2008. But after 2008, beyond some country level factors (exchange rate, national GDP growth, firms higher liquidity levels), other factors that have global origins (a more accommodative monetary policy stance in the USA, lower financial market volatility, higher commodity prices, global GDP growth) have become increasingly important. Duarte identifies a factor not previously emphasized in the literature, which investigates the determinants of corporate debt in emerging economies: the interaction between higher commodity prices and more appreciated exchange rates. Combined with a particularly uncertain international outlook, this raising indebtedness generated many challenges for enterprises in emerging economies: currency mismatch, firms' susceptibility to creditors'/banks'/institutional investors' interests, macroeconomic volatility. In addition, although several lines of defense have been developed by governments at national level, the capacity of these lines to provide the necessary support for private agents is still unclear, raising concerns about financial instability. Those concerns would be better addressed if emerging countries and international institutions took additional initiatives, such as an improvement in regulatory frameworks, as well as coordinated macro- and micro-prudential measures. In this sense, an enhancement of the available instruments to face new financial crises would take place, opening space to pursue a better strategy towards sustainable growth in the medium-/long-term. © Louis-Philippe Rochon and Virginie Monvoisin 2019. All rights reserved.","","","Book chapter","Final","","Scopus","2-s2.0-85136382736"
"El-Karimi M.","El-Karimi, Mounir (57217086901)","57217086901","Pass-through effects of global oil and food price shocks on Morocco’s inflation: frequency causality analysis in VAR model","2024","International Journal of Economic Policy in Emerging Economies","20","2","","198","214","0","10.1504/IJEPEE.2024.141566","https://www.scopus.com/pages/publications/85205545013?origin=resultslist","Morocco’s central bank aims to move towards targeting inflation rate rather than exchange rate. Since the country is substantially dependent on commodity imports, the imported inflation constitutes a crucial concern of policymakers. This paper examines the impacts of world oil and food price shocks on Morocco’s consumer prices during 1999–2019. To this end, the Breitung and Candelon (2006) frequency causality test combined with Toda and Yamamoto (1995) procedure is applied on quarterly data in VAR model. The findings reveal that oil and food price changes significantly affect domestic consumer prices. On one hand, the inflationary effects of food price shocks are found to be significant in the short and long-run, while oil price inflationary effect is more important in the long-run. On the other hand, consumer prices show asymmetric responses to commodity price changes, as positive shocks in food price have more inflationary effects than negative shocks, while the inverse pattern is shown for oil price shocks. Our findings may give useful information to policymakers and researchers in conducting monetary policy with inflation targets. © 2024 Inderscience Enterprises Ltd.","asymmetry; causality; consumer prices; food commodity price; frequency analysis; inflation; Morocco; oil price","","Article","Final","","Scopus","2-s2.0-85205545013"
"Tamakoshi G.; Hamori S.","Tamakoshi, Go (51061333500); Hamori, Shigeyuki (6701462115)","51061333500; 6701462115","Informational roles of commodity prices for monetary policy: Evidence from the euro area","2012","Economics Bulletin","32","2","","1282","1290","1","","https://www.scopus.com/pages/publications/84873474548?origin=resultslist","This paper examines the linear and nonlinear causal relationships between commodity price indices and macroeconomic variables such as the consumer price index (CPI) and the industrial production index (IP) in the Euro zone, We use monthly time series data from January 1999 to December 2011 and employ a solid nonparametric. nonlinear causality test by Diks and Panchenko (2006) as well as the linear Granger causality test using Lag Augmented Vector Autoregression (LA-VAR) approach. Main findings of the study include: (i) Oil price only linearly Granger-causes the CPI and hence can be seen as a better information variable for the general price level than non-energy commodity price, (ii) There is a significant one-way linear causality from commodity price to IP, (iii) A significant nonlinear relationship between CPI and IP is identified by the nonparametric causality test. Such results are relevant for monetary policy makers who wish to mitigate the possible future inflation by using commodity or oil price indices as information variables.","","","Article","Final","","Scopus","2-s2.0-84873474548"
"Chellai F.","Chellai, Fatih (57218569094)","57218569094","International Food and Oil Price Pass-through and Inflation Dynamics in Algeria: Evidence from VAR Models and Wavelet Coherence Analysis","2025","Statistika","105","3","","318","322","0","10.54694/stat.2024.68","https://www.scopus.com/pages/publications/105025816098?origin=resultslist","This study examines how international oil and food prices affected domestic inflation in Algeria from 1994 to 2022. Using advanced time-series methods and spectral analysis, we provide updated evidence on how global price shocks influence Algeria's consumer prices. The results from vector autoregression (VAR) models with structural breaks show that Algeria’s inflation is strongly influenced by external supply-side factors, particularly food prices, while exchange rate pass-through and domestic demand pressures remain weak. Wavelet coherence analysis highlights how the relationship between global and domestic prices changes over time, with strong short-term connections but weaker long-term ones. Our findings reveal Algeria’s high exposure to imported inflation due to its dependence on oil and food imports, though recent institutional reforms have created more room for stabilization policies. This study fills gaps in the literature by exploring price transmission dynamics during major global shocks, including the COVID-19 pandemic, and offers guidance on managing inflation risks in a volatile global economy. © (2025), (Cesky Statisticky Urad). All right reserved.","inflation; international commodity prices; Price transmission; Vector Auto-regression (VAR) models","","Article","Final","All Open Access; Gold Open Access; Green Open Access","Scopus","2-s2.0-105025816098"
"Jalil M.; Zea E.T.","Jalil, Munir (36141549000); Zea, Esteban Tamayo (56049263700)","36141549000; 56049263700","Pass-through of international food prices to domestic inflation during and after the great recession: Evidence from a set of Latin American economies; [Transmisión de precios internacionales de alimentos a la inflación local durante y después de la gran recesión: Evidencia de un conjunto de economías latinoamericanas]","2011","Desarrollo y Sociedad","","67","","135","179","17","10.13043/dys.67.4","https://www.scopus.com/pages/publications/80052425341?origin=resultslist","We looked at how international food price shocks have impacted local inflation processes in Brazil, Chile, Colombia, Mexico, and Peru in the past decade. Using impulse-response analysis coming from cointegrated vars, we find that international food inflation shocks take from one to six quarters to pass through to domestic headline inflation, depending on the country. In addition, by calculating the elasticity of local prices to an international food price shock, we found that this pass-through is not complete. We also take a closer look at how this type of shock affects local food and core prices separately, and asses the possibility second round effects over core inflation stemming from the shock. We find that a transmission to headline prices does occur, and that part of the transmission is associated with rising core prices both directly and through possible second round effects, which implies a role for monetary policy when such a shock takes place. This is especially relevant given that international food prices have recently followed an upward trend after falling considerably during the Great Recession.","FAO food price index; Food inflation; Latin american inflation; Second round effects","","Article","Final","All Open Access; Gold Open Access; Green Open Access","Scopus","2-s2.0-80052425341"
"Javdan E.; Haghighat J.; Pishbahar E.; Kostov P.; Mohammadrezaei R.","Javdan, Ebrahim (57193571340); Haghighat, Jafar (57189360375); Pishbahar, Esmaeil (33068268200); Kostov, Phillip (6701735924); Mohammadrezaei, Rassul (55682334500)","57193571340; 57189360375; 33068268200; 6701735924; 55682334500","Pass-through effects of global food prices on consumer prices in Iran","2017","Iranian Economic Review","21","1","","169","180","0","","https://www.scopus.com/pages/publications/85015099713?origin=resultslist","The objective of this study is using the Markov Switching Vector Autoregressive method and regime dependent impulse response functions to measure the pass-through of world food prices to consumer price index in Iran from 1990 to 2013. With respect to information criteria and the log-likelihood ratio statistic, MSIA(2)-VAR(1) model has a better fit to data than other models. The magnitude of the pass-through in first and second regimes is respectively 0.43 and 0.94 after two years. We show that the magnitude of the pass-through from world food prices to consumer price index resulting from recent world food price shocks has been higher than before. © 2017, University of Teheran. All rights reserved.","Domestic prices; Pass-through; World food prices","","Article","Final","","Scopus","2-s2.0-85015099713"
"Yang F.; Bekkers E.; Brockmeier M.; Francois J.","Yang, Fan (56603563500); Bekkers, Eddy (36021820800); Brockmeier, Martina (24166149200); Francois, Joseph (55963863000)","56603563500; 36021820800; 24166149200; 55963863000","Food Price Pass-Through and the Role of Domestic Margin Services","2015","Journal of Agricultural Economics","66","3","","796","811","14","10.1111/1477-9552.12110","https://www.scopus.com/pages/publications/84939472936?origin=resultslist","The recent volatility in international agricultural markets has drawn attention to the impact of rising international agricultural prices and the induced price-insulating measures on consumer food prices. Analyses based on simulation models on this topic typically ignore the role of domestic margin services. We extend the standard Global Trade Analysis Project (GTAP) model to allow for variations in the share of domestic margin services in consumed food across countries. This approach enables us to differentiate consumer prices from producer prices. Following the extension, the results show that domestic margin services reduce the consumer food price volatility for all countries, especially in high-income countries, where the share of domestic margin services in final food consumption is higher. The effect of price-insulating border policies is also reduced in the extended model. We find that our extension of the GTAP model greatly improves simulations of the 2007 surge in international agricultural prices. We validate our extension of the GTAP model by showing that the econometrically estimated food price pass-through is decreasing with income and thus, is smaller in high-income countries. © 2015 The Agricultural Economics Society.","Domestic margin services; Food price pass-through; GTAP; Trade restrictions","agricultural market; commodity price; food consumption; global trade; international organization; price determination; trade policy","Article","Final","","Scopus","2-s2.0-84939472936"
"Graham J.; Read A.","Graham, James (57226158018); Read, Alistair (58802522500)","57226158018; 58802522500","House Prices, Monetary Policy and Commodities: Evidence from Australia*","2023","Economic Record","99","324","","1","31","6","10.1111/1475-4932.12705","https://www.scopus.com/pages/publications/85143304327?origin=resultslist","Monetary policy and commodity prices are key drivers of Australian house prices, but endogeneity between these variables complicates empirical research. To address this, we use local projection methods and instrumental variables for estimation. We find that one standard deviation expansionary monetary and commodity shocks increase house prices at peak by 1.5 per cent and 1.4 per cent, respectively. Using geographically disaggregated panel data, we exploit the heterogeneity in house price responses to study the different channels through which these shocks affect housing markets. We find that both monetary policy and commodity price shocks have significant effects on housing markets through income channels. © 2022 The Authors. Economic Record published by John Wiley & Sons Australia, Ltd on behalf of Economic Society of Australia.","","Australia; commodity price; housing market; income; monetary policy; price dynamics","Article","Final","All Open Access; Hybrid Gold Open Access","Scopus","2-s2.0-85143304327"
"Ferrucci G.; Jiménez-Rodríguez R.; Onorantea L.","Ferrucci, Gianluigi (36522839100); Jiménez-Rodríguez, Rebeca (22937474300); Onorantea, Luca (35321303800)","36522839100; 22937474300; 35321303800","Food price pass-through in the euro area: Non-linearities and the role of the common agricultural policy","2012","International Journal of Central Banking","8","1","","179","217","31","","https://www.scopus.com/pages/publications/84874334566?origin=resultslist","In this paper we analyze the pass-through of a commodity price shock along the food price chain in the euro area. Departing from the existing literature, which focuses on food commodity prices as quoted in international markets, we use a novel database that accounts for the role of the Common Agricultural Policy in the European Union. We model several departures from the linear pass-through benchmark and compare alternative specifications with aggregate and disaggregate data. Overall, when the appropriate data set and methodology are used, it is possible to identify a significant and long-lasting pass-through. The results of our regressions are applied to the food price shock in the 2007-08 period; a decomposition exercise shows that commodity prices are the main determinant of the increase in producer and consumer prices, thus solving the puzzle highlighted in the existing literature for the euro area. © 2012 European Central Bank.","","","Article","Final","","Scopus","2-s2.0-84874334566"
"Sraieb M.M.; Muhammed S.; Dženopoljac V.; Gunay S.","Sraieb, Mohamed M. (57190298191); Muhammed, Shahnawaz (26655845300); Dženopoljac, Vladimir (55357779200); Gunay, Samet (56485578100)","57190298191; 26655845300; 55357779200; 56485578100","Determinants of Russia’s probability of default: evidence from domestic and global indicators","2025","Journal of Economics and Finance","49","3","","854","882","1","10.1007/s12197-025-09728-8","https://www.scopus.com/pages/publications/105010752961?origin=resultslist","This study investigates the determinants of Russia’s probability of default (PD) within the context of several internal and external factors related to monetary policy (market-based interest rate, currency exchange rate), current account deficit (oil prices, natural gas prices), and global risk perception (gold prices, VIX index). Using Dynamic Conditional Correlation–Exponential Generalized Autoregressive Conditional Heteroskedasticity (DCC-EGARCH) and Time-Varying Parameter Vector Autoregression (TVP-VAR) analyses, we find that shifts in Russia's monetary policy exert a stronger influence on PD than commodity prices or global financial indicators. Spillovers from and to PD are further explored within the context of geopolitical risk and sovereign credit ratings. Our results reveal asymmetric spillovers between PD and the selected variables. Monetary policy indicators, particularly the market-based interest rate and exchange rate, significantly influence PD under both positive and negative returns. Conversely, Russia’s PD exhibits a spillover effect on gold prices in positive and negative returns, and natural gas in negative returns, highlighting Russia’s influence on safe-haven asset demand and on global energy markets. During the Ukraine conflict, we observe persistent and pronounced spillovers from the exchange rate to PD in negative returns. Additionally, spillovers between PD and geopolitical risk suggests potential credit rating adjustments for Russia, offering early-warning signals for investors and policymakers. © Academy of Economics and Finance 2025.","Asymmetric Spillovers; COVID-19 Shock; Russia-Ukraine Conflict; Sovereign Debt Default; TVP-VAR Analysis","","Article","Final","","Scopus","2-s2.0-105010752961"
"Thomas L.","Thomas, Lina (58312163400)","58312163400","Ripple effect: Disentangling the global impact web of US monetary policy","2023","Finance Research Letters","58","","104431","","","2","10.1016/j.frl.2023.104431","https://www.scopus.com/pages/publications/85171422531?origin=resultslist","This paper uses a GVAR model to analyze the direct and indirect (via commodity prices and cross-country interactions) spillover effects of US monetary policy on foreign economies and the ensuing spillbacks to the US. A ten basis points cut in the US interest rate directly boosts an average foreign economy's output by 0.06 percentage points, but indirect effects amplify this to 0.47 percentage points. These findings underscore that the recent increase in spillovers is primarily driven by global, rather than US-specific, integration. Indirect cross-country effects are most pronounced in financially open countries, regardless of their exchange rate regime. © 2023","Commodity price fluctuations; Cross-country interactions; Global financial cycle; Global integration; GVAR; Monetary policy spillovers","","Article","Final","All Open Access; Hybrid Gold Open Access","Scopus","2-s2.0-85171422531"
"Hájek J.; Horváth R.","Hájek, Jan (58654190900); Horváth, Roman (8421423300)","58654190900; 8421423300","Exchange Rate Pass-Through in an Emerging Market: The Case of the Czech Republic","2016","Emerging Markets Finance and Trade","52","11","","2624","2635","9","10.1080/1540496X.2015.1090823","https://www.scopus.com/pages/publications/84945277794?origin=resultslist","We examine exchange rate pass-through, or how domestic prices respond to exchange rate shocks, in the Czech Republic from 1998 to 2013 by employing vector autoregression models. Using the aggregate consumer price index and its subcomponents, we find that the peak response occurs between nine and thirteen months after the exchange rate shock. The average pass-through at the monetary policy horizon is approximately 20 percent at the aggregate level. Regarding the subcomponents, the degree of pass-through is greatest for food prices. Copyright © Taylor & Francis Group, LLC.","Czech Republic; exchange rate pass-through; inflation; vector autoregression","","Article","Final","","Scopus","2-s2.0-84945277794"
"Lei W.; Mei D.; Zhang M.","Lei, Wenni (57904057600); Mei, Dongzhou (57194266892); Zhang, Mi (57459712700)","57904057600; 57194266892; 57459712700","Global Spillovers of China's Monetary Policy","2024","China and World Economy","32","3","","1","30","2","10.1111/cwe.12530","https://www.scopus.com/pages/publications/85193291107?origin=resultslist","Spillovers from China's monetary policy have become increasingly obvious with China's growing importance in the global economy and its close economic and trade ties with the world. This study establishes a proxy structure vector autoregression model to investigate the magnitude and transmission channel of spillovers from China to global and regional economies, taking advantage of high-frequency changes in asset prices in the financial markets to identify monetary policy shocks. The analysis reveals that China's monetary policy can affect the global economy by influencing international trade and commodity prices but there is no evidence of China's monetary policy affecting global financial variables. Tightness in China's monetary policy can cause a decline in world output whereas expansion in monetary policy can support global trade and output. This study also finds that the response of emerging Asian economies to China's monetary policy shock was nearly twice that of developed economies, while the transmission path did not change. The results of this study are consistent with the stylized fact that China's monetary policy plays an important role in the global trade and commodity cycle, although it does not drive the global financial cycle. © 2024 Institute of World Economics and Politics, Chinese Academy of Social Sciences.","China's monetary policy; commodity prices; external instruments; global trade; spillovers","","Article","Final","All Open Access; Hybrid Gold Open Access","Scopus","2-s2.0-85193291107"
"Mendes A.; Pennings S.","Mendes, Arthur (57281091400); Pennings, Steven (56641040400)","57281091400; 56641040400","One rule fits all? Heterogeneous fiscal rules for commodity exporters when price shocks can be persistent: Theory and evidence","2025","Review of Economic Dynamics","55","","101239","","","5","10.1016/j.red.2024.101239","https://www.scopus.com/pages/publications/85202531304?origin=resultslist","This paper reevaluates the common characterization of commodity-exporting developing economies as having excessively procyclical fiscal policy. We develop a new measure of fiscal procyclicality—the marginal propensity to spend (MPS) an extra dollar of commodity revenues—which we estimate in a panel of countries and compare with optimal policy in a New Keynesian model. Empirically, fiscal policy is procyclical on average (MPS=0.25), but heterogeneous. Countries with fixed exchange rates (ER) are almost acyclical, but countries with flexible ERs are procyclical and the MPS increases with the persistence of commodity price shocks. Optimal policy in the model is similar qualitatively but differs quantitatively in some dimensions. Under fixed ERs, optimal policy is almost acyclical to stabilize the business cycle. However, under flexible ERs, monetary policy stabilizes the business cycle, so fiscal policy is procyclical because commodity price shocks are typically persistent and so should be spent by the permanent income hypothesis. © 2024 The World Bank","Commodity price shocks; Exchange rate regime; Fiscal rules; New Keynesian model","","Article","Final","","Scopus","2-s2.0-85202531304"
"Marwa T.; Hamira; Sukanto; Mukhlis; Atiyatna D.P.; Hamidi I.","Marwa, Taufiq (57193213678); Hamira (58949259200); Sukanto (59531523500); Mukhlis (57207305489); Atiyatna, Dirta Pratama (57207304667); Hamidi, Ichsan (59229283200)","57193213678; 58949259200; 59531523500; 57207305489; 57207304667; 59229283200","Food Insecurity in Asia Pacific: Climate Change and Macroeconomic Dynamic","2025","Agris On-line Papers in Economics and Informatics","17","1","","81","94","2","10.7160/aol.2025.170107","https://www.scopus.com/pages/publications/105002345877?origin=resultslist","This study analyzes the effect of climate change and macroeconomic factors on food security in Asian Countries with moderate to weak food security ratings. This study finds significant findings using panel data from 14 countries in the Asia Pacific Region from 2012 to 2021. First, climate change variables measured by CO2 carbon emissions significantly negatively impact food security. Increased carbon emissions can threaten crop production, alter rainfall patterns, and increase vulnerability to natural disasters. Second, macroeconomic variables such as agricultural value added, food price inflation, exports, and GDP per capita also show significant adverse effects. Global crises such as the COVID-19 pandemic, geopolitical conflicts, and U.S. monetary policy have impacted food prices, agricultural production, and per capita income, disrupting supply chains and increasing food security risks. However, the positive findings related to food imports and the Per Capita Production Index suggest that food imports can improve supply diversification, food availability, and food price stability, which are essential strategies for strengthening food security in the Asian Region. This research highlights the importance of carbon emission mitigation, macroeconomic crisis management, increased local food production, and import policies in facing the complex challenges of food security amidst climate change and global economic dynamics. © (2025), (Faculty of Economics and Management). All rights reserved.","agricultural net export; agricultural value added; climate change; Food insecurity; food price inflation; gross production index per capita","Pacific Ocean; Pacific Rim; agricultural trade; carbon dioxide; carbon emission; climate change; export; food market; food security; import; inflation; macroeconomics; panel data; price dynamics","Article","Final","All Open Access; Gold Open Access","Scopus","2-s2.0-105002345877"
"Faltermeier J.; Lama R.; Medina J.P.","Faltermeier, Julia (57282381700); Lama, Ruy (36760881200); Medina, Juan Pablo (39361938100)","57282381700; 36760881200; 39361938100","Foreign exchange intervention for commodity booms and busts","2022","European Economic Review","143","","104018","","","16","10.1016/j.euroecorev.2021.104018","https://www.scopus.com/pages/publications/85124400732?origin=resultslist","While the conventional policy prescription for dealing with commodity price shocks is the adoption of a flexible exchange rate regime, a view popularized by Friedman (1953), in practice many emerging economies decide to intervene in the foreign exchange market. In this paper, we evaluate the optimal exchange rate policy response to commodity price shocks in a small open economy model with learning-by-doing (LBD) externalities. We find that the optimal policy response to a commodity boom involves a large and sustained increase in the stock of foreign exchange reserves aimed at stabilizing the real exchange rate and tradable production. Moreover, the optimal policy resembles the actual dynamics of foreign exchange reserves observed in many emerging commodity-exporting economies during recent episodes of commodity booms. We also show that solely relying on monetary policy for dealing with commodity price shocks provides limited macroeconomic stabilization gains, as the policy rate is an ineffective instrument for addressing LBD externalities. © 2022 The Authors","Commodity price shocks; Dutch disease; Foreign exchange intervention; Learning-by-doing externalities","commodity price; Dutch disease; monetary policy; real exchange rate","Article","Final","All Open Access; Hybrid Gold Open Access","Scopus","2-s2.0-85124400732"
"Naraidoo R.; Paez-Farrell J.","Naraidoo, Ruthira (24481769300); Paez-Farrell, Juan (18434753500)","24481769300; 18434753500","Commodity price shocks, labour market dynamics and monetary policy in small open economies","2023","Journal of Economic Dynamics and Control","151","","104654","","","12","10.1016/j.jedc.2023.104654","https://www.scopus.com/pages/publications/85154569516?origin=resultslist","We analyse the transmission mechanism of commodity price shocks in inflation targeting emerging economies. Using a panel vector autoregression, we find that for a commodity exporter, the shock causes a real exchange rate appreciation, increases in output, inflation, the nominal interest rate and the trade balance, and a fall in the unemployment rate. The mechanism underlying the dynamics driving the VAR can be understood using a dynamic stochastic general equilibrium model. Search and matching frictions in the labour market and the conduct of monetary policy are key for the model to match the data. © 2023","Bayesian impulse response matching; Commodity prices; DSGE modelling; Dutch disease; Emerging markets; Inflation; Monetary policy; Search and matching; Unemployment","","Article","Final","All Open Access; Green Open Access; Hybrid Gold Open Access","Scopus","2-s2.0-85154569516"
"Scrimgeour D.","Scrimgeour, Dean (24280068200)","24280068200","Commodity price responses to monetary policy surprises","2015","American Journal of Agricultural Economics","97","1","","88","102","60","10.1093/ajae/aau054","https://www.scopus.com/pages/publications/84925061751?origin=resultslist","Information contained in high-frequency financial market data reveals that a 10 basis-point surprise increase in interest rates causes commodity prices to fall immediately by approximately 0.6%. This is similar to the estimated responses of both the Standard and Poor's 500 and a United States trade weighted exchange rate index, and approximately five times larger than the response in a standard vector autoregression, even twelve months after the shock. Metals prices tend to respond more than agricultural commodities. The point estimate for oil prices is similar to other commodities, but is estimated less precisely. © 2014 The Author.","commodity prices; Monetary policy surprises","United States; commodity price; financial market; metal; monetary policy; oil; price dynamics","Article","Final","All Open Access; Hybrid Gold Open Access","Scopus","2-s2.0-84925061751"
"Chong J.; Miffre J.; Stevenson S.","Chong, James (7102639964); Miffre, Joëlle (6603195480); Stevenson, Simon (7102634785)","7102639964; 6603195480; 7102634785","Conditional correlations and real estate investment trusts","2009","Journal of Real Estate Portfolio Management","15","2","","173","184","37","","https://www.scopus.com/pages/publications/69749091790?origin=resultslist","The paper studies the temporal variations in the conditional correlations between real estate investment trust (REIT) returns and equity, bond, and commodity returns. The findings reveal that the correlations between REITs and equity returns rose over the period analyzed, while the correlations with bonds and commodities fell. The findings also reveal that the correlations with REITs rose especially in periods of above average volatility in equity and bond markets; however, for U.S. government securities and the Goldman Sachs Commodity Index, the conditional correlations with REITs fell in periods of high volatility in these markets. This indicates that to reduce the total risk of their portfolio, investors in U.S. government securities and commodities should tilt their asset allocation more towards real estate when they anticipate changes in monetary policy or abnormal fluctuations in commodity prices. © 2009 The American Real Estate Society.","","","Article","Final","","Scopus","2-s2.0-69749091790"
"Hayo B.; Kutan A.M.; Neuenkirch M.","Hayo, Bernd (6602676810); Kutan, Ali M. (6603729640); Neuenkirch, Matthias (36091482000)","6602676810; 6603729640; 36091482000","Communication matters: US monetary policy and commodity price volatility","2012","Economics Letters","117","1","","247","249","26","10.1016/j.econlet.2012.05.018","https://www.scopus.com/pages/publications/84861946806?origin=resultslist","We analyze the influence of US monetary policy on commodity price volatility. Expected target rate changes and communications decrease volatility, whereas target rate surprises and unorthodox measures increase it. The ""calming"" effect of communication is reduced during the financial crisis. © 2012 Elsevier B.V.","Central bank communication; Commodities; Federal Reserve; Monetary policy; Price volatility","","Article","Final","","Scopus","2-s2.0-84861946806"
"Song L.; Tian G.; Jiang Y.","Song, Lu (57429884600); Tian, Gengyu (57210596502); Jiang, Yonghong (57193390132)","57429884600; 57210596502; 57193390132","Connectedness of commodity, exchange rate and categorical economic policy uncertainties — Evidence from China","2022","North American Journal of Economics and Finance","60","","101656","","","41","10.1016/j.najef.2022.101656","https://www.scopus.com/pages/publications/85123580598?origin=resultslist","This paper provides a fresh perspective to explore the network correlations among commodity, exchange rate, and categorical economic policy uncertainties (EPU) in China. We try to contribute to the literature by examining the spillover mechanism with a relatively novel connectedness network using the monthly data over the period between June 2006 and January 2021. Our results suggest that prior to the recession, China's commodity price is subject to greater spillovers from the exchange rate than recessions. The domestic commodity prices are more sensitive to monetary policy uncertainty and fiscal policy uncertainty. The occurrence of COVID-19 revises the dominance in the system from monetary policy uncertainty and fiscal policy uncertainty to trade policy uncertainty. © 2022 Elsevier Inc.","Commodity market; Crisis; Economic policy uncertainty; Exchange rate; Spillover Effect","","Article","Final","","Scopus","2-s2.0-85123580598"
"Zoungrana H.; N’Guessan C.F.J.; Combary O.S.","Zoungrana, Henri (59320324100); N’Guessan, Coffie Francis José (57202506657); Combary, Omer Souglimpo (57190346417)","59320324100; 57202506657; 57190346417","Climate Change's Effect on Household Food Security in Sub-Saharan Africa and Optimal Monetary Policy","2024","International Economic Journal","38","4","","664","688","0","10.1080/10168737.2024.2401343","https://www.scopus.com/pages/publications/85203555057?origin=resultslist","The resurgence of food insecurity in Sub-Saharan Africa during the past decade highlights the need to comprehend the phenomenon within a framework that includes all economic agents in these times of intensification of climate change. Thus, this paper, using a Dynamic Stochastic General Equilibrium (DSGE) model, analyzes the effects of climate shocks occurring in agricultural and non-agricultural sectors on household food security in Sub-Saharan Africa, while determining optimal monetary policy responses to mitigate these adverse effects. Findings highlight that climate shocks affecting the non-agricultural sector are more detrimental to long-term household food security than those affecting the agricultural sector, particularly for urban households. To mitigate these effects, flexible policies targeting food price inflation and headline inflation seem appropriate for rural and urban households, respectively. Nevertheless, in the absence of political and social pressure, flexible headline inflation targeting is optimal for mitigating climate shocks effects on Sub-Saharan Africa's food security. © 2024 Korea International Economic Association.","Climate change; DSGE model; food security; optimal monetary policy; Sub-Saharan Africa","","Article","Final","","Scopus","2-s2.0-85203555057"
"Bareith T.; Fertő I.","Bareith, Tibor (57211468212); Fertő, Imre (8314653200)","57211468212; 8314653200","Monetary policy and food price inflation: the case of Hungary","2026","Journal of Agribusiness in Developing and Emerging Economies","16","1","","65","82","4","10.1108/JADEE-10-2023-0251","https://www.scopus.com/pages/publications/85194759309?origin=resultslist","Purpose – We analyze the role of monetary policy shocks on food inflation in Hungary from January 2007 to March 2023, including the period of the COVID-19 crisis and the Russo–Ukrainian war. Design/methodology/approach – We use quantile regression with three different specifications. The structural breaks in the time series and the monetary policy’s lag in response are also taken into account. We use the M0 money supply and the three-month Hungarian National Bank (MNB) deposit rate as monetary measures to check the robustness of our findings. Findings – We find that neither the money supply nor the exchange rate affected food inflation across quantiles. In the case of high food price inflation, reducing short-term government bond yields may be an effective solution. Household final consumption affected food prices in the lower quantiles, and the global food price index similarly affected Hungarian food inflation. The results are robust to different specifications. Research limitations/implications – This research has limitations as follows: while Hungary’s food prices provide a valuable case study, expanding to more countries is advisable; although quantile regression captures details, its reliability for non-linear relationships is questionable; additionally, considering various global food price indicators can enhance result robustness. Originality/value – The paper contributes to the longstanding political debate regarding the effectiveness of monetary policy in stabilizing food inflation. The findings emphasize the importance of considering both domestic and global factors in formulating policy responses to food price dynamics. © 2024 Emerald Publishing Limited","Food prices; Inflation; Monetary policy; Quantile regression","","Article","Final","","Scopus","2-s2.0-85194759309"
"Degasperi R.; Hong S.S.; Ricco G.","Degasperi, Riccardo (57225928331); Hong, Seokki Simon (59495959200); Ricco, Giovanni (57190689401)","57225928331; 59495959200; 57190689401","The global transmission of U.S. monetary policy","2026","Journal of International Economics","161","","104259","","","2","10.1016/j.jinteco.2026.104259","https://www.scopus.com/pages/publications/105035020926?origin=resultslist","Fed’s decisions affect global economic conditions, with tightenings leading to widespread recessionary effects. Using a state-of-the-art identification strategy, a dataset covering 30 economies, and techniques for constructing empirical counterfactuals, we show that commodity and oil prices play a critical role in propagating US monetary policy to global headline inflation, generating predominantly deflationary effects. We refer to this novel mechanism as the ‘commodity price channel’ of US monetary policy. © 2026 Elsevier B.V.","Exchange rates; Monetary policy; Monetary policy spillovers; Trilemma","United States; commodity price; exchange rate; global economy; inflation; monetary policy; oil supply; spillover effect","Article","Final","All Open Access; Green Open Access","Scopus","2-s2.0-105035020926"
"Rifa’i K.","Rifa’i, Khamdan (57211535919)","57211535919","The Economic Impact of the US Unconventional Monetary Policy, Global Commodity Shocks, and Oil Price Shocks on ASEAN 3","2023","International Journal of Energy Economics and Policy","13","5","","616","624","0","10.32479/ijeep.14748","https://www.scopus.com/pages/publications/85172344799?origin=resultslist","This study examines the implications of the United States unconventional monetary policy, global commodity prices, and the oil price shock on monetary policy responses and economic growth in the ASEAN 3 countries of Indonesia, Malaysia, and the Philippines. The empirical evidence suggests that the shock from the United States unconventional monetary policy led to the change in ASEAN’s monetary policy. The fluctuation of crude oil and global commodity prices considerably impacts ASEAN’s monetary policy response 3. The Central Bank can use such evidence as a reference to alter monetary policy in reaction to the global oil price and the unconventional monetary policy of the United States. The government will also be able to foresee the impact of global oil and commodities prices and preserve ASEAN 3’s economic growth. © 2023, Econjournals. All rights reserved.","GDP Growth; Global Commodity Price; Interest Rates; Spillover Effect; VECM; World’s Oil Price","","Article","Final","All Open Access; Gold Open Access","Scopus","2-s2.0-85172344799"
"Widarjono A.; Susantun I.; Ruchba S.M.; Rudatin A.","Widarjono, Agus (57192412368); Susantun, Indah (57218568969); Ruchba, Sarastri M. (57218566725); Rudatin, Ari (57218570581)","57192412368; 57218568969; 57218566725; 57218570581","Oil and food prices for a net oil importing-country: How are related in indonesia?","2020","International Journal of Energy Economics and Policy","10","5","","255","263","12","10.32479/ijeep.9557","https://www.scopus.com/pages/publications/85089592555?origin=resultslist","Our study examines the asymmetric responses of food prices to oil prices in Indonesia as a net oil and food-importing country. We apply non-linear autoregressive distributed lag to investigate the responses of food prices to oil prices. Due to the different impacts of oil price on sub-component of the food price index, this study decomposes the general food prices index into 11 sub-components food price indices. The oil prices asymmetrically affect food prices but incomplete pass-through except the preserved fish prices. The highest impact of oil price is on beans and nuts prices, followed by cereals, roots, and their product prices. More interestingly, the response of food price to an increase in oil price is higher than the response of food price to a decrease in oil price known as rockets and feathers phenomenon for general food prices, cereals, roots, and their product prices, meat and its product prices, eggs, milk, and their product prices, bean and nuts prices, fruit prices, and fats and oil prices. © 2020, Econjournals. All rights reserved.","Food Prices; Indonesia; Net oil-Importing Country; Non-Linear Autoregressive Distributed Lag; Oil Price","","Article","Final","All Open Access; Gold Open Access; Green Open Access","Scopus","2-s2.0-85089592555"
"Lomivorotov R.","Lomivorotov, Rodion (57200628342)","57200628342","Impact of external shocks and monetary policy on Russian economy","2014","Voprosy Ekonomiki","2014","11","","122","139","7","10.32609/0042-8736-2014-11-122-139","https://www.scopus.com/pages/publications/85019848890?origin=resultslist","This paper investigates the impact of external and internal shocks on the Russian economy. We have factored in the U.S. monetary policy changes, dynamics of commodity prices, and volatility of global financial markets as the main sources of external shocks. We have also examined the influence of the monetary policy of the Bank of Russia, on economic growth, inflation, and ruble exchange rate. © 2014, Russian Presidental Academy of National Economy and Public Administration. All rights reserved.","Bayesian vector autoregression; External shocks; Inflation targeting; Monetary policy","","Article","Final","","Scopus","2-s2.0-85019848890"
"Vatsa P.; Pino G.; Acheampong A.","Vatsa, Puneet (56380408000); Pino, Gabriel (55867202800); Acheampong, Alex (57203171610)","56380408000; 55867202800; 57203171610","Food Prices and Inflation Expectations in New Zealand","2026","Agribusiness","","","","","","0","10.1002/agr.70102","https://www.scopus.com/pages/publications/105037618271?origin=resultslist","Food prices are conspicuous, and spending on food constitutes a considerable share of household expenditure. In this study, we use partially identified Bayesian structural vector autoregression models to analyze the effects of food price shocks on core inflation and 1- and 5-year inflation expectations in New Zealand. Our findings show that food price shocks caused a slightly delayed yet persistent rise in 1-year inflation expectations, while 5-year expectations and core inflation were largely unaffected. These shocks explained 9.40% of the variability in 1-year inflation expectations but only 4.47% in 5-year expectations. Furthermore, counterfactual analyses reveal that 1-year inflation expectations would have been lower over the period 2020–2023 in the absence of food price shocks. In contrast, 5-year inflation expectations would not have been materially different. © 2026 The Author(s). Agribusiness published by Wiley Periodicals LLC.","","","Article","Article in press","All Open Access; Hybrid Gold Open Access","Scopus","2-s2.0-105037618271"
"Sarwar M.N.; Hussain H.; Maqbool M.B.","Sarwar, Muhammad Nadeem (57219198118); Hussain, Hamid (57211518941); Maqbool, Muhammad Bilal (57219194880)","57219198118; 57211518941; 57219194880","Pass through effects of oil price on food and non-food prices in Pakistan: A nonlinear ARDL approach","2020","Resources Policy","69","","101876","","","36","10.1016/j.resourpol.2020.101876","https://www.scopus.com/pages/publications/85091633737?origin=resultslist","Petroleum products constitute major share of Pakistan's imports. A change in crude oil prices affects energy prices and thus manufacturing and transportation cost. All these factors result in influencing the prices of goods and services which ultimately affect the welfare level of masses. Keeping in view, the market structure at international and local level, present study examines the pass-through effect of crude oil prices on food and non-food prices in Pakistan using nonlinear and asymmetric autoregressive distributive lag (NARDL) model and causality tests for 1990Q3 to 2019Q4 period. Results show that oil prices effect both food and non-food inflation, but effect is more pronounced in non-food inflation. It is also found that the impact is asymmetric, that is, effect is positive and significant only when oil price increase. Results of this study confirm the role of market power in commodity prices in Pakistan and call for effective regulatory policies. © 2020 Elsevier Ltd","Asymmetric effects; Food inflation; NARDL; Non-food inflation; Oil price fluctuations; Pass-through","Pakistan; Commerce; Costs; Oils and fats; Petroleum industry; Petroleum transportation; Auto-regressive; Causality test; Commodity prices; Energy prices; Market Power; Market structures; Regulatory policies; Transportation cost; asymmetry; commodity price; crude oil; energy policy; oil supply; oil trade; policy approach; price determination; price dynamics; Crude oil price","Article","Final","","Scopus","2-s2.0-85091633737"
"Gomis-Porqueras P.; Rafiq S.; Yao W.","Gomis-Porqueras, Pedro (6602393246); Rafiq, Shuddhasattwa (48761759300); Yao, Wenying (56849806300)","6602393246; 48761759300; 56849806300","The impact of forward guidance and large-scale asset purchase programs on commodity markets","2023","Studies in Nonlinear Dynamics and Econometrics","27","4","","519","551","3","10.1515/snde-2021-0018","https://www.scopus.com/pages/publications/85138275768?origin=resultslist","This paper investigates how different commodity prices are affected by unconventional monetary policies (UMP) implemented by the Federal Reserve of the United States as a response to the Global Financial Crisis. We analyze impulse responses using local projections and identify UMP shocks through high-frequency identification strategy. We show that forward guidance (FG) and large-scale asset purchase (LSAP) shocks lead to distinct responses when analyzing commodity prices. We find that asset-like commodities, such as gold and silver, respond to these UMP shocks most aggressively. While an easing FG shock leads to increases in their prices, an easing LSAP shock has the opposite effect. This differential response suggests that these asset-like commodities are being used as inflation and exchange rate hedges. In contrast, production-like and agricultural commodities respond to UMP shocks in the same way as conventional monetary policy shocks. Consistent with previous literature, we find that easing LSAP shocks, to some extent, signal a negative economic outlook. Policymakers can exploit the responses from the various commodity classes examined in this paper when evaluating the effectiveness of monetary policy in different sectors of the economy. © 2022 Walter de Gruyter GmbH, Berlin/Boston.","commodity price; impulse response analysis; unconventional monetary policy","","Article","Final","All Open Access; Green Open Access","Scopus","2-s2.0-85138275768"
"Rangasamy L.; Nel E.","Rangasamy, L. (6506646033); Nel, E. (57214699107)","6506646033; 57214699107","Reconsidering the role of food prices in South African headline inflation","2014","Agrekon","53","4","","16","37","3","10.1080/03031853.2014.929015","https://www.scopus.com/pages/publications/84924419610?origin=resultslist","The conventional wisdom is that food price shocks are temporary and hence do not usually warrant specific attention in policy formulation. However, more recently, empirical evidence has shown that food price shocks are persistent and have a strong bearing on inflation outcomes. This paper shows that this is indeed the case for South Africa. South African food prices are volatile and the price shocks are persistent. Food inflation is an important determinant of underlying inflationary pressures in the South African economy. Thus, policy should give particular attention to food price movements if inflation is to be kept in check. © 2014 © Agricultural Economics Association of South Africa.","food policy; inflation; monetary policy","","Article","Final","","Scopus","2-s2.0-84924419610"
"Schröder M.","Schröder, Maximilian (60034600800)","60034600800","Mixing It Up: Inflation at Risk","2026","Journal of Money, Credit and Banking","","","","","","0","10.1111/jmcb.70055","https://www.scopus.com/pages/publications/105039094516?origin=resultslist","Understanding how risk factors shape the economic outlook is essential for guiding policy decisions. This paper develops a flexible framework that decomposes distributional risk forecasts of macro-economic variables into underlying contributions and supports the construction of interpretable risk measures. Multiple modeling strategies, including density and quantile regression, are accommodated underscoring the versatility of the approach. The framework is illustrated using recent U.S. inflation data, showing postpandemic risk forecasts were driven by the business cycle, commodity prices, monetary policy, and inflation expectations. Simulation studies demonstrate robustness, establishing the framework as a general tool for macro-economic and financial risk assessment. © 2026 The Author(s). Journal of Money, Credit and Banking published by Wiley Periodicals LLC on behalf of Ohio State University.","density regression; inflation; inflation risk; Keywords: Bayesian methods; macro-economic risk; quantile regression","","Article","Article in press","All Open Access; Green Open Access; Hybrid Gold Open Access","Scopus","2-s2.0-105039094516"
"Peiris M.U.; Shirobokov A.; Tsomocos D.P.","Peiris, M.U. (55317041000); Shirobokov, A. (57225146910); Tsomocos, D.P. (6603276601)","55317041000; 57225146910; 6603276601","Does “Lean Against the Wind” monetary policy improve welfare in a commodity exporter?","2024","Journal of International Money and Finance","141","","103012","","","1","10.1016/j.jimonfin.2023.103012","https://www.scopus.com/pages/publications/85182653726?origin=resultslist","Emerging Market Economies struggle to balance monetary policy with capital flow management and commodity price volatility. Our study employs a New-Keynesian model, using Russian data from 2001 to 2019, to examine ‘Lean Against the Wind’ (LAW) monetary policies. We show that under Lean Against the Wind (LAW) policies, households with borrowed funds experience improved welfare, while households that save are adversely affected. While LAW increases output and inflation volatility, it also presents mixed financial stability outcomes—lowering debt volatility but heightening that for household delinquencies. These findings highlight the complex effects of LAW in economies subject to varied shocks. © 2023 Elsevier Ltd","Commodity exporter; Emerging markets; Financial stability; Lean against the wind; Macroprudential policy; Small open economy","","Article","Final","","Scopus","2-s2.0-85182653726"
"Anzuini A.; Lombardi M.J.; Pagano P.","Anzuini, Alessio (16400684300); Lombardi, Marco J. (36897413100); Pagano, Patrizio (7005262900)","16400684300; 36897413100; 7005262900","The impact of monetary policy shocks on commodity prices","2013","International Journal of Central Banking","9","3","","119","144","88","","https://www.scopus.com/pages/publications/84883608990?origin=resultslist","Global monetary conditions are often cited as a driver of commodity prices. This paper investigates the empirical relationship between U.S. monetary policy and commodity prices by means of a standard VAR system, commonly used in analyzing the effects of monetary policy shocks. The results suggest that expansionary U.S. monetary policy shocks drive up the broad commodity price index and all of its components. While these effects are significant, they do not, however, appear to be overwhelmingly large.","","","Article","Final","","Scopus","2-s2.0-84883608990"
"Dean J.; Roy M.","Dean, James (57224739421); Roy, Mishuk (60743448200)","57224739421; 60743448200","The spillover of United States monetary policy on six European agricultural commodity prices","2026","International Economics","187","","100732","","","0","10.1016/j.inteco.2026.100732","https://www.scopus.com/pages/publications/105044912303?origin=resultslist","This research examines the impact of U.S. monetary policy shocks on E.U. agricultural prices. Utilizing monthly prices of beef, milk, wheat, barley, pork, and poultry for twenty-one E.U. countries, we estimate the impact of U.S. monetary policy shocks on these six agricultural prices in a Panel Vector Autoregression with Exogenous Variables framework. We find that a contractionary monetary policy shock in the U.S. has heterogeneous effects across the storable and non-storable commodity prices in the E.U. Specifically, a contractionary monetary policy shock in the U.S. reduces E.U. wheat and barley prices and increases beef, milk, pork, and poultry prices. The effects, though modest in absolute size, are comparable to one-third to two-thirds of a typical monthly price change. The estimated impulse response functions of dynamic multipliers reveal that these six commodity prices return to equilibrium within two to five months. © 2026 The Authors","Commodity markets; Monetary spillover; Panel vector autoregression","","Article","Final","All Open Access; Hybrid Gold Open Access","Scopus","2-s2.0-105044912303"
"Ginn W.; Pourroy M.","Ginn, William (57202815176); Pourroy, Marc (55216578100)","57202815176; 55216578100","Optimal monetary policy in the presence of food price subsidies","2019","Economic Modelling","81","","","551","575","37","10.1016/j.econmod.2018.06.012","https://www.scopus.com/pages/publications/85049448275?origin=resultslist","Food price subsidies are a prevalent means by which fiscal authorities may counteract food price volatility in middle-income countries (MIC). We develop a DSGE model for a MIC that captures this key channel of a policy induced price smoothing mechanism that is different to, yet in parallel with, the classic Calvo price stickiness approach, which can have consequential effects for monetary policy. We then use the model to address how the joint fiscal and monetary policy responds to an increase in inflation driven by a food price shock can affect welfare. We show that, in the presence of credit constrained households and households with a significant share of food expenditures, a coordinated reaction of fiscal and monetary policies via subsidized price targeting can improve aggregate welfare. Subsidies smooth prices and consumption, especially for credit constrained households, which can consequently result in an interest rate reaction less intensely with subsidized price targeting compared with headline price targeting. © 2018 Elsevier B.V.","DSGE model; Fiscal policy; Food subsidies; Monetary policy","","Article","Final","All Open Access; Green Open Access","Scopus","2-s2.0-85049448275"
"Doojav G.-O.","Doojav, Gan-Ochir (57191993718)","57191993718","Fiscal-monetary interactions and commodity prices in a commodity-exporting economy","2026","Resources Policy","120","","106008","","","0","10.1016/j.resourpol.2026.106008","https://www.scopus.com/pages/publications/105044838922?origin=resultslist","This paper examines dynamic fiscal–monetary interactions in response to copper (export) and oil (import) price shocks in Mongolia using a structural vector autoregression (SVAR) framework. The results show that fiscal and monetary policies respond in a mutually reinforcing manner to commodity price shocks. However, this complementarity is associated with procyclical dynamics that amplify external volatility. Variance decomposition indicates that global commodity price shocks are the dominant driver of fiscal balances and the exchange rate, while discretionary fiscal innovations play an important role in domestic inflation dynamics. Counterfactual simulations for 2020–2025 compare observed fiscal behaviour with a more disciplined expenditure path. The results suggest that expansionary fiscal policy supported real economic activity during external shocks, but also increased inflation, contributed to exchange rate depreciation, and led to subsequent monetary tightening. The findings highlight the importance of rule-based fiscal frameworks and coordinated countercyclical policy design for enhancing macroeconomic stability in commodity-dependent economies facing persistent external volatility. © 2026 Elsevier Ltd.","Copper and oil price shocks; Counterfactual analysis; Fiscal and monetary policy interaction; Fiscal policy","Mongolia; Copper; Economics; Financial markets; Inflation; Public policy; Copper and oil price shock; Copper prices; Counterfactual analyze; Counterfactuals; Fiscal and monetary policy interaction; Fiscal policies; Monetary policies; Oil price shocks; Policy interaction; commodity price; copper; export; fiscal policy; monetary policy; oil supply; vector autoregression; Depreciation","Article","Final","","Scopus","2-s2.0-105044838922"
"Beckmann J.; Belke A.; Czudaj R.","Beckmann, Joscha (36620925400); Belke, Ansgar (6603636270); Czudaj, Robert (37114292800)","36620925400; 6603636270; 37114292800","Does global liquidity drive commodity prices?","2014","Journal of Banking and Finance","48","","","224","234","69","10.1016/j.jbankfin.2014.04.007","https://www.scopus.com/pages/publications/84908574113?origin=resultslist","This paper tackles the question of whether a cross-sectional perspective on monetary policy is capable of explaining movements in global commodity prices. In this vein, we contribute to the rich literature on global liquidity in two different ways: on the one hand, to achieve a global series in terms of common monetary policy shocks, we propose a distinction between common and idiosyncratic factors across economies, as proposed by Bai and Ng (2004). Our second innovation stems from the consideration of a Markov-switching vector error correction model when analyzing time-varying short-run dynamics. Having identified the long-run structure which includes a proportional relationship between commodity prices and global liquidity in the first step, our results indeed show that the impact of a global liquidity measure on different commodity prices is significant and varies over time. One regime approximately accounts for times where commodity prices significantly adjust to disequilibria, while the second regime is characterized by either a weak or no commodity price adjustment. The fact that global liquidity also reacts to disequilibria in a specific regime demonstrates the two-way causality between monetary policy and commodity prices. © 2014 Elsevier B.V.","Cointegration; Commodity prices; Common components; Global liquidity; Markov-switching error correction","","Article","Final","","Scopus","2-s2.0-84908574113"
"Torró H.","Torró, Hipòlit (6506009068)","6506009068","The response of european energy prices to ECB monetary policy","2019","International Journal of Energy Economics and Policy","9","2","","1","9","1","10.32479/ijeep.7190","https://www.scopus.com/pages/publications/85062388486?origin=resultslist","To our knowledge, this paper is the first to discuss the response of European energy commodity prices to unexpected monetary policy surprises from the European Central Bank (ECB). Using the Rigobon (2003) identification through heteroscedasticity method, we find a significant and positive response during the crisis period for Brent and coal. Similar results are obtained by other authors for European financial assets in this period. This result reinforces the idea that during this period, financial assets and some commodities positively responded to conventional and unconventional expansionary monetary policy measures, increasing confidence about the survival of the European monetary union. The remaining European energy commodities (electricity, EUAs, and natural gas prices) seem to be unaffected by monetary policy actions. We think these results are of interest to those economic agents and institutions involved in European energy markets and are especially important for the ECB in order to predict the consequences of its monetary policy on the inflation objective. © 2019, Econjournals. All rights reserved.","Energy commodities; European central bank; Monetary policy","","Article","Final","All Open Access; Gold Open Access","Scopus","2-s2.0-85062388486"
"El-Karimi M.; El-Ghini A.","El-Karimi, Mounir (57217086901); El-Ghini, Ahmed (14831124500)","57217086901; 14831124500","Pass-through of global food commodity prices to food inflation in Morocco: A structural var approach","2020","New Medit","19","3","","57","75","6","10.30682/nm2003d","https://www.scopus.com/pages/publications/85092419916?origin=resultslist","This paper examines the pass-through of world food commodity prices to food inflation in Morocco, over the period 2004-2018, by using Structural Vector Autoregression (SVAR) model on monthly data. Several interesting results are found from this study. First, the impact of global food prices on domestic food inflation is shown significant, which reflects the large imported component in the domestic food consumption basket. Second, the transmission effect is found to vary across commodities. Consumer prices of cereals and oils significantly and positively respond to external price shocks, while those of dairy and beverages are weakly influenced. Third, there is evidence of asymmetries in the pass-through from world to domestic food prices, where external positive shocks generate a stronger local prices response than negative ones. This situation is indicative of policy and market distortions, namely the subsidies, price controls, and weak competitive market structures. Our findings suggest that food price movements should require much attention in monetary policymaking, especially that the country has taken preliminary steps towards the adoption of floating exchange rate and targeting inflation regimes. © 2020, Bononia University Press. All rights reserved.","Asymmetry; Beverages; Cereals; Dairy; Food commodity prices; Food inflation; Morocco; SVAR model; Vegeta-ble oils","","Article","Final","All Open Access; Gold Open Access; Green Open Access","Scopus","2-s2.0-85092419916"
"Jongwanich J.; Park D.","Jongwanich, Juthathip (23477416600); Park, Donghyun (7403245814)","23477416600; 7403245814","Inflation in developing Asia: Pass-through from global food and oil price shocks","2011","Asian-Pacific Economic Literature","25","1","","79","92","46","10.1111/j.1467-8411.2011.01275.x","https://www.scopus.com/pages/publications/79955726576?origin=resultslist","The world economy experienced a sharp spike in food and oil prices during 2007 and 2008. In light of developing Asia's dependence on imported oil and food, we can expect higher global food and oil prices to result in higher domestic consumer prices in the region. However, the actual impact of the global commodity shocks on consumer price inflation in developing Asia depends on a number of other factors, including government policy measures. The objective of this paper is to examine empirically the extent of the pass-through of global food and oil prices to domestic consumer prices in nine countries in the region. The main empirical result is that the magnitude of the pass-through has been limited. Government policy measures, for example, subsidies and price controls, played a role in reducing or delaying the pass-through of oil and food price increases to domestic prices. © 2011 The Authors. Journal compilation © 2011 Crawford School of Economics and Government, The Australian National University and Blackwell Publishing Asia Pty Ltd.","","","Article","Final","","Scopus","2-s2.0-79955726576"
"Chen P.; Wu J.; Nie B.","Chen, Peng (56927105700); Wu, Jiamei (59524271800); Nie, Biao (59525028200)","56927105700; 59524271800; 59525028200","Economic uncertainty, monetary policy, and global commodity price dynamics: the role of “China factors”","2026","Applied Economics","58","3","","573","594","2","10.1080/00036846.2025.2453764","https://www.scopus.com/pages/publications/85215768833?origin=resultslist","This paper aims to investigate the role of ‘China factors’ in the dynamics of global commodity prices from an interaction perspective. We employ a nonlinear Interacted-VAR to model the interaction between economic uncertainty and monetary policy. Our findings indicate that the response of global commodity prices to China’s economic uncertainty is stronger and more persistent when monetary policy is in the loose regime. These results are shown not to be driven by China’s business cycles, and remain robust across a variety of alternative model specifications. Counterfactual analysis further suggests that failing to take into account their interaction in the model could lead to incorrectly assessing the impact of commodity price determinants. Moreover, the responses of commodity prices to uncertainty shocks differ substantially across sectors, highlighting the heterogeneity in the reactions of commodities to ‘China factors’. Additionally, the response of commodity prices to policy-specific uncertainty shocks exhibits more similarities than differences across various uncertainty categories. Our paper gains insight into the interaction between economic uncertainty and monetary policy, as well as the role of ‘China factors’ in the global commodity market. © 2025 Informa UK Limited, trading as Taylor & Francis Group.","China factors; Economic uncertainty; global commodity price; interacted-VAR model; monetary policy","China; business cycle; commodity price; economics; monetary policy; price dynamics; uncertainty analysis","Article","Final","","Scopus","2-s2.0-85215768833"
"Holtemöller O.; Mallick S.","Holtemöller, Oliver (8449652200); Mallick, Sushanta (15765484600)","8449652200; 15765484600","Global food prices and monetary policy in an emerging market economy: The case of India","2016","Journal of Asian Economics","46","","","56","70","70","10.1016/j.asieco.2016.08.005","https://www.scopus.com/pages/publications/84991480394?origin=resultslist","This paper investigates a perception in the political debates as to what extent poor countries are affected by price movements in the global commodity markets. To test this perception, we use the case of India to establish in a standard SVAR model that global food prices influence aggregate prices and food prices in India. To further analyze these empirical results, we specify a small open economy New-Keynesian model including oil and food prices and estimate it using observed data over the period 1996Q2 to 2013Q2 by applying Bayesian estimation techniques. The results suggest that a big part of the variation in inflation in India is due to cost-push shocks and, mainly during the years 2008 and 2010, also to global food price shocks, after having controlled for exogenous rainfall shocks. We conclude that the inflationary supply shocks (cost-push, oil price, domestic food price and global food price shocks) are important contributors to inflation in India. Since the monetary authority responds to these supply shocks with a higher interest rate which tends to slow growth, this raises concerns about how such output losses can be prevented by reducing exposure to commodity price shocks. © 2016 Elsevier Inc.","Commodity prices; Food prices; India; Inflation; New-Keynesian macroeconometric model; Structural vector autoregressive model","","Article","Final","","Scopus","2-s2.0-84991480394"
"Kargbo J.M.","Kargbo, J.M. (6603226553)","6603226553","Impacts of monetary and macroeconomic factors on food prices in West Africa","2005","Agrekon","44","2","","205","224","24","10.1080/03031853.2005.9523710","https://www.scopus.com/pages/publications/33645866600?origin=resultslist","After almost two decades of implementing structural and macroeconomic adjustment programmes, some West African countries continue to experience declining trends in per capita domestic food production, rising food imports and volatile food prices. Real food prices increased up to 7 percent per year during the 1980-1998 period. A vector error correction model was used in investigating the impacts of monetary and macroeconomic factors on food prices during the 1960-1998 period. Food price shocks have significant impacts on domestic food production, and are a major source of macroeconomic instability in West Africa. Trade, exchange rate and monetary policy reforms have significant impacts on food prices and domestic agricultural production. These policies influence consumption patterns, and have serious implications for poverty reduction, food security issues and agricultural growth in Africa.","","","Article","Final","All Open Access; Bronze Open Access; Green Open Access","Scopus","2-s2.0-33645866600"
"Rudder J.","Rudder, Jessica (57448698000)","57448698000","Food price variation and passthrough among retail firms in rural and urban Tanzania","2026","Journal of Development Economics","179","","103621","","","0","10.1016/j.jdeveco.2025.103621","https://www.scopus.com/pages/publications/105018122477?origin=resultslist","Seasonal price variation is a typical feature of markets in low- and middle-income countries. Retail firms that regularly stock food staples face substantial price variation when purchasing new inventory. How much of this input price variation passes through to output prices for rural customers? I use a panel of wholesale and retail prices from 270 urban and rural retail firms in Tanzania to evaluate the transmission of input price shocks to the prices of staple foods. Rural firms smooth both negative and positive input price shocks more than urban firms. Urban firms passthrough nearly 95% of input price increases, while rural firms passthrough only 55% of input price increases. Price adjustments are asymmetric; Rural firms passthrough a higher share of cost savings and a lower share of cost increases. By exploring possible mechanisms, I find evidence that a smaller community size among rural firms is associated with lower passthrough of negative price shocks. At the same time, distance to markets and competitive pressure matter as well: rural firms with more competitors and further from urban markets have higher passthrough rates, consistent with a competitive market framework with transaction costs. Firms passthrough a smaller share of price increases during the harvest season when agricultural households have more substitutes available. © 2025 Elsevier B.V.","Food markets; Price passthrough; Price variation; Seasonality; Small firms","Tanzania; commodity price; competition (economics); firm size; food market; population size; price dynamics; retailing; seasonality; transaction cost","Article","Final","","Scopus","2-s2.0-105018122477"
"Bekkers E.; Brockmeier M.; Francois J.; Yang F.","Bekkers, Eddy (36021820800); Brockmeier, Martina (24166149200); Francois, Joseph (55963863000); Yang, Fan (56603563500)","36021820800; 24166149200; 55963863000; 56603563500","Local Food Prices and International Price Transmission","2017","World Development","96","","","216","230","64","10.1016/j.worlddev.2017.03.008","https://www.scopus.com/pages/publications/85018829128?origin=resultslist","World food prices spiked in the periods 2007–8 and 2010–11. The impact of these spikes in world food prices on local food prices and thus on local consumers is determined by the food price pass through. Pass through is defined as the extent to which changes in world food prices lead to changes in local food prices. We examine the determinants of variation in food price pass through from global to local consumer prices in a global sample of 147 countries, using FAO data on world food prices and ILO data on food prices for consumers. While market integration matters, our study finds that income per capita is the dominant factor explaining cross-country variation in pass through of food prices. We estimate an elasticity of about −0.3 of pass through with respect to income per capita. This means far greater price transmission of food price shocks at the commodity level to final consumers in low-income countries than in high-income countries. The implication is that future swings in world food prices will in particular jeopardize food security in poor countries. Trade policy measures of market integration also affect the pass through significantly, whereas infrastructure and geography measures play no significant role. © 2017 Elsevier Ltd","Food Price pass through; local food prices; primary food shares","consumption behavior; developing world; food market; food security; price determination; trade policy","Article","Final","","Scopus","2-s2.0-85018829128"
"Pedersen M.","Pedersen, Michael (26534944500)","26534944500","Propagation of shocks to food and energy prices: A cross-country analysis","2015","Finance a Uver - Czech Journal of Economics and Finance","65","4","","272","289","2","","https://www.scopus.com/pages/publications/84940482208?origin=resultslist","The present paper analyzes the propagation of shocks to food and energy prices in 46 countries with data from the period 1999-2010. Empirical evidence suggests that in all but one country shocks to either energy or food prices propagate to prices of goods and services included in the core inflation measures. In general, the propagation effect of food price shocks is larger than that of energy price shocks. Emerging economies are more affected by propagation than are advanced ones, which is supported by analysis of variance decompositions, which suggests that especially food components explain the larger part of the variability of core inflation in emerging countries. The weights of food components in the consumer baskets seem to impact the magnitude of propagation, particularly in emerging economies. The results advocate that policymakers concerned with price stability should pay special attention to shocks affecting domestic food price. © 2015, Faculty of Social Sciences. All rights reserved.","Cross-country; Inflation; Propagation; Shocks","","Article","Final","","Scopus","2-s2.0-84940482208"
"Kanagasabapathy K.; Prasanth V.; Nair R.K.; Shetty A.B.; Krishnaswamy R.; Oak P.; Tilak V.G.; Shetty S.P.","Kanagasabapathy, K. (36107040400); Prasanth, V. (36107271800); Nair, Rema K. (55169890500); Shetty, Anita B. (55173202200); Krishnaswamy, R. (55171556000); Oak, Pallavi (55174702500); Tilak, Vishakha G. (36107237400); Shetty, Sharan P. (36107326500)","36107040400; 36107271800; 55169890500; 55173202200; 55171556000; 55174702500; 36107237400; 36107326500","The problem of inflation","2011","Economic and Political Weekly","46","4","","73","79","0","","https://www.scopus.com/pages/publications/84859321864?origin=resultslist","Given the lack of consensus within the government on the factors behind the current surge in inflation and the relevant tools to deal with it, an analysis of the trends in the food and non-food groups in the Wholesale Price Index and the Consumer Price Index for Industrial Workers for 2009-10 and 2010-11 could help bring clarity to the ongoing debate. Contrary to the view on food inflation as the major contributory factor, the analysis here reveals that the weighted contribution of non-food inflation to overall wpi and cpi inflation has increased in the current fiscal year. Moreover, the impact of food inflation on the overall inflation rates is easing. Non-food inflation, the rising prices of manufactured products and the global upswing in fuel and commodity prices warrant an increasingly important role for monetary policy.","","","Review","Final","","Scopus","2-s2.0-84859321864"
"Li X.; Lopez R.; Yang S.","Li, Xun (57188959809); Lopez, Rigoberto (7401490994); Yang, Shuai (57136038600)","57188959809; 7401490994; 57136038600","Energy-milk price transmission at the product brand level","2018","Agricultural Economics (United Kingdom)","49","3","","289","299","5","10.1111/agec.12416","https://www.scopus.com/pages/publications/85044430689?origin=resultslist","This article estimates the pass-through rates between diesel fuel and retail milk prices at the product brand level. Using a random coefficient logit demand model and taking the direct and indirect impacts of energy prices, this research identifies changes in pass-through rates before and after the great recession in 2008. Empirical results show that diesel prices significantly impacted the retail prices of milk products and are an important determinant of food price inflation. Pass-through rates are estimated to range from 0.16 to approximately 0.60 through 2008 with an average of 0.22 for the whole period. Statistical tests indicate that pass-through rates before June 2008 were significantly higher than after June 2008 when they dropped significantly to 0.04 to 0.17. Interestingly, private label brands have the lowest pass-through rates, implying that compared to manufacturer brands, private label prices are more insulated from diesel price shocks. © 2018 International Association of Agricultural Economists","Energy; Food; Manufacturer brands; Milk; Pass-through; Pricing; Private label brands","demand analysis; diesel; energy; price determination; retailing","Article","Final","","Scopus","2-s2.0-85044430689"
"Chen Y.-C.; Turnovsky S.J.; Zivot E.","Chen, Yu-Chin (25421210200); Turnovsky, Stephen J. (7004308668); Zivot, Eric (6603472607)","25421210200; 7004308668; 6603472607","Forecasting inflation using commodity price aggregates","2014","Journal of Econometrics","183","1","","117","134","62","10.1016/j.jeconom.2014.06.013","https://www.scopus.com/pages/publications/84908245099?origin=resultslist","This paper shows that for five small commodity-exporting countries that have adopted inflation targeting monetary policies, world commodity price aggregates have predictive power for their CPI and PPI inflation, particularly once possible structural breaks are taken into account. This conclusion is robust to using either disaggregated or aggregated commodity price indexes (although the former perform better), the currency denomination of the commodity prices, and to using mixed-frequency data. In pseudo out-of-sample forecasting, commodity indexes outperform the random walk and AR(1) processes, although the improvements over the latter are sometimes modest. © 2014 Elsevier B.V. All rights reserved.","Commodity prices; CPI and PPI inflation forecasts; Inflation targeting","Aggregates; Economics; Forecasting; AR(1) process; Commodity prices; Frequency data; Inflation targeting; Monetary policies; Predictive power; Structural break; World commodities; Costs","Article","Final","","Scopus","2-s2.0-84908245099"
